hospital_bank_id,hospital_id,authorized_signatory_name,bank_account_name,account_number_token,ifsc_code,bank_name,branch_name,tds_exemption,cancelled_cheque_uri
77187c17-b0b8-4876-bb68-48f4c7c5bc8a,79212271-c452-4987-990b-2917f610086b,SUSHIL KUMAR BIND,Urban Community Health Centre Chandauli Block 1,ACCT_M243KD1OPL3QFVM3,BARB0S2TKLW,Punjab National Bank,Chandauli Main Branch,False,s3://up-ab-docs/CHQ_3GZVT5R0LL73.pdf
cab1babf-7380-46dd-af46-9830cb2d725d,784ebc03-77b5-47d2-b590-bd52a5bb47d0,ASHOK KUMAR,Urban Community Health Centre Rampur Block 1,ACCT_85FY9C9YZ0U9A7VB,MAHB028E86H,HDFC Bank,Rampur Main Branch,True,s3://up-ab-docs/CHQ_XH1UTHRVXKNA.pdf
85b9075d-384e-4589-894b-099bdd2489ea,1561406f-edb3-4119-8917-d1a9f26b1447,BRIJESH KUMAR,Dr. Sharma Multispeciality Hospital,ACCT_PRWCGTS3WUSY7Z79,BKID0QUPDDC,UP Gramin Bank,Chandauli Main Branch,False,s3://up-ab-docs/CHQ_PFU8TTPZLA0P.pdf
c381fa3f-3eb0-494f-af87-213a65de4b45,f9a0b9af-663b-4b2c-b4a9-a8a56b99a8dd,PAPPU YADAV SHUKLA,Zonal Hospital Basti,ACCT_KE1BLAS67LBSGVRN,UPCB00744CA,Axis Bank,Basti Main Branch,False,s3://up-ab-docs/CHQ_16SHU1VAWNYT.pdf
5febf287-382e-4b9d-aed7-3437bb5abfe9,18aab093-844f-4b2b-81f0-34c936832cd4,RAKESH KUMAR RAJBHAR,Zonal Hospital Deoria,ACCT_RUQ13HD7R5VNJCJ2,PUNB0PLR0M6,State Bank of India,Deoria Main Branch,True,s3://up-ab-docs/CHQ_TX7SDQYPIIM1.pdf
d0ce6ed4-5ed7-447b-92f4-06bbb8e1350e,6c68ced4-7801-48b9-9fd7-16063376ad14,RAVI SHANKAR,Trauma Centre Pratappur,ACCT_AKDSSQY6G8QTP85L,PUNB018V5ED,Bank of Baroda,Prayagraj Main Branch,False,s3://up-ab-docs/CHQ_JN7OP4B8WLCX.pdf
a24d326c-a6e2-4308-a160-df7382701593,bc446fea-52b0-42fa-8703-a4ee5a3a5a90,MUKESH KUMAR GUPTA,Primary Health Centre Bijauli,ACCT_6597IMNKAENCZDC9,UPCB029KTJZ,Allahabad Bank,Aligarh Main Branch,False,s3://up-ab-docs/CHQ_2A79FT999F3B.pdf
d3bec671-5e89-4fe5-8c0b-501a88ceecef,59a8efba-d5b6-4d65-a2f6-361f9965cae3,DEVENDRA KUMAR SINGH,Dr. Singh Nursing Home,ACCT_ZH110KICCV2VPYGF,ALLA0UZLF2Q,UP Gramin Bank,Auraiya Main Branch,False,s3://up-ab-docs/CHQ_WTVGWLG6TVDD.pdf
6dc365d6-c0a2-4396-9a98-14947341b50b,50f6ceec-8460-4167-8d6b-3b199d81525e,ANIL KUMAR,District Hospital Siddharthnagar,ACCT_TSSSA5U2DL7NITMZ,BARB0J9HDCO,HDFC Bank,Siddharthnagar Main Branch,False,s3://up-ab-docs/CHQ_ETYLK3O48NMB.pdf
a7e71781-0e77-456b-847e-716550e7e6dc,87b65ca7-bf10-41ed-8229-7524f6b3a30d,BABLU KUMAR,Sharma & Agarwal Heart Institute,ACCT_J3T76CBIM5N5CGGZ,HDFC0RU8KTN,Axis Bank,Raebareli Main Branch,False,s3://up-ab-docs/CHQ_NSJ5YA6X7S03.pdf
a9d98586-ec21-41c8-9e42-fa60cf8da04d,d31b4920-2059-47f5-83ab-ae5df3b24e6b,PREM SHANKAR,Women Hospital Ambedkar Nagar,ACCT_F1WFYHFV41YZK26C,BKID0NDN0J3,Allahabad Bank,Ambedkar Nagar Main Branch,False,s3://up-ab-docs/CHQ_Y173NAFA9BIY.pdf
b96aee72-90cd-401b-98be-5bcaf97d6ac6,2621e5d6-3fdd-4caa-b8a8-df10690bbe49,DEEPAK KUMAR VERMA,Krishna Heart Institute,ACCT_R0YKRKIXQM63LJRI,CNRB0QYF7WI,State Bank of India,Ambedkar Nagar Main Branch,False,s3://up-ab-docs/CHQ_9BNN7RHGXVFV.pdf
1b4835da-6f3e-4ac0-b2de-7d4b47ec363f,95f235be-b1f5-44dd-bd72-e4ff493eed15,AMIT KUMAR,Women Hospital Kaushambi,ACCT_DHFDD3YC9QYWCJDZ,UBIN0QCSTP0,Punjab National Bank,Kaushambi Main Branch,False,s3://up-ab-docs/CHQ_G0GJ3AYXDHKK.pdf
5ccc839b-3cc3-4bcc-8b8c-be413dd3d326,24267565-7dcb-4f3b-b6cd-1c0f075379c0,BRIJESH KUMAR RAJBHAR,Dr. Tiwari Cancer Institute,ACCT_AGWPUL8L1U171HMF,ALLA0VM5SAN,Union Bank of India,Varanasi Main Branch,False,s3://up-ab-docs/CHQ_PZ87V0FLYXS9.pdf
81f0e178-28d2-4757-91ec-ca9df295b402,c278f54d-0390-47b6-bda2-b51aec673c31,HARI OM,Dr. Mishra Children Hospital,ACCT_4KZYY4QSOVW4I50C,BKID0PIAQYH,Punjab National Bank,Aligarh Main Branch,False,s3://up-ab-docs/CHQ_N5QN87COKHEB.pdf
24fd250f-0d05-4f99-9300-b07b36780e12,e7843a89-5bc2-4ede-aeb9-fd6e59d9481b,VIVEK KUMAR RAJBHAR,Ram Maternity & General Hospital,ACCT_Z4RQTHHXXRY19XZ0,HDFC0154T69,Canara Bank,Chitrakoot Main Branch,True,s3://up-ab-docs/CHQ_E30EFRX3936E.pdf
71e4e1d2-b3a6-4cdb-9d2f-9af254416494,9878f087-5008-4e9a-91db-118ffc6d2f1e,JAGDISH PRASAD,Verma & Tiwari Maternity & General Hospital,ACCT_UPIX82VTSCUFPDBQ,UPCB0K6OXUR,UP Gramin Bank,Aligarh Main Branch,False,s3://up-ab-docs/CHQ_7A8C05QIP30L.pdf
f833f710-d742-4921-83d1-cae7d328b303,485db366-f036-4f19-ad67-c51b84a49903,SANJAY KUMAR,Zonal Hospital Bijnor,ACCT_9KURCD1GF336YDFW,ALLA0FMCD9V,Punjab National Bank,Bijnor Main Branch,False,s3://up-ab-docs/CHQ_MQ0GENYBKV16.pdf
9729d8a9-6792-4d2f-ba51-2edfeea535fa,973c72b6-a78b-45a8-b525-868353af84ea,DINESH KUMAR,Trauma Centre Basti Block 7,ACCT_D8P8N42HTCYD74K0,ALLA0LS13KG,State Bank of India,Basti Main Branch,False,s3://up-ab-docs/CHQ_DTQEQM2TF65S.pdf
b0cd3ee8-4d50-46d4-bf75-13a5340662d2,058fe129-afd7-4499-9973-cdcad110e8a3,RAJEEV KUMAR,Medical College Hospital Deoria,ACCT_11IR30YZC7YA6TQ6,MAHB0A2PDUB,Bank of Baroda,Deoria Main Branch,False,s3://up-ab-docs/CHQ_SGF5KYU222LL.pdf
180ca88b-e3b6-4b71-bccd-c7f8809ad264,7517a147-10ac-4547-a6e5-398e0aec8db6,VIJAY KUMAR,Ganesh Hospital & Research Centre,ACCT_3G22R6WJ8SB5UZ2H,CNRB0S4VC02,State Bank of India,Bulandshahr Main Branch,False,s3://up-ab-docs/CHQ_1HQWOZ8C4F3G.pdf
726df8e5-c0d9-421d-b991-89799f7d9f28,be9655cd-9695-463d-a93c-4ee77f4c34e6,RAMU KAKA,Trauma Centre Gosainganj,ACCT_MTBJ41PY5J6MEBJ5,MAHB0VYIRRN,UP Gramin Bank,Lucknow Main Branch,True,s3://up-ab-docs/CHQ_2RL83T3X8PPQ.pdf
671db05a-a6d0-4f31-9b3a-627324c45337,91f99c76-03d3-4e2a-82f0-e10b815f00b9,LAKHAN LAL,Agarwal & Mishra Orthopaedic Centre,ACCT_ZVG106NZVX42VG3X,MAHB0KKZCE4,Bank of India,Gorakhpur Main Branch,False,s3://up-ab-docs/CHQ_9NAVYLKAUG9T.pdf
fc7cb560-7e43-49af-914c-ca9016da8255,20439481-0474-4d67-b71e-4556ab11eec7,VIRENDRA SINGH,Medical College Hospital Etawah,ACCT_N4TP3X1Q64JQK5Z7,CNRB08YV5JG,Bank of Baroda,Etawah Main Branch,False,s3://up-ab-docs/CHQ_Z0KE53PJD5IU.pdf
d1db894e-4ac7-4694-b1be-31ced50f3b1b,f42e3415-07e8-4f42-8fde-494bab346766,MUKESH KUMAR,Medical College Hospital Badaun,ACCT_D3T35ZZ0Y8PO5PT8,UPCB0Y4I8R0,Punjab National Bank,Badaun Main Branch,False,s3://up-ab-docs/CHQ_UHA3PMY1NSU1.pdf
43c9bd05-076b-4ff3-a86d-fa86873b71d6,824bb4d8-1753-491b-b8c1-0e2edc738286,BRIJESH KUMAR KURMI,Mishra & Srivastava Medical Centre,ACCT_RXLZZ6EUKM8VX3EJ,CNRB0OUEAQ7,Punjab National Bank,Maharajganj Main Branch,False,s3://up-ab-docs/CHQ_LMWR2WCVXMKF.pdf
f4e79ba5-a181-4616-9625-1b52875b9cab,f9cf7cc9-66f4-4e4d-9eb2-c42e95a2cf4d,RAJEEV KUMAR,Combined Hospital Muzaffarnagar,ACCT_K7AL9K0JDBFGX8SD,BARB08Z3GHI,Bank of Baroda,Muzaffarnagar Main Branch,True,s3://up-ab-docs/CHQ_YQAHG982RLTE.pdf
f1a318a0-d314-4145-800f-260e13835303,a4af1771-116a-403f-976a-2598d16ab6d5,SURESH KUMAR,Saraswati Hospital & Research Centre,ACCT_CU8V73M7MU96I6YX,MAHB0IC00BX,Union Bank of India,Hathras Main Branch,False,s3://up-ab-docs/CHQ_0WETHXW6A92U.pdf
583703da-a07a-4f92-a18b-3183d6fd54a1,383efd30-cbe2-4006-a0d0-f5e8d18e4a7e,RAMESH CHANDRA,Verma & Pandey Cancer Institute,ACCT_IMIXI8QLHV3AY2TE,PUNB02NDMZD,Bank of India,Jaunpur Main Branch,True,s3://up-ab-docs/CHQ_S6C6KN0G7R0W.pdf
b8610997-9db4-45fa-a4f6-90056416fc4f,beab9dec-94ad-4cb1-95ca-dde775efb204,DEEPAK KUMAR DUBEY,Urban Community Health Centre Ballia Block 6,ACCT_K2E12PFUW7WCQ5W2,UBIN0T5TQI8,Bank of India,Ballia Main Branch,True,s3://up-ab-docs/CHQ_JL7EK7VFHOPY.pdf
312c59c2-606e-4976-a0e9-e455822e4a47,7edeb341-4f12-4e75-b43e-a189b9d38f28,RAJU YADAV KURMI,Dr. Srivastava Heart Institute,ACCT_GVPBS14OJRYGOPX6,HDFC003RFRI,HDFC Bank,Shahjahanpur Main Branch,False,s3://up-ab-docs/CHQ_3M52FY9G6DD5.pdf
801f65d4-4e57-45f9-beed-78b27d56bda0,cbbb28b2-f37d-43a6-a2a5-fc6e95c2e9df,AMIT KUMAR,Shiv Nursing Home,ACCT_GTSRHX1IC4KGNXL3,MAHB0WX82R2,Axis Bank,Jaunpur Main Branch,True,s3://up-ab-docs/CHQ_LS32SGU3DF45.pdf
b757166c-361a-43f8-b124-c0e28ff82c69,6370ad26-6d44-4337-9ee9-dd0dc9f87a18,DEVENDRA KUMAR,Combined Hospital Rampur,ACCT_A4G3AWBA6XQ6KU17,UPCB0GIFH3M,Bank of Baroda,Rampur Main Branch,False,s3://up-ab-docs/CHQ_YEKFJJ4QEKKA.pdf
aad88499-678a-4f0b-b189-214bc9062d75,d99ed17c-5b07-41ee-926d-ee4d1a0db132,HEMANT KUMAR MAURYA,Shiv Nursing Home,ACCT_21T34LNEPU16N277,MAHB0ZVUB3V,Canara Bank,Etah Main Branch,False,s3://up-ab-docs/CHQ_VDCQ5S010PQG.pdf
627968f8-49c9-4534-a352-d46031169921,b3131489-f06b-425d-9ccd-467eb7e1d542,BABLU KUMAR,Pandey & Mishra Hospital & Research Centre,ACCT_656WHJF2QS3R1D25,ALLA00LD0WC,Punjab National Bank,Sambhal Main Branch,False,s3://up-ab-docs/CHQ_MWDCO8X3EYCM.pdf
846ff18d-e07b-4047-a17d-2fac8f45a1dd,92a4daba-b6b6-45e5-9f77-f852770dcb99,SANJAY KUMAR LODHI,Agarwal & Agarwal Multispeciality Hospital,ACCT_JMTJQAQ0AE1FPR90,PUNB0WRJCCY,Allahabad Bank,Kanpur Nagar Main Branch,True,s3://up-ab-docs/CHQ_IG7ZPQAZ3C27.pdf
b68d3d68-2e2d-41a1-855f-3435688cc56e,d7935ac2-8820-4c6e-9ece-961b1da38c93,RAVINDRA NATH,Srivastava & Tiwari Surgical Centre,ACCT_OYCUF3A6X19JRZTS,CNRB0V89OJR,UP Gramin Bank,Pratapgarh Main Branch,False,s3://up-ab-docs/CHQ_EGPZF07MS4SE.pdf
3c3e6ffa-b1af-479e-9b60-f1f2a6dfb568,b8e2b260-4f55-4d4e-9246-3cd376a42856,PRADEEP KUMAR,Community Health Centre Amethi Block 8,ACCT_MUZ6T7RB9EIDRHLC,UPCB0VL25A9,Punjab National Bank,Amethi Main Branch,False,s3://up-ab-docs/CHQ_KBWRYEHD90JF.pdf
de3a0655-08ad-4087-b649-214a20b41ea8,b123c7ac-cb54-4042-ba26-b405b5c62baa,PAPPU YADAV,Shakti Medical Centre,ACCT_5OLXF4FW752SOUS6,BARB0ARI2XE,Axis Bank,Muzaffarnagar Main Branch,False,s3://up-ab-docs/CHQ_FR333JJGSD35.pdf
be3ac7b1-022e-42b5-a8a3-144bb7553f6c,b026ca22-e993-4dd3-b76c-295589021af4,RAJU YADAV PASI,District Hospital Banda,ACCT_FIUHJDGYFCMI0YGM,MAHB0Q0MS12,Punjab National Bank,Banda Main Branch,False,s3://up-ab-docs/CHQ_JNMY7R9BEWLS.pdf
b5981eac-fc76-4688-bcad-9c8962b38d2a,0645da7f-f79d-4890-a1e0-a51a7a9cf6e7,SHYAM LAL DUBEY,Dr. Tiwari Orthopaedic Centre,ACCT_V7Y4KV8T31HX1BSJ,UBIN0GKRS1K,UP Gramin Bank,Baghpat Main Branch,False,s3://up-ab-docs/CHQ_N3XJAGHLWSDS.pdf
6585ccef-c9ed-4ea3-8254-2629cf1e2f61,2527c1b6-82d8-470e-9ca0-8e06deb23ed0,AMIT KUMAR,Primary Health Centre Mirzapur Block 7,ACCT_TIOPQQGAWY1GCM6F,BARB03ZAQ3H,UP Gramin Bank,Mirzapur Main Branch,True,s3://up-ab-docs/CHQ_YXHQBRDM3VKR.pdf
d776c8d6-b1ba-438a-8391-9f70771985b1,08fc1f3d-a6f1-4ea0-90e5-580a39dd2baf,NARESH KUMAR,District Hospital Ambedkar Nagar,ACCT_3R9OMN4FTGRA8W6U,ALLA007RWWM,UP Gramin Bank,Ambedkar Nagar Main Branch,True,s3://up-ab-docs/CHQ_OHHH2KXPD0QZ.pdf
af31b135-080d-4f66-8ef1-6512f86c31d3,ced61793-a093-460c-b537-afcf03865341,BABLU KUMAR,Dr. Tiwari Nursing Home,ACCT_6JMKKPQJVLDK799N,BKID0HBE7UF,Bank of India,Ballia Main Branch,False,s3://up-ab-docs/CHQ_WWMJ1EQBZ87T.pdf
748ae9f1-94d7-4ca7-80a3-2585117df5fd,b715add2-8aa2-44b1-a656-5fd5923104bc,ANIL KUMAR,Dr. Agarwal Hospital & Research Centre,ACCT_9S7IIXOEHTRGM3CF,PUNB0TXMWCR,Punjab National Bank,Amethi Main Branch,False,s3://up-ab-docs/CHQ_CLFC9F5YVWPB.pdf
1e5405be-e8d3-4979-888e-e6bc7ec8694b,1671be92-42b2-455e-b48c-cbaf29a378cb,RAMU KAKA,Zonal Hospital Bareilly,ACCT_FYQ934AKHH5SM2PY,UBIN0M7R298,Allahabad Bank,Bareilly Main Branch,False,s3://up-ab-docs/CHQ_DOVVB6Y997AZ.pdf
55dbad1c-0593-4d95-9322-b8753b010ee3,310c286a-875d-456f-b815-37edfb352216,BRIJESH KUMAR,Urban Community Health Centre Ballia Block 2,ACCT_E8IICYX7YURLZ8VB,UBIN0Y3YANG,Union Bank of India,Ballia Main Branch,False,s3://up-ab-docs/CHQ_DVFX7VIWAMP9.pdf
a3d6c58b-b2c2-4bf6-9288-83e7daa38d0d,4dbc8e1d-62ce-4605-81f1-8497ff07e2f4,DEVENDRA KUMAR,District Hospital Ghaziabad,ACCT_K1MJ34RMKJE6GPC4,MAHB0WX6810,HDFC Bank,Ghaziabad Main Branch,False,s3://up-ab-docs/CHQ_SSWEO6C0O3T9.pdf
4331469e-d2b7-49f9-8b9e-3d0e80b29a10,1c09b438-b333-46b6-bc80-2db6ea3cc378,SHYAM LAL,Primary Health Centre Bahraich Block 4,ACCT_0FZRQ3LUAZVOS2L3,PUNB0L4GQHV,Bank of Baroda,Bahraich Main Branch,False,s3://up-ab-docs/CHQ_6QN046WEGOA2.pdf
55e37436-574e-4eff-a771-5b0bda6cc944,37a7248b-0a18-4b56-b333-4f11d5643ec8,GUDDU KUMAR,Community Health Centre Chauri Chaura,ACCT_DEQEQZFECJD374C0,UPCB01A7JEG,HDFC Bank,Gorakhpur Main Branch,False,s3://up-ab-docs/CHQ_EO8JB66HJQ1Y.pdf
906b64ec-d7a3-4e63-9e86-a0dd2c1201e9,86a5dc96-32d0-4859-ae22-c8b3841132d4,HEMANT KUMAR,Combined Hospital Moradabad,ACCT_L90U0Q2355QF43ZJ,BKID0QCDK8E,HDFC Bank,Moradabad Main Branch,True,s3://up-ab-docs/CHQ_6FK2VC3DNUL6.pdf
cf9eff06-0d3b-42fb-b995-c5b58ed5dc6e,2b6476b1-abcf-4e12-a7ab-c43ea29f80ad,DEEPAK KUMAR,Dr. Sharma Orthopaedic Centre,ACCT_7UI9GZC5EX5KIPHE,HDFC02DTT9T,Union Bank of India,Kanpur Nagar Main Branch,True,s3://up-ab-docs/CHQ_SRTCDHGMXW0A.pdf
fc29cf1b-c225-4a12-b64d-3682c6aa4d6e,40cd2163-9c7f-4bd9-8a9d-7a5d870c2fc9,PAPPU YADAV,Dr. Gupta Orthopaedic Centre,ACCT_37YCC5RP8CS8BCPZ,MAHB0I1HOXT,Punjab National Bank,Lucknow Main Branch,False,s3://up-ab-docs/CHQ_LING3FLGCWXC.pdf
57d6f1ac-a446-41fe-b670-e92df2f584c9,eed44eec-432d-4fdb-860a-a82d9acee039,ROHIT KUMAR,Laxmi Children Hospital,ACCT_FSQNRSXS8CYEZG26,BKID0NQVM0Z,Union Bank of India,Etawah Main Branch,False,s3://up-ab-docs/CHQ_LOW0N762THSB.pdf
0923afdd-3076-4fcb-b209-7bee212fd788,af8efed9-e4cb-4d10-93f2-5771c0e8dfa5,DINESH KUMAR RAJBHAR,Urban Community Health Centre Gautam Block 3,ACCT_ZX56U1SJ25ME4GGC,PUNB0UHDJU3,Axis Bank,Gautam Buddha Nagar Main Branch,True,s3://up-ab-docs/CHQ_OZJBU7SIXGAA.pdf
a23995cc-58aa-47c1-ae0d-abb0834e3429,b16b2e13-7767-4898-b98d-289acf8aad62,RAVINDRA NATH RAJBHAR,Dr. Pandey Hospital & Research Centre,ACCT_JRNUH3PTXWX61D5W,ALLA0VF9Z9Y,Axis Bank,Kasganj Main Branch,True,s3://up-ab-docs/CHQ_IA6YYQ8V53AF.pdf
a2e59b51-6b4c-4716-b0b8-bb98242f5733,b313cb2c-8092-45e6-a324-01f2adcba66b,RAJU YADAV,Durga Multispeciality Hospital,ACCT_GH2OPX4HEMVCBILG,UBIN0CWNVNW,State Bank of India,Deoria Main Branch,True,s3://up-ab-docs/CHQ_P2OZ9NZTTI1O.pdf
685b0cfc-65da-450a-ba02-afc786e63548,f6eb9bab-f267-4baf-a395-a2ce070960ef,SHYAM LAL GAUTAM,Ganesh Orthopaedic Centre,ACCT_Q9364HF3538NPYRN,PUNB0J0507J,Allahabad Bank,Ghazipur Main Branch,True,s3://up-ab-docs/CHQ_PZFPH9IN6Z7S.pdf
8d2c81ea-665a-49d1-97d5-986f6b043db9,87d075c8-0a84-4cac-b249-a7d144a620b8,JAGDISH PRASAD SINGH,Pandey & Verma Maternity & General Hospital,ACCT_L6CH3ETOX9X7C7JX,MAHB0JHKHVH,Punjab National Bank,Lakhimpur Kheri Main Branch,False,s3://up-ab-docs/CHQ_81GJ3A8HNSMW.pdf
c492fa11-917f-42d9-82d6-1976498c1088,4aa43dd6-19ca-4612-ad28-04e82c2e6585,LAKHAN LAL,Sharma & Sharma Maternity & General Hospital,ACCT_V74BM7PN2PXLA4QB,UBIN0PTGEMC,Bank of Baroda,Meerut Main Branch,True,s3://up-ab-docs/CHQ_OTUUZR85Q52H.pdf
b4d15f82-a2c5-4536-9fb7-c5a0816970ff,168f0e25-0776-4872-a1c1-5ba7491a3910,RAKESH KUMAR KUMAR,Dr. Agarwal Orthopaedic Centre,ACCT_86VA4J558ZP1G4HI,BKID0EILQM8,HDFC Bank,Varanasi Main Branch,True,s3://up-ab-docs/CHQ_XRQR7LHX5105.pdf
c679ca22-cfa9-400e-9aa8-e8d15a3b59bf,9aad09cb-c280-49cf-a789-776d88414bc0,BRIJESH KUMAR,Women Hospital Barabanki,ACCT_216E344DKYH7G4KE,BKID0I5VQ3W,State Bank of India,Barabanki Main Branch,False,s3://up-ab-docs/CHQ_HD2ZAITQDDXB.pdf
26bfc798-9109-4477-9373-fdaf5852b6c7,5f336a30-f600-4b00-affb-c0c067ec58e7,ASHOK KUMAR,District Hospital Lucknow,ACCT_AB407PXHQP4QLD61,UPCB09R7CG9,HDFC Bank,Lucknow Main Branch,False,s3://up-ab-docs/CHQ_WUKQ66LBOKUO.pdf
b1ca8ae5-10f4-483f-8759-e65533695e73,7caf5089-aa04-4bd3-9ae5-9a9aac526376,RAJEEV KUMAR,Durga Medical Centre,ACCT_SOXEPQATQDEB0EYN,UBIN0QF5RZ3,Union Bank of India,Ghaziabad Main Branch,True,s3://up-ab-docs/CHQ_YZJU9WNJFLIW.pdf
a2f1f896-91fa-4335-84d9-fb461dcbcde0,deb5187d-54f9-4098-80f1-7d1d43623d85,DEEPAK KUMAR,Singh & Sharma Cancer Institute,ACCT_51Q3TOE9T8H88X4X,CNRB0IWUS94,HDFC Bank,Gorakhpur Main Branch,True,s3://up-ab-docs/CHQ_H6X9QX8PWNAJ.pdf
15ebe692-7eed-42c8-bcb2-34d50a2e5dfb,4a136301-a03a-44a0-8772-6eab6583e721,MANOJ KUMAR KORI,Shakti Nursing Home,ACCT_ZA9I5P09UMHQN3BI,UPCB00JCQGR,HDFC Bank,Jhansi Main Branch,False,s3://up-ab-docs/CHQ_QYXOT312WXNB.pdf
46947739-81ac-47e0-a515-f8e7d6c98985,59c718e7-cfa6-43c6-84d9-9fd9e47107f2,MUKESH KUMAR,Saraswati Eye Hospital,ACCT_8VK8LD6J3FBVZHSF,BARB02LUVST,Canara Bank,Amethi Main Branch,True,s3://up-ab-docs/CHQ_1TEDLH6EG80W.pdf
459a6928-f24b-4892-98e8-665550276035,1b12dcc2-fe8c-4394-a67a-bb50ff052226,RAJEEV KUMAR,Dr. Singh Maternity & General Hospital,ACCT_10KRWCYBT7WKGFVN,HDFC0QU60BJ,HDFC Bank,Lucknow Main Branch,False,s3://up-ab-docs/CHQ_5JQYFV70TE4N.pdf
f3f5acab-9f75-4056-998b-4e2bcc37fc43,00582642-333b-45ec-9c60-e5b3aebe0577,PAPPU YADAV,Dr. Mishra Cancer Institute,ACCT_4MW9SV38QT27QYF5,ALLA0GZZ1VD,Allahabad Bank,Moradabad Main Branch,True,s3://up-ab-docs/CHQ_UMDIFXIP4VB4.pdf
4dfdac4b-f61a-40c6-b23c-b796aad9d957,d781fc7e-e867-49ae-ad48-1a3babfece87,RAMU KAKA PASI,Combined Hospital Gautam Buddha Nagar,ACCT_S26ZJT240FMUYB0P,BARB0VDAKY5,Bank of Baroda,Gautam Buddha Nagar Main Branch,False,s3://up-ab-docs/CHQ_XRHCOO0UKLWK.pdf
c6406026-8b3d-4a76-9cea-dafad402c91f,6a5af65d-f9ac-4884-b719-f5a6d994348f,HEMANT KUMAR PATEL,Krishna Eye Hospital,ACCT_K8L79LEWLKZS4J7V,BARB0WHGEAK,Union Bank of India,Gorakhpur Main Branch,True,s3://up-ab-docs/CHQ_FDN2CLIH0GWC.pdf
8d2cd077-1faf-4cb2-a37a-0a4e93acba27,309707bb-cb0b-41ba-b1cc-dc8c1807a945,RAVI SHANKAR,Trauma Centre Gosainganj,ACCT_TF83R51QVEVB8ONS,ALLA056RSXL,Bank of Baroda,Lucknow Main Branch,False,s3://up-ab-docs/CHQ_SDKIM3MPXGYG.pdf
31035166-cd35-4f91-aa87-ef1aff5ecd7c,3efb1b56-6fbf-49d4-ba7f-909feb0b898b,PREM SHANKAR,Pandey & Pandey Cancer Institute,ACCT_D8K7Q7J17FYC187S,UBIN0HJVW3Y,UP Gramin Bank,Ghazipur Main Branch,False,s3://up-ab-docs/CHQ_ANWULYUS0VWF.pdf
6fd54d1f-c504-49b6-a4ba-4e403c8dfae2,23ee16c7-d2bb-42e0-aee3-4f9ce3e9e2b6,ROHIT KUMAR,Mishra & Tiwari Surgical Centre,ACCT_MRO9ITSL61NBUP2M,UBIN0HFDHH0,HDFC Bank,Aligarh Main Branch,False,s3://up-ab-docs/CHQ_Q9PO3ABYLBNH.pdf
cfacba29-650e-4eee-bb83-dfb3529da34e,eb2cc5e3-174a-44f9-9b61-bf7dbb550701,RAVI SHANKAR MAURYA,Combined Hospital Bulandshahr,ACCT_LSU8EU809XUVVEDT,PUNB02PV4B5,Bank of Baroda,Bulandshahr Main Branch,False,s3://up-ab-docs/CHQ_L2QUB0O1Q606.pdf
bea6f93c-b144-4bc6-b553-ef326ab321f3,652f43d6-de19-471a-aa92-bf89906ef03c,DEVENDRA KUMAR,Dr. Verma Heart Institute,ACCT_FZOQ9FIS095ZAQLZ,PUNB0FY7VCB,Punjab National Bank,Amethi Main Branch,True,s3://up-ab-docs/CHQ_91UZNK4NSIX5.pdf
6cff775c-272a-4d27-92ad-b29b4a6c3294,0be6a73e-7fdf-43f1-918d-d73356870c23,JAGDISH PRASAD,Primary Health Centre Ballia Block 8,ACCT_F5SHXFYR2XZ7U92L,UBIN0TPB8SV,Punjab National Bank,Ballia Main Branch,False,s3://up-ab-docs/CHQ_ZAHGT7XLL321.pdf
d2d1fb5e-8034-4fe2-adc0-0aacad941ac2,96a65710-3273-498b-97c7-fa3615b7aaac,RAVI SHANKAR,Dr. Sharma Surgical Centre,ACCT_Q03BPNMLJGE5HJB8,CNRB08C0KOM,HDFC Bank,Prayagraj Main Branch,False,s3://up-ab-docs/CHQ_Y1HO32T6TALW.pdf
f94b1079-0472-4cd3-b4bc-2a4b2c6ce98f,927da465-917a-4740-a92b-683e25a2aa74,ARVIND KUMAR,Women Hospital Pratapgarh,ACCT_LU0HXQW98ETX587J,SBIN07OSEJE,Allahabad Bank,Pratapgarh Main Branch,False,s3://up-ab-docs/CHQ_GO66967M9NPO.pdf
842ad181-59c6-4118-b304-231e5284770a,6fd6afb1-c990-4fb6-a3dd-c67e7a81926d,BRIJESH KUMAR NISHAD,Primary Health Centre Gonda Block 6,ACCT_RVU228DW6F5HWSBA,MAHB0YQ2TDX,State Bank of India,Gonda Main Branch,True,s3://up-ab-docs/CHQ_MKJ8DM7FTQ1R.pdf
d3a48e78-4f80-47c0-ab0b-62ad278e4ca6,46cd8169-1b4a-4fe2-b419-6c34bba1f11a,SHYAM LAL,Dr. Srivastava Orthopaedic Centre,ACCT_8HYU1XCUVE62UQKY,MAHB0GE2Q60,Canara Bank,Chandauli Main Branch,False,s3://up-ab-docs/CHQ_XSX1RQ0Z3DO8.pdf
a053a54d-3e78-412d-b001-c21c573b1c50,ddf4e038-eee1-4aad-bf3c-340501d42a3b,RAJESH KUMAR,Trauma Centre Sitapur Block 2,ACCT_9EKLAANSS73YNV46,SBIN0KPM3GQ,Bank of India,Sitapur Main Branch,False,s3://up-ab-docs/CHQ_XZWUX8KFGPT2.pdf
a7a5e136-d7fb-460c-81ec-5267e8af23a5,6026e193-5b9a-42fd-a78f-91ab822c513d,RAJESH KUMAR,Medical College Hospital Bulandshahr,ACCT_V2ZWIVOF7DL7IWFC,ALLA0ESRUIW,Allahabad Bank,Bulandshahr Main Branch,False,s3://up-ab-docs/CHQ_TKVO9UPU5X4T.pdf
bbe70163-b4b6-46a5-97b6-50df060be43a,07a052b6-d2b1-4437-860e-65dde31e467e,LAKHAN LAL,Shakti Children Hospital,ACCT_647UYE8XOPQ2XW57,PUNB0SVAVVO,HDFC Bank,Bulandshahr Main Branch,False,s3://up-ab-docs/CHQ_Y6KG9RRCFHJ2.pdf
047d06cc-d1b5-466d-8dca-dc61b43bef56,5c727695-ed4c-4f29-b909-7d1af1979889,RAKESH KUMAR,Gupta & Srivastava Heart Institute,ACCT_ZNLS1DJ80MLZBI6R,BARB0T5CCE4,Axis Bank,Etawah Main Branch,False,s3://up-ab-docs/CHQ_T1ZYSV5MI9MH.pdf
71ed1213-3d14-416a-8075-6c80f7fd088d,47125a51-149b-47ee-9cbf-ae6720705295,HEMANT KUMAR,Dr. Pandey Nursing Home,ACCT_IQP80P8NKKNKM1LM,ALLA0LIU68J,Allahabad Bank,Jhansi Main Branch,False,s3://up-ab-docs/CHQ_7F68USI5468H.pdf
9f3e013f-bb4e-41cb-af53-c71304260a3b,8908553e-a57b-4755-81e4-7004f49e51f1,PREM SHANKAR MISHRA,Dr. Agarwal Medical Centre,ACCT_YDBK2YZE7KYXA824,SBIN086FGYP,State Bank of India,Banda Main Branch,True,s3://up-ab-docs/CHQ_JRJZ8VL9MBYT.pdf
f65eced5-5fbe-463a-96e7-48f8a0924de2,8a2d1075-4c99-4e9f-b320-50d5c4a91f4a,AMIT KUMAR,Combined Hospital Bulandshahr,ACCT_3DORC0Z7B7YV8XTF,SBIN0UE127G,UP Gramin Bank,Bulandshahr Main Branch,False,s3://up-ab-docs/CHQ_1KZK13H8E7GK.pdf
f4890091-4f77-4514-8908-0ac34cb11d89,df5917a9-32ee-43e2-82ef-87eb5dd91e82,UMESH KUMAR,Community Health Centre Pratappur,ACCT_2X7P6I3719IOEXYK,ALLA02DDIEW,HDFC Bank,Prayagraj Main Branch,False,s3://up-ab-docs/CHQ_QZHSVG6D01K0.pdf
4f685343-18a9-486a-bdf2-bc78f9e23e86,2e6c7540-d36e-4602-9a66-c1c11e0c1a77,ROHIT KUMAR MAURYA,Primary Health Centre Lalganj,ACCT_5WOQ09EH01VZZ5DO,ALLA04IFGWT,Axis Bank,Azamgarh Main Branch,False,s3://up-ab-docs/CHQ_7A4IM2E4A4OJ.pdf
9612eb5c-c5c7-415c-bfcb-a8293903e32b,b0e846eb-f1ac-4d53-8a36-7dfb7eedd2ab,BABLU KUMAR,Dr. Srivastava Surgical Centre,ACCT_5KQAM9LEAR3SNC3I,MAHB0WQVQ9W,HDFC Bank,Shahjahanpur Main Branch,False,s3://up-ab-docs/CHQ_I2WZU441KKJF.pdf
2a025107-02d6-486e-934f-2171a5168d8a,6b5b9eb1-a8cb-4dcc-a3ed-c810f07feac5,VIJAY KUMAR,Urban Community Health Centre Shahjahanpur Block 2,ACCT_IERL6BV7XMETR2W8,UBIN002CX5P,UP Gramin Bank,Shahjahanpur Main Branch,False,s3://up-ab-docs/CHQ_PN8GI02DARL7.pdf
7387bbfe-89cd-4912-8bd8-6cb3813386b2,809ff073-96e2-4170-ac65-c8e1906d329f,VIVEK KUMAR,Women Hospital Kanpur Nagar,ACCT_6U9E9YYFFT2SUO6L,BARB0W9HFC5,Punjab National Bank,Kanpur Nagar Main Branch,True,s3://up-ab-docs/CHQ_172CM5RM13P4.pdf
f46c60e6-8db6-406e-a41b-9b5e195a2ed1,c07802b7-0e29-4a50-bb6c-404c4becd9f4,RAJU YADAV,District Hospital Meerut,ACCT_4WCR7U0BYV6R2FHM,MAHB0UR3Z4Z,Union Bank of India,Meerut Main Branch,False,s3://up-ab-docs/CHQ_CBMMQZIG8607.pdf
356fb911-7a12-43ec-b4d1-1540ec90ae74,8c28e7b6-bbce-4f3e-b496-0b5d11471805,HEMANT KUMAR YADAV,Community Health Centre Kasganj Block 4,ACCT_NYSK9EBEIPPSGIEB,UBIN0KEYBVV,Canara Bank,Kasganj Main Branch,False,s3://up-ab-docs/CHQ_LI6DB8I8SKNV.pdf
e8dcd40c-dd71-4e63-a821-74ebd53805ca,3c9da9cb-ea34-42ec-a054-f09e6f21177a,VIRENDRA SINGH,Urban Community Health Centre Ayodhya Block 3,ACCT_FP4JYNYLFHJF8SXX,ALLA0LGDX8X,Axis Bank,Ayodhya Main Branch,False,s3://up-ab-docs/CHQ_NTRTM65FR2BR.pdf
eed30c66-1eb0-4743-9b24-c60abd9df82f,f459efc7-a94b-4fcd-a1b8-cfde96de1283,AMIT KUMAR,Sub-District Hospital Agra,ACCT_ABYQKRNH64YP9P8R,BARB00HEF8L,Bank of India,Agra Main Branch,False,s3://up-ab-docs/CHQ_7VXXM8PPWAD4.pdf
93f5e2c6-e14a-405c-ab21-f697767d0c4b,5cd21b7d-188f-4966-b23c-d377c153a291,AMIT KUMAR GUPTA,Gupta & Mishra Maternity & General Hospital,ACCT_D3XH2KDUGLD3O0VV,UPCB0VF5G0H,Bank of India,Sultanpur Main Branch,False,s3://up-ab-docs/CHQ_P2CF39OSMZQL.pdf
9fed5251-b9be-40e2-816b-36b765c531e6,add41731-c1ec-4042-ba9c-e962f7bdc5bf,DEVENDRA KUMAR,Primary Health Centre Bijnor Block 4,ACCT_1A3I2M52PGGO5102,UPCB0G6PHWT,Axis Bank,Bijnor Main Branch,True,s3://up-ab-docs/CHQ_T6IM50R17GBA.pdf
597812ac-b5b2-4f0d-9b54-ec791f436230,62e1ce57-4241-4364-92cb-7637c17b5c01,DEVENDRA KUMAR GUPTA,Dr. Gupta Nursing Home,ACCT_0EPRUN0YGE9PGUZH,UPCB0QSXIJN,Canara Bank,Bulandshahr Main Branch,False,s3://up-ab-docs/CHQ_ADL6O0E77CDA.pdf
570281ad-a635-46cb-9fc3-76969594fcdb,6321512d-78a5-425f-8038-d29cd7a8473a,HARI OM PATEL,Community Health Centre Gabhana,ACCT_S0Q1G2LGTJR9U2O9,UPCB02DX54P,Punjab National Bank,Aligarh Main Branch,False,s3://up-ab-docs/CHQ_VDGN6XAGX9YP.pdf
57af8a99-fabb-4708-84d2-8a9b3848ece1,f526b874-7f37-4702-9f00-e29cfcb4ab96,AMIT KUMAR,Urban Community Health Centre Muzaffarnagar Block 4,ACCT_YFLRS9IO89PLAZVK,BARB08L2TO5,Bank of Baroda,Muzaffarnagar Main Branch,False,s3://up-ab-docs/CHQ_43NAR7M903YO.pdf
47c62840-492f-4eff-b0f2-1217e88db0dc,8dd88ab8-586d-4275-9334-22ec58d9d619,BRIJESH KUMAR,Community Health Centre Badaun Block 6,ACCT_ZXZ0BNJESRW9FJYJ,BARB076M7Y1,HDFC Bank,Badaun Main Branch,False,s3://up-ab-docs/CHQ_36C1NIF7LN36.pdf
36d5171c-0d31-4834-abc6-e5deceed366b,4d56d6b6-a141-4fc8-92df-d45f140de17f,PRADEEP KUMAR,Dr. Pandey Children Hospital,ACCT_8T7F6ZWG164J1U9T,MAHB02FC3ZL,State Bank of India,Hardoi Main Branch,False,s3://up-ab-docs/CHQ_EZ22ZNE8RMXG.pdf
1130e166-d090-4cd9-9ef1-c366358698b4,5280d74c-6d65-4538-abc9-bd70711ec5c2,NARESH KUMAR,Tiwari & Tiwari Cancer Institute,ACCT_OITXWLYE3221136P,UBIN0W1OKNH,Bank of Baroda,Ballia Main Branch,False,s3://up-ab-docs/CHQ_L7JYTTWT680C.pdf
1e828461-d5e2-4201-9f26-afc2aff2d95c,4f95535a-c061-42c5-847a-64846c9e8a33,RAMU KAKA,Medical College Hospital Badaun,ACCT_IXZXIWYR6QPLI5R3,UPCB0UX93JJ,Bank of India,Badaun Main Branch,False,s3://up-ab-docs/CHQ_OWOVDYWKS8VA.pdf
48ce9bcf-5694-4736-b311-e011641c870a,6ce061b1-33a7-4aa9-bdac-4dacbc2438c0,SHIV KUMAR MISHRA,Community Health Centre Khorabar,ACCT_X2X0PVISLAFW86QG,CNRB08YKXCO,Axis Bank,Gorakhpur Main Branch,False,s3://up-ab-docs/CHQ_QZDOHWHFM75Z.pdf
39af4c8b-d76d-4d00-94b0-41de7c7cff05,0aaa24cd-1bbb-43a7-9436-41404a94c435,BRIJESH KUMAR,Trauma Centre Sant Block 3,ACCT_Y28LCU5K9U4DXLX1,MAHB01IFQAR,Punjab National Bank,Sant Kabir Nagar Main Branch,False,s3://up-ab-docs/CHQ_H617MELTZ9M7.pdf
5f53eca5-a3bf-4ced-a699-3dddf661e163,7df6476c-36e5-4b7f-b491-d544b865d70c,UMESH KUMAR,Trauma Centre Gosainganj,ACCT_N41JKNBX8R2KXN41,PUNB0BZ6K1N,Union Bank of India,Lucknow Main Branch,True,s3://up-ab-docs/CHQ_BNHY8JCGSJ5S.pdf
f6122fd6-932e-476f-af65-b76dc962291d,86558851-1882-453c-9ea1-67d2603900dc,PREM SHANKAR,Trauma Centre Firozabad Block 3,ACCT_6M7TGZC7JBNWCTP5,BARB07XW761,State Bank of India,Firozabad Main Branch,False,s3://up-ab-docs/CHQ_P39CTLS8YDI3.pdf
b99c5cd3-50e2-4687-9ab8-51a94cbefbbb,0b493dcd-55d3-4b54-b522-8dfccbf41872,JAGDISH PRASAD,Community Health Centre Pratapgarh Block 4,ACCT_7PZVY66J81F13D6O,CNRB02U7N7T,Bank of Baroda,Pratapgarh Main Branch,False,s3://up-ab-docs/CHQ_J8I1VXU8SIX4.pdf
6191b1c5-c1fe-4c66-b93a-992438bd8da3,5a00f0f2-b63b-413a-80b4-85459ec37495,DEVENDRA KUMAR KORI,Sharma & Verma Heart Institute,ACCT_TGDDTGR9YVAA9MXS,UPCB0L98EJ5,Canara Bank,Gautam Buddha Nagar Main Branch,False,s3://up-ab-docs/CHQ_HSQZWNDVTEQ7.pdf
fd94649c-ad93-4ad8-80e7-1d71e7cdaaa9,b3e3bc01-458c-4c2c-84c6-f008c0086c48,RAMESH CHANDRA,Medical College Hospital Bareilly,ACCT_OPNXUPDDI6OY8965,BARB0LC4ROL,Allahabad Bank,Bareilly Main Branch,False,s3://up-ab-docs/CHQ_V2IRRT5ZIIJW.pdf
e0d57857-94b3-4de4-b58c-69bc35f7dbe0,17ce9a4b-a046-4323-ac24-e42df9a0588d,RAJEEV KUMAR,Women Hospital Ghaziabad,ACCT_ABZGB3KAIWIR4J4X,PUNB0INMGR0,Bank of Baroda,Ghaziabad Main Branch,False,s3://up-ab-docs/CHQ_E69FYISMUMUJ.pdf
df2cf416-6121-41c5-8b48-18b05c963297,7cb7d8d0-5a14-4534-ac0d-b0cdb0b4cee8,PAPPU YADAV PANDEY,Medical College Hospital Amroha,ACCT_SZJTCRZYBVJR2RD0,CNRB0MV45G7,State Bank of India,Amroha Main Branch,True,s3://up-ab-docs/CHQ_C5XF99V94CL4.pdf
a440132f-74c5-49e4-8fd4-79752f89791d,b79eae79-6919-4ab6-9461-71469bffe8f0,UMESH KUMAR,Medical College Hospital Ballia,ACCT_0TPH7EXFB29TN8E1,ALLA0XX5SJA,Bank of Baroda,Ballia Main Branch,False,s3://up-ab-docs/CHQ_SG4I4UZZ4QZ0.pdf
b6a3de8b-f203-475c-a700-68c860990d5c,3119e15b-f4c5-4a03-ab6e-7d7d3f74d54d,SHIV KUMAR SHUKLA,Trauma Centre Etawah Block 6,ACCT_4MB36YO22SKPTTDD,MAHB028N375,HDFC Bank,Etawah Main Branch,False,s3://up-ab-docs/CHQ_F2GVNTGMYJIX.pdf
3df8e55a-be4f-4cb3-950a-64b08b176cd7,7f9c4249-b2f5-4ace-a88b-cdfa28a441b4,PRADEEP KUMAR,Trauma Centre Muzaffarnagar Block 6,ACCT_ZSVFYO3275RUN7ZI,HDFC0JSDWC9,Union Bank of India,Muzaffarnagar Main Branch,False,s3://up-ab-docs/CHQ_G8BWUXT3FG6F.pdf
99f98e7e-e6f5-4852-b38f-1df21a03230f,a320e738-29ac-4256-aadd-e2552664bcc8,ROHIT KUMAR NISHAD,Dr. Sharma Orthopaedic Centre,ACCT_XYJ82VADZ5EP7SWW,ALLA0O0B4DC,Punjab National Bank,Pratapgarh Main Branch,False,s3://up-ab-docs/CHQ_I2EKE0LWP5G2.pdf
b679de2c-3f48-4214-8890-7af98b966579,53ead09c-f759-4df0-afba-406cc5f961b3,GUDDU KUMAR,Trauma Centre Hamirpur Block 2,ACCT_BCNEPJTYT8O3J9OU,BKID0YYYORR,Bank of Baroda,Hamirpur Main Branch,False,s3://up-ab-docs/CHQ_L7X611G0I4ZN.pdf
fcd3435e-5744-411e-8829-065974728836,b1aeb9da-52c6-4616-991a-527d6a3eed4d,ASHOK KUMAR,Srivastava & Srivastava Hospital & Research Centre,ACCT_R2L7WFV80D9UFA6F,CNRB0VXUH1W,State Bank of India,Balrampur Main Branch,False,s3://up-ab-docs/CHQ_6GCTXCRAQI7Z.pdf
5988ec62-616a-4fb4-90d0-41713ce59e35,a54d6572-ec7c-4135-8180-cc668623d7fe,HEMANT KUMAR,Ram Hospital & Research Centre,ACCT_LIU43300S2FMPLZ9,HDFC08EV161,UP Gramin Bank,Kanpur Dehat Main Branch,True,s3://up-ab-docs/CHQ_FXQF4CAMQ8C7.pdf
16e4abdf-5464-4b0e-af69-c02daa3f29a7,65729bca-d04c-4300-b365-1b42386327e8,RAKESH KUMAR LODHI,Primary Health Centre Gautam Block 4,ACCT_2X8893WCQXDAWZ79,UBIN03YW8MC,Allahabad Bank,Gautam Buddha Nagar Main Branch,False,s3://up-ab-docs/CHQ_TE8LU2ZTUPOH.pdf
5e726688-78ca-4e75-821c-035b318b8a0e,bfa9e74b-32d6-48ce-be16-b19fc2bb025f,ARVIND KUMAR,Verma & Singh Cancer Institute,ACCT_EQ96SAUFGVIWYNEU,BARB03FF81U,Union Bank of India,Agra Main Branch,False,s3://up-ab-docs/CHQ_KMQTNVZB9JFD.pdf
79b354e9-5d63-4478-9c1e-52a0ad68fee5,f9d49c0d-30a1-4fef-84ca-73db08a0d844,RAJEEV KUMAR,Trauma Centre Auraiya Block 2,ACCT_8E8JHQPKV5SPBMHT,HDFC03PAKI9,HDFC Bank,Auraiya Main Branch,False,s3://up-ab-docs/CHQ_WKROOW96NNFJ.pdf
c90ccf8f-39e3-448a-9168-c9e3d70a4805,823975a1-876c-402d-9dd1-be395baf2ce5,DEEPAK KUMAR,District Hospital Ghazipur,ACCT_0XV42CIR0BSH5ZDQ,ALLA0H9L7LF,Allahabad Bank,Ghazipur Main Branch,False,s3://up-ab-docs/CHQ_HCMIP57DBWO5.pdf
4a24a50a-ab6a-4c21-9eb8-e9b52098bd68,09446572-47bb-448a-be74-82f4a2a50d20,SANJAY KUMAR SINGH,Sharma & Mishra Children Hospital,ACCT_FIZE878BC4P3ZY3G,UBIN08S77TA,Bank of Baroda,Unnao Main Branch,False,s3://up-ab-docs/CHQ_52WN7P3IZU66.pdf
f3ca9236-aed1-446d-8c43-aafd3324e8fc,4e1babf2-a4ee-4a12-8701-f213236daae5,RAMESH CHANDRA,Zonal Hospital Muzaffarnagar,ACCT_OK9899NTLM5P56Z4,UBIN0T1Z4RR,Axis Bank,Muzaffarnagar Main Branch,False,s3://up-ab-docs/CHQ_QMQZ6LIZGYX5.pdf
84b4ce50-94c1-4bf1-ba88-338825d0eb66,451e702a-3890-467e-a7b6-f99915540ea2,RAMU KAKA,Trauma Centre Etah Block 5,ACCT_U7UC6723T25YJF2H,PUNB08NEGMN,State Bank of India,Etah Main Branch,False,s3://up-ab-docs/CHQ_9ZDP95A8HS1B.pdf
7ffe3979-b2d1-45cf-9c19-b85768dceb49,ada15fd7-ebe9-4bd5-950b-8a6f5b0e031e,ROHIT KUMAR,Trauma Centre Hardoi Block 4,ACCT_3NOX7PDYJV9G05SH,BKID06IO4CU,Bank of Baroda,Hardoi Main Branch,False,s3://up-ab-docs/CHQ_FELJZ4CWME3S.pdf
a5a5db7a-3503-47ef-a37b-74d7555f5ddc,64332df1-0fd4-4153-950a-593efe09e1e1,BRIJESH KUMAR,Combined Hospital Prayagraj,ACCT_IFXSC54RR1DHAKM1,CNRB01EZQIR,Punjab National Bank,Prayagraj Main Branch,True,s3://up-ab-docs/CHQ_XDJ31FXCDI52.pdf
4d1aac2a-c54c-4fdf-b5f0-65ef9d34a4ff,fba472da-6c1e-4f56-bdf6-d3c15e72872f,PRADEEP KUMAR KUMAR,District Hospital Moradabad,ACCT_DOTP2OAC4LB5601F,MAHB0DOREQL,UP Gramin Bank,Moradabad Main Branch,True,s3://up-ab-docs/CHQ_UQ76D3MC8KRK.pdf
c7a1a10b-7f1a-43c3-a369-8db8c378c24c,3cd12cbf-cc19-45ec-ac8d-b2a68901a173,HEMANT KUMAR,Dr. Verma Eye Hospital,ACCT_0U30KFX19MSXESEC,ALLA0QFIS5T,Allahabad Bank,Baghpat Main Branch,False,s3://up-ab-docs/CHQ_TRK4LW6Y5CD6.pdf
fcf9350f-ae5e-47be-8c8b-e26b99d82a33,9bbf9c2d-2037-4d42-9a7c-b6f4eb1e5c64,DEVENDRA KUMAR,Medical College Hospital Jaunpur,ACCT_RGKFL6KW3173LESR,BKID06XMBNU,Union Bank of India,Jaunpur Main Branch,False,s3://up-ab-docs/CHQ_S3Z91OEWUZIG.pdf
7ec7cb5a-f19a-4b61-b62d-7a283fac1833,aa5bacad-5830-42fe-80e5-d3dd9c2ed424,RAMU KAKA,Sub-District Hospital Etawah,ACCT_7R4Q9BS08JHM26FQ,UPCB0QUG8N7,Bank of India,Etawah Main Branch,False,s3://up-ab-docs/CHQ_N21ZVK9RXWWP.pdf
ae041535-1afa-4360-baac-c6ed62595907,a35db00a-d1b5-4e90-9b52-5af75ce38efe,DEEPAK KUMAR,Women Hospital Varanasi,ACCT_R80EZ30285OXMW8Z,UPCB0YJPQI8,UP Gramin Bank,Varanasi Main Branch,False,s3://up-ab-docs/CHQ_TI7KBQMMPAP6.pdf
b04e0f57-83d9-4488-8732-43b74f8f5b99,3195b4fa-9765-4e14-a6cb-ee9578600c2b,RAVINDRA NATH,Community Health Centre Fatehpur Block 6,ACCT_41Q7YKH4AW32T98V,HDFC0KXJHAQ,State Bank of India,Fatehpur Main Branch,True,s3://up-ab-docs/CHQ_O0XZQAI36Y5U.pdf
4463812f-5342-4089-97b0-70263946ff77,fbdc9d86-2ab9-4bc4-b67d-8d9445b85d85,RAJU YADAV,Zonal Hospital Gorakhpur,ACCT_AR2NR11PBYDQZIR9,UPCB04E6DA8,Bank of India,Gorakhpur Main Branch,False,s3://up-ab-docs/CHQ_A73IYHCGHWLR.pdf
e26aa1b3-54ca-41aa-bea6-a22df3acc272,c921f284-89d0-414c-b884-0698cacb1ff4,ASHOK KUMAR NISHAD,Agarwal & Sharma Eye Hospital,ACCT_BKDZS8NKITRLFVBU,PUNB02TUB8N,HDFC Bank,Raebareli Main Branch,False,s3://up-ab-docs/CHQ_THLY3XA294XU.pdf
a347c14f-2cf2-4dcc-85df-b78d50e6de96,150964f5-2918-4ad6-a93d-e43125ccb674,RAVINDRA NATH,Shiv Maternity & General Hospital,ACCT_PHR3WAJIE17G162M,ALLA02K95OJ,Canara Bank,Mathura Main Branch,False,s3://up-ab-docs/CHQ_SDUC1D45U5KF.pdf
bf0f027d-0e17-4ce1-9de2-51fa97721663,944b0add-7df4-4a7b-b9fb-8552b629c7ea,SURESH KUMAR,Zonal Hospital Farrukhabad,ACCT_821KF0FBQEB33KKA,BARB0UGTUFT,Canara Bank,Farrukhabad Main Branch,False,s3://up-ab-docs/CHQ_1H00M7Q000K2.pdf
1b331c8b-6c65-4547-a8fa-91a55d0d1a0d,604f77e0-867d-4f47-b005-035ccfe6eafe,GUDDU KUMAR NISHAD,Gupta & Gupta Maternity & General Hospital,ACCT_T7VZ4KUJ8ATC0WCT,SBIN0EFP7R6,Bank of India,Ambedkar Nagar Main Branch,False,s3://up-ab-docs/CHQ_KB95KF03ZJI1.pdf
751930d6-1703-4c69-93ac-034cf226d90a,20de12a3-7dd8-442b-9626-29a6389fc66f,AMIT KUMAR KUMAR,District Hospital Gorakhpur,ACCT_SW6PBI1WAKI4C9PE,HDFC0AG3W54,Union Bank of India,Gorakhpur Main Branch,False,s3://up-ab-docs/CHQ_TNUJL2HSMYFS.pdf
5d3aa1c9-c2cc-4a23-99b6-c9cd2b62405b,91143462-8c05-49cb-ac2f-8cb088470310,VIVEK KUMAR,Women Hospital Sant Ravidas Nagar,ACCT_7J8SOWEHEDIZBX6S,BKID0KIHCQQ,Allahabad Bank,Sant Ravidas Nagar Main Branch,True,s3://up-ab-docs/CHQ_31ZSID154HIE.pdf
3ff5c173-ce53-4145-8e32-fe39012f6248,e76e2d70-bae7-4f52-ba4d-f8bf3ba50dde,NARESH KUMAR,Tiwari & Sharma Hospital & Research Centre,ACCT_I1S3FRN8PJXHILHD,MAHB03MENK8,Canara Bank,Mainpuri Main Branch,False,s3://up-ab-docs/CHQ_84386D3FTIVG.pdf
103eddf8-8fdb-4275-bb50-bb03a164f694,6f7f05c1-29a4-4a3b-9f1d-8ce43825e456,ANIL KUMAR,Dr. Agarwal Maternity & General Hospital,ACCT_SF6THSSIJTOQG5W0,HDFC0K9W25U,Union Bank of India,Chitrakoot Main Branch,False,s3://up-ab-docs/CHQ_LRRJ8DTIIYP6.pdf
f812d1d5-4b19-49e5-9930-0368ea8b3cdb,1984f2c7-b8f9-409a-82f1-2e0eca512cb0,VIJAY KUMAR,Primary Health Centre Gosainganj,ACCT_LVWU7Z9VBFBK3S9A,PUNB0BEY13O,HDFC Bank,Lucknow Main Branch,False,s3://up-ab-docs/CHQ_3LJHTYK8JCIR.pdf
924a1b97-a803-422b-9bbb-4a3e1708d533,dbbf8923-8a9c-4ff1-9dcb-cc4cddd986ab,PREM SHANKAR KUMAR,Sub-District Hospital Banda,ACCT_OTE4EUGAQ12439RU,SBIN0Q1IO6L,Allahabad Bank,Banda Main Branch,False,s3://up-ab-docs/CHQ_YFRZEJNJY88E.pdf
deb09969-7a99-4847-9aca-bb75dea04375,49db68b9-3223-46a9-8bd3-1d8f7674eaa5,SUSHIL KUMAR,Shakti Cancer Institute,ACCT_LQEJFEIRJ62MH40W,UBIN0N84TCV,Punjab National Bank,Gonda Main Branch,False,s3://up-ab-docs/CHQ_1XZSC1P9YE1J.pdf
a5882738-89b5-471c-b368-caa353d6e89c,82d1e6ad-438a-4a16-8ecc-e03e8526342c,SUSHIL KUMAR GAUTAM,Dr. Gupta Nursing Home,ACCT_U4601J7K8JUQ4NEV,UBIN0M9NLCX,State Bank of India,Chandauli Main Branch,False,s3://up-ab-docs/CHQ_DN036FJFIRP2.pdf
c0b97d24-921d-4243-9aa0-a21b8d131ee3,e2a93f01-18b0-45e6-b874-423881ce819e,MANOJ KUMAR,Singh & Sharma Orthopaedic Centre,ACCT_1K516TLE0X9JD38O,HDFC06GEE60,Bank of India,Raebareli Main Branch,False,s3://up-ab-docs/CHQ_DAJKS1WSLFOP.pdf
9284d064-4078-43ca-bdc3-debb29bb1206,c2e2a4f7-dd0c-4b9d-b9ef-cfa2d6f71875,MANOJ KUMAR,Trauma Centre Mirzapur Block 3,ACCT_WK8IU0Y0XNR87L0E,MAHB0987IU2,State Bank of India,Mirzapur Main Branch,False,s3://up-ab-docs/CHQ_300VKTNBRE69.pdf
3ae08e69-512c-4fb3-8d01-86b30c989f60,37f8d188-6fb6-403e-bdc9-409b6a860db1,SHYAM LAL,Primary Health Centre Mauranipur,ACCT_UA6GXP5YU3AJX21E,UBIN0T1GFAE,State Bank of India,Jhansi Main Branch,False,s3://up-ab-docs/CHQ_27YD26QB4REH.pdf
d9cfe864-33fb-4c38-9788-9cc847e91894,f754a303-30fa-4752-8aa1-7bf5d8e745df,ANIL KUMAR CHAUHAN,Community Health Centre Barua Sagar,ACCT_JWDTCA5O2O4V611X,UBIN02XUZ9J,Canara Bank,Jhansi Main Branch,False,s3://up-ab-docs/CHQ_KQ6VTZUG3MDW.pdf
feda91b1-05bd-4fed-942d-89dcfcac6254,e552a21d-d3e8-4f48-b58f-a41bb6a0351c,VIRENDRA SINGH GAUTAM,District Hospital Prayagraj,ACCT_8SBNV0973A17JOXV,UPCB0B4ERU0,HDFC Bank,Prayagraj Main Branch,True,s3://up-ab-docs/CHQ_LL7AVC1ZF7QC.pdf
733c5087-d2a1-4410-9a07-174e93f7f1dc,d4291d82-6767-43db-add6-acdccea508e7,HEMANT KUMAR,Dr. Singh Medical Centre,ACCT_XUXBE5DJHGRX5EQ2,UPCB0Z9ZQ49,Bank of Baroda,Muzaffarnagar Main Branch,False,s3://up-ab-docs/CHQ_V7YHRH2UHOXE.pdf
c1d50362-99e0-4965-8e0d-37fcf2522d3c,ca12a5ce-276e-4c62-a9cb-5dea3878d2e3,RAM PRASAD,Women Hospital Ghazipur,ACCT_481SVV4O6AGHVPO3,UPCB01XJASG,State Bank of India,Ghazipur Main Branch,False,s3://up-ab-docs/CHQ_PTG425N1L8EC.pdf
0586628e-8aec-408d-9f50-ce3a11b605a0,420e4cba-1468-4bc7-b980-d35a71071515,ROHIT KUMAR,District Hospital Unnao,ACCT_WXG5S2OTCD585X84,PUNB0E32NHP,Bank of Baroda,Unnao Main Branch,False,s3://up-ab-docs/CHQ_GR4Z3QVJAJ9G.pdf
6e846eba-c65a-4dfb-bf8b-b8b481149b44,2445f348-8d9f-449e-9d43-5672fe4f8930,RAVI SHANKAR,Primary Health Centre Sahson,ACCT_8YBR306S6P3F8SQ7,PUNB0UP3KIF,UP Gramin Bank,Prayagraj Main Branch,False,s3://up-ab-docs/CHQ_0Z8P8V8SC299.pdf
777165e3-308f-42af-a0a7-99d48f2f9ecf,18eeee38-9b25-44e2-b392-d988c640078d,PAPPU YADAV,Community Health Centre Mandhana,ACCT_WXJIAZQBXEE4O5U6,CNRB00GNKK4,State Bank of India,Kanpur Nagar Main Branch,False,s3://up-ab-docs/CHQ_UYFL845KXN6V.pdf
77e6da9d-9c64-41b4-ad08-e755060e5d0d,2b855e3e-e7a1-4dbd-b1a9-6b9e49850376,SUSHIL KUMAR,Hanuman Eye Hospital,ACCT_KFKW1R5YO8WUM17W,UPCB0I6OUF5,Allahabad Bank,Barabanki Main Branch,False,s3://up-ab-docs/CHQ_OOLNU1ZY3FJS.pdf
c642a0c0-6b63-4bc7-b42e-6ef36f08f4ba,26eba5c0-c3c0-4d49-8580-d5487713c307,ANIL KUMAR,Medical College Hospital Agra,ACCT_0Z1TZIDIE2MCKHJQ,UBIN0M3330O,UP Gramin Bank,Agra Main Branch,False,s3://up-ab-docs/CHQ_SU90HFMSYEKJ.pdf
6498301f-7a90-4076-a4b0-f1e2a1e4df41,ed9b5ded-be2d-49a0-bbe7-c416eefbe753,MUKESH KUMAR,Agarwal & Agarwal Cancer Institute,ACCT_6H562LCF48GAE8CB,UPCB0FMSUUP,HDFC Bank,Rampur Main Branch,False,s3://up-ab-docs/CHQ_2KFEC0DO59E6.pdf
921ff87c-5b29-4ff8-a857-509b69974781,2eccdbdf-0bc5-4179-9e23-51eec32278fd,LAKHAN LAL PASI,Sub-District Hospital Rampur,ACCT_CKNW9BYF5J85S7W1,BARB08GMUQ4,HDFC Bank,Rampur Main Branch,False,s3://up-ab-docs/CHQ_YNY5CRAD57U7.pdf
a6eca913-b99c-4619-9789-588c74e8ad33,561c6756-7503-4a21-98e9-5329e3f9fb03,RAKESH KUMAR,Sub-District Hospital Deoria,ACCT_98XZ0J8IP8F7JSJS,PUNB01FHH78,Bank of Baroda,Deoria Main Branch,False,s3://up-ab-docs/CHQ_G9DGOVIBT6CX.pdf
39d84fc8-594e-4d52-bfdc-3a8a4c82727f,6db2e3d0-46ea-4f45-8fdb-d3992e7cb3c6,SUSHIL KUMAR DUBEY,Dr. Agarwal Heart Institute,ACCT_A80DLG8EYNXXAJA3,BARB0ECOO37,Bank of India,Bahraich Main Branch,False,s3://up-ab-docs/CHQ_ZE1PROES9BTS.pdf
278a35d4-4bd9-4133-8f5f-f52f748dae07,ba53cc57-82f6-48ba-8036-2b938713af86,SHIV KUMAR,Verma & Verma Nursing Home,ACCT_BPYWGLXR9BVGNCTR,SBIN000RW0J,Punjab National Bank,Deoria Main Branch,False,s3://up-ab-docs/CHQ_HOAJH4ZRDW7T.pdf
174c604e-9c21-49bd-a3e8-844445a266c2,05ad7939-0c4c-4eda-ad82-1f0e7d34b9dc,VIRENDRA SINGH,Primary Health Centre Bijnor Block 5,ACCT_LZMZHQEI3UFCE83O,UPCB0XCV5VK,Allahabad Bank,Bijnor Main Branch,False,s3://up-ab-docs/CHQ_Y5TWZAX0EC3L.pdf
eb61ff4b-7c94-4892-ba2c-86f7c0135ee2,00f8442d-86d0-4541-9c00-058a2358230e,SHIV KUMAR,Urban Community Health Centre Bulandshahr Block 2,ACCT_I0OIN9J2HTJ1OV6U,BARB0JEJI40,UP Gramin Bank,Bulandshahr Main Branch,False,s3://up-ab-docs/CHQ_JSMUM6MDCJ89.pdf
ef65c584-0d36-41e2-8986-b25d8147413b,496e204d-5705-48aa-a53d-97d1060242b0,PAPPU YADAV,Urban Community Health Centre Shravasti Block 2,ACCT_XNB1II71BAEIG1EB,PUNB0NJ3RZI,UP Gramin Bank,Shravasti Main Branch,False,s3://up-ab-docs/CHQ_5VIAK1M8TFF9.pdf
198a7657-1e03-472d-9baa-83ae0b30cd31,5eb0fc61-eb72-4d50-9f5d-4c0353309b1e,ANIL KUMAR,Singh & Agarwal Children Hospital,ACCT_87JCTKC30UADT1WV,ALLA0L6OVUH,Bank of India,Azamgarh Main Branch,True,s3://up-ab-docs/CHQ_INB12AEH39JM.pdf
0e718bc2-d876-4bae-bb2f-f5a8d9faeb01,0b3525a2-042d-44f3-b887-e0bc4805045b,RAKESH KUMAR,Trauma Centre Amethi Block 8,ACCT_IBCXLVW8EA1JK8WP,PUNB0SKTZPN,UP Gramin Bank,Amethi Main Branch,True,s3://up-ab-docs/CHQ_PQX2K1OBET2U.pdf
197787b1-61c7-42ae-919b-c9cc02024b76,d5055393-65e4-45c4-b5ff-3ca4b7471a2f,RAVI SHANKAR,Srivastava & Tiwari Hospital & Research Centre,ACCT_2C1LK6YOO8K6SFUC,UPCB0ZUF91R,Allahabad Bank,Gorakhpur Main Branch,True,s3://up-ab-docs/CHQ_4OZ4U9RMV6JM.pdf
c6c5095b-52e7-439a-bf5d-934cac3fb88c,c4b48c32-d14b-4c07-bd08-287151034193,RAKESH KUMAR,Mishra & Mishra Nursing Home,ACCT_3QQJZL879OSXNHHC,MAHB0TMGBU3,Union Bank of India,Bijnor Main Branch,False,s3://up-ab-docs/CHQ_HJ81A3MWB1RJ.pdf
050aed93-8753-44ab-abc4-f9d5c1cccd73,94bb3526-ed70-4e3a-a814-6323ad0d9e3a,ROHIT KUMAR,Agarwal & Sharma Surgical Centre,ACCT_5UE2EKF0XDCI0XUL,BARB0XST5LC,Canara Bank,Rampur Main Branch,False,s3://up-ab-docs/CHQ_2H2Y9AQZCY1B.pdf
14aa4b23-04f9-4401-86e4-8310ea0fd101,5387ea1a-cb1f-4458-a8f5-bfabdc6e906b,BRIJESH KUMAR,Shakti Heart Institute,ACCT_P4ZD47Y9TSCLEWQS,BARB0F4YLTW,Axis Bank,Ambedkar Nagar Main Branch,False,s3://up-ab-docs/CHQ_1P7ZCZ1IZL7S.pdf
d7999a5c-2226-4cca-b99b-6d5e9d565053,6cd2a30c-4e21-4b8b-9a50-0534c6dfde5a,RAMU KAKA,Women Hospital Saharanpur,ACCT_21QY0FRJ37VMM5CW,BKID0YR2PW1,Bank of India,Saharanpur Main Branch,False,s3://up-ab-docs/CHQ_S7AAT12S5GJ4.pdf
2b9837e6-8800-4b5e-84f1-7a711dee973e,eaa8a982-e287-46db-97da-0fcee066c814,SHYAM LAL,Trauma Centre Gautam Block 3,ACCT_EET1I91RCFH9Z54D,SBIN0G1KVAZ,State Bank of India,Gautam Buddha Nagar Main Branch,False,s3://up-ab-docs/CHQ_YZZ6L07XR4EV.pdf
fee971ac-485f-4b49-beb5-69c2bbe85cf8,0484b4b0-be1a-47cf-af1f-988540649809,MUKESH KUMAR,District Hospital Bijnor,ACCT_6CVAD2B9F1MYKS3T,CNRB0G8XWMY,Bank of India,Bijnor Main Branch,False,s3://up-ab-docs/CHQ_OLCRHCCDNOX3.pdf
ffebebf0-423e-4245-a656-cb7765a89f62,b61d1047-5de7-4eab-bd9b-2d1b23b44a57,RAVI SHANKAR,Sub-District Hospital Hamirpur,ACCT_QEHEPI28BLIW3MVG,BKID0EQXX39,Allahabad Bank,Hamirpur Main Branch,False,s3://up-ab-docs/CHQ_8JQ9TQM3XAM4.pdf
dfba6c7f-c834-4bb2-98dc-8ead52c9337d,9114cd94-bb73-4868-98e5-e7921839d79f,VIVEK KUMAR,Trauma Centre Sant Block 5,ACCT_PP2LI4RUDVS8QROG,MAHB0MPDJUM,Bank of India,Sant Ravidas Nagar Main Branch,True,s3://up-ab-docs/CHQ_ZLFJRVBNJCA3.pdf
9bf60972-afe2-4624-a79a-9d6c782e18e9,89834b8c-a4e0-4700-8e5e-09ecc579955f,PRADEEP KUMAR,Zonal Hospital Jaunpur,ACCT_SCFZ0VI6TJSWAMTR,PUNB0S3N4MO,UP Gramin Bank,Jaunpur Main Branch,False,s3://up-ab-docs/CHQ_EW81YT7D3VZ8.pdf
db99c4c3-63aa-471a-acfc-0d6ec1fa3b17,433f7571-593e-4b39-89c8-49115b68c702,ANIL KUMAR,Durga Orthopaedic Centre,ACCT_R61ZD0G661FXA83Z,UBIN0ODIXXV,Union Bank of India,Kannauj Main Branch,False,s3://up-ab-docs/CHQ_KEMW1374SD6C.pdf
2acaf984-5534-4ac0-aa3c-65d0caa01e31,a1752c7c-7223-4e9e-bd32-3f670ed10ae4,ANIL KUMAR,Sub-District Hospital Chandauli,ACCT_XNW3W27A6WFH6D3Z,ALLA0KXOFMT,Canara Bank,Chandauli Main Branch,False,s3://up-ab-docs/CHQ_1MLOQKU9EEGS.pdf
60dbbf39-fdb7-425f-a94d-fb630ddfaf13,de42d267-71ae-4a05-9d05-bd021a94ba07,MANOJ KUMAR,Shakti Cancer Institute,ACCT_9RX5DOVE5LNZJCNS,MAHB04AWVJ5,Bank of Baroda,Saharanpur Main Branch,False,s3://up-ab-docs/CHQ_LXI1W1ZEQM4C.pdf
8d7ea342-3916-46cb-bf34-9db41081e5bf,86f87c6b-bbc9-4d7c-a22f-b605d4655338,LAKHAN LAL,Tiwari & Sharma Cancer Institute,ACCT_J3OKTA489A03TF71,BKID07WE0TS,Allahabad Bank,Mathura Main Branch,False,s3://up-ab-docs/CHQ_4VIGRYGAWFVE.pdf
cea7802e-b5c3-4b37-9b61-00c43db7e662,4e53eac0-1a87-48c6-a78e-cbd8142393f4,RAMESH CHANDRA,Trauma Centre Sultanpur Block 1,ACCT_BKKMZC7WLY10PN5F,UPCB0HNWD6Y,Allahabad Bank,Sultanpur Main Branch,False,s3://up-ab-docs/CHQ_U1DS2EU7BCB0.pdf
8a894b14-93f7-40f2-aa74-729874285ed1,4579ce56-d734-4c9a-882d-5b50dc705204,DEVENDRA KUMAR,Combined Hospital Lucknow,ACCT_MV0OM00ZNHLMPMDZ,HDFC0JFGD5N,Canara Bank,Lucknow Main Branch,False,s3://up-ab-docs/CHQ_4MBGEOMCM67C.pdf
e6e90651-d63c-4ef0-8997-856233d1dc54,3234c76e-4303-4225-b839-9398cec4cdc7,SANTOSH KUMAR PATEL,Urban Community Health Centre Firozabad Block 7,ACCT_WF55MBQM7Y0M0LYL,SBIN0ZZWDU6,Punjab National Bank,Firozabad Main Branch,True,s3://up-ab-docs/CHQ_A7BQYQBR2JHG.pdf
ab99574f-ffc8-4a1c-8884-d0dc842df5d5,72926ebd-da37-49e2-ab3c-b839808859f6,PRADEEP KUMAR MAURYA,Dr. Pandey Hospital & Research Centre,ACCT_BL8XP19XG50H3I1K,MAHB0SZPA0O,Union Bank of India,Hardoi Main Branch,False,s3://up-ab-docs/CHQ_MCAKRPQOXWNS.pdf
03faac50-dd8f-4a18-949e-5bbd06515974,e760e769-6a81-4473-b54e-25d937a168e6,PREM SHANKAR,Sub-District Hospital Maharajganj,ACCT_N2WXR590EXDP2CC7,BKID0PQRMAK,HDFC Bank,Maharajganj Main Branch,False,s3://up-ab-docs/CHQ_QTO90ARCOKN9.pdf
8a774e9f-0b47-4429-9437-431b56ff663a,e2ff33c6-6b11-4a0e-9f82-74a0da350c86,RAM PRASAD,Primary Health Centre Pindra,ACCT_632MDRTY02JFD28R,HDFC0D0MMDR,Allahabad Bank,Varanasi Main Branch,False,s3://up-ab-docs/CHQ_Y4990H26FK7S.pdf
070e7bab-eade-422d-9e8b-2ff3f1151ada,a8cf8709-3705-46ee-9b0b-5844ae8f8608,VIVEK KUMAR,Hanuman Heart Institute,ACCT_4RLQLPOSRRLOZQOG,PUNB0SLAANJ,Bank of Baroda,Aligarh Main Branch,True,s3://up-ab-docs/CHQ_NVERZ20JITV2.pdf
3f07d282-702c-4a15-8ea5-d98d7a6f21ff,04a9b909-4b22-4fc6-98e2-683bc8c848f9,SANTOSH KUMAR,Ganesh Hospital & Research Centre,ACCT_ZGB8OVP3EXDS4CEQ,HDFC0BQTD4K,Axis Bank,Gonda Main Branch,False,s3://up-ab-docs/CHQ_IBF7RNI19EFC.pdf
5d4b12e0-9f1f-4e49-a1a1-e90e6a919fc9,9f2f7283-1558-4ebe-84b5-2c48bf754ce3,ASHOK KUMAR,Medical College Hospital Shahjahanpur,ACCT_KFRGNLY7FOK7IWLD,BKID0QG10Y3,Punjab National Bank,Shahjahanpur Main Branch,False,s3://up-ab-docs/CHQ_OYPC9J1ZY2VZ.pdf
128bfa29-f518-4926-b1ce-c79be68892bc,5e61eaf4-4d9a-4bf5-ad2d-e905a8860727,SANTOSH KUMAR,Trauma Centre Rampur Block 8,ACCT_0ZZKCC9W6E0TWB16,UPCB02Y5XGN,Bank of Baroda,Rampur Main Branch,False,s3://up-ab-docs/CHQ_HTL3PC79H6AQ.pdf
f2216a0a-7032-4945-b68a-7218d26c12de,5ddf7e87-91eb-4b43-9b6a-cee7be05af4b,RAMU KAKA,Gupta & Srivastava Eye Hospital,ACCT_BDX5LX2TY4IANCDB,BARB037JTCL,Axis Bank,Fatehpur Main Branch,True,s3://up-ab-docs/CHQ_64BL5P5516O2.pdf
b6b171bd-12e0-4598-a0c2-06f34343aadb,183ddbc7-8a42-4100-b692-25b41d411a44,NARESH KUMAR VERMA,Laxmi Maternity & General Hospital,ACCT_5JVJGZWBMXPFK80T,MAHB0N8HBJ2,State Bank of India,Pratapgarh Main Branch,True,s3://up-ab-docs/CHQ_QR59VVW2J8YY.pdf
2723fb81-31dc-4755-9044-267c1697c1bb,24411a34-0594-4ffa-bfda-178000be841c,SANJAY KUMAR,Community Health Centre Fatehpur Block 4,ACCT_V6RTT0I1BS1EKIO8,HDFC0IREXSK,Punjab National Bank,Fatehpur Main Branch,False,s3://up-ab-docs/CHQ_GFBOM2NKKCKZ.pdf
5c9bfab6-c8a2-4f85-be8e-b559b47bffe9,71def1dc-e3a2-4d9f-b3b3-3a134ac38e5a,BRIJESH KUMAR,Gupta & Verma Maternity & General Hospital,ACCT_X0BYQQCYSUXL2P8B,UBIN0WA8N7B,Allahabad Bank,Meerut Main Branch,True,s3://up-ab-docs/CHQ_DM1I3XV7JLYW.pdf
48a6f432-e5de-445a-af25-754ba697dabc,fc2d21cc-7648-4ebf-9a20-d6c993088189,RAM PRASAD RAJBHAR,Medical College Hospital Chandauli,ACCT_1VFFKX5IKAE671IA,MAHB0WRBBCG,Union Bank of India,Chandauli Main Branch,False,s3://up-ab-docs/CHQ_CUODA0ZU1FS2.pdf
2e212232-fc0c-4339-98fa-bded8723cc2a,842d46e3-3d55-4b31-b26b-b9801a0918a8,ASHOK KUMAR,Shakti Maternity & General Hospital,ACCT_GEMVI0NVN9Z1YNNU,PUNB025VREB,Bank of India,Sultanpur Main Branch,False,s3://up-ab-docs/CHQ_Y67EG1XWFDE9.pdf
71abdd23-85cb-4175-9982-2865b47ea064,889a8e3b-c080-4fd6-a51d-2a0f9a940daa,VIVEK KUMAR GUPTA,Trauma Centre Farah,ACCT_ZFGFVOAUX31W24KQ,HDFC06N3KL4,Allahabad Bank,Mathura Main Branch,True,s3://up-ab-docs/CHQ_Z08UITMA1MLW.pdf
384d9d28-54ad-48eb-90f6-b5919579deb5,bdfff4f6-d719-42e0-a099-2bc29e5af732,DINESH KUMAR,Sub-District Hospital Agra,ACCT_5YO0FHI75A7SYDFM,BKID0Q97FKA,Allahabad Bank,Agra Main Branch,True,s3://up-ab-docs/CHQ_XJ6A1VUB1GOZ.pdf
205cc5ee-2919-40b2-a75d-3188d623e1ea,2ec17cf7-15f7-4bc1-b24c-0fad95e318a1,SHIV KUMAR,Shakti Children Hospital,ACCT_SJSZXLZZG40XWN85,MAHB0FBIIUA,Punjab National Bank,Aligarh Main Branch,False,s3://up-ab-docs/CHQ_AL5G9B72R9CF.pdf
817cbf7b-fbd2-4178-b276-af1704e5525a,1cc54768-2d4a-4929-b71a-faadf9b03af5,AMIT KUMAR,Primary Health Centre Fatehpur Block 8,ACCT_QSHCQBSC0ZZNQC0O,BKID0B0GKAT,Allahabad Bank,Fatehpur Main Branch,False,s3://up-ab-docs/CHQ_N3UUYNMXT94L.pdf
e768079f-a8ad-4394-863a-87b2137c0f2f,7469f721-a5c5-442b-8175-ba3e661ee28a,SHYAM LAL,Krishna Multispeciality Hospital,ACCT_LFZJWBY59G531B0Z,UPCB0TQQE6P,Punjab National Bank,Siddharthnagar Main Branch,False,s3://up-ab-docs/CHQ_T4ZZEXWNB0P4.pdf
3fc23e53-3973-40b0-a4cb-08aead9d0960,07493c1c-2032-4f04-a8be-01d65e5d0a51,RAJU YADAV,Trauma Centre Firdauspur,ACCT_021C2V08F7VXHFHY,MAHB0KMK8MY,State Bank of India,Bareilly Main Branch,True,s3://up-ab-docs/CHQ_GH2B4Z8JZIP0.pdf
94a54726-3f94-4642-b11b-00b17bdec34a,758813dc-97a7-4005-8104-a90e216eacfc,ARVIND KUMAR,Durga Cancer Institute,ACCT_6G2C7G5WME30O06W,MAHB00U1YQL,Allahabad Bank,Kushinagar Main Branch,False,s3://up-ab-docs/CHQ_IPO6Q0P6815R.pdf
da461d36-2bdc-4537-8e43-0f4839ba976a,b67f38fc-b061-4476-b9df-fa4782aa80b5,SUSHIL KUMAR,Combined Hospital Bijnor,ACCT_WKEJL5EK0HHS4WF3,HDFC0F6EYV4,State Bank of India,Bijnor Main Branch,True,s3://up-ab-docs/CHQ_6IT5ABRMIIXX.pdf
a990656f-1850-41c9-87cd-4dddfec0c699,d69260e4-339a-4592-adcd-ab5e5fab0286,RAJU YADAV NISHAD,Women Hospital Varanasi,ACCT_EEZ9RG4J9IVR79EK,BARB08AW8QM,Canara Bank,Varanasi Main Branch,False,s3://up-ab-docs/CHQ_YSPMRUQGY9BU.pdf
0b6bb11c-3cb2-43ee-9a69-76cecc1efc66,01b1ac9a-b279-4287-b7c9-672a9f739faf,SHYAM LAL,District Hospital Deoria,ACCT_LWD728ZNXMR9EM97,BARB0QA85H6,State Bank of India,Deoria Main Branch,False,s3://up-ab-docs/CHQ_INZ9FGV2L895.pdf
52baf880-3c55-4273-8bcd-3f2dc45c4934,2c47cf2f-06c6-439a-8bd4-b8057bc14e83,SURESH KUMAR,Women Hospital Aligarh,ACCT_YNZKW7LUB514TK1J,UPCB0X2QYVR,Union Bank of India,Aligarh Main Branch,False,s3://up-ab-docs/CHQ_D0EXXEHF228N.pdf
6dc952b5-35e2-4b65-bae4-92bfeab2f178,3bfa5202-683d-4c96-b57e-d90f4e583b89,HEMANT KUMAR,Dr. Verma Heart Institute,ACCT_F9AP5BWORFJXRMW7,BKID0Z9MUK5,Bank of Baroda,Mau Main Branch,True,s3://up-ab-docs/CHQ_HD54Y0EPN7DA.pdf
f25d7653-5273-4872-879f-3be07b961d24,7930b01e-fe60-4367-b07f-3ebc6726b6e3,ASHOK KUMAR MISHRA,Zonal Hospital Amethi,ACCT_6WVQWOYH835S0C3Y,UBIN09XDQBH,Union Bank of India,Amethi Main Branch,False,s3://up-ab-docs/CHQ_C674D9JLRR5R.pdf
ec26355e-a17e-4bdb-b4ff-f3f18ffbc20c,ab7a702e-228b-4579-ae2a-65c150f833bf,DEEPAK KUMAR,Zonal Hospital Sambhal,ACCT_PNGXE8JV1VFI7GE1,HDFC0E55LUL,Bank of India,Sambhal Main Branch,True,s3://up-ab-docs/CHQ_FFMDS1X6E3ED.pdf
a60698f3-db7d-45c1-bfea-2d2f0b0fbd58,4829e973-f82f-4764-b305-7e52cf548e68,RAJU YADAV SINGH,Gupta & Agarwal Multispeciality Hospital,ACCT_KNWORRNH7NDB9XWN,UPCB0F12AAE,State Bank of India,Saharanpur Main Branch,False,s3://up-ab-docs/CHQ_LDFPOV6N0ZBR.pdf
2e26ae19-c322-4a07-b972-babee62e16e4,a8bca0d7-22da-4393-aa6e-c853ffe030e7,RAJU YADAV,Tiwari & Singh Orthopaedic Centre,ACCT_ZX1NXY2QTBU6SRY8,BARB0I15QUU,Allahabad Bank,Aligarh Main Branch,False,s3://up-ab-docs/CHQ_DE6F1GZA73PK.pdf
96caa1f5-325c-4bfd-844f-69c640bd86cc,20f10240-070c-42f6-a7aa-4152217b8794,DINESH KUMAR,Women Hospital Azamgarh,ACCT_D2HQ7PDOH5NQNL4J,BARB02CJ1B1,UP Gramin Bank,Azamgarh Main Branch,False,s3://up-ab-docs/CHQ_DSI5BGGQ9O53.pdf
fe6fcbdc-334a-4ad0-a048-3a81e0ba1010,c0ac23d2-7ed2-48c4-be3c-67f131b622ea,RAJESH KUMAR,Trauma Centre Banda Block 7,ACCT_C5CWZWZSQYSSLGN8,BARB0PLVFFT,Allahabad Bank,Banda Main Branch,False,s3://up-ab-docs/CHQ_R1AQCVKL2P79.pdf
39168fbf-eab8-4716-8f05-1027589cc59b,14622dbc-3e07-4dfa-83e9-fee29cb49118,SANTOSH KUMAR,Primary Health Centre Mainpuri Block 6,ACCT_HZ6XM0L7H4ZKW1SM,UPCB07JY6P0,Union Bank of India,Mainpuri Main Branch,False,s3://up-ab-docs/CHQ_JRY4VE0KX377.pdf
71872462-a637-499e-bef5-4c5ce64de633,7874e354-349f-4c7f-afe1-cd8abcbf9343,VIVEK KUMAR,Mishra & Singh Multispeciality Hospital,ACCT_19PQ43BGFFDJBFYG,CNRB0LWS0E4,Union Bank of India,Azamgarh Main Branch,False,s3://up-ab-docs/CHQ_9PC3K7X8YCLE.pdf
f812a682-d513-4841-86f7-f72543181821,415e594d-ec73-4fd4-b01a-0eae58bacad9,RAMESH CHANDRA,Laxmi Surgical Centre,ACCT_MBYCQ5PEL1PI6H14,BARB052YTBN,Allahabad Bank,Sultanpur Main Branch,False,s3://up-ab-docs/CHQ_LX3SIRFOGNMX.pdf
2f6bd817-203f-4e9f-bfab-f1829437e86e,8b5dde1e-f33c-4840-9ed7-e11c9ef89c2d,SHYAM LAL,Dr. Tiwari Children Hospital,ACCT_8JP6BEMIQ17X5B6L,MAHB0ERM1SY,Canara Bank,Chitrakoot Main Branch,True,s3://up-ab-docs/CHQ_HIEI2DNYHMU6.pdf
7d4b64c5-5ecb-40f5-9463-a66229b5a281,f7254784-38dd-420f-b5df-7b8d170d3452,VIRENDRA SINGH,Pandey & Singh Maternity & General Hospital,ACCT_HNZNEK6O5V1GIZSV,BKID0YRGNME,Bank of Baroda,Moradabad Main Branch,False,s3://up-ab-docs/CHQ_LGQ2T9521ZW8.pdf
c5ad066f-d143-4619-a76a-08c51ea17ab4,03980638-e27c-4ced-8df0-ecfead3b8496,RAJEEV KUMAR,Medical College Hospital Mau,ACCT_YEN5AA3FGY4Z2TED,UBIN0L3QKR8,Canara Bank,Mau Main Branch,False,s3://up-ab-docs/CHQ_ZF2ICBE7C8NR.pdf
e40782b8-8bf5-4f59-a49b-25d492db2014,fe6b0548-b615-4c70-acb7-dbf0b2167390,MANOJ KUMAR PASI,Combined Hospital Banda,ACCT_VDFMGMG70YESHIIV,MAHB0MNIMUK,HDFC Bank,Banda Main Branch,False,s3://up-ab-docs/CHQ_F8CLOGSY39C4.pdf
be76cea2-e90d-4bc4-8bb6-51036ae247f3,85d41920-65fe-4bee-bc7b-77c3b478e92e,HARI OM,Urban Community Health Centre Moradabad Block 8,ACCT_PP1V5DJGBJ20I648,ALLA0MHOBVE,Axis Bank,Moradabad Main Branch,False,s3://up-ab-docs/CHQ_371FBH23YF6N.pdf
723c2d11-8f9c-428c-be72-ea62cccc5553,2bf50a3a-2318-4c54-ba0f-e5797d1825e9,RAJEEV KUMAR,Trauma Centre Barabanki Block 8,ACCT_TTMCA4YNITTS3Q8O,CNRB02EYJRH,Canara Bank,Barabanki Main Branch,False,s3://up-ab-docs/CHQ_6K5BKM8LQQKX.pdf
ec9636c2-8c4f-46f3-9805-8041c0f5505e,55aec539-fde1-4ea1-8ae6-a6c140b652a3,RAJESH KUMAR,Community Health Centre Kushinagar Block 2,ACCT_83TQD7UCPLI5V8SN,UPCB07NEXEN,Bank of India,Kushinagar Main Branch,False,s3://up-ab-docs/CHQ_XWRVDN2I7QN5.pdf
c5e58a0e-f7fd-4b81-9171-354641441b10,678a9d99-f865-4498-9cdc-2793d64799e1,AMIT KUMAR,Sub-District Hospital Prayagraj,ACCT_WUJJUPTVAV2NYMD0,UBIN0Y8WMW4,Punjab National Bank,Prayagraj Main Branch,True,s3://up-ab-docs/CHQ_4U9JG9NRQYBJ.pdf
5304b769-965c-45c2-80b4-d74ba7ba888c,60982dad-6a46-4042-8070-db1c1284ef78,DINESH KUMAR,Urban Community Health Centre Fatehganj Purvi,ACCT_J1SZ5X99STIPRH0L,BKID0O2OCBL,Bank of Baroda,Bareilly Main Branch,False,s3://up-ab-docs/CHQ_KOKDMWCANTHL.pdf
4aaa4bb0-bfb0-4dca-9525-0de8e84b5751,369c4792-d860-46d9-9e91-928c88baf369,GUDDU KUMAR,Primary Health Centre Kanpur Block 2,ACCT_PGG3JSD22RZ3L54X,UBIN0G4ZDZ9,Canara Bank,Kanpur Dehat Main Branch,False,s3://up-ab-docs/CHQ_1OAQWXLQK4TQ.pdf
82841699-33cd-484d-a3f8-0e59c7b5fb8c,6e6ec9a2-31f0-4e47-96bd-7c837cf0470f,ARVIND KUMAR,Agarwal & Pandey Surgical Centre,ACCT_GXH0RSR172M4Z77S,UBIN0HW0X0Z,Axis Bank,Jalaun Main Branch,True,s3://up-ab-docs/CHQ_FH7PCQE0FITI.pdf
0881ad58-740b-447a-b0f1-2f5e06c1fcae,c16b7c0d-590b-4fb0-b2e7-3bb1c0f81008,MUKESH KUMAR LODHI,Zonal Hospital Meerut,ACCT_3L82NN1FH0QKB1IO,BKID0MD5P7O,Canara Bank,Meerut Main Branch,False,s3://up-ab-docs/CHQ_XS8D0V1WEQK1.pdf
c3ba3087-e894-42f3-abc9-3f35c2aa71a4,1ea8738a-f517-427e-8744-9c7bcab365f0,AMIT KUMAR,Trauma Centre Hathras Block 7,ACCT_HVO8PIZ3E80PQBW2,UBIN0LX0ECL,Bank of India,Hathras Main Branch,True,s3://up-ab-docs/CHQ_9OKATWR6K90D.pdf
c3381498-3c00-45cb-bcf0-6cdbdf80c338,3ad4306b-33ba-495a-be38-434868832ac7,BABLU KUMAR,Urban Community Health Centre Patara,ACCT_3Q1A5QGFYCTFRM2X,BARB0EGBGIF,Bank of India,Kanpur Nagar Main Branch,True,s3://up-ab-docs/CHQ_SU66AFS3XGYK.pdf
1bec56e3-c402-430f-bfae-2adc048d7863,0eddfa85-d109-42c8-8fb8-739048a7a330,LAKHAN LAL NISHAD,Community Health Centre Saharanpur Block 7,ACCT_G0BHT0E5TY71KV7Y,PUNB0UD76H7,State Bank of India,Saharanpur Main Branch,False,s3://up-ab-docs/CHQ_6CY80DUSK4PE.pdf
4d77d64f-5d6e-4b3e-8937-5839e6806335,7f08db5a-758e-41ff-9702-28fa6d926ea2,RAJU YADAV,Women Hospital Lakhimpur Kheri,ACCT_JHML9VLQV2XTK1D9,UPCB0QKT17A,State Bank of India,Lakhimpur Kheri Main Branch,False,s3://up-ab-docs/CHQ_24KZVD7X2176.pdf
e3bb17bb-d535-44a4-b90b-195f705db7ff,27056224-0cc0-4751-97e8-82aa00a12121,NARESH KUMAR,Sub-District Hospital Mau,ACCT_Q90TPI2PMQH7J2SQ,HDFC02K1U7Z,Canara Bank,Mau Main Branch,True,s3://up-ab-docs/CHQ_K0546J83ZQYS.pdf
e5020193-11e8-47c9-b9a8-70036005b525,b5f97da6-b51c-4684-ae37-09d8fc8ac3a5,ANIL KUMAR,Urban Community Health Centre Karachhana,ACCT_PSL2IJ21CZA8ZRVK,UPCB032F7ZI,Union Bank of India,Prayagraj Main Branch,False,s3://up-ab-docs/CHQ_KMCWREF8QC1K.pdf
1229d7af-e9e0-495e-92fe-9a93ae24e213,ba6ac79b-a4da-4811-a342-a7749e9b06d5,VIJAY KUMAR,Primary Health Centre Bithri Chainpur,ACCT_Y34MY2CEYQ2WHE77,MAHB0AA8OZ1,Axis Bank,Bareilly Main Branch,True,s3://up-ab-docs/CHQ_SMS48K89NSLY.pdf
80642c41-22ba-4d58-8936-108d50124a51,37c2029e-65e3-4f0a-8c71-cb31a2f88e56,RAVINDRA NATH,District Hospital Amroha,ACCT_ONX4NC7NYBI8YZOY,HDFC0974YQI,State Bank of India,Amroha Main Branch,False,s3://up-ab-docs/CHQ_AA9QDYAUMJD0.pdf
483de27f-cd7d-4a78-ba19-58869696fca0,24a8ccd5-ac48-4d76-b7d1-46ad5da7d5a2,ANIL KUMAR PATEL,Community Health Centre Sardar Nagar,ACCT_50D6F0M9NKI0ZD5I,SBIN0626YFR,Allahabad Bank,Lucknow Main Branch,False,s3://up-ab-docs/CHQ_RWGUMSAQKWW7.pdf
6eb8ccaf-7b9f-4b1d-87f0-8905e18b7566,9c7f91cf-ca53-474b-8fa4-fa52c1f46601,DEVENDRA KUMAR GUPTA,Dr. Agarwal Multispeciality Hospital,ACCT_XVJKWEIMYZRWBGWN,CNRB0LJQGGH,Union Bank of India,Ghaziabad Main Branch,False,s3://up-ab-docs/CHQ_PN9GKNCE7TJ8.pdf
cde351dc-42fd-45fa-9e4d-d580fa11ffa8,84cb3c64-3ecc-4541-b8e8-f057bdb261b5,NARESH KUMAR PASI,Zonal Hospital Gorakhpur,ACCT_PT9UU61EBT4L1O98,UPCB0JH3T2E,Union Bank of India,Gorakhpur Main Branch,False,s3://up-ab-docs/CHQ_6MCZJ3FQ2A4H.pdf
0260daea-4a15-4461-988f-678ba5492422,dd570872-afe8-481b-a77b-40b538abea65,LAKHAN LAL,Zonal Hospital Mirzapur,ACCT_HEKE3JWJ1V9ZI75A,ALLA0ZLP917,Punjab National Bank,Mirzapur Main Branch,False,s3://up-ab-docs/CHQ_HC9JAIP9IB4V.pdf
b5833905-3218-4eda-86e1-eba6f6c59bad,537c7ad0-ba00-4d6b-84f9-77004e5657af,HEMANT KUMAR,Dr. Singh Medical Centre,ACCT_2AR0YXBBUT511BVS,ALLA02NA907,HDFC Bank,Fatehpur Main Branch,True,s3://up-ab-docs/CHQ_LYB67GN4WKYG.pdf
d1787def-21f1-4e43-aee9-66f6be05b53b,af0c2126-411f-4ebf-a509-5b165c8e064d,PAPPU YADAV,Primary Health Centre Bahraich Block 6,ACCT_B8D8BJCJ8MQXET99,UBIN0DI7YOH,Punjab National Bank,Bahraich Main Branch,False,s3://up-ab-docs/CHQ_LCOUAUY9QN39.pdf
c54c223e-604b-4b2c-b9da-5592034db75a,ab9584e4-0dd5-4187-a760-7dfa89cb6e08,SANJAY KUMAR,Saraswati Orthopaedic Centre,ACCT_GU7VVSNY1YRM5PGZ,UBIN0IO27RP,Allahabad Bank,Varanasi Main Branch,False,s3://up-ab-docs/CHQ_XY8VACXYD3TD.pdf
29cac2e2-20b5-4a1e-af7e-d5324a8a49d0,d9e9beab-32ba-47c7-b316-8c2019c2f0b6,DEVENDRA KUMAR,Dr. Sharma Eye Hospital,ACCT_JPCNLWG12ZXU5F3K,PUNB0Q0K9FJ,HDFC Bank,Jaunpur Main Branch,False,s3://up-ab-docs/CHQ_8EVFP8W8VRCZ.pdf
6ee79556-d1b9-4e71-b48f-ab290320c8e6,0c26b695-3200-4bf1-a4ae-9b9d48b07d79,VIVEK KUMAR TIWARI,Medical College Hospital Prayagraj,ACCT_NSQYR2ANK35FQZQ4,MAHB0ZUQFMN,Allahabad Bank,Prayagraj Main Branch,False,s3://up-ab-docs/CHQ_YF770WNMFPHB.pdf
13f5e6a2-a837-4df5-aaf0-26c822bc5bb4,35d13594-7d71-4af5-b9a4-593c846ee525,RAJESH KUMAR,Medical College Hospital Meerut,ACCT_58UN843VIUZANHO9,HDFC0QKPQO4,Bank of Baroda,Meerut Main Branch,False,s3://up-ab-docs/CHQ_CIZZP4NKJSRZ.pdf
4bc107a4-877e-48db-81ec-78466ada3405,dac7e629-3879-4271-8080-e2d19d7abe61,RAJESH KUMAR,Trauma Centre Mahoba Block 6,ACCT_92VQA023BZSB17T2,SBIN0LO72TI,Bank of Baroda,Mahoba Main Branch,False,s3://up-ab-docs/CHQ_63VA8X9G2ISX.pdf
c7dfdf77-e41d-4a4d-8f1b-7e50c421b337,b0f66a2c-793a-4064-8e9b-af17984a259f,DEVENDRA KUMAR,District Hospital Ayodhya,ACCT_KFEMCIECCTTXWW12,BKID0X6GLUM,State Bank of India,Ayodhya Main Branch,False,s3://up-ab-docs/CHQ_YFDZOGGSU5ZN.pdf
001ddcce-2d51-4dee-ae34-2a7c4ca6d144,f797271d-dc74-4cfe-b2d4-6f8490b5a758,ARVIND KUMAR,Urban Community Health Centre Balrampur Block 2,ACCT_AKBPMDZ153RI3FE5,BKID0EMXVQT,Punjab National Bank,Balrampur Main Branch,False,s3://up-ab-docs/CHQ_54ERU40A2DQ6.pdf
8993b9bd-bd86-457b-bc57-53b861998a3b,d3bcd033-d541-46a7-b8ec-8b8160691de0,LAKHAN LAL,Primary Health Centre Saharanpur Block 6,ACCT_ETOGSECZTUPCPGME,ALLA0SUEQVW,Axis Bank,Saharanpur Main Branch,False,s3://up-ab-docs/CHQ_IF5OTUF9568C.pdf
8f99bea2-e8a5-490c-8b91-9ecd09b4e1d4,b342c6dc-22fb-44bd-b333-9db0f6d69463,GUDDU KUMAR,Krishna Nursing Home,ACCT_9RG2T6X98VKTA2BH,CNRB0SGHA07,Bank of India,Gautam Buddha Nagar Main Branch,False,s3://up-ab-docs/CHQ_PRKWJJMEF587.pdf
add4b6f7-8a2d-4547-a3df-d0bc61d37389,9643f308-b07f-45ab-8906-08a9e8b27e58,RAVINDRA NATH MAURYA,Women Hospital Jalaun,ACCT_2NK29J6M2ELO8E5H,MAHB00BPY36,UP Gramin Bank,Jalaun Main Branch,False,s3://up-ab-docs/CHQ_64BYULY33DZA.pdf
d288a24e-40b5-47d2-ba75-137b4b546c65,c40bea65-5718-446f-ac83-17c68116b849,LAKHAN LAL,Dr. Mishra Surgical Centre,ACCT_FLHRFM1KFFFB4ZWP,CNRB0YRHDSC,Punjab National Bank,Meerut Main Branch,False,s3://up-ab-docs/CHQ_S73X961NCFNK.pdf
633898b3-1827-4ead-bdf4-19186abdd655,0306bb9f-3644-4d8b-ab42-d532c54439c3,PAPPU YADAV,Medical College Hospital Gorakhpur,ACCT_W7E5FL3UOASOO0AT,BARB0788K6O,Axis Bank,Gorakhpur Main Branch,False,s3://up-ab-docs/CHQ_LQRQW8MX33XA.pdf
f7b7dc85-5d03-410f-a810-f7e1befbf22d,826bb3c7-e3a4-46d7-a157-b370dc2e7ec0,HEMANT KUMAR,Singh & Gupta Orthopaedic Centre,ACCT_XSSEVC4WIW0EMN46,CNRB0UL320P,Bank of Baroda,Moradabad Main Branch,False,s3://up-ab-docs/CHQ_AVP9IRNOVOQS.pdf
ec51a8b8-30d0-4232-843b-c83f2cb5268a,1ab89dc0-9656-4e5d-be4c-cb4af81cb6ca,ARVIND KUMAR,Tiwari & Tiwari Hospital & Research Centre,ACCT_4WTQMB6UGFYJCGVS,BARB0WAIM4G,HDFC Bank,Kaushambi Main Branch,True,s3://up-ab-docs/CHQ_1567MIY9VYTL.pdf
bbf4e054-872a-47f0-91a3-f7f2b8961d27,95b396b3-a7b5-4ead-950a-344bb0e2e82d,ROHIT KUMAR,Dr. Mishra Orthopaedic Centre,ACCT_1HY0CAORQQD0CD68,CNRB0L0Y3GA,Bank of Baroda,Sant Kabir Nagar Main Branch,False,s3://up-ab-docs/CHQ_LNUL3WJ0HSXH.pdf
a006f3bc-2d91-43b0-9363-26b65106b645,e82a7601-d470-48ca-9608-5019c046d880,UMESH KUMAR,Women Hospital Hardoi,ACCT_Y5YKLY5YX2RM51KJ,SBIN0PR2P6S,UP Gramin Bank,Hardoi Main Branch,False,s3://up-ab-docs/CHQ_4Z13Z5GT0MOF.pdf
2f11e986-5157-46e1-b803-d9fb1956a9d7,d2d71c15-213b-466d-89a0-cf8cd46262dd,HARI OM KURMI,Primary Health Centre Rasulabad,ACCT_Z2WLSZTIA4QR7PEY,CNRB0IC9ODL,Punjab National Bank,Kanpur Nagar Main Branch,False,s3://up-ab-docs/CHQ_ND19QBFP0D6X.pdf
5ab1447b-4365-49a8-a7ae-1446b8e9a186,553815e9-2e4c-4548-b1aa-384955efe102,PRADEEP KUMAR,Women Hospital Farrukhabad,ACCT_A3GIUHWQ2HIQ9R8N,BARB0JG4GCV,Bank of Baroda,Farrukhabad Main Branch,True,s3://up-ab-docs/CHQ_HWQ4H5V212V6.pdf
75988fc5-dcf4-467d-a60e-06a647c69337,0fdb4a5d-7ce4-4089-8a48-4f60009d0228,ARVIND KUMAR,Durga Multispeciality Hospital,ACCT_Z6PSW0G16OAY8ALN,ALLA0AR0VFY,Punjab National Bank,Ghaziabad Main Branch,False,s3://up-ab-docs/CHQ_EOR2UE99T6CU.pdf
492766f3-afcd-4abd-b03d-a808bf1539eb,1d3a19ae-1cbb-4be6-9eb5-c7fb27c37f56,SUSHIL KUMAR,Sub-District Hospital Agra,ACCT_8C45VHX7GMKHEQ2M,ALLA0IIB03B,UP Gramin Bank,Agra Main Branch,False,s3://up-ab-docs/CHQ_D3TTB0LHVV5S.pdf
3e17c0f2-7d26-416b-9982-fa5bfa37a793,89922aea-4531-4d7a-bd0f-f69598d210d9,RAM PRASAD,Medical College Hospital Barabanki,ACCT_QHM0VOT5B5E9ZTP1,UPCB0YXF6GY,Bank of India,Barabanki Main Branch,True,s3://up-ab-docs/CHQ_AYRPC4IE659C.pdf
4618e8bc-ec7f-4bb9-a5fc-e16e500b95d1,e2e727d4-9d94-4289-b802-c49ccd07eacf,SUSHIL KUMAR,Sub-District Hospital Azamgarh,ACCT_NHEE3I84M2BUFBYM,BARB0J0H5TI,State Bank of India,Azamgarh Main Branch,False,s3://up-ab-docs/CHQ_8OUDHRSX9XKI.pdf
fbcf5748-9d96-4b19-a8f0-93a8143f5980,eae81fbf-5d63-4f6c-8ac7-e57c3756f6ea,VIRENDRA SINGH,District Hospital Fatehpur,ACCT_KS5M3JHLUJWDCXET,ALLA03A3OUL,State Bank of India,Fatehpur Main Branch,False,s3://up-ab-docs/CHQ_DFRN8T81YKPK.pdf
e598a2f2-a1a6-40d6-a984-7b92a846584c,c5111042-5405-4a6a-8a2e-af7fdcba722a,RAVI SHANKAR KUMAR,Urban Community Health Centre Modinagar,ACCT_TGYKTDDLNIPKFF4I,HDFC09G0WPI,Union Bank of India,Ghaziabad Main Branch,False,s3://up-ab-docs/CHQ_29OERL4SAYQX.pdf
f5f8ef55-4125-421c-8f94-1651605b04bd,d2bff3da-843f-4478-8e9f-63581ac43517,SHYAM LAL DUBEY,Dr. Singh Surgical Centre,ACCT_H6XCJ9OX9UEEMGLH,UPCB0C5E5JP,Axis Bank,Siddharthnagar Main Branch,True,s3://up-ab-docs/CHQ_1OG51IL6QV23.pdf
39e84e0a-fe50-453f-b5f1-429187f924cf,b021220d-d23d-482d-a75c-997064c3ae1a,SANJAY KUMAR,Combined Hospital Hardoi,ACCT_8O1BSDZS0U4DRCW7,CNRB0GZ9080,HDFC Bank,Hardoi Main Branch,False,s3://up-ab-docs/CHQ_MYRVA1A9L07Z.pdf
5df4a899-cb5c-4ee5-8471-1cc0ed416618,e57023f4-4ae9-4610-8988-ef0aea4418a9,MANOJ KUMAR,Urban Community Health Centre Bara,ACCT_LDJFGCWHFW68F6E6,BARB0HCHH3A,Union Bank of India,Prayagraj Main Branch,True,s3://up-ab-docs/CHQ_THFM268U94XY.pdf
bc0a7f97-e07a-46d6-bd74-36a1d7bb0fc7,2562603a-f641-494b-9a83-8ed4199c35c2,RAM PRASAD,Dr. Singh Medical Centre,ACCT_LC5U8IIUBPIGAFQ3,ALLA0317UPX,Bank of India,Siddharthnagar Main Branch,False,s3://up-ab-docs/CHQ_BQETPFOJ0INH.pdf
a24db468-7fe7-4cdd-9870-99ac7926c2ae,490159cc-18a1-478d-932a-8aca001b6a7e,MANOJ KUMAR,Combined Hospital Jaunpur,ACCT_WCXF28AE2JKTJHF4,CNRB0BR3HEI,Bank of India,Jaunpur Main Branch,True,s3://up-ab-docs/CHQ_G0T7E33PBMGV.pdf
53b80c3c-e6bd-4f96-9640-bdceb3bfd5fc,44958a58-81df-434f-96f0-be6dfd69bf93,PAPPU YADAV,Dr. Mishra Medical Centre,ACCT_XFJJ7RSL8CLRHCGD,UPCB08JG6CO,Punjab National Bank,Kanpur Dehat Main Branch,False,s3://up-ab-docs/CHQ_23W8AY6NE816.pdf
30bd36b4-c71b-4400-ac1e-6b613a8facb8,757a18c5-44c9-452a-9bcd-3e80d3a727c3,MANOJ KUMAR,Primary Health Centre Kannauj Block 8,ACCT_NDQVYTHIR8V55SK7,ALLA0XNXCC6,Bank of India,Kannauj Main Branch,False,s3://up-ab-docs/CHQ_7RL65JXSW3GJ.pdf
5e1fb898-b5cc-49f0-a9d5-10f6fbc0340e,ac3fb7ca-4212-4d8d-b52b-57c23a2b041d,DEEPAK KUMAR,Urban Community Health Centre Saharanpur Block 2,ACCT_7XWKC7CWMW2GCYEC,CNRB0CUO2TR,HDFC Bank,Saharanpur Main Branch,True,s3://up-ab-docs/CHQ_6K72LOM8AA2H.pdf
ca9629b7-2837-4d15-a123-5b0730f88cc8,4cafab4d-d68d-491e-8179-1cbedb8d964f,PAPPU YADAV,Singh & Verma Maternity & General Hospital,ACCT_Z9RYAHGUCZKOLSEB,UPCB0YW08AI,Allahabad Bank,Gorakhpur Main Branch,False,s3://up-ab-docs/CHQ_IL9IJL9NNPIE.pdf
6f038f81-c0f2-4b53-8ef8-aac43207e559,b1a01709-3640-4987-952c-c1da803e56e5,SANTOSH KUMAR SHUKLA,Medical College Hospital Shahjahanpur,ACCT_JRZP1A5V98ZUT0PM,MAHB0MDGBMZ,State Bank of India,Shahjahanpur Main Branch,False,s3://up-ab-docs/CHQ_RLJ7FLI582KG.pdf
3aeca215-7d40-41ff-bcbb-47748eea467b,517ea751-83de-4af4-89b3-bd52b1e8eee5,UMESH KUMAR,Dr. Srivastava Orthopaedic Centre,ACCT_RC46JMYZ7FK7272H,UPCB0RISM77,Axis Bank,Jhansi Main Branch,True,s3://up-ab-docs/CHQ_SUXT21C3G8HX.pdf
ecc52947-bdfc-49ee-bcf7-06b162c71ba7,3fd1b318-260c-4c2b-969f-25f3f2b164a8,BABLU KUMAR KURMI,Dr. Tiwari Surgical Centre,ACCT_K3U3LLT6LHTP71QE,UPCB0Y0CQK9,Bank of Baroda,Ayodhya Main Branch,False,s3://up-ab-docs/CHQ_J3V8Z5MQU6WB.pdf
8d14a5d1-85b9-4a5e-ad9f-2fd48e2355a1,350580da-c699-43df-b0d1-5da92941d91b,SANTOSH KUMAR KUMAR,Primary Health Centre Jaunpur Block 1,ACCT_NTMHF6LBIBZFDSYZ,SBIN0XVBYB1,State Bank of India,Jaunpur Main Branch,False,s3://up-ab-docs/CHQ_GC1418BC7B16.pdf
965b4128-0e4a-4c90-8fce-f96a1b71cbc9,fec07a51-028c-45a9-b37a-8c97290377c6,RAKESH KUMAR,Shakti Children Hospital,ACCT_F5DDURDJHWAJN1R9,MAHB03HMQA4,HDFC Bank,Bulandshahr Main Branch,True,s3://up-ab-docs/CHQ_ZYE0BQQB6ZE9.pdf
aea67d88-1b54-4db8-9b9c-48fee1d91480,03be9c3b-f7fd-436a-9425-c2bde0dbbb71,GUDDU KUMAR,Dr. Tiwari Maternity & General Hospital,ACCT_EKQMVIYO9ORS4EG9,CNRB0JO1X9X,Union Bank of India,Kasganj Main Branch,False,s3://up-ab-docs/CHQ_75DSM5FPQ5X9.pdf
a10e7627-d235-465f-add2-fe0ac5a52e2b,2163c87a-f07b-4c48-9cc1-9dda5357ecb8,RAKESH KUMAR,Urban Community Health Centre Harhua,ACCT_5XTVKURFCM94PLE0,PUNB004Q64V,Axis Bank,Varanasi Main Branch,False,s3://up-ab-docs/CHQ_GCO2I11BM12G.pdf
562054d2-ca31-490e-92f9-f8d50c009e16,713533b3-d576-4b3c-9300-8c3985baf538,NARESH KUMAR SHUKLA,Combined Hospital Raebareli,ACCT_DK360Z3PFSP6F2MP,UBIN0EIWFE9,State Bank of India,Raebareli Main Branch,False,s3://up-ab-docs/CHQ_9XVAD186XGLQ.pdf
f658528d-ec4c-4007-8ae2-b36b6d843c99,9c903e15-2d9a-42da-aaeb-26fe91b012f4,ROHIT KUMAR,Mishra & Pandey Maternity & General Hospital,ACCT_5GM3QKG98PYQ94KD,CNRB0QZH6GD,Axis Bank,Ballia Main Branch,False,s3://up-ab-docs/CHQ_9OX29TZJGP87.pdf
3a6d1e71-78f9-4e9b-ba56-387a8330ddc8,82345f0d-f2e9-41d8-bfea-e76efbcffc72,RAVI SHANKAR,Medical College Hospital Fatehpur,ACCT_W68IMPCFUSZHTRQ4,MAHB0VA33PB,Axis Bank,Fatehpur Main Branch,False,s3://up-ab-docs/CHQ_O9CBFX06IBA1.pdf
d40c3990-b01e-4c82-a375-581e596944c3,84f42872-598e-431d-bf84-f1bbca673743,AMIT KUMAR GAUTAM,Dr. Agarwal Eye Hospital,ACCT_9GXT3H4SYRKXHFWW,CNRB0P50ZFU,UP Gramin Bank,Raebareli Main Branch,True,s3://up-ab-docs/CHQ_LZ31CE846SNA.pdf
9f85c55b-45e4-45b1-b910-1f4e9798d641,b3e4b426-63a9-4591-bc44-6dcb2cec9cbe,JAGDISH PRASAD,Saraswati Eye Hospital,ACCT_I4F7DOPI6SMXGE05,ALLA0WO8J0T,Allahabad Bank,Mainpuri Main Branch,False,s3://up-ab-docs/CHQ_35E7IW9RXWW7.pdf
edffd2ae-c7b6-4aea-9c41-8280c28d1345,fe09c7d2-0b32-4b08-80c5-59cb53c94db4,AMIT KUMAR,Laxmi Children Hospital,ACCT_6XA884TSV2ZBLZG6,PUNB049F4WY,UP Gramin Bank,Gorakhpur Main Branch,True,s3://up-ab-docs/CHQ_RSY6KEOGG1TS.pdf
3357142d-49f7-4c7d-8ff1-09b2bc012161,d7fdc7a5-25a5-4b3e-9830-2b9930184562,RAMESH CHANDRA,District Hospital Maharajganj,ACCT_3EPCH6RXFDF3YGUC,SBIN0LL199T,State Bank of India,Maharajganj Main Branch,False,s3://up-ab-docs/CHQ_VNCB7T91RHEY.pdf
3e1521dd-b952-4868-9e6d-6c2e11296a09,de51e0c8-f3d3-4f61-8c9b-8d2b772b9418,VIRENDRA SINGH,Hanuman Maternity & General Hospital,ACCT_YL92TGPD30F88TY2,CNRB0M6S6KS,Bank of India,Gorakhpur Main Branch,False,s3://up-ab-docs/CHQ_4JXGS8XR5KNF.pdf
ccb46df9-aae5-4a8b-95f7-4cdcde26d1ba,1f307dd4-cc5b-4781-8eeb-cd6fec447118,SHYAM LAL BIND,Dr. Gupta Surgical Centre,ACCT_CZB7KOWYML6VBL6C,SBIN0BN991G,Bank of India,Lalitpur Main Branch,True,s3://up-ab-docs/CHQ_RE86WW8T596I.pdf
d212b6a4-717e-4b5d-ad08-82d5b765d911,0de021a9-c3da-4762-ad65-5d7a0bfa64ce,JAGDISH PRASAD,District Hospital Gorakhpur,ACCT_BYRFHOWRZQPRA03A,MAHB0H1SY45,UP Gramin Bank,Gorakhpur Main Branch,False,s3://up-ab-docs/CHQ_SUBJOJNIER7J.pdf
6b585d08-e862-41ff-9cf6-4ffb77698536,fbbde75b-b012-4dbd-a60d-fb85f78424ac,AMIT KUMAR,Ganesh Children Hospital,ACCT_FLPLWYHRDGK23UVF,MAHB08K1L4F,Punjab National Bank,Agra Main Branch,False,s3://up-ab-docs/CHQ_MX76EZ1JULY5.pdf
e46ed183-7989-4034-b5db-851a93b9d639,c6aebe6b-8bd1-4d2b-874b-06938d9e3c05,SUSHIL KUMAR,Primary Health Centre Lakhimpur Block 8,ACCT_D3IKHWX7A9Y1QCX9,UPCB0CIQCRF,State Bank of India,Lakhimpur Kheri Main Branch,False,s3://up-ab-docs/CHQ_J6TLGUZN1B4F.pdf
70d58837-cc5c-4479-8b19-ba6344f01e2e,7a927937-2e3a-4b83-b6c8-223e527f674b,RAM PRASAD,Sub-District Hospital Azamgarh,ACCT_TGUO4XTWGI72NUVH,CNRB09G6XQT,Axis Bank,Azamgarh Main Branch,False,s3://up-ab-docs/CHQ_RDA2DS12IJ2N.pdf
c1859149-f630-45d2-a867-a8f6de532706,119361e7-e632-4df7-9ac3-ab6e0e2f03fb,PREM SHANKAR PANDEY,Community Health Centre Farrukhabad Block 2,ACCT_PLKX1FW2KAD8TMSU,PUNB0FBJXVA,HDFC Bank,Farrukhabad Main Branch,False,s3://up-ab-docs/CHQ_AEIDFYRP6EOX.pdf
5585ff9f-a888-4fdc-9fa9-f1a358122fb9,6bfad725-0cbe-4dce-a4ba-1a5e76b17847,LAKHAN LAL,Hanuman Maternity & General Hospital,ACCT_HXAPJ031WX2502F4,ALLA0V7M77J,HDFC Bank,Aligarh Main Branch,False,s3://up-ab-docs/CHQ_B2C78XYTZJUM.pdf
cac04afb-6f21-4879-9b1e-6e7b963a04eb,6639e037-a748-4725-bb30-49cf6b203f7f,SANJAY KUMAR,Trauma Centre Unnao Block 2,ACCT_1HZM37JL2U7SXOT9,MAHB056WQ5B,HDFC Bank,Unnao Main Branch,False,s3://up-ab-docs/CHQ_6NM4ADABQR1M.pdf
9fb5650d-5f76-476f-ad72-b1394b634f71,d4cb1481-3164-483d-a44c-3a3615279ba9,RAVI SHANKAR,District Hospital Deoria,ACCT_98OEIX92AQVGB2I1,BARB0SGRPVB,State Bank of India,Deoria Main Branch,False,s3://up-ab-docs/CHQ_QVU6C5XC4NZ4.pdf
5150f6fa-ad99-4cc2-82c7-7030ae77106a,287abca3-cb37-4a2d-b0a9-3e65dad648d1,VIRENDRA SINGH,Community Health Centre Fatehganj Pashchimi,ACCT_WATX3M1RK59DR00G,CNRB08Y1UO7,State Bank of India,Bareilly Main Branch,False,s3://up-ab-docs/CHQ_GAC6IDCVWZ6I.pdf
7885ccca-0a7b-4257-936d-d6f2d7b74c71,8345028d-6c75-4624-88bb-a8d7ab3a3ca9,ANIL KUMAR,Pandey & Singh Multispeciality Hospital,ACCT_VK97G86SZ599RPY9,UPCB0J8BSVU,State Bank of India,Ballia Main Branch,False,s3://up-ab-docs/CHQ_G24LIEGTMA6C.pdf
9f731552-11b3-469c-bb0e-3094f8393985,e24d5ad6-2142-4a27-bc3d-00125d1e48ec,VIVEK KUMAR TIWARI,Primary Health Centre Rampur Block 7,ACCT_XYOO3O3XQY8XQP8S,MAHB06NKWAZ,Bank of Baroda,Rampur Main Branch,False,s3://up-ab-docs/CHQ_XRT1YHXH8MRD.pdf
5d8a49a9-1fe2-499c-85eb-509a688b1594,b8b55aa3-e51d-438e-9b98-3b339022d4c5,RAM PRASAD,Community Health Centre Sonbhadra Block 4,ACCT_ZU9MYQAWJR973NSM,MAHB0DO08HT,State Bank of India,Sonbhadra Main Branch,False,s3://up-ab-docs/CHQ_HJUDUUBXDD1I.pdf
9aa51cac-5c6d-4b27-8093-57bf096becd1,af3e2e11-0e2b-4ac1-9b75-85208d8dfdf7,SANJAY KUMAR,Sharma & Srivastava Cancer Institute,ACCT_48CLEB5JTTXQ74E0,PUNB04ILXH2,Union Bank of India,Maharajganj Main Branch,True,s3://up-ab-docs/CHQ_9D2FF9C6LBN5.pdf
d9f9dfd8-dc4d-442c-8d86-fe166867db59,b448b89d-9327-4b70-8cc9-4b69718ed796,MUKESH KUMAR,Durga Medical Centre,ACCT_3REPDKLY6P5VA6S6,HDFC07YL4DJ,Allahabad Bank,Maharajganj Main Branch,False,s3://up-ab-docs/CHQ_DU200RROBK4T.pdf
3fca0247-1531-4158-92cc-a6a47037ce0c,6ad78f1a-23fa-4203-9a84-c928c1485082,SURESH KUMAR BIND,District Hospital Banda,ACCT_0XFH0I37K4JG29LG,SBIN03OXOYJ,Bank of India,Banda Main Branch,False,s3://up-ab-docs/CHQ_E2TJSL171FH4.pdf
f1dd966f-0a35-40dd-a9cd-f5e330c9c7d9,b3f0d5b8-7cbf-4f4b-9b6d-9da5394e906a,BABLU KUMAR,Trauma Centre Rampur Block 1,ACCT_IJF6LKO8MPFNKZWW,CNRB0ZVWFKT,HDFC Bank,Rampur Main Branch,False,s3://up-ab-docs/CHQ_E3W3DXUFQU5H.pdf
98b783a4-3a20-45e9-ba7d-13134150b981,10ad2351-17b6-4ec7-851c-8aefcc63cff4,RAMU KAKA,Dr. Pandey Cancer Institute,ACCT_50N5GIGHYI6ZXM0G,UBIN02SA4X8,Bank of Baroda,Ghazipur Main Branch,False,s3://up-ab-docs/CHQ_R3W7FQ4JCUNW.pdf
82ec990d-4d20-4b51-bc2a-062b2c4cf2bf,8e583d2a-f0cd-467c-a271-e2a1da253f79,RAKESH KUMAR KUMAR,Community Health Centre Maharajpur,ACCT_W22YLX754TTPOD2M,UPCB0QLFBQZ,Axis Bank,Kanpur Nagar Main Branch,False,s3://up-ab-docs/CHQ_JFZHZTIN1HB9.pdf
67572345-1d7f-4d71-a900-4094981ab987,107d3b43-95ab-496f-a5f6-10a00c4b91cf,HARI OM,Laxmi Heart Institute,ACCT_SWGT76SUBD77Z5U1,BARB0AFWA7R,UP Gramin Bank,Chitrakoot Main Branch,True,s3://up-ab-docs/CHQ_BFOK3VVM82A0.pdf
fd76b4fd-0466-4c2a-b35e-3c1274162bf8,e6fb5ad5-e539-4dc8-922a-bd33a4f5b4d7,BRIJESH KUMAR,Dr. Sharma Eye Hospital,ACCT_XBVR4P7M5UGVM3J7,BARB0EWFYBF,UP Gramin Bank,Mirzapur Main Branch,True,s3://up-ab-docs/CHQ_UHOKUERR7UU6.pdf
2899554f-d4eb-4594-b82d-4434cc62f7a1,a8db82fc-56d1-46d0-85f7-cf3dd3758fcf,RAJEEV KUMAR,Trauma Centre Farrukhabad Block 7,ACCT_SCDMLY4YMWR0VL9E,PUNB06UFZ1R,Axis Bank,Farrukhabad Main Branch,False,s3://up-ab-docs/CHQ_8AII7P6E54QT.pdf
344e38ed-7241-4021-a8f6-059c942300ca,4143e59c-9ec0-45f0-b887-43b6c113a9fb,BRIJESH KUMAR,Women Hospital Meerut,ACCT_6O9HVRWLX9CF4ZH0,BARB0NKAJSC,State Bank of India,Meerut Main Branch,False,s3://up-ab-docs/CHQ_2MHNB4YCD2ZJ.pdf
c8a3a0ee-c160-4c99-bc52-3250f784750d,d34c3cb2-a27e-4a44-ba5d-6a9766e552a2,JAGDISH PRASAD,Primary Health Centre Bulandshahr Block 8,ACCT_ZNF9BTX1QQ10LJOH,UBIN0H26JWW,Bank of Baroda,Bulandshahr Main Branch,False,s3://up-ab-docs/CHQ_EJZAF8P4BOPX.pdf
1284f0ca-4ffa-4a5d-a087-f0acbda05a8d,4585aeb1-aa08-4fc2-b668-a63af19a4352,DINESH KUMAR,Trauma Centre Kushinagar Block 2,ACCT_7EYLPV00ZWXEZ236,ALLA05E65L5,Allahabad Bank,Kushinagar Main Branch,False,s3://up-ab-docs/CHQ_3I61XIWTCUE2.pdf
ba7a28a1-1922-4eb1-9721-faae64c624a5,83a82ea2-ddf3-446f-97d1-169c91344581,VIVEK KUMAR,Sub-District Hospital Kushinagar,ACCT_6MVLT2CS8325UR3P,BARB0Z7R5PE,Bank of India,Kushinagar Main Branch,True,s3://up-ab-docs/CHQ_XHET97WHO5EX.pdf
e1ab80bd-6fa8-45a8-9f20-428e5180ef48,83f6174d-9cdf-45b3-88d5-8c5740134a55,PRADEEP KUMAR,Urban Community Health Centre Unnao Block 4,ACCT_U7WQMRHYFAC14RFW,SBIN01Y8UAP,State Bank of India,Unnao Main Branch,False,s3://up-ab-docs/CHQ_9QWK9TLMKHC9.pdf
a1d90dfc-8823-4095-9691-eac2cc7bd110,c5820563-50a7-491f-bdc3-2e3a004be3ce,GUDDU KUMAR,Laxmi Multispeciality Hospital,ACCT_T7K9VTCHYNIF62TK,SBIN0SXQGUI,Allahabad Bank,Kaushambi Main Branch,False,s3://up-ab-docs/CHQ_YIB8T616ZT7R.pdf
0a6a97b1-de71-42c7-97bd-0ba1f822e521,cf198bb3-d46b-402e-8910-3ea05aadd0ae,DEEPAK KUMAR,District Hospital Saharanpur,ACCT_MFTFRT45I0YHNNFL,BARB0Z7I6CG,Axis Bank,Saharanpur Main Branch,False,s3://up-ab-docs/CHQ_LXO08PCG2BEV.pdf
5cf37a6f-a495-4520-9bb3-7365915bbe0c,d50218e3-0d98-43ec-ad90-60b47e6ab1f2,PREM SHANKAR,Combined Hospital Ayodhya,ACCT_1YPXLDGD8PRS4OXY,BKID0H6LAT5,Union Bank of India,Ayodhya Main Branch,False,s3://up-ab-docs/CHQ_D6GD7EZBDZBS.pdf
2b965ce4-0265-4c29-9a26-74f745022cf6,c9b87b18-225b-4650-ac6c-cc3385e34dd9,SANJAY KUMAR LODHI,Shiv Children Hospital,ACCT_I8LL8RAT0UDLMPG9,CNRB02F3ZB0,Bank of India,Pilibhit Main Branch,False,s3://up-ab-docs/CHQ_TO6ZL5D184ZO.pdf
ca873b43-92c7-42d1-8752-9ef0632c21d1,14ff8c7b-49f6-46e3-968b-b65dc4611a8a,MANOJ KUMAR,Dr. Agarwal Cancer Institute,ACCT_KYH1D8UKA23NN1DN,UPCB0AW2N84,Allahabad Bank,Hardoi Main Branch,True,s3://up-ab-docs/CHQ_M0Y514KP5JRI.pdf
9edb3a0b-9fab-4755-a4d3-3b19aab558bb,c5ee5276-bc55-4773-832e-8edd326a222e,PAPPU YADAV SINGH,Durga Children Hospital,ACCT_NE4ATWVR1JURVUNO,PUNB04L3BA9,State Bank of India,Kanpur Nagar Main Branch,False,s3://up-ab-docs/CHQ_T44MT6SZJJOM.pdf
cf136e03-f134-4ebc-8172-d463581bf1d1,7467bc17-19a1-4697-9bac-69f4cdaacecc,PRADEEP KUMAR,Trauma Centre Bahria,ACCT_P8M0E0OFLZ8D44GX,BARB0E9E8S6,Bank of India,Prayagraj Main Branch,False,s3://up-ab-docs/CHQ_S26KDK6CA0LV.pdf
614d3b1d-a61d-4d0d-85a4-5e38bf12457b,bd53f1b8-cdc2-4c5c-b0b0-1c4a6053b1a2,VIRENDRA SINGH,Community Health Centre Richha,ACCT_IKSOYXGVYPELYYT1,UPCB0WMHW86,Bank of India,Bareilly Main Branch,False,s3://up-ab-docs/CHQ_SZTLUGQOST2D.pdf
02993312-650c-4628-b79d-4560d0f93369,d2c0024b-8d5d-42f5-8962-735f8b5cd2d2,SUSHIL KUMAR DUBEY,Trauma Centre Etah Block 6,ACCT_9DOZ9R2JP730E0X1,HDFC05TLO94,Canara Bank,Etah Main Branch,False,s3://up-ab-docs/CHQ_XVNSWFKXKFQI.pdf
756c53ee-7729-4bc5-b9bc-9abc9d2f6e80,e8755832-86e6-4f2d-b6c4-1e2fd51b1c82,LAKHAN LAL,Urban Community Health Centre Sitapur Block 4,ACCT_1OM6L42DZS79ILIY,BKID0SZ7SBO,HDFC Bank,Sitapur Main Branch,False,s3://up-ab-docs/CHQ_843B5GY8Z0NZ.pdf
3160977a-c58f-4f9b-9aef-edc622a27da9,bb0a7d40-20e3-4708-90b2-8aabedb89e89,RAMU KAKA PATEL,Trauma Centre Sant Block 7,ACCT_0FXU0120M2VI647U,SBIN0VDQ3EH,Allahabad Bank,Sant Kabir Nagar Main Branch,False,s3://up-ab-docs/CHQ_NB9VP60IOV9X.pdf
66a2b524-f6f2-431e-a3a7-7888c8f1bf33,b5ceb52e-22a6-446d-87b6-a559b29cee58,RAMU KAKA,Zonal Hospital Meerut,ACCT_BOBA0IWTIRU7MPHW,CNRB0GTTU9S,UP Gramin Bank,Meerut Main Branch,True,s3://up-ab-docs/CHQ_CVL2KDTUYIR4.pdf
6f5eb30c-5dc1-4ac0-a1be-74bc811007c7,c0b5db27-f015-4edd-b6d6-a557e0529d37,GUDDU KUMAR,Community Health Centre Hapur Block 6,ACCT_J40EOB5U05YQVL3J,PUNB0T80IEH,Bank of Baroda,Hapur Main Branch,False,s3://up-ab-docs/CHQ_MIA4LHLLJHR1.pdf
047c1eab-a390-4ab5-97fe-dc4dac7e4903,c34cb943-50d9-4fe8-a1c7-97abdd4f297e,SANJAY KUMAR,Trauma Centre Pratapgarh Block 1,ACCT_GT2W5DM5TH7T7ZUK,ALLA0F85N16,Punjab National Bank,Pratapgarh Main Branch,True,s3://up-ab-docs/CHQ_IET3T6AJX6Y0.pdf
0c28bd43-3955-4c42-8fed-bc2ae61cbe4f,a8cdb4db-13ac-4633-93dd-14dae979d14b,MANOJ KUMAR NISHAD,District Hospital Lucknow,ACCT_Y7SS2RKPPDQN67F6,MAHB0K69OPD,Bank of Baroda,Lucknow Main Branch,True,s3://up-ab-docs/CHQ_QPTLK8SVVVPK.pdf
89a16bf2-9ae2-40f8-96cd-680177e58238,00a2b373-6548-4d02-a5a3-51401b07edbf,PREM SHANKAR,Ram Hospital & Research Centre,ACCT_7ITQTU7H7K2GJMB0,BARB0ZOJJHF,Bank of Baroda,Muzaffarnagar Main Branch,False,s3://up-ab-docs/CHQ_W7P6U4GRIYDF.pdf
27f0c775-7b5a-4684-bc04-f570935f9cb0,bb9c1903-ac5b-45e7-bd81-0bcd078b35d4,SANTOSH KUMAR,Urban Community Health Centre Kaushambi Block 2,ACCT_QNEM80IOACC0D88Q,UPCB05VPTCI,Allahabad Bank,Kaushambi Main Branch,False,s3://up-ab-docs/CHQ_34QNHWSPR2XN.pdf
c62affe9-0d2b-4fc2-a3e5-8f23026fa632,9fc1fc3e-15af-43a6-9d91-5152c2aeac4e,RAKESH KUMAR,Urban Community Health Centre Shankargarh,ACCT_XE7TAUV6LY5NNKHN,MAHB0H9MLD7,Bank of Baroda,Prayagraj Main Branch,False,s3://up-ab-docs/CHQ_G96XDSQEWSNN.pdf
5cd86376-bdc1-41a2-aa7a-edd0de83c4c3,040546bf-1b6c-43a3-b7e8-0766a949a5bf,VIJAY KUMAR,Saraswati Heart Institute,ACCT_N7YXDMWQFY4MEUM8,PUNB0G5B4P7,State Bank of India,Prayagraj Main Branch,True,s3://up-ab-docs/CHQ_BREUPJ9V3MG5.pdf
1b91fcfe-9ec5-4e3d-b808-5abe342650e3,225d19fa-53fa-42a2-b78b-6f44ff754dfc,RAJU YADAV,Community Health Centre Firozabad Block 6,ACCT_D29PY2H4NKK03MHG,BKID051YFYT,Union Bank of India,Firozabad Main Branch,True,s3://up-ab-docs/CHQ_423ZOFJ5Y2S4.pdf
4a9a102f-93a0-477d-b7ec-a4580bb9c42f,d00bdba7-8e5c-4d18-94da-30bb4da04912,RAMU KAKA,Urban Community Health Centre Kannauj Block 8,ACCT_FX03E0YHJ16GY61X,PUNB0Z4MCJQ,Axis Bank,Kannauj Main Branch,False,s3://up-ab-docs/CHQ_TRAIDJU9B8UU.pdf
31f50b76-9941-4a7a-abe4-3675e9f6f574,525bcb91-f351-4c2a-a274-903954352118,JAGDISH PRASAD,Krishna Orthopaedic Centre,ACCT_O68Q8I4WG8GROM2X,MAHB0GD6SWX,Bank of India,Hardoi Main Branch,True,s3://up-ab-docs/CHQ_91T8YZBTMVBP.pdf
a804fc31-9195-4bcd-aabf-031438a6b523,25300e03-7734-4c5f-b12a-8a14acaed403,RAMU KAKA,Hanuman Medical Centre,ACCT_KR6CLAQI825PPUFX,BARB0RPAVF5,HDFC Bank,Pilibhit Main Branch,False,s3://up-ab-docs/CHQ_HV9RS6PNKFHE.pdf
8ae6a5ef-b2f2-43f8-b7de-f83a6cd7f3a5,09096fd1-b2f7-47ba-99db-0c945347eccf,AMIT KUMAR,Dr. Verma Nursing Home,ACCT_BVWXLL0M2H336IJW,UBIN0CGZ4L4,Axis Bank,Kanpur Nagar Main Branch,True,s3://up-ab-docs/CHQ_1JJW0LBP2KS3.pdf
1ad8fc26-8e35-4826-a479-a60ae7479d90,83ba63cf-a221-40bd-a10e-8055f9516fb0,VIVEK KUMAR,Trauma Centre Sarojini Nagar,ACCT_11O1XA94PXOVQH61,BARB0Y8MS2U,Union Bank of India,Lucknow Main Branch,False,s3://up-ab-docs/CHQ_R7Y69YOBDWJV.pdf
7129ead3-ddca-4a5b-a3b5-054b47d25dc7,41d8aac9-6902-4859-b2a8-2d983900e190,NARESH KUMAR,Community Health Centre Dhanipur,ACCT_YGO4N67E1PXXLRCT,SBIN0UNMR6O,Punjab National Bank,Aligarh Main Branch,False,s3://up-ab-docs/CHQ_KJ6CAHIJ8H8C.pdf
19d17276-7e4f-40e8-8c62-ff56482c0052,2418ef4c-bcc3-4c07-9780-625f32a3e499,ROHIT KUMAR,Pandey & Tiwari Children Hospital,ACCT_HM15F4XJMS6IVBV9,UBIN0UDIY76,Punjab National Bank,Pratapgarh Main Branch,False,s3://up-ab-docs/CHQ_5GMWU1Y7LB8X.pdf
daecb57c-9397-46a1-b8d7-856d08f9d7c1,f6c4b639-c52f-446c-b9b5-88cfefa8532a,RAJESH KUMAR,Tiwari & Tiwari Nursing Home,ACCT_WOMS43QMPHIXLH9G,BKID0ICIR65,State Bank of India,Ghaziabad Main Branch,True,s3://up-ab-docs/CHQ_JQ28XM0K3OB7.pdf
55f8ad07-fdee-422e-84f4-700d8ebb2242,8bbf5a35-3845-4d03-a4d9-46f59724c81b,RAJEEV KUMAR KURMI,Women Hospital Gorakhpur,ACCT_LCAF4YB6D8CO1SH1,UBIN086M9UH,Union Bank of India,Gorakhpur Main Branch,False,s3://up-ab-docs/CHQ_M1AWGQ0XC614.pdf
511146b5-6e3f-44b7-a450-b0a995f89100,3e7bc9c4-a821-47e1-97d0-80309e11ef38,VIJAY KUMAR PANDEY,Sub-District Hospital Kanpur Nagar,ACCT_V54VUXVEQKOI2INT,HDFC0UGD6RD,HDFC Bank,Kanpur Nagar Main Branch,False,s3://up-ab-docs/CHQ_UVPS3CTN58PA.pdf
dd6efeac-99b3-4515-bd36-32c4d45e108d,c0dfce16-73be-4f71-923a-ff2039494198,LAKHAN LAL,Dr. Sharma Nursing Home,ACCT_O9TURRIX38DUXU4B,UPCB0K0E0R2,HDFC Bank,Kanpur Dehat Main Branch,True,s3://up-ab-docs/CHQ_FZ2L81656THS.pdf
afb9bd3b-8e7c-403a-86fe-b00f01d533b1,ea38d6d5-9046-43ca-84ee-59320f5cb18d,ARVIND KUMAR,District Hospital Meerut,ACCT_DZDT4SPH5HG8JR8I,UPCB0B7V0Q9,Allahabad Bank,Meerut Main Branch,True,s3://up-ab-docs/CHQ_3E7T6GGTPJC3.pdf
aaff9320-d22e-43e2-9b08-59dde8548b7d,5a22e077-a095-4645-ac89-4b17dc08d4cf,HEMANT KUMAR,Ram Hospital & Research Centre,ACCT_VFOC2XPNX0BMYD62,CNRB0RBH0KZ,Bank of Baroda,Chandauli Main Branch,False,s3://up-ab-docs/CHQ_0XD98J28GXMI.pdf
df3cbf33-25db-487c-87a6-27c772b81506,a40f5f0a-3929-4e76-a9d2-31ce4dbb246e,RAJU YADAV,Saraswati Nursing Home,ACCT_6TC0G9DDQO9U7PA9,SBIN02O85DI,State Bank of India,Basti Main Branch,True,s3://up-ab-docs/CHQ_TSZYTBRKIB4U.pdf
870319fa-0f26-4ec3-aadb-cb71a69ebaf8,0353a6ab-598c-402b-81d1-9e1ed9e9698c,BABLU KUMAR,Trauma Centre Kashi Vidyapeeth,ACCT_6JEE4HYCHOM5M9T4,CNRB0841JMN,State Bank of India,Varanasi Main Branch,True,s3://up-ab-docs/CHQ_SNPW5XD47OWS.pdf
86725769-b6eb-44e2-b5d8-522ea64da48f,265eddb7-a086-4ab7-a9c4-c4004f079d0b,RAM PRASAD PASI,Sub-District Hospital Meerut,ACCT_WCWRTTW05HOV5QIZ,PUNB0YVI6XV,Canara Bank,Meerut Main Branch,False,s3://up-ab-docs/CHQ_6O32L6RU37XA.pdf
969aa32b-e8cf-4c2f-8b8b-5eb9b809f86d,7b01b0ef-b5d1-4b32-8d71-60df7c6f97e8,RAJEEV KUMAR,Dr. Sharma Nursing Home,ACCT_Q6BO7J07FHK3P968,MAHB09Q601W,State Bank of India,Gonda Main Branch,False,s3://up-ab-docs/CHQ_Q8VHQ5QK2F6W.pdf
16bbd57f-f1dd-4265-8135-04417e4e1a45,59127543-a4ef-4f48-b859-c871032b5267,SANJAY KUMAR,Shakti Heart Institute,ACCT_R5S6IPTH1PQUMPOE,PUNB0YW2SB0,Bank of Baroda,Badaun Main Branch,False,s3://up-ab-docs/CHQ_VM91SQUNJKE8.pdf
1915239a-b361-467b-9ce5-a57948b5fd1b,968c30b7-a2e6-4221-850c-9c8e40575fb9,RAJU YADAV,Ram Medical Centre,ACCT_I4JQ63HKILHDTKZ7,BKID093K82Q,Allahabad Bank,Kanpur Nagar Main Branch,False,s3://up-ab-docs/CHQ_Y30NDS2UCJ56.pdf
702945d5-5484-4e18-af82-a2882b74f2a3,180f6563-8cf9-4464-810c-5a47c3b94261,BRIJESH KUMAR,Medical College Hospital Bareilly,ACCT_AQCC2KI4ADAK9U9I,CNRB0OFI9IR,Bank of Baroda,Bareilly Main Branch,False,s3://up-ab-docs/CHQ_GOUYGIHC7NBJ.pdf
a9fce121-12d5-4c29-9fe3-376460b16f3e,b6bea3ab-a9b9-47e9-b736-6b723c3fc5b8,HEMANT KUMAR BIND,Community Health Centre Auraiya Block 8,ACCT_RWRDR7W2NI66VIAC,CNRB0PWXV5V,Bank of India,Auraiya Main Branch,False,s3://up-ab-docs/CHQ_7VSH6VCFO9Y4.pdf
e8be8297-c5f3-46ad-8fb3-37355eccb79a,3b10c69b-57d0-4699-8ace-72476649f51a,RAMU KAKA,Women Hospital Sambhal,ACCT_7YN3LN5Y8KCK6KI1,BKID081HKZI,Bank of Baroda,Sambhal Main Branch,False,s3://up-ab-docs/CHQ_YS0Z6C9XHW19.pdf
44132bde-03a3-40d2-8a4e-4c38d6a26179,1655d398-f648-4052-aa2b-7a2b300d25f2,GUDDU KUMAR,Community Health Centre Badagaon,ACCT_9LPZJIY14B6FZKJK,HDFC0WIHSCV,Canara Bank,Jhansi Main Branch,False,s3://up-ab-docs/CHQ_QTLCDJHCKTOR.pdf
a7ada477-bcf0-4a37-b979-c92fb3fb3dd0,b22dfe14-de77-44d3-99b4-a9eea57ae084,MANOJ KUMAR NISHAD,Durga Multispeciality Hospital,ACCT_1X7JLM1PXO9Y3QN6,UBIN09LZ66G,Axis Bank,Kushinagar Main Branch,True,s3://up-ab-docs/CHQ_UQIKX23POE0U.pdf
80add0bd-75d9-4b91-824d-464fcb3b2c9e,797c0604-743c-4e66-8363-7cd94b949afe,SHIV KUMAR,Gupta & Mishra Heart Institute,ACCT_99R4S6OZOZSV7AXB,BARB02BKB8A,UP Gramin Bank,Deoria Main Branch,False,s3://up-ab-docs/CHQ_W25WPAC1D6Y0.pdf
4066a38d-ce27-4bc2-a47e-7600680d6078,ded8a65c-4013-42a2-a29b-13060aec21b7,PAPPU YADAV,Medical College Hospital Prayagraj,ACCT_VVPH8U45KOQ1UE1G,BARB0Z5254L,Union Bank of India,Prayagraj Main Branch,True,s3://up-ab-docs/CHQ_BI8TLIXJZW5O.pdf
73b7055a-ae08-4d30-88c5-f1dd45a4aa17,e2448c67-8921-49a1-b490-20b7eac1865d,HEMANT KUMAR CHAUHAN,Dr. Gupta Nursing Home,ACCT_XVP1U8W5TS8CDOUC,MAHB00TO8OX,Punjab National Bank,Kannauj Main Branch,False,s3://up-ab-docs/CHQ_7A4FH1RZR01R.pdf
89e46c5a-83cf-4111-9f1c-e7cb0bbe3ad2,ed983dd8-8ee1-4240-bb89-a84db2b406e2,RAKESH KUMAR,Combined Hospital Hardoi,ACCT_5O9DZCNYRHGIV1QR,BARB01G86QT,Axis Bank,Hardoi Main Branch,False,s3://up-ab-docs/CHQ_IM18Y1VGVD48.pdf
fb26464e-6bf0-41a8-bf06-8d39a8f75f16,3c8687da-be51-4a29-9221-be1dbe037dc6,RAMESH CHANDRA PASI,Trauma Centre Bhitargaon,ACCT_Y2HELZ9Q9ETZOSSK,SBIN00AWI25,HDFC Bank,Kanpur Nagar Main Branch,True,s3://up-ab-docs/CHQ_CZ57NWIAK0TK.pdf
fda0e810-2092-4c33-87f5-b8a2f362e481,9adb0638-8214-4db4-920b-e2a1d52305be,SUSHIL KUMAR,Medical College Hospital Mirzapur,ACCT_5BST75J02Y6FZUWY,SBIN0M1981X,Union Bank of India,Mirzapur Main Branch,False,s3://up-ab-docs/CHQ_VYH7OWTFSSYQ.pdf
19e75021-fff4-40a7-96ce-ae4a295c3118,b9139cfd-a86b-4326-be90-1c5eb69696ab,BABLU KUMAR,Women Hospital Lakhimpur Kheri,ACCT_FEDJH700DM6PFL84,PUNB0GLFTRB,Punjab National Bank,Lakhimpur Kheri Main Branch,True,s3://up-ab-docs/CHQ_6X92N38T4WU4.pdf
2878cd24-7adb-48ac-85e9-72b0cde9f756,8be68d63-128e-4cdd-a827-cbd619567b0c,VIJAY KUMAR,Agarwal & Pandey Multispeciality Hospital,ACCT_PUCDB8VCZ50INQQR,MAHB0QF4WSR,Bank of Baroda,Baghpat Main Branch,False,s3://up-ab-docs/CHQ_YQFR9P0UF87J.pdf
d19ee758-4e68-42f7-9648-f325bf36134e,bb62119d-e3a6-45bf-9d6d-8e722462c368,SANJAY KUMAR GAUTAM,Dr. Sharma Cancer Institute,ACCT_ZD1V8A881TL1AJT2,HDFC0NLFNC5,Union Bank of India,Kanpur Nagar Main Branch,True,s3://up-ab-docs/CHQ_P0LOV70B5GKQ.pdf
158511b5-1cde-4164-b52f-d9cb996ee3a4,8e2d2656-b44d-4607-baa4-996f08b2a920,RAVINDRA NATH,Ram Surgical Centre,ACCT_A657C6SWZNQ2CEM6,SBIN05VRRK3,Allahabad Bank,Kanpur Nagar Main Branch,True,s3://up-ab-docs/CHQ_7HT9WYGK7KIN.pdf
f3a07fc7-84c5-45d7-8c7c-1b014573ab2b,3ce1ff8c-8fbe-4cc9-a998-c11a1a878d8a,BABLU KUMAR,District Hospital Prayagraj,ACCT_2G7VYONL50II3KIE,SBIN0424AHU,Punjab National Bank,Prayagraj Main Branch,False,s3://up-ab-docs/CHQ_FT8NONT9VG0Y.pdf
9258ad2e-1206-49db-8dee-26c790c196b9,8c2900a2-2dbd-4876-9ba5-e438fa096e8c,AMIT KUMAR,Tiwari & Pandey Medical Centre,ACCT_HTIR67I8DTWBTI6J,CNRB0NJ97IN,HDFC Bank,Shravasti Main Branch,True,s3://up-ab-docs/CHQ_LYTCYK06TAVT.pdf
19c1c90d-8406-455d-b0f9-47b6990943d3,01ebee83-e189-4691-bab6-13f4932e3007,RAVINDRA NATH,Sub-District Hospital Agra,ACCT_4GUOS046460VJ9IN,SBIN0R1XOWU,Punjab National Bank,Agra Main Branch,False,s3://up-ab-docs/CHQ_3CN9JBVRZRUY.pdf
0f43b8ff-0e73-4bd5-888f-1e7cd075f218,c3c87057-ad80-436c-b027-b677c15af5b0,NARESH KUMAR PATEL,Combined Hospital Jaunpur,ACCT_CVMNN744OZVA7T3Q,ALLA0DTSYCD,UP Gramin Bank,Jaunpur Main Branch,False,s3://up-ab-docs/CHQ_LEVOPZ2NWQYS.pdf
b2ef32c7-6897-40c5-9246-103202034d7a,4262d8ff-60e4-4b7f-ae17-a2e046df8613,RAJEEV KUMAR SINGH,Zonal Hospital Sitapur,ACCT_JR2N48Y4KC0FBIC9,CNRB0S9U2BG,HDFC Bank,Sitapur Main Branch,False,s3://up-ab-docs/CHQ_Q8ZRVAY5P14Q.pdf
a2547292-85e5-478c-9ded-943e123e8095,0848e5cf-8804-47df-9958-75c7427e8a3d,ASHOK KUMAR,Durga Heart Institute,ACCT_WJ44A37SOR5TMSXF,UBIN0DTD0AN,State Bank of India,Amethi Main Branch,False,s3://up-ab-docs/CHQ_ETFA64EKG1V9.pdf
e9a5e7d7-64a1-458b-a1fd-35894ee86f7c,0e775a8c-edf8-4cad-9a3a-06da2fd9543f,JAGDISH PRASAD PATEL,Saraswati Eye Hospital,ACCT_DTD4WC5CB1Z1XD85,SBIN0KXDHJR,Union Bank of India,Sitapur Main Branch,True,s3://up-ab-docs/CHQ_R8WBYAYXUSA5.pdf
e5abbb16-f746-417f-aeef-2a726b794165,dc191247-d0ae-454b-8603-e8fd00c1b91d,RAM PRASAD,Sharma & Srivastava Heart Institute,ACCT_9H3EPZRIHSS44YB7,HDFC0UGW8DA,Axis Bank,Ballia Main Branch,True,s3://up-ab-docs/CHQ_V1IXM4FQ56K6.pdf
421a3ba7-a2bc-4442-9601-4c0f02926c7d,147e8f13-860d-45f6-85d2-66035d3f20bd,VIJAY KUMAR DUBEY,Singh & Verma Hospital & Research Centre,ACCT_KV2HO9LL79I2WQO0,BKID06P65CZ,Canara Bank,Gautam Buddha Nagar Main Branch,False,s3://up-ab-docs/CHQ_88EFIZ832PGK.pdf
8c14bfe6-96b4-4722-a589-033925f6565e,32536ac4-c916-4805-bf22-7f9facafca42,RAMU KAKA JAISWAL,Zonal Hospital Ghaziabad,ACCT_TECQR27MDMIT2EYU,UBIN0HLQZUB,Bank of India,Ghaziabad Main Branch,False,s3://up-ab-docs/CHQ_D4MQBO5B8SDA.pdf
995f9e92-f679-46f7-b413-bea3ce011a31,7e18c107-d87e-4765-98f3-39d6dca8d4ee,PREM SHANKAR,Community Health Centre Lalganj,ACCT_CS6PCPNWF5M52QDX,SBIN0LMBKUD,State Bank of India,Azamgarh Main Branch,True,s3://up-ab-docs/CHQ_HKDSZPKM4WRW.pdf
a64aa563-ea8d-4a1c-87fb-4e8aabd9e4ee,6967284a-0de9-48cb-a5f3-502ca4965c0d,DEEPAK KUMAR,Urban Community Health Centre Kushinagar Block 6,ACCT_B3663QYE3N0LXQQV,ALLA065W9EJ,Bank of India,Kushinagar Main Branch,False,s3://up-ab-docs/CHQ_ZPH1S213A9YM.pdf
1a9d8523-ff33-4e6f-aa2c-a6582d4fdf1a,66dae4d3-f113-4c1c-9dc8-1ddc5a865a5b,ARVIND KUMAR,Saraswati Nursing Home,ACCT_866CF6TU5CPH1SJ5,UBIN035HXR6,UP Gramin Bank,Meerut Main Branch,False,s3://up-ab-docs/CHQ_JTWP0CKRII3B.pdf
b13b7222-76d1-4354-8811-01ebe72c6eea,f37ef077-1999-46e4-8c2c-ca943d522d04,RAVI SHANKAR,Krishna Nursing Home,ACCT_GV7LJEE5B43TQB11,CNRB01RQSJD,Union Bank of India,Ballia Main Branch,False,s3://up-ab-docs/CHQ_7JSR3MKSE5RH.pdf
1b69ce15-e7ec-4b50-beaa-b44d8733a273,e775dad7-949b-4519-b9a4-c3bf6c98055e,RAVI SHANKAR,Shakti Nursing Home,ACCT_KW1NUXVEHCO9B7SG,HDFC0F2UFVG,Canara Bank,Ghazipur Main Branch,True,s3://up-ab-docs/CHQ_RXQE2PJEC3KB.pdf
459d4a84-b662-46a1-8567-0b6445dc02f7,b82951e4-9794-4974-a95a-8941775bfa33,ROHIT KUMAR,Gupta & Agarwal Multispeciality Hospital,ACCT_VP9B0CWKXEH3IC2Q,ALLA0F51NX6,HDFC Bank,Deoria Main Branch,True,s3://up-ab-docs/CHQ_IIG2LWHALCQG.pdf
2844a7d3-df9d-4783-9482-aab8093d7045,c5e8f573-a35c-4f59-b296-423d35e2a503,SHYAM LAL,Zonal Hospital Jalaun,ACCT_7PKNGV9RBVB1W81U,BARB0ZZALZZ,Punjab National Bank,Jalaun Main Branch,True,s3://up-ab-docs/CHQ_CFHB7ZBF9JER.pdf
05d5f1cb-886b-41e4-a1d4-1f80081575d1,a91e761e-c0bd-446e-b9ee-b293ce8f2cf8,LAKHAN LAL PASI,Trauma Centre Hathras Block 1,ACCT_DOTDZ9LS87R9LCQ4,BKID0IART6G,Axis Bank,Hathras Main Branch,False,s3://up-ab-docs/CHQ_9D3FDQQQ1E5K.pdf
a5365229-f1d9-4ad5-b347-a5f82059d77d,e06a0ad3-d515-4d3b-a763-716b2ea04899,SHIV KUMAR,Urban Community Health Centre Kalyanpur,ACCT_EJ2V8KVQUW1CUL3Z,UPCB0SE757O,State Bank of India,Kanpur Nagar Main Branch,False,s3://up-ab-docs/CHQ_M1O3CPMZMIPU.pdf
c230ab73-ce27-4c17-9032-85dd2b600c51,7ade0625-920e-4c17-9c49-26b5460ba358,VIVEK KUMAR,Gupta & Agarwal Medical Centre,ACCT_S5DGMIEM6FV8TD0H,UPCB0QI2F0E,UP Gramin Bank,Amroha Main Branch,True,s3://up-ab-docs/CHQ_XPYDU81NAEI4.pdf
5f2fefb6-92fb-4765-963e-088d46190ba5,3f6e8f71-4b5e-412c-8c2d-e44ba17b6595,PRADEEP KUMAR,Dr. Sharma Orthopaedic Centre,ACCT_FTG9RO740S2NAV1Y,UPCB0E5G6S0,Union Bank of India,Hardoi Main Branch,False,s3://up-ab-docs/CHQ_YCIGIVEPOTKV.pdf
151a0db1-8833-4f62-92f1-51a0eebd7b01,04708f67-9623-4cbd-b6ba-dea7faf258a3,DINESH KUMAR,Primary Health Centre Hardoi Block 7,ACCT_X1ZQ3DJQEGNBRS1S,MAHB0271Q45,Axis Bank,Hardoi Main Branch,False,s3://up-ab-docs/CHQ_AEFA2QJPNFZ9.pdf
daae99d1-2542-49ad-8df4-d4c504a2fb90,5555d654-8be5-478d-9d4b-bb7fd625d29a,AMIT KUMAR,Gupta & Srivastava Nursing Home,ACCT_RF6UDK7P8NSBAJY2,ALLA01OQGTU,HDFC Bank,Hardoi Main Branch,False,s3://up-ab-docs/CHQ_326FTKVIS9HI.pdf
c24b67a6-e2c8-4bca-be43-019a26c83eed,d13d6915-8473-4197-ace7-e2e62cdecb96,RAKESH KUMAR SHARMA,Ganesh Orthopaedic Centre,ACCT_QM1G710OQE3N0G1W,CNRB0AG4NDK,Axis Bank,Saharanpur Main Branch,False,s3://up-ab-docs/CHQ_P7ECKJQVPMYL.pdf
bbf77296-897c-4a49-ad09-f2205e41e722,ab21d38b-3945-4717-b1c9-c068f33a80f2,SUSHIL KUMAR,Zonal Hospital Fatehpur,ACCT_BESGFG4XKMJGQKNX,BKID0K9ONJB,Allahabad Bank,Fatehpur Main Branch,False,s3://up-ab-docs/CHQ_G22LPXUBHB5O.pdf
f8f4a69c-3f16-4680-a46f-fc5dd519fa64,6a79cf0f-7f1e-433a-ac0f-d0edfbb790ed,RAJU YADAV,Mishra & Srivastava Heart Institute,ACCT_Y7UDQ5AIMYLU6Z0P,UPCB0150O4G,UP Gramin Bank,Mainpuri Main Branch,False,s3://up-ab-docs/CHQ_DT1H37S7S6J6.pdf
3530742a-daea-4cda-b030-9ecce860e31e,f4a39fd5-b6fd-4bbe-8b17-ee66e42185d8,RAVI SHANKAR MISHRA,Community Health Centre Ambedkar Block 8,ACCT_8BOXGMWQ46VTF0MV,UPCB020GTER,Allahabad Bank,Ambedkar Nagar Main Branch,False,s3://up-ab-docs/CHQ_U4KRIHN3TF9P.pdf
9e6a763d-3c88-40b6-b19d-8c77caa971d0,b311f10f-94e5-4859-963d-6349b6d9acca,BABLU KUMAR,Sub-District Hospital Badaun,ACCT_W8682QGCC1ME9SVA,BARB0AVT6Q2,Canara Bank,Badaun Main Branch,False,s3://up-ab-docs/CHQ_598628Z4BD9R.pdf
130c96e2-edbd-40dc-8aeb-548d2de54c90,588a58d8-6eae-4972-a4e3-77e30ffa3e3c,BRIJESH KUMAR,Dr. Srivastava Hospital & Research Centre,ACCT_36H57DP7TQMH5LHF,UBIN0Z8UB9S,Canara Bank,Sitapur Main Branch,False,s3://up-ab-docs/CHQ_6TJR9UV5Z6BK.pdf
43607979-ff06-4159-ba20-d43420f01161,b8bb53ec-7b96-4261-9bdd-39c9b8e48c9c,LAKHAN LAL,Singh & Mishra Children Hospital,ACCT_SOJ9PCOOX0GVMJO8,ALLA077DJUD,Union Bank of India,Prayagraj Main Branch,False,s3://up-ab-docs/CHQ_786F9Q7ZBS84.pdf
3492e1bb-e4cf-47b2-8894-81842bd258c1,ef28273f-7695-4530-bcc3-0c89203e1552,VIRENDRA SINGH NISHAD,Zonal Hospital Jhansi,ACCT_XKXNTQG9F98468D9,BARB0V9DNA3,Allahabad Bank,Jhansi Main Branch,False,s3://up-ab-docs/CHQ_QR15Q4ZQH720.pdf
768de667-8bab-4d5e-91f0-ac5e09fe1551,cccef36f-0564-4e3f-8e1e-166c86a895ef,MANOJ KUMAR,Agarwal & Agarwal Multispeciality Hospital,ACCT_JX3GJ5HSSN3KS5NG,HDFC0DRWRR7,Allahabad Bank,Azamgarh Main Branch,True,s3://up-ab-docs/CHQ_1QTJC6NK8LHF.pdf
2af051dc-6331-49c4-8ed6-cc9c1fc2eff0,b1aa3128-ec24-441c-9f91-c0d173ec2e65,RAVINDRA NATH PASI,Trauma Centre Shahjahanpur Block 1,ACCT_R9JY77GIHNVR172D,BKID06OB20F,Union Bank of India,Shahjahanpur Main Branch,False,s3://up-ab-docs/CHQ_JG49024MGWJI.pdf
3afd122b-0d61-4e5e-a2fd-da742a1422ab,b2903e45-442e-4dc9-b7e2-94c999ac28d8,RAM PRASAD,Trauma Centre Jalaun Block 1,ACCT_JGAHQFCCFQXHZURR,CNRB0UFUXFC,State Bank of India,Jalaun Main Branch,True,s3://up-ab-docs/CHQ_YT5VYJVINI9V.pdf
2d7715f5-ab7a-4add-9357-ccc03030d341,f36e39cb-f13a-43be-92b2-8a4c46a467e2,AMIT KUMAR,Combined Hospital Muzaffarnagar,ACCT_A8AT3MBU6SI92CE9,SBIN09ERGGG,Canara Bank,Muzaffarnagar Main Branch,True,s3://up-ab-docs/CHQ_7LU71DPVKTKZ.pdf
753dc048-daac-4274-a14d-5919a0132fa6,9333300c-391b-456e-85ee-4a23b83df8e0,HARI OM,Zonal Hospital Varanasi,ACCT_2J9TDWOVLEW6N087,CNRB0IHIDN3,UP Gramin Bank,Varanasi Main Branch,True,s3://up-ab-docs/CHQ_FYXXC0XZ36LE.pdf
9a8d3a3a-dce2-4405-99c1-f934f73215ac,aaf1df79-ec74-4f05-b724-5e9ec1f2c287,PRADEEP KUMAR,Women Hospital Basti,ACCT_IVBKCT7ZH7J48ZO1,MAHB01ITFHD,Allahabad Bank,Basti Main Branch,False,s3://up-ab-docs/CHQ_CAM6YMK3U070.pdf
f1af319f-2e94-4032-88b1-8967993c81e2,25a3f989-e430-401f-9131-376f1cd8ff63,SUSHIL KUMAR,Dr. Tiwari Children Hospital,ACCT_WCFIKGJ5M1Z8NA41,CNRB0TKEUCK,Union Bank of India,Basti Main Branch,False,s3://up-ab-docs/CHQ_2MVG06EI8YS0.pdf
5bc84f25-fcc5-47c8-ba66-e6fd279ba1eb,88aa76d4-a5a2-42d8-9d91-464c99d9aa38,AMIT KUMAR,Agarwal & Mishra Cancer Institute,ACCT_PG8V296Z3HI4HSY5,CNRB049IUGY,Union Bank of India,Mahoba Main Branch,False,s3://up-ab-docs/CHQ_WE6M2O2A6UAH.pdf
daeffb0d-4893-420e-b24a-40548d0e459b,5e4b493b-25cd-4a22-8924-51c3c6697718,NARESH KUMAR,Zonal Hospital Basti,ACCT_U335BRCOE2JA2ZBW,CNRB0X5YKOY,State Bank of India,Basti Main Branch,False,s3://up-ab-docs/CHQ_D4ZJZUYAWELN.pdf
6723b19e-8e94-4e9f-bf39-2b2165694c25,12b55e6b-1f5b-476b-8735-653792d91639,BRIJESH KUMAR SHUKLA,Dr. Srivastava Surgical Centre,ACCT_EJZUEDPQH5LHVXY4,CNRB0EZ6X0J,Axis Bank,Lucknow Main Branch,False,s3://up-ab-docs/CHQ_AK79QY1FUYF0.pdf
de767a5e-ede0-48c8-a001-545f794377a0,204d0dec-2428-43c3-9d83-f0299b9486f7,ANIL KUMAR,Primary Health Centre Bahria,ACCT_0CDJBAWT9OC6TG43,MAHB0WMYUA2,HDFC Bank,Prayagraj Main Branch,False,s3://up-ab-docs/CHQ_J7GZU7TN4VBL.pdf
4c926574-eca6-43c2-8acf-c2303249745f,9fa6ed63-66b7-4f8b-a1a8-6307316296a8,HEMANT KUMAR,Shakti Orthopaedic Centre,ACCT_BN5FB80474HNLTCT,BARB0GIUWLW,State Bank of India,Etawah Main Branch,True,s3://up-ab-docs/CHQ_WSRF26MGMU1A.pdf
d82b2836-e627-47ce-b6d1-9e8d68426f51,34dbc358-44de-45b3-8185-99e0856b2a0a,LAKHAN LAL,District Hospital Sultanpur,ACCT_KR14CZ8DS4Y3S9WM,UBIN0Q300ZX,Bank of India,Sultanpur Main Branch,False,s3://up-ab-docs/CHQ_P0UL519Z9HPQ.pdf
5f0b67ee-f01a-46c6-a714-bbb8c1fa2317,f399ac92-a52b-4638-8e5e-362ac45c47a9,DEVENDRA KUMAR,Trauma Centre Bulandshahr Block 1,ACCT_EFMR4L3JQKOLLU41,MAHB06BZPVS,State Bank of India,Bulandshahr Main Branch,True,s3://up-ab-docs/CHQ_B1QG5PQV9IB0.pdf
06c39dc8-259c-4b99-a07a-0d154d041e48,af9c4663-08cd-4aa8-a9b0-5d4a9f1c3441,JAGDISH PRASAD,Combined Hospital Ballia,ACCT_9QCSU9B7TRPIZDE2,MAHB0AQJQDE,Canara Bank,Ballia Main Branch,False,s3://up-ab-docs/CHQ_YCHLIA9DEHE4.pdf
f905d495-250e-4b88-8175-004cf6eb9166,59feb58f-10b2-44b7-95ec-9961cdd9cb34,SHYAM LAL,District Hospital Azamgarh,ACCT_MUQ4BG3E0ZAXTQDX,ALLA0H4O1YM,Canara Bank,Azamgarh Main Branch,False,s3://up-ab-docs/CHQ_TOBBXZNQ10SJ.pdf
a443f648-f79c-4d82-a64f-066717b2eb15,9b5aec1c-f59c-4cbe-b343-a4d10f65aa9e,RAMESH CHANDRA,Dr. Verma Heart Institute,ACCT_MK95D1KHCC8LZ0YB,ALLA0I8CGKP,Union Bank of India,Moradabad Main Branch,True,s3://up-ab-docs/CHQ_WR0YLTVT2D89.pdf
2e76ff57-5be8-421e-9f18-bb0ae338bac9,9c496e68-ffd7-4bc9-bf67-3498c1551012,ANIL KUMAR,Primary Health Centre Barabanki Block 6,ACCT_OUNLOWMWZ2SBR97A,BKID0QTZZG3,Canara Bank,Barabanki Main Branch,True,s3://up-ab-docs/CHQ_SZRBK19AP4GB.pdf
e562cd67-a821-4eac-bb54-8967e924dba3,98f30103-c1c1-4ca1-abc0-d45e6011bbe5,ROHIT KUMAR GAUTAM,Tiwari & Sharma Children Hospital,ACCT_SRZB3PY7T7SAL2GR,HDFC0Q6UY74,UP Gramin Bank,Mau Main Branch,False,s3://up-ab-docs/CHQ_07X9W0LHBQE5.pdf
87b7141c-0a5a-472c-812c-ca613543bf11,ebb52fbc-b517-485b-b021-7ba799124c1b,SANTOSH KUMAR CHAUHAN,Community Health Centre Badagaon,ACCT_5WZ15BR29FKHHJ93,PUNB0C35H98,Union Bank of India,Jhansi Main Branch,False,s3://up-ab-docs/CHQ_7YLW1LEC4EL5.pdf
a08c9a8a-5999-4af7-a9b7-44141488961c,4b4e4e27-1afd-49a5-a213-7eec78fdd5ea,RAMESH CHANDRA,Women Hospital Amroha,ACCT_6VSMORQP5L901YC4,BKID0RGT61H,Bank of India,Amroha Main Branch,False,s3://up-ab-docs/CHQ_WDSPUCKMP9XG.pdf
2d42fa74-a04a-4eea-af94-1ff8d53b04e5,70d8413d-6cee-47a1-8dca-499191c83394,HARI OM,Urban Community Health Centre Muradnagar,ACCT_P1AEXM2P3MOIR2PH,SBIN04I2DCN,Canara Bank,Ghaziabad Main Branch,True,s3://up-ab-docs/CHQ_M9QY675LQOR4.pdf
858b9970-8357-4a90-ae4d-743ebd436798,a85182ea-39a5-4653-b72c-0a3cf60c8bdb,DEEPAK KUMAR YADAV,Singh & Srivastava Heart Institute,ACCT_TUK59D3H1CP9UYIL,BKID0TVSV18,Canara Bank,Shravasti Main Branch,False,s3://up-ab-docs/CHQ_4M167FXOKXVK.pdf
8670c1b5-e683-4b34-b6a7-b05385342add,acf54909-f429-4c8a-8b44-561e9ab988b9,JAGDISH PRASAD JAISWAL,Community Health Centre Naujheel,ACCT_XFIVH5RY7AWZS0XM,PUNB033EOUM,HDFC Bank,Mathura Main Branch,False,s3://up-ab-docs/CHQ_CNGSGG2JJDRB.pdf
10eab120-5da2-4729-bc63-75154dec6d89,8d495549-7062-42a0-9e4e-44aeb67e59c4,DINESH KUMAR,Srivastava & Agarwal Eye Hospital,ACCT_SIZTO7UVA6P5G1XU,BARB0EVCVP0,Canara Bank,Mathura Main Branch,True,s3://up-ab-docs/CHQ_TGF1PEB991UU.pdf
1b1944bb-5ef2-4476-a95c-6c1a90db0e9c,f3cfe0e0-227e-4fe0-966e-6015b1c1e599,DEEPAK KUMAR,Dr. Pandey Hospital & Research Centre,ACCT_VK4K8T1GVZGCXGVL,ALLA0XWH5U1,Union Bank of India,Badaun Main Branch,False,s3://up-ab-docs/CHQ_OYK0B4YTYYXU.pdf
2463cfa7-3911-43df-b6d0-3dc9d1793207,38649307-865a-4a7e-aa7f-91fd66ad2b69,RAJESH KUMAR,Women Hospital Hathras,ACCT_M0A41OSNRE0EXRLM,UBIN02QDJP8,Bank of Baroda,Hathras Main Branch,False,s3://up-ab-docs/CHQ_SS2KPXFXDCKQ.pdf
2db69323-8683-4bdf-aeb1-d2f8eb544c76,95013210-df30-4699-9644-32da7da48a5d,DEVENDRA KUMAR,Ganesh Eye Hospital,ACCT_DRLLB8TUIWGBU3OR,BKID08FPN4W,HDFC Bank,Sitapur Main Branch,False,s3://up-ab-docs/CHQ_TOI7U9WSSDTT.pdf
28ef3b07-9406-487f-ba2c-f32444a9d9f3,7a3ee66c-aae8-4a51-88c8-644fe1342824,RAM PRASAD,Zonal Hospital Mirzapur,ACCT_ATKHZSIRAXKMK78U,BARB01W179L,Union Bank of India,Mirzapur Main Branch,False,s3://up-ab-docs/CHQ_G4WCL4TXU8WT.pdf
91f51f72-cee2-4edf-bedb-d9e745659ace,c0b8fd1c-4317-4af4-b509-e0c4565ba6bc,ASHOK KUMAR,Dr. Gupta Cancer Institute,ACCT_1T45Q3RLNAER9KW2,HDFC0WUYZ0L,Bank of Baroda,Kanpur Dehat Main Branch,False,s3://up-ab-docs/CHQ_EZYJ53GCQFOC.pdf
f4a3119f-19eb-434e-b44f-57d46a2288eb,27077ebb-6db8-4e5d-8b41-58a6f7931f09,RAKESH KUMAR SHARMA,Combined Hospital Etah,ACCT_IB44NLCNEB874DXB,UBIN0A10OO6,Canara Bank,Etah Main Branch,True,s3://up-ab-docs/CHQ_OTMQPHP2IHTS.pdf
7d7a6633-f443-4617-90fa-c58bb3b418b2,50204bf6-9931-42db-97f1-f9a549ab8921,JAGDISH PRASAD,Dr. Pandey Medical Centre,ACCT_LZ1KGZQSSG6U3Y9Q,UPCB0LI6YPM,Bank of Baroda,Barabanki Main Branch,True,s3://up-ab-docs/CHQ_PI9M6GYP1AEX.pdf
ee17f4fc-24cf-4668-aacd-9732dac21cfd,834427c5-4632-4c64-9d4e-c55ddcfaefae,ROHIT KUMAR GAUTAM,Srivastava & Srivastava Cancer Institute,ACCT_5UANCS0AI1FIYWR8,CNRB00K12EV,Bank of India,Hathras Main Branch,False,s3://up-ab-docs/CHQ_K54WNNA31C1D.pdf
becce13d-5355-4b92-b261-d0ab118b78a4,25cc882d-cade-4629-af07-bdbcaa8e2928,RAMU KAKA RAJBHAR,Dr. Agarwal Medical Centre,ACCT_MRCSXFMLWDFGE5XW,PUNB0KJJ2OP,Bank of Baroda,Lucknow Main Branch,False,s3://up-ab-docs/CHQ_HO327D64VJJO.pdf
4502ba64-5c68-43e7-b797-9a5fbd03c15e,f8264d5e-ffee-400a-bf57-b9ef5fc2de5d,RAJEEV KUMAR SHARMA,Trauma Centre Banda Block 8,ACCT_W9CG6W27YDDD9267,BARB073HEB5,HDFC Bank,Banda Main Branch,True,s3://up-ab-docs/CHQ_977CP2TWXWGZ.pdf
c6f968e3-3c24-4f66-ba3e-15c12bc14d03,45e84c29-db52-4014-af17-b9d0ee2d63ce,ANIL KUMAR,Durga Children Hospital,ACCT_EXS1D0AWXG1J7D8H,BARB0NANVR0,Axis Bank,Sambhal Main Branch,False,s3://up-ab-docs/CHQ_3VNDL8O3GK13.pdf
e33febd5-bebb-4b9e-9812-ed4cbaf828a8,cc5e5b5b-3f9c-4b05-b7eb-e6ca0798eb1d,SUSHIL KUMAR,Hanuman Orthopaedic Centre,ACCT_OEGP9VZAN51DD2JJ,ALLA0YHAVIN,Bank of Baroda,Badaun Main Branch,False,s3://up-ab-docs/CHQ_N945DT2JVK3B.pdf
74836cc7-7090-4b2e-8368-04901c1a7077,377821b2-a49b-4bc4-a0f1-4fb8c7f6285f,RAVI SHANKAR,Urban Community Health Centre Shahjahanpur Block 7,ACCT_1JCH0ELL5ES7U1GJ,HDFC01Z3K69,Bank of India,Shahjahanpur Main Branch,False,s3://up-ab-docs/CHQ_AYPN1X4JQE7Q.pdf
44ff1111-e21d-40b5-822a-914890d1b1e4,2a557c8a-e713-48d1-8205-e90d6d4721af,VIVEK KUMAR,Krishna Maternity & General Hospital,ACCT_PGK2HJ6GNNWJMJUQ,CNRB0U40VFQ,UP Gramin Bank,Gorakhpur Main Branch,True,s3://up-ab-docs/CHQ_ONRNQOFHDSPQ.pdf
f8de8417-6712-47b8-adc7-6a830fdce139,74267fc2-2786-4988-bc93-88244b6810f2,ANIL KUMAR PATEL,Pandey & Pandey Heart Institute,ACCT_N9PU70AS1ED5NXCG,PUNB0338WIW,HDFC Bank,Lalitpur Main Branch,False,s3://up-ab-docs/CHQ_10IWQJFZPF2L.pdf
6d477ae6-1cad-4ba1-aae6-fedfe5ee148b,b1df8b8a-7700-49d0-868f-15a80efe786f,VIJAY KUMAR,Women Hospital Ballia,ACCT_RKZXX8RT9ZOY9T3U,HDFC0NAKXL8,Punjab National Bank,Ballia Main Branch,False,s3://up-ab-docs/CHQ_P6QISWLSV6QG.pdf
75531924-da01-4666-9870-6c51531d3a5d,e0c66532-ebff-4954-8800-63e2cb651157,ANIL KUMAR,Dr. Mishra Orthopaedic Centre,ACCT_397BQZK2LNNJ6Z7W,UPCB02M2XH2,UP Gramin Bank,Sonbhadra Main Branch,True,s3://up-ab-docs/CHQ_KEML9TXILYG9.pdf
974918e3-fd6a-4930-855e-1670fd8373c4,8f7bda38-3fda-49f4-9453-fa8e3536276b,BRIJESH KUMAR PANDEY,Zonal Hospital Jaunpur,ACCT_N982CTVK4OUD7PCF,BARB0NKGQA6,State Bank of India,Jaunpur Main Branch,True,s3://up-ab-docs/CHQ_IBKZFQOXDCY6.pdf
e42af5c5-5eb8-4faa-b7a0-18791b60ab2e,d0691e20-b1e7-4edd-be74-72a3b9c090cb,MANOJ KUMAR,Combined Hospital Lucknow,ACCT_L0QDLBI169138GN1,HDFC0WCNOE8,Bank of Baroda,Lucknow Main Branch,False,s3://up-ab-docs/CHQ_3A89E3Y9WQ28.pdf
036d19f6-375d-422d-be3c-c91bbf4e8eff,5d745d10-cd21-48e5-925f-58429a3e5687,RAMU KAKA,Trauma Centre Rampur Block 4,ACCT_QLFOB5UWS5KRGQTU,UBIN0FWU4P4,HDFC Bank,Rampur Main Branch,False,s3://up-ab-docs/CHQ_6058KKTM3H4A.pdf
05ad9f30-433b-4536-a858-bc58d175e122,e14adc6c-c79a-4239-9638-60ff9f3f0573,SHYAM LAL,Women Hospital Pratapgarh,ACCT_4V2L3LMV8PECIOVD,BARB03KOBCQ,Allahabad Bank,Pratapgarh Main Branch,False,s3://up-ab-docs/CHQ_T9F5BO3UTASP.pdf
5f0a18d6-541c-4aff-8379-801949fa75e1,619241f5-3422-453c-bcba-0e1db980ad70,RAVINDRA NATH,Combined Hospital Rampur,ACCT_V5B68SA9T9P4HVY4,BKID0U3N5HT,Allahabad Bank,Rampur Main Branch,True,s3://up-ab-docs/CHQ_A6522DZG2B7R.pdf
6c7728df-8ff3-4b69-b9b6-a47de9c21254,aaa5f081-2aa2-48c7-9446-6f1876d6f411,RAVINDRA NATH MAURYA,Community Health Centre Bijnor Block 7,ACCT_RRHDPPVEFF1V35G5,CNRB0AQ09UI,Bank of India,Bijnor Main Branch,False,s3://up-ab-docs/CHQ_04TP3IXH5F1G.pdf
e5899b4b-aa72-42c4-b69f-ef57b2da1eff,08ab8528-92cf-4e3a-b598-5a5ffda9e765,SHIV KUMAR,Dr. Tiwari Heart Institute,ACCT_JE4ECUPFNUO68MJS,HDFC0JK0B0E,UP Gramin Bank,Pratapgarh Main Branch,False,s3://up-ab-docs/CHQ_MGTMAU2FOIW8.pdf
3c2243d2-7297-4ad4-b44c-a0c5b628af0e,34582c76-948b-4ff1-b5ea-30b1e41c3fd3,GUDDU KUMAR,Community Health Centre Saharanpur Block 6,ACCT_ZRM5ZXS1BNXIR9XT,BKID0W303QJ,Allahabad Bank,Saharanpur Main Branch,False,s3://up-ab-docs/CHQ_366VKZ3T8I3Q.pdf
10b8cea1-b402-4b17-b22a-fa671433ef8e,b0d0a36d-733b-4790-b6cb-b1776cdbe3b1,VIVEK KUMAR,Hanuman Multispeciality Hospital,ACCT_JPJYU0GXDYHVHKPY,UPCB0SJ3OB4,UP Gramin Bank,Mau Main Branch,True,s3://up-ab-docs/CHQ_7XOE82WNDB0X.pdf
a312d75a-4bc9-46ba-b985-ec296bd4fc7a,54b20748-91e8-411a-bb22-b4a41e7cd872,VIVEK KUMAR,Krishna Multispeciality Hospital,ACCT_2TDXZO0IXUJWPOPE,PUNB0LQOZZG,Bank of Baroda,Raebareli Main Branch,False,s3://up-ab-docs/CHQ_4FWGPIGMRYZH.pdf
bebea3bd-ed3b-4710-a3e2-9da4cb477d86,a07869aa-6cb5-42b3-8592-33bf95ca49fb,RAMU KAKA CHAUHAN,Dr. Agarwal Multispeciality Hospital,ACCT_P802FL252ATCOAB7,UBIN0HQI8C9,State Bank of India,Hardoi Main Branch,False,s3://up-ab-docs/CHQ_E1PORHOK47YZ.pdf
bed02567-4503-4d98-991f-90c5c82de54e,2ece46c0-d99c-499e-95a5-c0d91ef7a0c1,ANIL KUMAR CHAUHAN,Medical College Hospital Varanasi,ACCT_FGC13O8KUFAT0UDB,BKID0TPAHEP,Allahabad Bank,Varanasi Main Branch,False,s3://up-ab-docs/CHQ_GX12QVIK3R04.pdf
653b432c-c079-4bbb-aa82-a54a1cb9ccbd,781f96ae-034b-4a7c-9b21-4623143b17d4,RAVI SHANKAR VERMA,Dr. Verma Children Hospital,ACCT_1LF412LZQ4T0DN7M,ALLA0YA18PX,UP Gramin Bank,Meerut Main Branch,False,s3://up-ab-docs/CHQ_7KVI8LJRHJWX.pdf
8c6da67b-0af8-4ef7-8f5a-15a9c3768e61,43996e5a-0ba1-49a3-bca8-48d6bf5d4d79,VIRENDRA SINGH,Gupta & Pandey Hospital & Research Centre,ACCT_GKZ8NEPJXYO3JVBQ,ALLA0S48WU1,UP Gramin Bank,Ghazipur Main Branch,False,s3://up-ab-docs/CHQ_6VLFEG99DPR6.pdf
b1577974-f15e-4d29-9536-84843b19717d,4bd854c8-5c65-4135-abd3-1499a9003c3e,RAJU YADAV,Community Health Centre Loni,ACCT_08HQSM2DRQGLYXAI,BARB0LN0ULX,HDFC Bank,Ghaziabad Main Branch,False,s3://up-ab-docs/CHQ_8L82B649OY12.pdf
2f212d02-c5a8-45c6-94d4-55091116fecd,61cc971e-208f-4727-bce5-e8e9cb5fdb04,BRIJESH KUMAR,Saraswati Nursing Home,ACCT_2Q3P9MTMD2BAB2VO,BARB0KCT0WG,UP Gramin Bank,Lakhimpur Kheri Main Branch,False,s3://up-ab-docs/CHQ_E3XY2YWSKQO9.pdf
28f1ec17-c03f-45ff-a01b-ba7318ca12ec,27cb775a-7e36-4a95-8089-3e3585456557,ASHOK KUMAR YADAV,Tiwari & Verma Maternity & General Hospital,ACCT_VF3X8KFGBK6R3ZZP,CNRB042QCWT,HDFC Bank,Lucknow Main Branch,False,s3://up-ab-docs/CHQ_GLJ7U14FDMHH.pdf
c6406762-1d3a-491a-b99e-b248df0a1488,72efbd34-cf81-4cf0-8910-777597ae85ba,MANOJ KUMAR,Combined Hospital Hardoi,ACCT_JFNYZ8N3HACPBYDH,SBIN0EDBAPC,Canara Bank,Hardoi Main Branch,False,s3://up-ab-docs/CHQ_7DMSAZ6EVONH.pdf
348b9354-3aee-4abe-bae9-27c2bccf5ae9,8d76fa6a-16be-4276-a4a0-d59fe9ee5a7f,NARESH KUMAR LODHI,Urban Community Health Centre Hathras Block 3,ACCT_A3GML7ILMKYUICB3,BKID0H7RHYA,State Bank of India,Hathras Main Branch,False,s3://up-ab-docs/CHQ_XFJUQD3OTYMT.pdf
3c005210-695f-421d-b74d-8079cbe0ba50,88f78b56-50e9-4119-b191-af66e4852c3f,SUSHIL KUMAR MAURYA,Dr. Srivastava Eye Hospital,ACCT_IPHUOR6FXSKDOL7P,BKID0KGZ4Y1,UP Gramin Bank,Aligarh Main Branch,False,s3://up-ab-docs/CHQ_4ZN95JM8A7XD.pdf
8b11e2fd-7a7a-4429-b4a9-8a225524e760,e0f72d54-9e20-4745-ad4e-10c19845d116,RAJESH KUMAR,Mishra & Tiwari Surgical Centre,ACCT_P5A7G4NVOI1Y89LL,ALLA08STLML,State Bank of India,Lucknow Main Branch,True,s3://up-ab-docs/CHQ_IHOATLGSYSOG.pdf
40b279ef-b75c-415e-b04b-8b3a9ffc48e9,b64abb23-82b5-4b72-88ae-dc6ecd7225bf,ARVIND KUMAR,District Hospital Kanpur Nagar,ACCT_GP13KGO0UPVG0FZA,PUNB00HQ03G,Bank of Baroda,Kanpur Nagar Main Branch,False,s3://up-ab-docs/CHQ_BJ2L6ZD461L0.pdf
d36e55a8-3cef-4cea-a16b-fe15a102e28d,0f2d4ec6-9c01-4b87-9930-0670cbc2cc1c,RAMU KAKA,Community Health Centre Basti Block 4,ACCT_B9DS4KLLGOPX9LBJ,UPCB0EY04Z5,Allahabad Bank,Basti Main Branch,False,s3://up-ab-docs/CHQ_3H89OT5OLKPN.pdf
e4f4b2cb-cf63-44fe-98ef-626450cd656d,d3d7f8a4-1799-47d3-9d57-2e392c987e85,ROHIT KUMAR JAISWAL,Combined Hospital Firozabad,ACCT_0TGTITTVYKBNQGZL,BKID0KFU3NE,State Bank of India,Firozabad Main Branch,False,s3://up-ab-docs/CHQ_GT8W3RR9YOEP.pdf
cc5c9be0-3b0b-4331-b93d-dbc27fd39180,d05c8016-35c4-4f07-bafe-6ac618c401e7,SHIV KUMAR,Dr. Pandey Orthopaedic Centre,ACCT_SZQ6BEBYHRGJGQZH,PUNB08ZY7VZ,Bank of Baroda,Shahjahanpur Main Branch,False,s3://up-ab-docs/CHQ_2PZ887KR8LT3.pdf
3d0969d7-1ff0-441b-bccb-644488d0a61e,caf48ebb-7ba5-4b1c-a025-ae041895778e,MUKESH KUMAR,Ram Multispeciality Hospital,ACCT_QNZNU5EQSLBQTGDX,ALLA0V0LQIX,Bank of Baroda,Agra Main Branch,False,s3://up-ab-docs/CHQ_9Q9M4VBJJL5P.pdf
e5cbfb6b-d031-4b4f-aef3-958f210c83ed,24db8f70-0798-46f8-a59d-9bf812a2a450,SHYAM LAL,Urban Community Health Centre Raebareli Block 4,ACCT_C0NR8AIBR9V3KQUV,BARB0RZ8I8K,Bank of Baroda,Raebareli Main Branch,False,s3://up-ab-docs/CHQ_HB4I6NO4AH7P.pdf
8fbbed60-f20e-4477-bf6d-01ac2835fc63,65e9cae5-1bb5-47e7-8469-3b64297e5819,SHIV KUMAR,Trauma Centre Kaushambi Block 4,ACCT_0KGZ8RPNDC1D7LPO,PUNB0N4P8GG,HDFC Bank,Kaushambi Main Branch,True,s3://up-ab-docs/CHQ_CHP6I1AE9OLW.pdf
c62dbf16-e8e2-45bf-a137-7546832dc24b,15176ead-9e35-46f3-b718-1ee80ed8d1ac,BABLU KUMAR,Trauma Centre Ghazipur Block 5,ACCT_HJBRRLCDDIV2QHQF,BARB07R4NH6,State Bank of India,Ghazipur Main Branch,False,s3://up-ab-docs/CHQ_DEJV4G34N3X2.pdf
877ef384-7337-4087-8583-b621a924857a,304abb1b-8927-402c-bb21-99af928a56d2,RAKESH KUMAR,Verma & Mishra Orthopaedic Centre,ACCT_LGJMT35317BTEW2T,ALLA0Z873A6,State Bank of India,Fatehpur Main Branch,False,s3://up-ab-docs/CHQ_EPO142WMXF6F.pdf
b6e6fc7a-f9eb-43b3-a981-a5189b763c4e,41daf0d0-d3ba-4bf0-a9d2-8cbaabf6d384,JAGDISH PRASAD,Krishna Orthopaedic Centre,ACCT_UNVEUF1E18BKNEH8,BARB02JTPLU,Bank of India,Rampur Main Branch,True,s3://up-ab-docs/CHQ_Y1E0ZX9VLF9A.pdf
d671e35b-53ff-4cd4-a506-c2fe308d8acc,eff8c7f7-6b7a-4d39-aada-88ac58e6c863,NARESH KUMAR TIWARI,Shakti Cancer Institute,ACCT_QEKB9N3N4MV2DRGW,ALLA0WDG5S9,Punjab National Bank,Agra Main Branch,False,s3://up-ab-docs/CHQ_NN00B58282IP.pdf
1382dc0a-c921-44ed-8b37-ceac3c1944c8,76f0688b-0b6e-428c-9661-228e6786d89d,SANJAY KUMAR,Dr. Srivastava Medical Centre,ACCT_EMW8TAO7K8TNGAC6,UBIN09LER6E,State Bank of India,Kannauj Main Branch,False,s3://up-ab-docs/CHQ_CDUZFLR1HD0E.pdf
899d2c4c-3ce9-4cb5-b3a1-a75c0e1c697b,0bbf506d-973a-42f6-896f-270c78cdb37e,PRADEEP KUMAR,Women Hospital Mirzapur,ACCT_8AXNFVTWSV5BITIO,MAHB0XAB3XR,Union Bank of India,Mirzapur Main Branch,False,s3://up-ab-docs/CHQ_JHPO5JSQY60L.pdf
3c95af21-c87c-4786-a294-7efe6d1563c4,a06311f6-0fa6-4dbe-817e-56f528a5e0ea,SURESH KUMAR GUPTA,Pandey & Srivastava Orthopaedic Centre,ACCT_41AH1OPJ667FSDNE,PUNB0EG27TN,Bank of India,Bulandshahr Main Branch,False,s3://up-ab-docs/CHQ_5QHV3SAODANO.pdf
ad7f181e-78e7-4985-bb3a-462dbca45ecd,8be6a867-97dc-4986-87a7-81062f67660f,PAPPU YADAV,Community Health Centre Bahraich Block 1,ACCT_VH9O3D28TBY3AJUE,ALLA0KPNHQS,Punjab National Bank,Bahraich Main Branch,False,s3://up-ab-docs/CHQ_6PP7C4URDLSX.pdf
b7a109b6-b7aa-439e-a12d-d3a30398b318,8a53fac1-ab97-441b-b0ec-aa542b7d7a9a,HEMANT KUMAR,Dr. Sharma Multispeciality Hospital,ACCT_EFT23LQZI9F4YZ8P,BARB013IJ6M,Bank of India,Amroha Main Branch,False,s3://up-ab-docs/CHQ_NPLQZYTI06IK.pdf
7b505861-b384-4e3f-80eb-90edf7c4d011,56dfac25-65ed-4c1e-8408-7fb3bdfedde1,RAM PRASAD GUPTA,Saraswati Heart Institute,ACCT_GNVX73UTPFJ5CK3O,BKID0Q5DIQA,Punjab National Bank,Hardoi Main Branch,True,s3://up-ab-docs/CHQ_RFQHIB6OPQYV.pdf
b1e252e0-08b4-4004-baa6-66479c745c01,b91a8a7c-bf98-4fba-8fb5-0f25465bb9f7,ASHOK KUMAR,Sub-District Hospital Bareilly,ACCT_CR1PY7BWTSKGHQ5B,UPCB0WYO12R,Axis Bank,Bareilly Main Branch,False,s3://up-ab-docs/CHQ_D66Y5LP1LZ88.pdf
90265ec8-8326-4810-be6a-2e782ca17854,abe8fb59-9eeb-4a1b-ae32-281761671a90,SANTOSH KUMAR,Urban Community Health Centre Ambedkar Block 4,ACCT_4J7X2C756PD7E9A4,CNRB0VBMN1W,Bank of Baroda,Ambedkar Nagar Main Branch,False,s3://up-ab-docs/CHQ_M27GAEVNECL8.pdf
fe3c6c3e-dab7-4444-9021-5428be26e02b,3e4a23d2-c449-4be3-9d75-c2d3f537e4c1,PREM SHANKAR,Ganesh Heart Institute,ACCT_6787XQT7QFWUVW2B,PUNB085LOT5,Canara Bank,Bareilly Main Branch,False,s3://up-ab-docs/CHQ_AZZPCP0MQHE2.pdf
a56f936a-fb9e-485d-9fd4-faca0c0240af,7d3a6fb8-836e-477f-bed4-8e6b99ce006f,HARI OM,Sub-District Hospital Bahraich,ACCT_Z4ZFOLC7UHJE3M4N,SBIN0M8JDN8,Bank of Baroda,Bahraich Main Branch,True,s3://up-ab-docs/CHQ_D9ZT4E1OSFPM.pdf
d19d40ce-c129-4f4f-ba45-f9c46a05bb21,8052c7d4-796f-4a16-92ad-b46246192b2d,VIVEK KUMAR,Dr. Verma Medical Centre,ACCT_6BFQXUXWQSNER1BU,SBIN0GHKWQB,Allahabad Bank,Siddharthnagar Main Branch,False,s3://up-ab-docs/CHQ_PYBMIDB959CG.pdf
1efb0f47-7df4-46c1-bcc7-391d3480b1a0,4b1b09eb-7d1e-456b-b574-a77de98fd412,RAKESH KUMAR,Community Health Centre Machhara,ACCT_LJG5D1PU7NZDEQZC,UBIN05JH09Q,Bank of India,Meerut Main Branch,False,s3://up-ab-docs/CHQ_GF1L6CSYOR4S.pdf
8d5fca7c-f3d0-4342-ab50-e6a636dda644,9cd9e31f-ab3a-44f0-b283-69eed7aab7d7,BRIJESH KUMAR,Zonal Hospital Basti,ACCT_LEB66S40GMF1RL37,ALLA0K39JBG,Union Bank of India,Basti Main Branch,False,s3://up-ab-docs/CHQ_SUI35L3NIFL6.pdf
e7d9ed05-a2f3-4ee9-899b-48937dd6df26,b2a30819-9db4-4966-a064-579a464507bd,RAMESH CHANDRA,Women Hospital Agra,ACCT_5J1EAT5815XTV493,UBIN0G6G964,Punjab National Bank,Agra Main Branch,True,s3://up-ab-docs/CHQ_CSWC5X1OPWG8.pdf
36d0348f-2174-4bb1-8873-bd179cdeddca,d19a4547-c47c-478a-a5ea-fb32f81f238a,RAVI SHANKAR,Singh & Gupta Multispeciality Hospital,ACCT_VZOXA1JCX7L41C1F,BKID0OZWHN8,UP Gramin Bank,Hathras Main Branch,False,s3://up-ab-docs/CHQ_YMWM3CFD3UHF.pdf
a1b1c75f-1a26-4748-90c7-d53121c2863e,639ffc2d-ecdf-44b8-9943-60faac4ee622,RAVINDRA NATH,Ram Hospital & Research Centre,ACCT_65L11EYDPBPX79NC,UBIN05RWRI8,Bank of Baroda,Azamgarh Main Branch,False,s3://up-ab-docs/CHQ_KML7DCANEFRK.pdf
80e3043b-5b7a-408a-9133-1fed7c1a82e6,89f423a1-3966-48f9-815b-958a153a94ff,LAKHAN LAL,Zonal Hospital Etawah,ACCT_R1K5YSOS8BITTMOT,PUNB0RNLSLY,UP Gramin Bank,Etawah Main Branch,True,s3://up-ab-docs/CHQ_KBOLTOJDI2Z7.pdf
077a3a98-938d-4130-9445-c171e56f8102,efef37e3-172e-4370-89d4-4bc91b2398ab,NARESH KUMAR MAURYA,Women Hospital Basti,ACCT_X82PACH5KF66WC5U,UBIN0VVHM7L,Allahabad Bank,Basti Main Branch,True,s3://up-ab-docs/CHQ_Y20QWBG0VLYO.pdf
0579d4ef-0f20-419f-bd2f-20eecd0613ee,c2dda112-71ea-4d47-a966-3b8683d8dd3f,ASHOK KUMAR,Dr. Tiwari Multispeciality Hospital,ACCT_9PU5D63DK8BWPBU7,PUNB03W7KHV,Punjab National Bank,Hathras Main Branch,True,s3://up-ab-docs/CHQ_NXSTNGPGJIPB.pdf
017bd29a-35b4-488b-b448-d343c447dbd8,303388df-3cf7-4298-86cb-d52b810ef613,VIRENDRA SINGH,Urban Community Health Centre Sultanpur Block 3,ACCT_59EJ313BS55HA3OZ,HDFC0ME61OX,UP Gramin Bank,Sultanpur Main Branch,False,s3://up-ab-docs/CHQ_8GXVXF53IO9Q.pdf
cfecbf48-fe7c-4b67-b48c-2821c7fba81a,1cb75b4d-3326-4e4d-a2ac-3e6c6b97bd04,DINESH KUMAR,Dr. Verma Nursing Home,ACCT_K9WFWL0AP8VO0RC6,UPCB00U0NI4,Bank of India,Farrukhabad Main Branch,False,s3://up-ab-docs/CHQ_SQ3W5MDOS3HZ.pdf
c90a8d4f-f6ab-4788-8acb-33b76c803648,46008c3d-9845-40b0-9470-154009e40d0f,ANIL KUMAR,Zonal Hospital Hathras,ACCT_8XXR5B9A7UJP1LRN,BARB0R6WCR0,Union Bank of India,Hathras Main Branch,False,s3://up-ab-docs/CHQ_VPWCKIQ5EAQB.pdf
c200f9c0-62c4-4a8f-9188-aa367e2361e2,83b596d4-261f-4a3e-94b4-fee8e3c97037,SANJAY KUMAR SHUKLA,District Hospital Sitapur,ACCT_K9QMJZ8CR2S4J7YA,UPCB0346AI5,Punjab National Bank,Sitapur Main Branch,True,s3://up-ab-docs/CHQ_LKD5JY2VYONE.pdf
d29ebc12-87cd-457f-81a8-fbcc96cd75ca,4b376662-68c0-4a9e-8631-8da88cc46bdf,SANTOSH KUMAR,Women Hospital Jalaun,ACCT_I9WYSQY6R6N8GOEW,UPCB0EZAEBU,Axis Bank,Jalaun Main Branch,False,s3://up-ab-docs/CHQ_YXVGSEDJAS71.pdf
f0db82f9-39ae-4c54-86b5-c94ab60efafd,b056e2c7-7f95-4783-add3-084565af297e,SURESH KUMAR,Dr. Gupta Surgical Centre,ACCT_YJ33G7QQSCDFZUWM,BKID0WV66IB,Allahabad Bank,Saharanpur Main Branch,True,s3://up-ab-docs/CHQ_AOFH43QP023I.pdf
e5843330-b899-4659-a643-9d66a4f50697,97fb368a-0d78-4977-a707-d6c350b2683e,VIJAY KUMAR VERMA,Women Hospital Mirzapur,ACCT_VZNNNY9XH8DV6W5F,UBIN05E3F7F,Allahabad Bank,Mirzapur Main Branch,False,s3://up-ab-docs/CHQ_45495DINQUMH.pdf
97d7378f-bcda-40b7-82be-a19d726b215c,781d2b15-6dec-44a6-a948-9f3756c1ec5a,RAVI SHANKAR,Dr. Pandey Eye Hospital,ACCT_B1KFNBQTKG8K0GST,SBIN0LN8QMA,Axis Bank,Lalitpur Main Branch,False,s3://up-ab-docs/CHQ_PK2UT3AF5AHA.pdf
20e82a27-24fd-4b85-8c0d-6409789f4dd6,4698c63e-188e-4869-98ea-f0f5f5204e6b,VIVEK KUMAR,Trauma Centre Bijnor Block 3,ACCT_KAQOHGD8L033D5S6,BKID0L5A7K1,HDFC Bank,Bijnor Main Branch,False,s3://up-ab-docs/CHQ_OMQAHWNNWDJQ.pdf
20c7ec5b-6e77-482c-8804-07994e456454,92ea8701-4174-4c3e-a2da-129dd0150a34,AMIT KUMAR,Zonal Hospital Kasganj,ACCT_2STOZ91GC30HV05K,SBIN00BWUFR,Axis Bank,Kasganj Main Branch,False,s3://up-ab-docs/CHQ_1SHNGKK7VLRC.pdf
6191a704-8d04-44ce-8b51-a0e7a4b12556,3c3f46e9-10c8-4f1e-8b29-5ea7bf21c8d7,LAKHAN LAL,Primary Health Centre Bhojpur,ACCT_KJJ6W0DTNV8W80TU,UBIN0D503C9,Axis Bank,Ghaziabad Main Branch,True,s3://up-ab-docs/CHQ_FRMLMDY0A2NJ.pdf
d8339cd3-1771-41db-8ce2-88a8150b321e,2fff4a41-fc32-4112-b004-e2a92f1a129b,HEMANT KUMAR,Community Health Centre Siddharthnagar Block 2,ACCT_PNAUBDYHF9BXZR10,BARB0LKTMD4,UP Gramin Bank,Siddharthnagar Main Branch,False,s3://up-ab-docs/CHQ_3OURPX5IWN0T.pdf
5fec0b94-ba38-4993-9b53-91c7f672d91b,494808ef-aeec-4073-87ac-bf10484a67b7,MANOJ KUMAR,Women Hospital Hamirpur,ACCT_55VJPGYPUEUSR8AK,CNRB0M5ZC4E,UP Gramin Bank,Hamirpur Main Branch,True,s3://up-ab-docs/CHQ_D8OHNJL6LG3O.pdf
35bf22de-d13a-4e14-aa21-5345016fe7f7,938ada21-db7d-45a9-878b-2ebe3568a39a,ARVIND KUMAR MAURYA,Sub-District Hospital Azamgarh,ACCT_LJU1OFO3FO4F8EVC,SBIN0JLPAQA,HDFC Bank,Azamgarh Main Branch,False,s3://up-ab-docs/CHQ_ZMZ28NW218YI.pdf
0b66af0c-34a0-4b03-9dbf-3e0cdeca826c,cf0084ff-03a0-4af9-8f93-e4215fb821bf,SUSHIL KUMAR,Trauma Centre Lalganj,ACCT_B34OWOLT074HB8LF,HDFC0HASU38,State Bank of India,Azamgarh Main Branch,False,s3://up-ab-docs/CHQ_TTYLJVGGVRWI.pdf
dc50608a-37ee-4596-b115-a5f7ce025798,2f841c1e-94ab-47f1-b4f4-6a9755c35742,RAKESH KUMAR,Zonal Hospital Baghpat,ACCT_L90PGY7BCB28XGPY,PUNB0BJOJNC,Bank of Baroda,Baghpat Main Branch,False,s3://up-ab-docs/CHQ_7K4Q4F61A2Y9.pdf
767f292d-11ca-41e4-b293-6d07ddda3ed4,d440f795-2f6b-4c24-9904-fb6bf4de25cf,RAJU YADAV,District Hospital Bareilly,ACCT_UUJVGCX6TN9M24LB,BARB01KMGUI,UP Gramin Bank,Bareilly Main Branch,True,s3://up-ab-docs/CHQ_A8OKW4VZ12RQ.pdf
4e346682-23c8-4f71-8428-ead02265b7fc,e6f59f84-8a49-480a-9aac-fd9dcd356d60,PREM SHANKAR YADAV,Combined Hospital Aligarh,ACCT_Y4BILC7A8N19UFAF,UBIN0UFDYWS,Punjab National Bank,Aligarh Main Branch,True,s3://up-ab-docs/CHQ_9HA8C2BJ1PG2.pdf
e1f64b88-d2bd-4205-b1e0-e957de922c99,be346f28-1631-4c7f-9dd2-c5ecc971bb45,RAVI SHANKAR,Primary Health Centre Gautam Block 3,ACCT_WP6SWW299DVWFND0,BARB0O3G7TN,Canara Bank,Gautam Buddha Nagar Main Branch,False,s3://up-ab-docs/CHQ_CC9WC6UG4Z9R.pdf
e38d3835-bf33-452c-bcc0-0ae04392bf86,8fdfe1df-6126-4bf3-a5a9-29be286fc729,GUDDU KUMAR,Primary Health Centre Hardoi Block 2,ACCT_0V2UMVN1QUOQ76CK,HDFC0VK4DV7,UP Gramin Bank,Hardoi Main Branch,False,s3://up-ab-docs/CHQ_A0BY6B96G9T9.pdf
b8d9cf68-2783-4380-96fa-093ccad50300,96c9506c-020a-4297-8af7-1d7eeffe7be0,PAPPU YADAV,Medical College Hospital Gorakhpur,ACCT_UMLMHPKR951O9ELQ,PUNB0H0OQC5,Axis Bank,Gorakhpur Main Branch,False,s3://up-ab-docs/CHQ_D17QXB3O8J82.pdf
399a1e49-34ef-48a3-b2a4-b13ee0e6af51,d1cb92dd-5843-4f7a-bcbe-1487358d8cc0,SHIV KUMAR,Dr. Singh Children Hospital,ACCT_HQSIK19OERXB0271,CNRB0P59G65,Axis Bank,Balrampur Main Branch,False,s3://up-ab-docs/CHQ_Y9GNE1B45GIR.pdf
9b2fdd18-7a34-41e9-bd4f-99d86cf8dd12,dc3838bb-176a-4392-b83b-98e3856a632f,RAMESH CHANDRA SHARMA,Community Health Centre Lalitpur Block 3,ACCT_K5GL7J54LLOPVCKX,BKID095MJ7B,HDFC Bank,Lalitpur Main Branch,False,s3://up-ab-docs/CHQ_8XPWQ2YWIGC4.pdf
ff94d9f0-a1cf-40c2-b777-6c4b646d95c8,7351156d-395a-48f3-ae66-8871e568bf63,BRIJESH KUMAR VERMA,Zonal Hospital Ayodhya,ACCT_DM7ETNADGNTSILSK,UPCB0R2G5PZ,Axis Bank,Ayodhya Main Branch,True,s3://up-ab-docs/CHQ_I9QE629WTUDV.pdf
0db6bc79-5364-4f45-bf7a-ab540c924f9d,58705a78-cc11-414e-b4fb-f96d67d01ca4,SURESH KUMAR,Community Health Centre Jani,ACCT_RWEI8DLP4BHOMMRM,PUNB05FAI6V,Union Bank of India,Meerut Main Branch,False,s3://up-ab-docs/CHQ_Y3EL1HH93DB6.pdf
931f056d-668a-44a8-99c3-cb3a0f87fbb9,e85ab361-725c-45c9-a25a-734c9f115fe9,VIJAY KUMAR,Shakti Cancer Institute,ACCT_2UV1V48HD0TC0CCL,HDFC0NWGA7Y,Canara Bank,Kaushambi Main Branch,False,s3://up-ab-docs/CHQ_J4N0OYFYX3Z6.pdf
f199c2ad-c2d1-4236-b246-62dbbae2cdd0,46d33299-c193-4919-9d89-9426f61866fb,RAJESH KUMAR KURMI,Medical College Hospital Shravasti,ACCT_MECEISA6TRXXTI1U,PUNB0N21R84,Bank of Baroda,Shravasti Main Branch,False,s3://up-ab-docs/CHQ_N6IIQXAU9HC0.pdf
0f6455fb-8a04-43ca-875d-8cb36c38c21f,69145784-4a25-49ed-958e-b532f579d5ed,SURESH KUMAR SHUKLA,Urban Community Health Centre Kalyanpur,ACCT_NOJBNRSFXYE4NTLQ,BKID0WY7EFS,Allahabad Bank,Kanpur Nagar Main Branch,False,s3://up-ab-docs/CHQ_JK8VZOIH6OXM.pdf
db031955-4adb-445b-98bb-b3dc125b9dec,36444e3e-7a59-4ea5-8c9a-c6340604da8c,DEEPAK KUMAR,Women Hospital Sitapur,ACCT_I2BFIHYF5R5DIYE4,BARB00GO567,Axis Bank,Sitapur Main Branch,True,s3://up-ab-docs/CHQ_DHCL7Z9KFTJP.pdf
7257d6ec-5a7b-41bf-b302-b5617e50e749,8261815c-c6c3-4440-b5cb-a61472a5f6c3,RAVI SHANKAR,Trauma Centre Banda Block 8,ACCT_XQ8Y9YM7T09B0GF8,BARB0YRVXYA,Axis Bank,Banda Main Branch,False,s3://up-ab-docs/CHQ_J1A3V69RRNQB.pdf
a881dae6-2f94-44e4-a4b7-48a044ebef14,59fb002b-fae0-463b-a777-ddd901369bf2,ROHIT KUMAR,Women Hospital Sonbhadra,ACCT_WM3OJOMVPJVGSXUG,BKID0H3DUIK,Union Bank of India,Sonbhadra Main Branch,True,s3://up-ab-docs/CHQ_ILRC36SKKC1W.pdf
38f65ff3-d411-4382-9202-9cd827ae1bc9,9d90006e-8084-409b-8df1-e98cb3cdde4c,ASHOK KUMAR,Trauma Centre Kashi Vidyapeeth,ACCT_U1C6ICB9VDYQCE1I,UBIN0WTRPYG,State Bank of India,Varanasi Main Branch,True,s3://up-ab-docs/CHQ_RWMLQXXCAM23.pdf
51e83746-3cc0-4325-885e-f7c0999ec522,e5e3d91c-f1d9-4cd7-b2e5-9814142125b5,SANTOSH KUMAR,Trauma Centre Sirsa,ACCT_G2C7G4ZVBHA1ZMOI,BARB0XZM8SK,State Bank of India,Bareilly Main Branch,True,s3://up-ab-docs/CHQ_Y1BKAQH8INFB.pdf
54fe6431-2f0e-49e7-ab77-36e22ed9ee92,8b5a2d8c-e6e9-4fda-982b-128ab4d07053,RAVINDRA NATH,Saraswati Nursing Home,ACCT_5XTN2C1LHQHRKCMZ,ALLA0YDFVCF,Canara Bank,Lakhimpur Kheri Main Branch,True,s3://up-ab-docs/CHQ_AO3TOE29EN3J.pdf
08cd145e-fe43-409f-af53-6bb02760431d,3fdfbb50-b470-4048-bc8a-b65b51b1e469,SUSHIL KUMAR,Trauma Centre Pilibhit Block 5,ACCT_O4XZKUR936KVV6DB,HDFC0JE7WBJ,Canara Bank,Pilibhit Main Branch,False,s3://up-ab-docs/CHQ_HRPKXO4HFYNT.pdf
a6c4b7c9-b112-47f1-9901-57473f4131b4,819724e0-e567-4482-adcc-72961a8003f3,RAMU KAKA SHARMA,Singh & Gupta Orthopaedic Centre,ACCT_DC26LUDW1ONAAFSC,PUNB0VNN1RP,State Bank of India,Gautam Buddha Nagar Main Branch,False,s3://up-ab-docs/CHQ_3TK7QK89UKWG.pdf
b957e09a-e934-41d4-8ef4-4294521786f7,989e7a06-2fea-458a-8fbd-24b589a8913e,UMESH KUMAR SINGH,Mishra & Mishra Hospital & Research Centre,ACCT_JT8JP31FBWXJDQRY,CNRB0BOC4DO,Bank of India,Amroha Main Branch,False,s3://up-ab-docs/CHQ_44AXZ9QCUAFN.pdf
60352186-7d39-46ae-ac92-ebff12065951,a9cbe62c-c756-4ef0-900f-6093b208f02e,VIJAY KUMAR GUPTA,Women Hospital Sitapur,ACCT_88YQKY464RV7XK24,HDFC046505L,Bank of Baroda,Sitapur Main Branch,False,s3://up-ab-docs/CHQ_BNM8U535HY0K.pdf
5ca1e932-8930-4a21-a913-94614926673e,82c8d24f-ce74-4ce1-afd5-8ac38a4e73e5,RAKESH KUMAR PANDEY,Tiwari & Tiwari Eye Hospital,ACCT_XMT0EVKW3NQKVC8R,SBIN077Q2CR,Axis Bank,Prayagraj Main Branch,True,s3://up-ab-docs/CHQ_BY6YJJOOWYMG.pdf
d3afe2fc-bfbf-4f2a-b51f-76b9831d5c64,f8702d2c-9d95-4cd8-9f4d-26a0f162cf76,RAM PRASAD,Dr. Srivastava Medical Centre,ACCT_FE6NYI9NBKQ2ET8D,SBIN0BAGTT8,Axis Bank,Amroha Main Branch,False,s3://up-ab-docs/CHQ_HHO9B9N4MGTG.pdf
d73e4423-616e-4477-82ac-3a1ee93d4fe9,4503aa38-0205-4089-aaf1-bcdc89fa5155,LAKHAN LAL,Sharma & Verma Nursing Home,ACCT_PY1F3LF7IUJ3W8XE,UPCB0DMYQGX,HDFC Bank,Raebareli Main Branch,False,s3://up-ab-docs/CHQ_T7FX290LT4KX.pdf
95543b0a-adc8-4eb3-b62e-7f96a0dff478,7cf63fd6-525a-4cb0-aa17-70114174c4e8,LAKHAN LAL YADAV,Durga Nursing Home,ACCT_AQTFXWGGETZ3TIVK,UPCB03LTXNB,Bank of India,Banda Main Branch,False,s3://up-ab-docs/CHQ_NB2FG73ZDQMC.pdf
4c3671e5-7134-4685-9784-e44fdf497250,217cbc96-2716-413f-86f8-1a1cb6af6172,DEEPAK KUMAR MAURYA,Sub-District Hospital Saharanpur,ACCT_EBT18Z59ZJ3Q6C1C,PUNB030KSX0,Axis Bank,Saharanpur Main Branch,False,s3://up-ab-docs/CHQ_0HL72KAZCEFC.pdf
7e1bccf8-196d-46d6-814d-3d27e927647f,6f6fd709-89b2-4913-984e-9bf86d63793c,SURESH KUMAR,Primary Health Centre Mau Block 7,ACCT_MACJPP0I6LRG6SHX,SBIN0HP50ZX,Allahabad Bank,Mau Main Branch,True,s3://up-ab-docs/CHQ_9B8OA7XAWD1P.pdf
9935f5d8-8746-4331-828a-676228252f9e,e4ff6a0e-41ec-4e1a-8d08-ab8870ed5495,ANIL KUMAR,Zonal Hospital Kaushambi,ACCT_4M8Z7YHX9GIQQWNQ,PUNB01XJ59G,Punjab National Bank,Kaushambi Main Branch,False,s3://up-ab-docs/CHQ_FK7RNWXQ6KF9.pdf
00625834-c097-44be-ac63-8e891efc3dd8,05ce50e2-7763-4f0c-aa9c-af393385d1a7,BABLU KUMAR,Trauma Centre Badaun Block 4,ACCT_YKGWXCHFYAKRR1LP,MAHB0Z9IJ62,Canara Bank,Badaun Main Branch,False,s3://up-ab-docs/CHQ_68WLY9V98566.pdf
b1ca6518-51db-4a59-9a6c-aa48dc6708e8,de0a77ef-83ed-48d5-bc82-51af8afb0b6e,SHIV KUMAR PANDEY,Dr. Singh Multispeciality Hospital,ACCT_R9BRDGKGORXHXVGR,PUNB0JCBDXC,Union Bank of India,Bulandshahr Main Branch,False,s3://up-ab-docs/CHQ_X390QFB7ARDX.pdf
ec51a403-98c1-4b8f-8dae-fa0182ca45ae,d4a1f99a-4df8-4c25-aa51-6df57715f352,RAMESH CHANDRA,Women Hospital Mirzapur,ACCT_50T279NXELYK2B6U,PUNB0W70CDB,Punjab National Bank,Mirzapur Main Branch,True,s3://up-ab-docs/CHQ_QKSZE32XCKUK.pdf
646afb55-e7b8-4a96-aed5-8f132653c8bc,fc4369b5-8025-4c33-9a60-d4115a7a34d0,MANOJ KUMAR,Laxmi Children Hospital,ACCT_78EJR6BMRL15NPE2,BKID0SNSUS5,Allahabad Bank,Muzaffarnagar Main Branch,False,s3://up-ab-docs/CHQ_UTPV3KG8BGVR.pdf
f22356ef-6fb4-41ba-9a36-c48811ebcfc4,dda532e3-58af-4a7a-8fe9-1ab12489b2b4,AMIT KUMAR,Srivastava & Verma Nursing Home,ACCT_OOTU10HEECN322BA,BKID0MA1N6X,UP Gramin Bank,Basti Main Branch,False,s3://up-ab-docs/CHQ_7WHEIJP7IDHB.pdf
f8ea0f63-f5da-43df-9495-244b7e440ece,166eabda-8244-4745-9397-b95d1ef8fef0,LAKHAN LAL BIND,Community Health Centre Barabanki Block 8,ACCT_B2ZRMDPBC4QUKARR,UBIN05E6CL9,Punjab National Bank,Barabanki Main Branch,False,s3://up-ab-docs/CHQ_PTM2CV3CTLC4.pdf
8732bb29-5c99-48da-98c7-587571d766d6,6a086aec-9669-4b17-b8a0-9caaf9a034a1,MUKESH KUMAR,Zonal Hospital Azamgarh,ACCT_X4GVMZ7CWTC4KP8T,UBIN0ZQHRPA,Canara Bank,Azamgarh Main Branch,False,s3://up-ab-docs/CHQ_7PAWQYISGES1.pdf
9968bf68-df14-4663-b7b9-ef73c5a78cf6,fba1b0a2-36df-4448-a6f4-a5f69ed5540f,AMIT KUMAR,Hanuman Eye Hospital,ACCT_H632AAQKNBGVGPEC,UPCB0JBR3DU,Axis Bank,Varanasi Main Branch,False,s3://up-ab-docs/CHQ_OENTNQJWN1M9.pdf
5f6b8b90-c569-4afc-a8be-4defc7f9329a,f9d81c10-4bce-435a-9f3f-6a6c3a0a8f4b,NARESH KUMAR,Community Health Centre Sahjanwa,ACCT_OT04R4PJGWZRQ7OS,ALLA06N6UGP,Bank of Baroda,Gorakhpur Main Branch,False,s3://up-ab-docs/CHQ_V1WQIFYZSW4G.pdf
98f968e8-dee9-4012-9092-8e25aaa2ee91,44dc56a6-7056-4052-8d04-ad514600eb72,LAKHAN LAL,Verma & Verma Cancer Institute,ACCT_7IYM86FV4QCW5NKC,UBIN0E0D51Q,Allahabad Bank,Shahjahanpur Main Branch,True,s3://up-ab-docs/CHQ_NVRSOMHX9QC9.pdf
2e4d01aa-5c92-4f7f-99c7-194b6783b000,98b8bcb0-8348-4bc5-9877-ef7b95360383,UMESH KUMAR,Combined Hospital Firozabad,ACCT_Z8QHZH3MASWFHTG9,UBIN06HFHE2,Punjab National Bank,Firozabad Main Branch,True,s3://up-ab-docs/CHQ_7V7TM9WL4ZL1.pdf
26d98b61-34d7-4d4e-8398-cddc47310fda,26866bcb-4630-4820-811f-4d1799af65b6,RAJESH KUMAR,Mishra & Mishra Maternity & General Hospital,ACCT_K3QSMFNF3HPOG50J,ALLA0RZZWEP,UP Gramin Bank,Unnao Main Branch,False,s3://up-ab-docs/CHQ_AWHY8HEV1H8Y.pdf
64f824a8-57aa-46b7-8d67-c18df88320e7,6bf3ade8-af71-40c1-b904-ad7f1e8e46ef,PREM SHANKAR,Mishra & Agarwal Children Hospital,ACCT_99609SDFJ8MZRM85,MAHB0MGE5MI,HDFC Bank,Badaun Main Branch,False,s3://up-ab-docs/CHQ_ILJXHITN1SQD.pdf
dc9b7fa6-2792-4f48-aa83-097638a7a9fc,e2f5aeaf-50e3-43a4-9407-1567ce4b894d,PREM SHANKAR,Dr. Sharma Surgical Centre,ACCT_621VPFMKS4667V15,CNRB03LVN8A,HDFC Bank,Lucknow Main Branch,False,s3://up-ab-docs/CHQ_TTQQ7NCNTNDT.pdf
a02fd280-df17-46fe-b73d-90ad61f1555b,53097eef-d54f-4fa8-8023-c7215706f5e0,SHYAM LAL,Primary Health Centre Chargawan,ACCT_52TMCAJ97Y01RQ83,UPCB0VFW8CH,UP Gramin Bank,Gorakhpur Main Branch,True,s3://up-ab-docs/CHQ_MG4U34KQPACS.pdf
fb9101ab-3ec1-43be-ae28-07585d500023,a909d03d-ddbb-4a70-9558-4ba18ac3071f,HEMANT KUMAR MAURYA,Mishra & Mishra Children Hospital,ACCT_89IME7P06SQONZPM,SBIN0N0WR8U,Axis Bank,Hathras Main Branch,False,s3://up-ab-docs/CHQ_H1T4OPFQJITV.pdf
8bc4e4b0-33f7-4f89-9261-2d233888c582,d0c5a9e6-e16a-44f9-979e-0d5e8c841fa9,SANJAY KUMAR,Medical College Hospital Auraiya,ACCT_WZ6E3YDJESM9QC5D,CNRB06WI4ZO,UP Gramin Bank,Auraiya Main Branch,False,s3://up-ab-docs/CHQ_RIVPCB9A5EU2.pdf
cc8041a7-4434-48f4-a35b-ebb60c6e7049,d02869c7-19e5-48f6-bd26-7b81f0fb2648,RAMU KAKA PASI,Combined Hospital Prayagraj,ACCT_AVM27CK290DGETGN,ALLA02BSOPZ,Axis Bank,Prayagraj Main Branch,True,s3://up-ab-docs/CHQ_7WCVUEPV4MML.pdf
a3e3d05b-5f9a-45b1-b2f8-027291b159ea,f55cc72d-c136-4a82-889a-1801a0a599bf,VIRENDRA SINGH,Hanuman Children Hospital,ACCT_1R53SX8S0UBX9AJV,UBIN001SSMQ,Bank of Baroda,Gonda Main Branch,False,s3://up-ab-docs/CHQ_2Y2YYWV5V3DT.pdf
8c0d80e5-efd8-4382-ac7e-d5d21b153db3,7f0e13ba-d622-4c5c-b64b-785317e6088b,ANIL KUMAR RAJBHAR,Primary Health Centre Chauri Chaura,ACCT_1BR84BGF524MMXRY,CNRB0PJS9QP,Union Bank of India,Gorakhpur Main Branch,False,s3://up-ab-docs/CHQ_0SN25QOX9L8H.pdf
59821f84-b5d7-4b3f-b879-a84cbba83989,d04f4c31-db91-469c-b055-911d85b7007d,UMESH KUMAR GUPTA,Gupta & Srivastava Heart Institute,ACCT_MMBP90U1P6HAV5QF,UPCB0YB36CI,Bank of India,Varanasi Main Branch,False,s3://up-ab-docs/CHQ_EBSMSYLJA19X.pdf
a2528b5b-4f24-4556-91a6-06d975b8abdf,79a79f21-a01f-474b-a7b6-ab1912fc824f,DINESH KUMAR,Zonal Hospital Agra,ACCT_7WZLDCTMG7GAP96Y,SBIN0HGNXDW,Canara Bank,Agra Main Branch,False,s3://up-ab-docs/CHQ_SMN1NEMI9JA6.pdf
f2231258-3399-485b-8e32-3a25503c8c6c,adba0d3c-b72e-4c6f-b376-639e95459491,RAKESH KUMAR,Dr. Verma Maternity & General Hospital,ACCT_ZYBB6UW6JQUR78T0,UBIN0S7I45U,UP Gramin Bank,Ghaziabad Main Branch,False,s3://up-ab-docs/CHQ_U03LR80GTO12.pdf
44d3b7d1-d514-4be7-b7b1-405e620f17e5,ce3f0d79-6f38-440e-81dc-8d6d19d35030,SANTOSH KUMAR TIWARI,Primary Health Centre Mau Block 1,ACCT_POZQSHJULQUHZBND,MAHB087YJS5,Bank of Baroda,Mau Main Branch,True,s3://up-ab-docs/CHQ_2H0B54U34EXA.pdf
646eb92f-4068-4595-a844-5ebc7d907893,820ca43b-423d-4257-9219-1f3be7b6156e,HEMANT KUMAR YADAV,Dr. Singh Maternity & General Hospital,ACCT_LDNRZZ6DLHKYAYKC,UPCB0QSX2UT,HDFC Bank,Aligarh Main Branch,True,s3://up-ab-docs/CHQ_LS1XFY9NAVJA.pdf
7ace35aa-e082-43e1-a51a-15dc27f15337,2f514717-477d-47ee-ae8f-5e41be9e8dc6,RAVI SHANKAR KUMAR,Community Health Centre Phulpur,ACCT_G3E3L7KGLD0HTB9R,HDFC081561N,Bank of Baroda,Prayagraj Main Branch,False,s3://up-ab-docs/CHQ_JQXXMXRW3NC8.pdf
000afbb4-e46a-40c8-b967-fc5d36b5e7c4,3d351ae1-6397-46c8-beec-90c39193e580,ARVIND KUMAR,Medical College Hospital Lucknow,ACCT_C5BMCBMKYTD8UR60,PUNB05QMTPY,State Bank of India,Lucknow Main Branch,False,s3://up-ab-docs/CHQ_4EJR79V14VII.pdf
1f6fbfc5-da85-4a44-a986-414dbb4802cd,c9f1960f-c81d-4e05-8052-045992ce592e,PRADEEP KUMAR KORI,Sub-District Hospital Saharanpur,ACCT_CGWV022M3R8PB5WS,ALLA05XNA8A,Punjab National Bank,Saharanpur Main Branch,False,s3://up-ab-docs/CHQ_BXH7V7EP56NU.pdf
172ba0c7-9826-4a53-98da-0ba963c73153,59331385-4f32-41c6-a6a8-a884a4ebacb4,PRADEEP KUMAR PANDEY,Tiwari & Srivastava Nursing Home,ACCT_ZOREW2YJWCY7ZSYR,BARB03ZGU5K,UP Gramin Bank,Mahoba Main Branch,False,s3://up-ab-docs/CHQ_B69KB01409RH.pdf
ed1ddc08-2766-4ec1-8fd9-8c8f97ae4c03,655b3ac5-16ea-4824-9d83-c86a7ed120ab,DEEPAK KUMAR,District Hospital Jhansi,ACCT_WC5A8AO7NOV2HDLI,BKID0AZIJWP,Canara Bank,Jhansi Main Branch,True,s3://up-ab-docs/CHQ_VBQEHXO5MOWQ.pdf
a9e9a45e-999c-4604-b5b2-477807f47f08,e427b553-d262-4d0c-8b3a-4a20007f5b84,HEMANT KUMAR,Dr. Agarwal Medical Centre,ACCT_VTG3KCIEMEYPCY59,UBIN0C33JRN,Bank of Baroda,Azamgarh Main Branch,True,s3://up-ab-docs/CHQ_3X29D1BPTK8U.pdf
0a973aba-6a7c-4d0c-b531-47cbcaea38b4,0227878f-5464-45cb-b9da-c87fb703e134,DEEPAK KUMAR,Dr. Gupta Cancer Institute,ACCT_Y4JD68HFBHPBEGT9,MAHB0MPA9EP,Axis Bank,Meerut Main Branch,True,s3://up-ab-docs/CHQ_VC2PSGZAJ8BG.pdf
7ca40e2e-a937-417e-81f4-0badccd22c68,b902613a-ba85-4206-8bca-6ff120d21c0a,RAVINDRA NATH,Durga Cancer Institute,ACCT_TP3DB6TS28WCUOZ1,BARB0Z7B207,Allahabad Bank,Agra Main Branch,True,s3://up-ab-docs/CHQ_7IOK5Q6TVE0N.pdf
bb5eaace-2105-449f-ae22-497dbe7f8c0f,75e844c9-96d1-408d-bc7c-782e807fa5df,HEMANT KUMAR,Pandey & Singh Nursing Home,ACCT_5MLIO0CGKAB2UTCU,SBIN0X6EM8W,Canara Bank,Hapur Main Branch,False,s3://up-ab-docs/CHQ_ZNP4XQH6XNCX.pdf
d93355cc-7439-40e3-89de-177a68902b95,2d0db206-a334-4099-9bca-261dc45facd4,GUDDU KUMAR,Dr. Agarwal Medical Centre,ACCT_IU4ZPA8Y7L51BJNO,HDFC0EKAWQM,HDFC Bank,Basti Main Branch,True,s3://up-ab-docs/CHQ_SI1F4RQSE9CF.pdf
f45a5217-f99a-4034-8079-b718f4ca3a13,10432737-6c8c-4761-baed-e9dbb75983af,SHIV KUMAR,Dr. Mishra Heart Institute,ACCT_TOSJ5ZS1WADKATP5,PUNB0GBBXR4,UP Gramin Bank,Firozabad Main Branch,True,s3://up-ab-docs/CHQ_W1W438OJS7TS.pdf
a4ac043c-9fff-481e-8daf-82ecf3ba2b9c,ea48099d-6e0e-47a1-bbdd-4c5dacfe9642,AMIT KUMAR PATEL,Gupta & Agarwal Heart Institute,ACCT_JTKLTO82ZH52RAFZ,BKID0VOJJKV,Canara Bank,Bijnor Main Branch,True,s3://up-ab-docs/CHQ_ZCJCTNR1FHUO.pdf
2534c328-53aa-4050-a605-c13fa1c81756,8a34bb7e-24fe-4f59-adb9-8d50aa7ba972,SHYAM LAL,Trauma Centre Ayodhya Block 1,ACCT_86ABF1YY9LGEZPPJ,BARB0UQUDAU,UP Gramin Bank,Ayodhya Main Branch,True,s3://up-ab-docs/CHQ_D3S3NTXFL5TT.pdf
e8b4fa67-cda9-4e1e-a6a7-2510dd1da9e6,9d88bb82-d69d-4a40-99ce-2c5d498b71d4,SUSHIL KUMAR,Community Health Centre Sitapur Block 1,ACCT_N8NZ21XZ7ZS1Z7PH,SBIN09PP0IU,Union Bank of India,Sitapur Main Branch,True,s3://up-ab-docs/CHQ_5I643JW4R1OF.pdf
4dfe2de2-ea15-48bd-844c-9347220bfda8,88779510-d0c2-4ebf-b10d-71ca4353a4b5,SURESH KUMAR,Women Hospital Bareilly,ACCT_XMWLJKNAWEHNRYY1,UBIN0RNI87J,Axis Bank,Bareilly Main Branch,False,s3://up-ab-docs/CHQ_NI130S0EJ476.pdf
a22b0376-d51c-46b3-beb8-b3de0469fec1,a1abf9fb-8fc8-4ad0-bfb5-e46d55fa13b4,SHYAM LAL,Dr. Srivastava Surgical Centre,ACCT_T4FH46W73PLNHMFD,BARB05282JS,Canara Bank,Mau Main Branch,True,s3://up-ab-docs/CHQ_SCMDM2EK1IA9.pdf
3036f8b0-1975-46f8-ad77-1107edb37d5b,825eb8fb-e42c-413c-9793-19648b45f015,ANIL KUMAR,Medical College Hospital Gorakhpur,ACCT_8UXC0VSI3VYS4A5H,UBIN09W6WMV,State Bank of India,Gorakhpur Main Branch,True,s3://up-ab-docs/CHQ_ZG0A2BMYJQ5I.pdf
cd6ebf59-b0c5-4b54-bfa5-0b588814179d,2ba61159-01d9-4a0f-9707-70b302bc869b,RAJEEV KUMAR,Primary Health Centre Faridpur,ACCT_54XMFULYDCBSXQ1G,UPCB0HO0REW,State Bank of India,Bareilly Main Branch,False,s3://up-ab-docs/CHQ_VEO8MUE8NFXI.pdf
529a3231-4359-4e95-927d-24793bdd6c91,4dcb37bf-12e2-403b-b497-a7c10f381db9,SHIV KUMAR,District Hospital Kanpur Nagar,ACCT_RVTZITGAW3U819RN,PUNB0KR0HLQ,Punjab National Bank,Kanpur Nagar Main Branch,True,s3://up-ab-docs/CHQ_7RCW4VM8FQ38.pdf
78ea4ab0-6c46-46de-b4d5-34b5cfa9e61c,19225f07-8ce0-4bd3-9168-d18c152e050d,SHIV KUMAR,Ganesh Medical Centre,ACCT_15TSK09BCOCLL841,CNRB098N3Q1,State Bank of India,Kasganj Main Branch,False,s3://up-ab-docs/CHQ_S0QPJO7WQK34.pdf
a04814a2-11ca-47b6-ba21-82ca8bdb5c3d,60a002f8-1cbf-47a4-be0d-933f039b35ef,NARESH KUMAR,Medical College Hospital Gautam Buddha Nagar,ACCT_DJUDSRH9YYE98375,ALLA0YAWO58,HDFC Bank,Gautam Buddha Nagar Main Branch,False,s3://up-ab-docs/CHQ_OJMC99IX6NFY.pdf
5dfe20c6-8aca-4eb3-9c96-beec46d6a791,ad07b329-06d5-46f3-9709-399ed205e161,HARI OM,Community Health Centre Moradabad Block 5,ACCT_4QWYFOBNT7XY09QG,SBIN0YN0ZZE,Union Bank of India,Moradabad Main Branch,True,s3://up-ab-docs/CHQ_AW1I67IMTNN0.pdf
4747a3d2-3f96-44ca-9c6c-6821b2b5ffb1,34090c65-27b3-4fd0-9365-9c0db5a3a046,VIVEK KUMAR SHARMA,Shakti Nursing Home,ACCT_6XBZ2MGSZLJKOVWY,SBIN00NPVB9,UP Gramin Bank,Auraiya Main Branch,True,s3://up-ab-docs/CHQ_HRT0ABGS4DSE.pdf
078406f8-f635-4524-9265-7c22a1295583,9713d5b5-bdfb-4560-941b-75828ca83d3b,BABLU KUMAR PATEL,Combined Hospital Amethi,ACCT_9Q1DOOA0MGC1EOOL,PUNB0MXP4TZ,Bank of Baroda,Amethi Main Branch,False,s3://up-ab-docs/CHQ_U8SXSPMXD516.pdf
456ab440-66bf-4919-b4a7-c880618b95f1,78c8b6e1-51b0-412d-a2e4-d3ca7655de51,LAKHAN LAL,Women Hospital Azamgarh,ACCT_Z6GA6M6MVWPWKHTM,PUNB0MV9471,Axis Bank,Azamgarh Main Branch,False,s3://up-ab-docs/CHQ_O1HKNSPGVNGQ.pdf
ea5cde10-d433-4e0b-9903-d32662e5ddc9,77941d05-1445-409b-abbf-6a6ecab13bf1,SANJAY KUMAR,Zonal Hospital Sonbhadra,ACCT_WXP7F93BIWY5SXDL,BKID0O2C77J,HDFC Bank,Sonbhadra Main Branch,True,s3://up-ab-docs/CHQ_PANLBJA05HPX.pdf
0dc73019-0f75-4672-8149-7e3cd08e964c,e234c61a-b45f-4f3e-9b18-f107bdb90eeb,DEVENDRA KUMAR,Gupta & Srivastava Cancer Institute,ACCT_DLG1KOGRQKX03PGW,UPCB0631JHC,Canara Bank,Gorakhpur Main Branch,False,s3://up-ab-docs/CHQ_50KFHBI9HPZS.pdf
99ca913f-5dfb-4827-be10-99a249e53b18,2971041e-f4b3-4dbc-b941-bb7cdd3c2ad0,DINESH KUMAR SHUKLA,District Hospital Jaunpur,ACCT_O57H97G6QLLTH320,UPCB08J2265,Bank of Baroda,Jaunpur Main Branch,True,s3://up-ab-docs/CHQ_K8PUK8ZUJMLS.pdf
f8ca9368-848e-444c-8c8a-7f338b42ff5f,7319f433-3a62-400b-bb73-a84b5ee6d232,ROHIT KUMAR,Combined Hospital Varanasi,ACCT_CSIP5NPX0SF0TAGM,UBIN02TKTKH,Punjab National Bank,Varanasi Main Branch,False,s3://up-ab-docs/CHQ_JE9CGSDR843Y.pdf
d6018593-8da3-448b-aecf-41ed3b29a7eb,18f428f2-80c7-40cf-8e1f-c54e6478aad6,PREM SHANKAR,Hanuman Medical Centre,ACCT_C6EKOJEHQN2T3XMF,SBIN0QI4VB5,Canara Bank,Meerut Main Branch,True,s3://up-ab-docs/CHQ_HUBA57AJDXNX.pdf
100b4b8d-5087-4aaa-aadc-1119ffb6bde4,d184befa-0281-4317-8c24-42aae42ba84e,DEEPAK KUMAR NISHAD,District Hospital Kaushambi,ACCT_P4T586JGMTPJHKSL,SBIN06TFMSS,Union Bank of India,Kaushambi Main Branch,False,s3://up-ab-docs/CHQ_KGULUMNA7BFH.pdf
53f9c6d7-84f7-4c66-a357-a04ce6efee96,3c96aabd-e7cb-4c45-ac1c-614097b559da,ANIL KUMAR,Sub-District Hospital Kasganj,ACCT_4Y8V476T5EODYWYX,BKID07QN5QU,Bank of Baroda,Kasganj Main Branch,False,s3://up-ab-docs/CHQ_FRU0NXOLA37Q.pdf
cfb0f13c-17c8-40ee-8db9-cca072581cba,7ff394e9-3485-4a4d-8fcd-340365ed2cb4,RAM PRASAD,Dr. Mishra Hospital & Research Centre,ACCT_4CQRCQYF0BWNTPUE,SBIN0HMN5AZ,Bank of Baroda,Lakhimpur Kheri Main Branch,False,s3://up-ab-docs/CHQ_8KT22ZIPFGQU.pdf
a90fadf4-1365-46f6-846a-f880d9b92af6,1cb0817d-76d0-48d0-82ac-48635fd57926,RAVINDRA NATH,Sub-District Hospital Mau,ACCT_9CM2280TA5Z8PLJQ,ALLA0NT27MM,Bank of Baroda,Mau Main Branch,False,s3://up-ab-docs/CHQ_SGWXNQNV3OET.pdf
292b450a-8a33-4833-8986-a213efe4aafb,1b2f0ee7-8e17-4f56-8bf1-17613a055ae4,DEVENDRA KUMAR,Sub-District Hospital Mirzapur,ACCT_2UEJNY3038KPUCQB,ALLA0OBHDHM,Canara Bank,Mirzapur Main Branch,False,s3://up-ab-docs/CHQ_12MNQJW4Q9HZ.pdf
8ad6b129-f92f-4df7-8df9-48975913a869,dac51237-edbb-4ee9-acf5-9937337ecbe5,MUKESH KUMAR,Dr. Pandey Medical Centre,ACCT_FLCW2FUV3PI55NLN,UPCB0A4K57Q,Axis Bank,Ballia Main Branch,True,s3://up-ab-docs/CHQ_07OE3QTM4TO1.pdf
8311ec3f-93fc-4138-83f8-1760cb23602d,1bc45ab0-2708-4ce3-9ddb-e3409e93bd52,DEEPAK KUMAR,Dr. Agarwal Heart Institute,ACCT_G4H9365DM647SUXG,HDFC08AAIBR,Bank of India,Amroha Main Branch,False,s3://up-ab-docs/CHQ_JAF41HAP9HZU.pdf
5cae043e-3777-41e6-9fd3-6ae7552ce97e,00022a0c-c67a-4d66-a9d6-dab6cb850efd,PRADEEP KUMAR,Shiv Children Hospital,ACCT_EDLT7C8WPCDOF6MQ,SBIN0MUUVVO,Punjab National Bank,Pilibhit Main Branch,False,s3://up-ab-docs/CHQ_XLZWP4EMLQLQ.pdf
34af9c98-2ec8-4fbc-99a3-8137fdb013c4,5e9bcbc0-18e7-4d4e-b2a2-c1a2eeda36cc,RAMU KAKA,Community Health Centre Bahraich Block 3,ACCT_IHKIGOV9GW95AY0J,BARB0SFNGNK,Canara Bank,Bahraich Main Branch,False,s3://up-ab-docs/CHQ_CNEORTCQ024Z.pdf
1709e7f2-2d05-403b-82dc-6e30ce1dc10f,56afb951-aaf4-4664-bdf2-0ac91a4a066d,VIVEK KUMAR,Zonal Hospital Gorakhpur,ACCT_IC84OOJDYXVRW7UH,UPCB0OLRTH1,Punjab National Bank,Gorakhpur Main Branch,True,s3://up-ab-docs/CHQ_NC1S6MXNFWP2.pdf
8c803521-92a1-4c32-bdc3-92c39306018f,9ce7a416-a770-4f67-81e0-7b44323fe502,AMIT KUMAR,Zonal Hospital Gorakhpur,ACCT_P75YKVEN9FHF0JOB,PUNB0O8JXP7,Bank of India,Gorakhpur Main Branch,True,s3://up-ab-docs/CHQ_YWRLPRDDKO7I.pdf
a97542a5-384c-4b73-8779-d50eb3b6e3b6,329a769e-96ab-48fb-b82a-409c20359649,VIRENDRA SINGH,Durga Nursing Home,ACCT_SZTJA3H12EVEGPGG,PUNB0CP3HPG,State Bank of India,Amroha Main Branch,True,s3://up-ab-docs/CHQ_83V1K5NUJ0ZH.pdf
ae6c5c24-aaf9-4a4a-933e-302c3e42838a,fde585e8-4da2-4045-8edb-dea77f2bfde2,HEMANT KUMAR,Community Health Centre Lakhimpur Block 3,ACCT_ICAMD0D3AOMPB7BM,ALLA0AHRFK8,Bank of India,Lakhimpur Kheri Main Branch,False,s3://up-ab-docs/CHQ_8DNJGAZXAKG9.pdf
27a4b9eb-bb30-4315-b4be-6a27623968d3,1c99b149-dc12-40e7-8ff3-21557ced1179,VIJAY KUMAR,Agarwal & Srivastava Nursing Home,ACCT_1P392UC0K3H7UFNH,UBIN0DLNNKV,Bank of India,Agra Main Branch,True,s3://up-ab-docs/CHQ_LONAL24YQY3F.pdf
37c30bcd-32df-41d9-b938-98dfb9bb1e3a,773f7fa2-f78a-4b7d-98a4-1a388c138acb,RAJEEV KUMAR,Dr. Verma Maternity & General Hospital,ACCT_UQ2WQGWSWKOVQC1Q,UPCB0N011EM,Axis Bank,Lucknow Main Branch,False,s3://up-ab-docs/CHQ_V271Z5KJFMNP.pdf
d5012eb5-e4e7-404b-900b-11e31adf42ce,634a130c-fcbe-4e59-a818-ddcac4bfae04,BRIJESH KUMAR,Urban Community Health Centre Ramnagar,ACCT_AGAS0TT5C8QIPLU0,UPCB007RVA4,Bank of India,Bareilly Main Branch,False,s3://up-ab-docs/CHQ_URPD2YT72RIS.pdf
fae7e7bf-dd98-40a1-9468-612cdbeca2d9,535536b6-459d-430e-bdb3-ce4a1fd27e14,RAMU KAKA,Dr. Gupta Surgical Centre,ACCT_0T8671MVVRJ1309R,CNRB05NZ9M2,Punjab National Bank,Sant Kabir Nagar Main Branch,False,s3://up-ab-docs/CHQ_WNIMNGDDGHUZ.pdf
ada8ca03-0944-4197-9cc4-4048be62a40c,f3326ff2-35ac-4914-bcf0-0379f732cf20,MUKESH KUMAR,Zonal Hospital Etah,ACCT_LSY2XOW6NJFWDCLQ,PUNB0I29LD8,Punjab National Bank,Etah Main Branch,False,s3://up-ab-docs/CHQ_UVNLCIC0YP9O.pdf
2c9cd800-7149-4ad0-85a9-b2ac42e50200,1b99ed4b-8ebc-414b-b3d9-8635c8ef44da,AMIT KUMAR KUMAR,Primary Health Centre Fatehpur Block 4,ACCT_NKMXK7U4RJRIAL2C,BKID0DR8ESN,Punjab National Bank,Fatehpur Main Branch,False,s3://up-ab-docs/CHQ_CLTF7K4VKQF8.pdf
48f1eb49-8bfe-4ba0-87aa-0135c6a5acda,e44955c4-8e35-4f64-b973-07fdb285e006,DINESH KUMAR,Sub-District Hospital Hapur,ACCT_99RD2IIV8CIW4YPT,BARB0FI2KSW,Punjab National Bank,Hapur Main Branch,False,s3://up-ab-docs/CHQ_1R2W4FZ8NZMH.pdf
ca9ff537-1751-4bff-a103-ae7e096b424e,5f74e2e2-dde4-4877-afe8-c66f668662b7,VIJAY KUMAR,Zonal Hospital Mainpuri,ACCT_PIU0KS5KS3DC0Q51,HDFC0UL5DP8,UP Gramin Bank,Mainpuri Main Branch,False,s3://up-ab-docs/CHQ_ZXZ5329R5DKN.pdf
59b8bc89-d620-4c02-b3ca-b2529bacff7d,ed97bf9e-176e-4da6-a616-88f8388d00d8,RAVINDRA NATH,Zonal Hospital Kanpur Dehat,ACCT_T4UZN4R4L2K7H0OB,ALLA0LZRI2H,Canara Bank,Kanpur Dehat Main Branch,False,s3://up-ab-docs/CHQ_KDRG3HYCRZ5W.pdf
0f11a33c-3856-4c13-ac9c-0ac4abdd3d76,210d53e0-7563-4263-a66d-c5cb28e89743,SUSHIL KUMAR,Women Hospital Fatehpur,ACCT_L9M8EFW08WORQSTX,BKID0KJK990,Bank of Baroda,Fatehpur Main Branch,False,s3://up-ab-docs/CHQ_SJYWL9H572NS.pdf
03d962ba-14df-49ce-aedd-51da40851808,f028fa1e-2579-4cf3-8f4a-1403c50ecd0b,GUDDU KUMAR KORI,Trauma Centre Gautam Block 7,ACCT_0VQ3X9ZR7JIBM4OE,PUNB0W697OG,UP Gramin Bank,Gautam Buddha Nagar Main Branch,True,s3://up-ab-docs/CHQ_T01ZHVHOBCAC.pdf
07a03b6d-7acb-4d32-9fe9-c4269655b663,4778b43a-760b-404b-86d1-e2e787fe59e7,LAKHAN LAL,Medical College Hospital Amethi,ACCT_UCJ06NGKWLU3MQTX,MAHB0BFCQE4,Allahabad Bank,Amethi Main Branch,True,s3://up-ab-docs/CHQ_0KFCMCLOG7T3.pdf
0854b580-385a-43ee-80db-0cb0669b665a,98996e2b-fd7d-42db-9e98-c546a28254cc,RAMESH CHANDRA,Dr. Srivastava Surgical Centre,ACCT_X1JZA5Y49VN1Z26T,PUNB048HG2A,Punjab National Bank,Agra Main Branch,False,s3://up-ab-docs/CHQ_M4JU0PPK0VWE.pdf
5a99267e-87e0-4ced-943f-d526bc5a8fb1,b953826f-a93e-45d3-a39a-55df4b2c4a4e,MANOJ KUMAR,Saraswati Surgical Centre,ACCT_70RKK91O47OV79R0,UPCB0K0KMFO,Axis Bank,Sitapur Main Branch,False,s3://up-ab-docs/CHQ_6G6N834FKFYF.pdf
aa4697c7-cf8f-46a3-989b-6ffb0e06f05b,43b7d117-b51e-46dc-b26f-696b0ff56c82,BABLU KUMAR KUMAR,Urban Community Health Centre Ayodhya Block 1,ACCT_P5HRNE984EPAXQZP,BARB0DFHZ5E,Bank of Baroda,Ayodhya Main Branch,False,s3://up-ab-docs/CHQ_LYLXB4YL9CBK.pdf
2f4caf89-0d44-4fb2-a76a-1f68dc2e9dac,6bab69eb-9afa-4043-a8a8-f7c0b089c088,MUKESH KUMAR,Dr. Verma Eye Hospital,ACCT_FTNU9E36AZHCCSUT,BARB0782NBX,UP Gramin Bank,Ghaziabad Main Branch,False,s3://up-ab-docs/CHQ_CH9Q3WQV3XUA.pdf
b397a506-b61e-48e8-a50a-f4412b5f76eb,14689f0a-3d52-4137-a6a9-faf2389d7b2d,SHYAM LAL,Tiwari & Mishra Orthopaedic Centre,ACCT_2T5PQENWT53M7HF5,BKID0E8DXG7,HDFC Bank,Mainpuri Main Branch,False,s3://up-ab-docs/CHQ_LHSO00J33SRA.pdf
0e6f94cf-aff8-42a0-9bd6-0e48cb2dee3d,7d30507d-4a27-4c69-b2b8-08eda53ca9a6,AMIT KUMAR RAJBHAR,District Hospital Raebareli,ACCT_E2GATJ6409HPBT1Z,BARB0A3O8MB,UP Gramin Bank,Raebareli Main Branch,False,s3://up-ab-docs/CHQ_NNOOMBW7Z6RQ.pdf
3b12d36b-f80e-48d2-a363-51b96fa4c953,8c7430a4-0ea6-41ca-b018-056e339aa5b0,PREM SHANKAR,District Hospital Lucknow,ACCT_149O35HRCRTFG4Z2,BKID05BKVUQ,Union Bank of India,Lucknow Main Branch,True,s3://up-ab-docs/CHQ_TCO20BKSMWY0.pdf
9992622e-78aa-4712-aced-d68a3ed230ff,96db583d-7981-452f-9291-b456e020d267,ASHOK KUMAR,Trauma Centre Kanpur Block 2,ACCT_EB0TD7UNFNN3MVM7,PUNB0CNSD0D,HDFC Bank,Kanpur Dehat Main Branch,False,s3://up-ab-docs/CHQ_U2XCOCTSX99B.pdf
04cb93f6-0c5d-4084-9c7e-524749e72532,8bc71410-a0f1-4c76-800f-5300d9496eca,HARI OM GUPTA,Mishra & Srivastava Heart Institute,ACCT_KHBYTAPPON94H9SX,PUNB04MFLX2,Bank of India,Mathura Main Branch,True,s3://up-ab-docs/CHQ_YQJ64TYR2F09.pdf
8203ec82-7067-42d0-b416-81cb8bda8322,bb35f752-a368-480e-afba-21573ff95c48,RAJESH KUMAR,Community Health Centre Shravasti Block 2,ACCT_B2N0L8UINVPRUUHK,PUNB0A99DZB,UP Gramin Bank,Shravasti Main Branch,False,s3://up-ab-docs/CHQ_MJQ13UBD3SM3.pdf
2796ebc2-e9d1-45cf-8418-7f05a216daf6,77bee0a6-3736-41b7-878e-2044de6db9a2,RAMU KAKA,Dr. Tiwari Hospital & Research Centre,ACCT_RBTYNUNZ9ZPJKT4D,SBIN0T37SKX,Canara Bank,Varanasi Main Branch,False,s3://up-ab-docs/CHQ_IINRXUXKWHH2.pdf
f5f69653-4500-4381-ae42-d50c3c627366,d4b57a38-fb5d-4322-bb10-6158a89c9ad4,RAKESH KUMAR,Combined Hospital Kanpur Dehat,ACCT_8ASEEILNPRZR7A1U,ALLA0RFQCOU,UP Gramin Bank,Kanpur Dehat Main Branch,False,s3://up-ab-docs/CHQ_MTBNGSXSLZLO.pdf
cba9417e-0089-4f63-9c15-8e6cae4aad2a,ae1ffb7d-3356-413e-8d09-e4b485d1f91d,RAKESH KUMAR KURMI,Trauma Centre Mawana,ACCT_GIVD7ZA6RWBHQYK9,UPCB0GUAW34,HDFC Bank,Meerut Main Branch,False,s3://up-ab-docs/CHQ_K8DX673E2O5I.pdf
f5d33944-718c-4d40-a7e0-9bf366ff4111,9790f009-c4ec-4e15-8b88-3762ae3b75cc,HEMANT KUMAR,Zonal Hospital Kanpur Nagar,ACCT_19R631ETZMRN8TFI,ALLA05736J4,Punjab National Bank,Kanpur Nagar Main Branch,False,s3://up-ab-docs/CHQ_2UU9QINLHJ5X.pdf
c4c8b11e-0665-4dc0-b7ab-3dcb31f40402,c82d2e3f-98ce-491b-94c5-f33223488e8a,RAMESH CHANDRA NISHAD,Medical College Hospital Ghazipur,ACCT_IQH9X6021YXV453L,CNRB0KRYF9J,Canara Bank,Ghazipur Main Branch,False,s3://up-ab-docs/CHQ_QF3NA0E1FTSJ.pdf
b521841f-41cd-4da3-9475-bc3a3a385752,774e84f5-a11e-428d-a490-b6e026c3389e,BABLU KUMAR,Dr. Srivastava Eye Hospital,ACCT_J3JVT28ODE050ZNS,HDFC0RP20DK,Union Bank of India,Jalaun Main Branch,False,s3://up-ab-docs/CHQ_NMXY03PO9A84.pdf
5e1240d8-11c8-4542-be16-bda75edf1574,169bd8af-394c-4bfd-9a8a-251a3680241d,ROHIT KUMAR JAISWAL,Zonal Hospital Balrampur,ACCT_3RIG5PT0XSPIVVW3,PUNB0BP19DO,HDFC Bank,Balrampur Main Branch,False,s3://up-ab-docs/CHQ_7ST7XLBNSSPJ.pdf
cbc61311-dbce-4426-8417-b85393f84436,44de4e75-8b0c-4958-a2cc-7fc3fa0c125a,RAJEEV KUMAR YADAV,Medical College Hospital Azamgarh,ACCT_HFTYCGPQOIGVVXHX,BKID09VBJHK,Bank of India,Azamgarh Main Branch,False,s3://up-ab-docs/CHQ_ZX6PL0XUK8U5.pdf
89ee9736-abd9-4423-a933-57a2b366ca4a,e143eb48-9803-47ee-a528-afa11a065593,VIRENDRA SINGH KUMAR,Dr. Agarwal Orthopaedic Centre,ACCT_6VZVS3XOWYICRJ51,UBIN0SR3KYO,Axis Bank,Ambedkar Nagar Main Branch,False,s3://up-ab-docs/CHQ_FAJ7NSAUFRW7.pdf
a9deead3-d6fe-4756-911b-9222670d71f5,886e768d-710b-4ab0-be65-8fbaa25b0e6d,PAPPU YADAV,Dr. Verma Orthopaedic Centre,ACCT_IHU6SM1DXOPZA1VY,UPCB0MNCV6A,Punjab National Bank,Banda Main Branch,False,s3://up-ab-docs/CHQ_RB32LL6AOEQZ.pdf
c09b498a-9cee-462a-8924-a28f557eae4a,787beee6-ff80-4a5b-aeca-4fd2756f0548,UMESH KUMAR,District Hospital Pilibhit,ACCT_8DZXHGT8R873FLZL,MAHB0ZKTKEB,Bank of Baroda,Pilibhit Main Branch,False,s3://up-ab-docs/CHQ_2FKAFTGDB9WD.pdf
ac9d3a87-af58-492a-8209-de362ef188f5,ce7867d2-5635-49cc-a736-9403134aac2e,AMIT KUMAR,Primary Health Centre Rampur Block 8,ACCT_JEACZSVUX6OZ1C6O,SBIN0ZZZL7B,Axis Bank,Rampur Main Branch,False,s3://up-ab-docs/CHQ_3L48TNL1DLH3.pdf
a48f9eb1-aaf5-48d0-9915-9b7a1ddf9a11,76d53435-2f53-44c7-977f-fa63dbddef70,NARESH KUMAR LODHI,Primary Health Centre Chirgaon,ACCT_UF9EZ6ZZVEJUS7Y2,UPCB0T6N7A4,State Bank of India,Jhansi Main Branch,False,s3://up-ab-docs/CHQ_62X3KU6DCVFB.pdf
913d8d46-15f2-42b1-bd1b-5b5a66842ddc,0309f1cb-d6cd-472f-ba10-6903794d92f9,AMIT KUMAR,Medical College Hospital Shamli,ACCT_W61G88ORZNP9CLX4,HDFC0LQL1BD,Punjab National Bank,Shamli Main Branch,False,s3://up-ab-docs/CHQ_S9XQHZMBBEFD.pdf
17464f05-d047-427e-8e5c-31bbea23fe57,0a85f16e-2b22-4dca-a10d-5b92201b4906,RAJU YADAV,Trauma Centre Siddharthnagar Block 5,ACCT_J7W9OVNZEU4YYG2R,CNRB0MYJNE6,Axis Bank,Siddharthnagar Main Branch,False,s3://up-ab-docs/CHQ_CNFTVOT2WSC5.pdf
a5ee5f66-adbb-41e0-92ed-f45e2a3bc25a,82f0c635-e239-4173-a652-e5c58ab0a63e,SURESH KUMAR,District Hospital Mathura,ACCT_1667U6XDJ3T9WFGM,BKID0HJR9NC,Bank of India,Mathura Main Branch,False,s3://up-ab-docs/CHQ_ZKOCPQ4CFUQW.pdf
7237e70c-e095-4062-b99e-ce1595c22b8c,f6dbadc9-6b8d-41f4-8648-d12113ee3815,MUKESH KUMAR,Primary Health Centre Bulandshahr Block 2,ACCT_CQSGV71CVRKZYH92,CNRB0VNJC2R,Canara Bank,Bulandshahr Main Branch,True,s3://up-ab-docs/CHQ_C87MMN2L2OC2.pdf
413f2cf9-0ec5-41de-91a1-6c9d71d29735,dc0137f9-20fe-4a85-bfdd-45cf9d56fa5f,MUKESH KUMAR,Sub-District Hospital Basti,ACCT_OPZSFHDGN2J9SK9M,UPCB0W029BL,Canara Bank,Basti Main Branch,False,s3://up-ab-docs/CHQ_NJ4NNTZTNFFU.pdf
e5a75742-9a6e-4f35-8a3c-7c00aced3ddf,acf7cc6d-d2d5-450c-8ea2-2e4c3aab8048,ARVIND KUMAR KUMAR,Dr. Pandey Orthopaedic Centre,ACCT_DHLSE6S3RMXUAE1D,HDFC0PTCUHR,Canara Bank,Hapur Main Branch,False,s3://up-ab-docs/CHQ_XVZFO5MZP2GB.pdf
589fb749-8a45-45cc-a64c-242561675b7d,36514112-6034-4d11-bcc2-83c07762bea0,RAM PRASAD,Dr. Pandey Orthopaedic Centre,ACCT_VJR1LBIKLY30PJLP,HDFC0QKGHNO,Bank of India,Mau Main Branch,False,s3://up-ab-docs/CHQ_S6DBAJR88L3W.pdf
fa6da2a0-eeea-4a82-b751-6578a6f612e3,cbc9e3ca-7d76-4729-8f89-a5d408538b50,BRIJESH KUMAR KORI,Shiv Cancer Institute,ACCT_VLA0PH9Y14S22D79,PUNB02EO51K,Canara Bank,Kaushambi Main Branch,True,s3://up-ab-docs/CHQ_UZZFFFH0FSV6.pdf
b7ab843f-4cbf-43fb-838b-671c92f386cc,e050b7f7-ff26-49fc-bcdb-4d99402a8a0e,PREM SHANKAR,Dr. Agarwal Orthopaedic Centre,ACCT_DZTJZNTTDTOAM2AU,ALLA0BS54KM,Punjab National Bank,Lucknow Main Branch,False,s3://up-ab-docs/CHQ_9SMTS0DX08NN.pdf
de610674-9bd2-4acd-a767-e01b22fb4f1c,0ac38087-8f1d-4bb3-91bc-b03fe5299f25,NARESH KUMAR,District Hospital Kannauj,ACCT_SNRY93DIN4MR5WXN,HDFC0OYM616,Punjab National Bank,Kannauj Main Branch,True,s3://up-ab-docs/CHQ_R7U229DDCYST.pdf
c852a335-a697-4cd4-9a7c-772f303bd05e,5c50a41c-8176-4534-acde-b156771df199,ASHOK KUMAR,Shakti Cancer Institute,ACCT_EA3ILZ7KFJB00QM4,HDFC07RRONH,State Bank of India,Sonbhadra Main Branch,True,s3://up-ab-docs/CHQ_G575Q7WIDJGE.pdf
eee202d5-b5b4-43e4-9565-b6976c6910a2,f2f4c833-612c-47b0-b302-f236cb5beb19,DEEPAK KUMAR,Zonal Hospital Lalitpur,ACCT_50QUKNMVPNXZD0A0,BARB03L23FO,Canara Bank,Lalitpur Main Branch,False,s3://up-ab-docs/CHQ_IRU13HFFPIWC.pdf
60e96009-611c-4cf8-b141-0007ae2b4677,30a2635e-e25b-4493-b0d7-47d97e9b7905,DINESH KUMAR,Dr. Sharma Hospital & Research Centre,ACCT_T2DYJFBBM4UGUQAC,SBIN0XKY1DK,Canara Bank,Prayagraj Main Branch,True,s3://up-ab-docs/CHQ_O7O765OEXX1K.pdf
c2fe4160-35c2-492c-90f2-9b496bc46098,c89a3cc0-2359-4619-a84c-0e6df2a3d623,PRADEEP KUMAR,District Hospital Barabanki,ACCT_R2DMMVRK8IIXGE7X,UBIN0QG1BUA,Bank of India,Barabanki Main Branch,False,s3://up-ab-docs/CHQ_I4DJHV7D2W5H.pdf
aee6a82d-cc91-48c3-b4ee-778bec7fea80,b608899e-7583-413b-bffe-0de2f1fba9b1,HARI OM VERMA,Women Hospital Mau,ACCT_BR1RYBJ09S54YQLM,BKID05CNPO3,Bank of India,Mau Main Branch,False,s3://up-ab-docs/CHQ_FJ5S9EB56WKH.pdf
6fb27850-24d9-4049-9d29-38421474035e,955003ac-10e8-425c-a740-d329e48f099b,BABLU KUMAR,Laxmi Maternity & General Hospital,ACCT_260157R08MT8SQI6,PUNB0KUFILQ,Bank of Baroda,Barabanki Main Branch,True,s3://up-ab-docs/CHQ_B814RJZC5FUN.pdf
86aefb9d-37b0-481c-aba2-37084caf61ef,c6367490-c7be-4c38-a755-57c180c83c74,HARI OM,Shiv Medical Centre,ACCT_NAYYVS6TQLLJ0ZNI,MAHB0N15DQQ,UP Gramin Bank,Sant Kabir Nagar Main Branch,False,s3://up-ab-docs/CHQ_ES985DWE9KNV.pdf
9780129b-7d79-48fc-9f09-52aa0157c0de,f0a39b48-462c-4632-a2db-53e1f28fb0eb,AMIT KUMAR YADAV,Urban Community Health Centre Inchauli,ACCT_YL8CDKIB513ZLTAR,BKID0Q6HECD,State Bank of India,Meerut Main Branch,True,s3://up-ab-docs/CHQ_9JRYMY30OBN5.pdf
01da4359-5ec5-4dd8-89ee-88fccaed9ef4,b7220b85-186d-4e82-a7e3-32b1f108eca1,DEVENDRA KUMAR,Urban Community Health Centre Muzaffarnagar Block 2,ACCT_75QV1MD7S49GH83W,MAHB06QOX5R,UP Gramin Bank,Muzaffarnagar Main Branch,True,s3://up-ab-docs/CHQ_MXJ0WCTGGKWF.pdf
c00dc1eb-3608-4a94-acd1-cf1cd2bd7758,6bba99d2-742e-4c5a-8c79-ddbb7cd6f31d,GUDDU KUMAR,Urban Community Health Centre Raebareli Block 8,ACCT_E179AOBBWIROOABI,PUNB08T2ASA,HDFC Bank,Raebareli Main Branch,False,s3://up-ab-docs/CHQ_R5HQMM802XG2.pdf
226cff07-a90c-4c61-ad00-767cbb540df3,e47ecee6-4e1d-49bf-ac89-2f3e0a26a2f0,BABLU KUMAR,Women Hospital Gorakhpur,ACCT_RS5639PWG4U9N51A,PUNB0P6EEOY,Bank of India,Gorakhpur Main Branch,False,s3://up-ab-docs/CHQ_4770USXRMHRO.pdf
b0dfa23f-d1ab-43c6-b6cd-96f03531c3a1,7c74a3fe-c833-4480-bf77-3b2569feda4c,ARVIND KUMAR,District Hospital Varanasi,ACCT_8930CJH0PYUYPM37,BKID05T6I4Z,UP Gramin Bank,Varanasi Main Branch,False,s3://up-ab-docs/CHQ_L3R0B43P2F9X.pdf
92def76b-1f30-4a11-ac33-cc60c3040dd5,f27404c5-a83c-4f51-aedf-ad940fceb7ac,PAPPU YADAV,Verma & Mishra Children Hospital,ACCT_2AAMIJ2X2V4MXV8M,UPCB0JVFJPG,UP Gramin Bank,Sultanpur Main Branch,False,s3://up-ab-docs/CHQ_6O5J5V733FDW.pdf
c1959a8c-7fbd-4e4d-a988-ff4cab32d901,49594842-eeda-440c-9d84-05d23688557a,LAKHAN LAL,Zonal Hospital Gautam Buddha Nagar,ACCT_XAV21EZOULYL2BW8,ALLA0CPMJUR,State Bank of India,Gautam Buddha Nagar Main Branch,False,s3://up-ab-docs/CHQ_7MW9DVI2VVS3.pdf
7654bd11-a805-4f30-a034-a17436ee0541,d4266dd8-633a-410f-80a4-c0fb72408134,ASHOK KUMAR,Women Hospital Chitrakoot,ACCT_QU3ETZJB8OPUR7N5,UPCB0IB47E9,Bank of Baroda,Chitrakoot Main Branch,False,s3://up-ab-docs/CHQ_ZIOA88E9PIJF.pdf
c3a6aac3-fa5a-4aac-a985-44e24d8ca7c9,bff61730-ce42-45ce-88dc-74143abbcbbf,GUDDU KUMAR SINGH,Zonal Hospital Kannauj,ACCT_4HQHF8G8VU6NK6FD,MAHB085AKDD,Union Bank of India,Kannauj Main Branch,False,s3://up-ab-docs/CHQ_F6MGZ53SFW5P.pdf
9b58e26c-dfbc-4f6e-a84f-568e14977896,7b64b485-6350-4f47-9c8a-5482a29027ae,RAVI SHANKAR,Women Hospital Mainpuri,ACCT_OW38W47HLPF13FU3,CNRB0NDWUCY,Axis Bank,Mainpuri Main Branch,False,s3://up-ab-docs/CHQ_4W0HR02RH9ZN.pdf
21557cbb-24d5-44f2-900f-2d8f39da2252,6e4e3210-9365-4047-962a-1969aeb236c7,NARESH KUMAR,Combined Hospital Gorakhpur,ACCT_DHQEZPD977H47QEG,UPCB0XE5RTA,Bank of Baroda,Gorakhpur Main Branch,False,s3://up-ab-docs/CHQ_7TBNW25691U9.pdf
5a6caffe-120a-49ad-ba93-6ce5c6f1bc74,c4828875-f675-42b4-8993-217ba936e17a,BRIJESH KUMAR,Trauma Centre Siddharthnagar Block 5,ACCT_SL8U9AO5LLZYFSJ0,UBIN0M670SU,Punjab National Bank,Siddharthnagar Main Branch,False,s3://up-ab-docs/CHQ_ZPARCKY41C6Y.pdf
61bde6c5-a987-42dd-a850-b7975f2026d2,85043c0c-6419-4b00-91e3-b23106776f95,MUKESH KUMAR,Community Health Centre Pratapgarh Block 4,ACCT_VS7FZ5MY3I78ZBQX,UBIN06C0USS,UP Gramin Bank,Pratapgarh Main Branch,True,s3://up-ab-docs/CHQ_8QQ95T52KMIN.pdf
25129a4d-1dae-4d7a-90af-ee943daed1b0,462870a7-d72c-437f-9859-06f5271cc205,JAGDISH PRASAD,Trauma Centre Bulandshahr Block 1,ACCT_DT4A7C7T7M4X7B29,HDFC0GXPCHW,UP Gramin Bank,Bulandshahr Main Branch,True,s3://up-ab-docs/CHQ_3Q3PPDEJYAZ0.pdf
da3800d7-410d-42dd-8597-1021a8e11368,fbf6d91e-85ce-4c17-a954-5d0e839a3c6b,PAPPU YADAV VERMA,Combined Hospital Bijnor,ACCT_V9G14OD0N4JVS0B1,BARB0RHN29T,HDFC Bank,Bijnor Main Branch,True,s3://up-ab-docs/CHQ_BTE9IHIMWWW2.pdf
321a584c-8f21-4a1e-99ac-f5e00ed39fc6,94a284dc-5cf1-4342-8a6f-4f64dedb0a1e,BRIJESH KUMAR,Dr. Pandey Multispeciality Hospital,ACCT_DR176NI08O6GA4NS,UBIN0IA3D1J,Bank of India,Raebareli Main Branch,True,s3://up-ab-docs/CHQ_X2B7I2MI42KM.pdf
20796d4d-231e-49ca-af93-b63cd1606fc6,a6a70022-e453-4de8-8ef6-bcb7c470235f,RAMU KAKA,Dr. Verma Hospital & Research Centre,ACCT_LBQNVAQJ9IUOWCCE,ALLA0MAZ0XS,Canara Bank,Badaun Main Branch,False,s3://up-ab-docs/CHQ_PT5X37COVEAQ.pdf
5020029d-a9de-4b6c-a4d8-60bb42835af2,45e682c8-1edd-43f5-9a9a-63ab65a4f6f5,MUKESH KUMAR CHAUHAN,Dr. Verma Surgical Centre,ACCT_M487TNP2KCMEOS4T,PUNB0VZBOLQ,Axis Bank,Gonda Main Branch,False,s3://up-ab-docs/CHQ_5FIZIGWU0Q65.pdf
2b5cd8ee-e145-431b-952c-1c542287bade,4a1932e9-a828-4e48-80e3-b73a3a88bdb5,PAPPU YADAV,District Hospital Ballia,ACCT_A41EU6AFL3GOVVWW,MAHB0AQLSH3,Canara Bank,Ballia Main Branch,True,s3://up-ab-docs/CHQ_Y19IR1CL42B6.pdf
60f9fc0d-0a7f-477e-a2f3-38437a92feea,836a040a-d9d3-4aca-aea6-b7dceb825023,HEMANT KUMAR,Dr. Pandey Hospital & Research Centre,ACCT_CXK7OCSW6QRD9QJY,BKID01ZWOS2,Punjab National Bank,Rampur Main Branch,True,s3://up-ab-docs/CHQ_41PU1OSS5D7D.pdf
ec9ff6b1-04c5-401a-8518-ef5cae709257,a0ca67df-3619-4e3c-ba10-f0e214d3dd90,VIVEK KUMAR,Zonal Hospital Saharanpur,ACCT_MQ7IHAQQ3IO7ZIYO,HDFC0VHZMRN,Bank of India,Saharanpur Main Branch,False,s3://up-ab-docs/CHQ_9YQZVKHLWYFS.pdf
82b1883c-6aa7-4bf4-8b5f-86f18e9f3b14,f6e59df6-7d53-4a43-be31-bc21ed824a40,PRADEEP KUMAR,Primary Health Centre Lalitpur Block 1,ACCT_4ZSQUGW9U7QOQGID,SBIN0CCE0WH,Canara Bank,Lalitpur Main Branch,False,s3://up-ab-docs/CHQ_5RUNOFY866ZO.pdf
a020638c-29a9-49de-be13-12894a1b726a,984e0e77-c7d8-4c9e-b4c0-91cb3cfc45d4,MUKESH KUMAR,Dr. Srivastava Cancer Institute,ACCT_W3IYZPXBCEOBURV2,UPCB0SDS420,HDFC Bank,Pratapgarh Main Branch,False,s3://up-ab-docs/CHQ_Y4OJQASH7ZU5.pdf
622abf1c-917e-4b47-938f-8fb8a27a906e,f8ab7fcc-9784-4745-b38a-1cfae3f2b9bc,RAJU YADAV KURMI,Dr. Verma Multispeciality Hospital,ACCT_O73JH9KWK3RYZYV0,SBIN0V8JLM5,Bank of India,Kanpur Nagar Main Branch,False,s3://up-ab-docs/CHQ_G9EQDT1OJIJT.pdf
5be58267-1c8b-4e11-82ed-49fec2fabad3,041b081f-9fbf-412a-936a-314f4fe17d9f,SANJAY KUMAR,Srivastava & Verma Heart Institute,ACCT_S3N2K4VQLIB9PJDM,UBIN0KPSLSB,Canara Bank,Mirzapur Main Branch,False,s3://up-ab-docs/CHQ_O9G4LC5FQRL0.pdf
86e666d2-bf26-4c7a-a6cb-ae0b7b15f32c,a2b628b7-8f1d-46db-92b6-969042c93102,RAKESH KUMAR JAISWAL,Sub-District Hospital Varanasi,ACCT_2ZJSIS0ZEZ5KXLOM,UBIN0SCP1UN,Bank of Baroda,Varanasi Main Branch,False,s3://up-ab-docs/CHQ_9FTFWYA7D9KC.pdf
0116a87b-002d-4ea4-89bc-9627621abcbf,cbb3f971-4539-4695-a240-b29207bc78eb,PAPPU YADAV SHARMA,Gupta & Verma Hospital & Research Centre,ACCT_TVB1T09ZWEKQ4VVD,BARB0C0V2GN,HDFC Bank,Mainpuri Main Branch,True,s3://up-ab-docs/CHQ_J5GIYJ66QKDB.pdf
813dbf3c-fefc-492d-abe5-60e6847152e2,8325ecfe-0863-4a34-b714-c82d017a36e3,VIVEK KUMAR SHUKLA,Urban Community Health Centre Ballia Block 5,ACCT_0AZKO6Q1JOCYDDQU,SBIN0911E71,Axis Bank,Ballia Main Branch,False,s3://up-ab-docs/CHQ_5287EFM5RQW9.pdf
a43275f8-9fc1-4919-b7be-a3318ccdfa50,4d3bc74a-40ab-4dcd-9294-f34fc3408d24,SHYAM LAL,Singh & Verma Multispeciality Hospital,ACCT_OM2F5P33C0IDKIBN,ALLA07FROEQ,Axis Bank,Ghazipur Main Branch,False,s3://up-ab-docs/CHQ_2T4WR37OHCFD.pdf
32a6709e-b209-4271-87e8-0aac045bc974,975d2175-7e14-43de-86aa-003a47ce08f8,DEEPAK KUMAR,Ram Maternity & General Hospital,ACCT_KB77LWKX6MGZ6JHM,PUNB01CTFTM,Bank of Baroda,Prayagraj Main Branch,True,s3://up-ab-docs/CHQ_WPI5Q4SJRHO0.pdf
847a6d5e-1431-4822-ba6f-08a1c1778a2f,e0939087-ac41-4e0a-bf32-d82c22e257fa,RAVINDRA NATH,Shakti Children Hospital,ACCT_TAWNVZH2K09F14QM,PUNB0WGFTK6,Axis Bank,Gorakhpur Main Branch,False,s3://up-ab-docs/CHQ_D53SD7V0GFRF.pdf
85d88feb-8163-49d4-b416-a15fa4b7b6fc,682a4a50-e514-46f8-88d2-90c351729b29,UMESH KUMAR,Pandey & Gupta Orthopaedic Centre,ACCT_MNY8I54M2FO8LSR4,HDFC0QUHOXY,Bank of Baroda,Basti Main Branch,False,s3://up-ab-docs/CHQ_6KH5QPE2D1A2.pdf
22d95a9d-7d4d-475a-b99a-9ef6863925b8,48aae692-87fe-4be9-9b8c-e08d4c44689d,ANIL KUMAR,Trauma Centre Barabanki Block 8,ACCT_XY2IIEBB2LV04KS8,PUNB023ZEMB,Bank of Baroda,Barabanki Main Branch,False,s3://up-ab-docs/CHQ_5RR0LX4NL5KA.pdf
46ac35d1-7654-4cb9-af78-eae2a3958e5f,933bac93-7b41-4ae5-84ff-7042c2e5ed5d,RAJEEV KUMAR,Srivastava & Verma Children Hospital,ACCT_EWENW0L0X21GMUOX,UBIN058FKK7,State Bank of India,Mirzapur Main Branch,True,s3://up-ab-docs/CHQ_IVCGWXE5V5D0.pdf
647de563-6791-461f-a240-c3a85e17d7be,bf5461ef-17c0-4e98-8b6f-bbb791b3adc5,GUDDU KUMAR,Women Hospital Lucknow,ACCT_WVW46OJZ16GUB613,PUNB01WHDT2,UP Gramin Bank,Lucknow Main Branch,True,s3://up-ab-docs/CHQ_YV6W77XDQVZW.pdf
870178f0-0042-45d7-ac41-8d91b33c928b,db3fdada-75d0-4a5d-b8d1-a53bbd4f446b,LAKHAN LAL,Krishna Eye Hospital,ACCT_TY4OPV86IKUKA9E4,BARB070BCRR,Axis Bank,Lucknow Main Branch,True,s3://up-ab-docs/CHQ_S15Z4DODE4SG.pdf
8141ce0e-0f54-486f-96f7-686b2e653625,396f282a-612c-4ce1-9dcf-9330f9dd8328,ANIL KUMAR,Singh & Tiwari Medical Centre,ACCT_A4CGXW0MLIKXPI16,ALLA0KY1KV0,Bank of Baroda,Varanasi Main Branch,False,s3://up-ab-docs/CHQ_U5LQTT7WYH01.pdf
d782086c-7453-4a85-b1a9-530acef038c4,3157d0e1-190e-4ba7-b8f7-d292880a2840,HEMANT KUMAR,Primary Health Centre Unnao Block 6,ACCT_KVGJX45ILHC1O52C,UBIN0SG85YA,Canara Bank,Unnao Main Branch,False,s3://up-ab-docs/CHQ_3XT0P5XO0739.pdf
309e51b8-6797-41bc-90a8-9fbca038928e,c6b2aafc-03cc-4fa9-81ba-8ac203cfac70,ARVIND KUMAR,Community Health Centre Siddharthnagar Block 1,ACCT_49K9F3C8D682HPWX,UPCB0YTE0DE,HDFC Bank,Siddharthnagar Main Branch,True,s3://up-ab-docs/CHQ_AAV5SNYEDNUW.pdf
488a39fb-257c-4f7f-83c8-4f357f4e0c34,d4a1cb66-9da9-4f16-a5ff-19110e8bc369,VIJAY KUMAR,Urban Community Health Centre Mohanlalganj,ACCT_MA1Y0WKUPZXQQUZ6,PUNB0HY8FTY,Canara Bank,Lucknow Main Branch,False,s3://up-ab-docs/CHQ_2E90FZ2L92HT.pdf
1d9d38d9-d56c-4779-8a9d-b9de757d30b6,181a5e6e-e580-4b50-913b-db2a8bb6042e,RAMESH CHANDRA,Zonal Hospital Jalaun,ACCT_MEF0B8BMT5XGO9TF,BARB0M6V8LI,Allahabad Bank,Jalaun Main Branch,True,s3://up-ab-docs/CHQ_KTC2VJPGXRLE.pdf
c087c6dd-0cae-4c93-b965-7c4a6ebe6148,cbcd707a-7433-4832-a55c-80fd25d1108f,PRADEEP KUMAR TIWARI,Women Hospital Badaun,ACCT_SE6DXD7LG10U1LDT,PUNB0D3GL3I,Canara Bank,Badaun Main Branch,True,s3://up-ab-docs/CHQ_CS0WANW3EL89.pdf
c18faa46-6930-4bbd-b2c1-ae9da706ed91,229cad6b-6bc2-4cdb-bfeb-46db2e9d3c12,VIJAY KUMAR,Community Health Centre Moradabad Block 8,ACCT_DYAT3W646A2N7TGM,UPCB0QTEJPB,HDFC Bank,Moradabad Main Branch,False,s3://up-ab-docs/CHQ_KROTDBDHLSTM.pdf
8caeb023-3759-405f-9836-30e017f862fd,5451b3cc-7f2b-4346-a2c6-f12a0c8c1d29,ROHIT KUMAR,Agarwal & Tiwari Nursing Home,ACCT_LOTDSGL97CPV1SBW,CNRB0CX6EAQ,UP Gramin Bank,Gonda Main Branch,True,s3://up-ab-docs/CHQ_NTE0VSTTN2LQ.pdf
980ca869-6318-4bad-a782-0c3f04d84898,93d20d4c-ed7f-49f5-9a1c-e76c05f7996a,RAJEEV KUMAR DUBEY,District Hospital Balrampur,ACCT_YSZTE8UIFA0NUR7G,CNRB0I5AXB0,Punjab National Bank,Balrampur Main Branch,True,s3://up-ab-docs/CHQ_COOAKAMPCUZE.pdf
55378e07-651c-442c-97c0-d2666124bd77,bd150a8c-94d6-426c-bcd5-c8ae6821be3d,SHYAM LAL,Trauma Centre Badaun Block 3,ACCT_EBE2V8NY9NVYD77S,CNRB0XU83PA,Union Bank of India,Badaun Main Branch,False,s3://up-ab-docs/CHQ_46HC632TOR6J.pdf
394bfcf6-57c8-40e4-8b87-0cbedca34315,187df607-c713-420e-9ce7-c3d01f3db274,VIJAY KUMAR,Zonal Hospital Etah,ACCT_P9BHE5OMU1TKEOT6,ALLA0ARAKNK,HDFC Bank,Etah Main Branch,True,s3://up-ab-docs/CHQ_DR0OZ1OQUV4P.pdf
18fa48cb-9401-4400-8a85-9258a28ccbfe,3bccff24-ff82-430d-a7b8-7f3b7501585c,SANJAY KUMAR,Community Health Centre Bijnor Block 8,ACCT_9Y6PTNPM4PTHLX1Z,UBIN05BD45G,Canara Bank,Bijnor Main Branch,False,s3://up-ab-docs/CHQ_02HDAAMIKRL7.pdf
29ad2af8-8d18-4bcc-85d9-072f49a931e0,d1206565-bbf6-4ced-9d37-3a3f40a4f91d,DINESH KUMAR,Srivastava & Mishra Heart Institute,ACCT_LJI0WFZ9TWE0N12Q,ALLA0AFV79L,Bank of India,Firozabad Main Branch,True,s3://up-ab-docs/CHQ_L0C88AWVB2UV.pdf
779efc40-ecd1-4419-b9c7-863e650a3794,54747cb6-1cc7-4ffc-bcea-2801ae3d1c6d,SANJAY KUMAR,Verma & Mishra Hospital & Research Centre,ACCT_4UODNQRUN0DIYXW5,SBIN0313W3U,Union Bank of India,Azamgarh Main Branch,False,s3://up-ab-docs/CHQ_46DVX3SKCPJD.pdf
6bca04de-2c02-4e8d-a281-1a61927bd3d3,3d69bf68-ccd0-45a6-a140-7900c8b813b9,SUSHIL KUMAR,Gupta & Pandey Children Hospital,ACCT_09BC8VZVIWN725GE,MAHB03LU6QG,Canara Bank,Prayagraj Main Branch,False,s3://up-ab-docs/CHQ_BUI03M7RLFJ8.pdf
9f8901ce-7377-4f5a-aa9b-795ce91b1ee4,b3960456-9c63-4f22-8565-50c8b69428ac,NARESH KUMAR,Urban Community Health Centre Bahria,ACCT_0AKV4TGE1XWP9S49,PUNB0YR6RF0,Canara Bank,Prayagraj Main Branch,False,s3://up-ab-docs/CHQ_1NIX38XD3AJ5.pdf
47571bc2-4a41-41e9-8ef8-697ae2332eea,0484a5b1-b318-42e6-99da-774cb419269c,SUSHIL KUMAR SHUKLA,Sharma & Singh Nursing Home,ACCT_IG8584C8ID0F0TEF,MAHB0KR5018,Punjab National Bank,Bareilly Main Branch,False,s3://up-ab-docs/CHQ_NNSNWQSAU8NC.pdf
bff1c4c1-b02e-4660-ac64-76b6c0b9f043,4f91fae9-942a-4025-bbc0-0eaaf27cd4a8,MUKESH KUMAR,Singh & Singh Nursing Home,ACCT_7QKJUXKCQSP5HVMB,HDFC0JM5OJU,HDFC Bank,Unnao Main Branch,False,s3://up-ab-docs/CHQ_2OH6QX1WWD5A.pdf
bb95cb46-5953-42ee-a5ce-1a0e83d32fd4,23a7f7dc-25a3-4300-8b49-9819b93a36d2,DEVENDRA KUMAR,Medical College Hospital Ghaziabad,ACCT_06PAHFD2E3FXPN13,HDFC08490PQ,Axis Bank,Ghaziabad Main Branch,True,s3://up-ab-docs/CHQ_5PHOOE6CVDLF.pdf
76d97b4b-26cf-43d6-907c-77f0c28ecdbf,1a5f4d32-d4b3-43a9-afa4-f4e69c80e375,SHIV KUMAR SHUKLA,Srivastava & Singh Hospital & Research Centre,ACCT_4KLW69VXA0K7L1TJ,MAHB0MJ3W70,UP Gramin Bank,Lucknow Main Branch,True,s3://up-ab-docs/CHQ_QGWNLYW3975X.pdf
eca4b43c-e968-4aab-929d-724079fc5115,83d7b479-72a0-4875-8dea-21791315c7b2,RAJEEV KUMAR,Singh & Srivastava Nursing Home,ACCT_YT9Z9XISNMRWJAEV,HDFC0TPGPK7,Union Bank of India,Gorakhpur Main Branch,True,s3://up-ab-docs/CHQ_CPFFWHEBUT7N.pdf
4ab46e80-e6c2-42d9-a0b1-a2cad504c1d1,25799b84-b7f3-48c3-ba9b-7013d7659d7f,ARVIND KUMAR,Dr. Agarwal Children Hospital,ACCT_1B3IU1LSC1G61LE6,PUNB0DLL92G,UP Gramin Bank,Kasganj Main Branch,False,s3://up-ab-docs/CHQ_JPBPPSLW7Q5A.pdf
eb28ae5a-76ea-456d-9fa2-8004a9f05459,3be409f2-d45f-47c7-afef-1980af1813d9,VIJAY KUMAR,Dr. Pandey Hospital & Research Centre,ACCT_9QQ23WM4CYJYMEK9,CNRB0ROHCBE,Bank of Baroda,Kaushambi Main Branch,False,s3://up-ab-docs/CHQ_RIRL539OZULL.pdf
0d116362-198d-4fc1-879e-bcb29dbc2fed,0a052797-9c5e-48ac-a914-ffde627d3be8,PREM SHANKAR,Dr. Gupta Eye Hospital,ACCT_RF70P0PSXG8NSTVD,UPCB0H0547F,Punjab National Bank,Muzaffarnagar Main Branch,True,s3://up-ab-docs/CHQ_J9EDN0A0XN0M.pdf
25be94ab-8a5c-47c7-a7df-ef33eba5e846,d605dc79-4141-4d2a-af33-5fe1f87608b4,RAM PRASAD,Zonal Hospital Hathras,ACCT_VFC5UIYPLLY44U7Z,HDFC06IN6KK,Bank of India,Hathras Main Branch,False,s3://up-ab-docs/CHQ_PP8I5R1UCWAY.pdf
1ed964fd-1d29-47ce-b082-d0f77dc6ea24,e0bfb9d3-454e-45e8-8433-855ca65814c6,PAPPU YADAV,Zonal Hospital Saharanpur,ACCT_IVAZOWKWX9VPG9XW,MAHB0AERKSN,HDFC Bank,Saharanpur Main Branch,True,s3://up-ab-docs/CHQ_7Q884SO00EFZ.pdf
62b6687c-3da8-4356-8a61-b1c075d7ce18,51c29a49-2b12-4da2-a3c3-22ee900a9ed9,RAJESH KUMAR,Combined Hospital Hathras,ACCT_1PIUY55S86C77OWC,SBIN07K3EYQ,UP Gramin Bank,Hathras Main Branch,True,s3://up-ab-docs/CHQ_SES7PX9GX30B.pdf
37b0c557-37ae-4233-b025-c54a04c2b8c9,8ad6e7c5-1134-4ca0-a5b6-d37ec3e89170,LAKHAN LAL,Gupta & Tiwari Eye Hospital,ACCT_8HLMAAH0EPXUJL8T,PUNB0X3C9UQ,Punjab National Bank,Sant Kabir Nagar Main Branch,False,s3://up-ab-docs/CHQ_KAOF6MQUUU6P.pdf
3d5916b4-dd12-4ddc-8159-405586ff4fc3,20181e87-65d9-4517-94f7-4da4fde9a1dd,RAJEEV KUMAR KURMI,District Hospital Amroha,ACCT_HO1GXXYYRM8SXC5H,UBIN09ROHR9,Bank of India,Amroha Main Branch,True,s3://up-ab-docs/CHQ_64FESCPL4ZQ6.pdf
40cffcd6-abf0-4535-b542-86a965ca4a07,197ee658-3480-43ac-8a97-85d30f089490,VIJAY KUMAR KORI,Urban Community Health Centre Mainpuri Block 8,ACCT_I0T2FRMUIBC9QDNZ,BKID0ORCO0P,UP Gramin Bank,Mainpuri Main Branch,False,s3://up-ab-docs/CHQ_W4XPLS764A62.pdf
15ef0b36-2b7e-4eeb-bdff-1ac57ac03dde,52affe87-361a-438a-8fc9-b836ff2f1b38,HARI OM,Medical College Hospital Sambhal,ACCT_VQ1SKWGNOL8X3O3E,MAHB08T7OS9,UP Gramin Bank,Sambhal Main Branch,False,s3://up-ab-docs/CHQ_0MUMZCL6E95M.pdf
a549b123-d20b-417c-acaa-d9e8336d2673,1d42c146-7e60-4514-99de-a79dccd043b7,MUKESH KUMAR,Sub-District Hospital Ghaziabad,ACCT_D663ST0B3JTKAE5U,UPCB09SONEP,UP Gramin Bank,Ghaziabad Main Branch,False,s3://up-ab-docs/CHQ_AL2TCUG74AX9.pdf
ba5a91fc-37a6-42fe-8f80-b7e765e83685,7c6b6b27-ca35-4d9a-a0e5-8ae998f279c7,PRADEEP KUMAR MISHRA,Community Health Centre Tronica City,ACCT_51ZV9P54L1HQ62JI,SBIN01AJQ5U,Canara Bank,Ghaziabad Main Branch,False,s3://up-ab-docs/CHQ_08W9SPWAUQNZ.pdf
ec8802bb-48e4-4fb8-ac8d-caef3318bd1c,fdac01da-480c-4062-90cd-b13e007732d2,RAVI SHANKAR,Women Hospital Jhansi,ACCT_JXM79VROTVQ9RI07,PUNB09IAVWK,Axis Bank,Jhansi Main Branch,False,s3://up-ab-docs/CHQ_TGTVJZGX7XWM.pdf
0a3707e4-0ab9-4f58-b5ad-40441e60e4bd,46ccfaf5-4624-4410-94b8-264a16c2cdec,PREM SHANKAR,Women Hospital Mirzapur,ACCT_87MT80HQA4XK02MK,BKID00SELXD,Punjab National Bank,Mirzapur Main Branch,False,s3://up-ab-docs/CHQ_VCOGEL22WF2T.pdf
f569d447-37a8-4215-b3db-4a4402c0b221,db99333a-caca-4124-bc31-482ab7eb0505,RAJEEV KUMAR,Hanuman Heart Institute,ACCT_437THZ5FOFS9KAY9,BARB0ZZ7R9Y,Bank of Baroda,Kushinagar Main Branch,False,s3://up-ab-docs/CHQ_MST03UK3UBI5.pdf
c71a1c96-d352-4fd2-9266-00d7fe47fb7f,7ec361eb-8edf-48e1-b1c2-d2beff453f59,ASHOK KUMAR SINGH,Trauma Centre Chandauli Block 2,ACCT_C1TTQGRNW9WPSFE8,BARB0ARB1YI,HDFC Bank,Chandauli Main Branch,False,s3://up-ab-docs/CHQ_8B8XURA7FZ1U.pdf
afc85995-bc91-4306-9090-b58e70ab1a2b,a230b71c-8e95-4cca-a609-066eaac129c0,DINESH KUMAR,Shakti Children Hospital,ACCT_UA7E3R2WKY4C305Z,CNRB0EWEO1M,Union Bank of India,Sitapur Main Branch,False,s3://up-ab-docs/CHQ_IAJKHCLHYSJK.pdf
af8c40f3-1112-4ee4-afea-c39f20ca7f8e,f443afda-e2dd-42f3-b3ef-6b70ec530a99,VIVEK KUMAR,Shiv Maternity & General Hospital,ACCT_OO3JXAE83E2QVI8W,BARB0YO9F6M,Axis Bank,Auraiya Main Branch,False,s3://up-ab-docs/CHQ_PHXMQQKU2BKQ.pdf
445eb075-7ea3-479e-9118-829a6046a89b,83115e24-f21e-45c0-8978-d571ef4a469d,ASHOK KUMAR,Medical College Hospital Basti,ACCT_ZP1I1UOABW09FCTO,MAHB038YU22,Canara Bank,Basti Main Branch,True,s3://up-ab-docs/CHQ_QG3V2N5RQ0KX.pdf
85adf299-b364-4a2b-a6ed-9f989d17d8c9,c7848bca-d54e-479c-bea7-df47ec8d6f77,RAJU YADAV,Krishna Nursing Home,ACCT_FGLP29CZT2GGNZ48,BARB0PJ4SX7,Bank of India,Siddharthnagar Main Branch,False,s3://up-ab-docs/CHQ_IXFEV43WAX7P.pdf
2e83e543-d1f9-4c02-8926-d1ff5dd3ffbc,d2451065-829d-40bd-b02e-3d863fa995ec,GUDDU KUMAR,District Hospital Agra,ACCT_5H2IVWORZ219VOYT,HDFC0KYSGTW,Axis Bank,Agra Main Branch,False,s3://up-ab-docs/CHQ_5JHCRGKVEL92.pdf
9937d7e9-86e1-47cb-8526-49269d1cd453,96305c82-d8ab-45b7-9c62-a81bfa46c417,UMESH KUMAR,Medical College Hospital Bareilly,ACCT_26W6XRVAXQUZT5GV,MAHB08S72DR,Axis Bank,Bareilly Main Branch,False,s3://up-ab-docs/CHQ_1SQ5HRSP33HM.pdf
9b152962-d752-4253-ae27-5a7b1b02f4fb,ad116e44-2c61-4564-ace0-da6afa66b3ba,RAMESH CHANDRA,Zonal Hospital Lakhimpur Kheri,ACCT_82QSDZGI226K212H,ALLA0G3K0JI,UP Gramin Bank,Lakhimpur Kheri Main Branch,False,s3://up-ab-docs/CHQ_1C48UJT5GCZA.pdf
6428f592-4649-4893-94f4-089b8957d736,567a2f84-a405-43c3-b225-0f407faf4d9b,RAMESH CHANDRA CHAUHAN,Dr. Tiwari Maternity & General Hospital,ACCT_4NA19VTMDMRICO6E,ALLA0VB3GKP,Bank of Baroda,Gautam Buddha Nagar Main Branch,True,s3://up-ab-docs/CHQ_A52HKXI4JFZX.pdf
9062c15c-a084-4042-a03b-8f55088bc1fd,10a9d67a-b10b-494a-9b94-1a3e8a21e629,PREM SHANKAR,Singh & Srivastava Cancer Institute,ACCT_8TL7GM381F20SQ2V,MAHB0JQ5JAH,HDFC Bank,Ghazipur Main Branch,True,s3://up-ab-docs/CHQ_VGMAJ4ORT2BK.pdf
62429378-da61-471c-b5e2-303a81d2df48,3e62dcc9-83fe-468f-b3b1-0662ba5b31f8,RAKESH KUMAR,Sub-District Hospital Gorakhpur,ACCT_1B5UV5MK93HO0FSH,HDFC0HJBVXP,Allahabad Bank,Gorakhpur Main Branch,False,s3://up-ab-docs/CHQ_Q8ROI2HTUJ04.pdf
8b20f7b7-4a1a-4d66-a559-0b39018e4305,b8690143-950f-4ee7-a5d8-4ee70f60e750,BRIJESH KUMAR,Medical College Hospital Bareilly,ACCT_P6OQ0Y0JKDPZ28M5,UBIN0ACVBY7,HDFC Bank,Bareilly Main Branch,False,s3://up-ab-docs/CHQ_V9HY3G1DSUBH.pdf
437f8c49-1b63-464b-bb8c-4633a3d3a40c,a48e3033-8056-4595-b32b-6d6740402864,SURESH KUMAR,Medical College Hospital Auraiya,ACCT_0W8IPNIC22PWS2AH,BARB0M6V6VG,Union Bank of India,Auraiya Main Branch,True,s3://up-ab-docs/CHQ_B0Z1TWZI1KF9.pdf
5c3d87f6-0534-4f8c-9a57-e4de26452842,ef8c5d06-94f4-4ae4-a5a9-ce75a8d6bac6,RAKESH KUMAR,Women Hospital Barabanki,ACCT_K44DOKDHL3ACC81W,BKID0H8SE43,Punjab National Bank,Barabanki Main Branch,False,s3://up-ab-docs/CHQ_BMMZ1QBVWX9R.pdf
9e8e99c7-03ce-40f1-b78d-a015debbf697,ad536887-87c6-4a8f-a488-60e6dcf59bf2,SUSHIL KUMAR,Women Hospital Siddharthnagar,ACCT_CPSZ5APA73D8VUNF,BKID0XT9DFW,Bank of India,Siddharthnagar Main Branch,False,s3://up-ab-docs/CHQ_QWIG6VWEMNOB.pdf
5999ef92-1ba0-430c-8cc7-bb13da4c3283,c734e493-63c3-4ca2-92fc-a1815a246b47,RAJEEV KUMAR,Primary Health Centre Mainpuri Block 1,ACCT_M3VE2532795RWP55,PUNB00WLUOP,UP Gramin Bank,Mainpuri Main Branch,True,s3://up-ab-docs/CHQ_O0PE48TEUOYT.pdf
bb09559b-b0a6-4e05-ac23-75e654923f4a,de763910-8db1-4875-af20-19665c35714d,ASHOK KUMAR,Dr. Srivastava Maternity & General Hospital,ACCT_89K1GJCCPBSCQAUB,HDFC0GKEH1T,Allahabad Bank,Prayagraj Main Branch,False,s3://up-ab-docs/CHQ_J62JZPOHN76T.pdf
3a7fc5df-d9e0-4a7c-be00-d486b0d28775,8a971fb0-fa85-4836-b3f5-9622ba8af71e,RAJEEV KUMAR,Medical College Hospital Lucknow,ACCT_B05Y7D6L0VGMBJWE,SBIN0KACZXI,Canara Bank,Lucknow Main Branch,False,s3://up-ab-docs/CHQ_H24LEDTSDN16.pdf
eda93fb3-6b87-4653-bc7b-cbae197521ef,9174ced4-f019-4246-8827-a065aa44eb01,RAVINDRA NATH,Dr. Tiwari Nursing Home,ACCT_XOCPXDA9T8VSO1QA,SBIN0WDHNL8,Bank of Baroda,Meerut Main Branch,True,s3://up-ab-docs/CHQ_N3FWJ59UIJ84.pdf
329f6d18-f917-45d5-a5a1-0bb8e2e75827,7f6e29aa-913b-44e9-8b13-d2da50c8faa6,ASHOK KUMAR,Women Hospital Balrampur,ACCT_FL5PTEDNS797CCRH,UBIN063ZVT4,Axis Bank,Balrampur Main Branch,False,s3://up-ab-docs/CHQ_XA9QLZT8NDC0.pdf
a8f95ac2-fbee-4767-bd94-0452b7640a6c,c038720e-e3e3-48a5-9cbf-445e2974968d,DEVENDRA KUMAR,Women Hospital Mirzapur,ACCT_3QCGGUP4YE6VSROW,BKID0GN7K06,Union Bank of India,Mirzapur Main Branch,True,s3://up-ab-docs/CHQ_VJO4JAFPRUT7.pdf
ef3083a6-6ebf-4fa8-b247-7f3757910d31,4ecaad2c-00a8-41f9-aefa-bfd837ff5171,DINESH KUMAR SINGH,Tiwari & Pandey Eye Hospital,ACCT_XSH0J4TB738FD5XJ,BARB089TMFP,Bank of Baroda,Hardoi Main Branch,True,s3://up-ab-docs/CHQ_9MZR4GBXL4I6.pdf
cb67b965-aa16-49ec-802c-02b6881f532d,73029354-bdeb-4153-bf97-41982cabaa29,SURESH KUMAR,Community Health Centre Mohanlalganj,ACCT_5GXIDPTRC3E8V63J,HDFC0FK3CEM,Allahabad Bank,Lucknow Main Branch,True,s3://up-ab-docs/CHQ_0IRCSXYC8K9Z.pdf
8ef82fda-6ad9-4c7a-8da6-48d990c1f02b,a1aa09e4-b67d-4082-8faa-b83940e779f8,HARI OM SHUKLA,Primary Health Centre Shankargarh,ACCT_NZCPKQGMS44UH3E4,MAHB020JXZK,Bank of India,Prayagraj Main Branch,True,s3://up-ab-docs/CHQ_WDZ431D582SO.pdf
18416e1e-707a-439a-81ae-8ede4d96efef,8ae6a2f3-be22-4775-b473-81f5c37133f1,ROHIT KUMAR PASI,District Hospital Chitrakoot,ACCT_E2TIJNTMOALP00OI,UPCB01847HR,Bank of India,Chitrakoot Main Branch,False,s3://up-ab-docs/CHQ_4IJ1Y7H5B0MU.pdf
dfc1cb07-a622-4b6b-86f3-06640886aea9,797abff9-f90d-4ab6-b9d6-f9737b14ac1e,RAKESH KUMAR PATEL,Agarwal & Mishra Children Hospital,ACCT_GUQF202786G9T9BB,BARB08WEMLN,Union Bank of India,Azamgarh Main Branch,True,s3://up-ab-docs/CHQ_JFMWVYNYLIZR.pdf
bf750d32-6341-49fa-9f71-396c69947695,7a917e17-ad91-49da-8aa0-3688c4992991,GUDDU KUMAR,District Hospital Ghaziabad,ACCT_ZXMQMHUC40C5JBJX,PUNB0IDYZMI,Axis Bank,Ghaziabad Main Branch,True,s3://up-ab-docs/CHQ_V0YSMN8D46PN.pdf
18f01044-87e2-4c69-923f-d4b478e5367b,7c354af0-50a7-4be2-b8dc-4888d6d30374,PREM SHANKAR,Gupta & Tiwari Heart Institute,ACCT_AW7XW6WIAZ2XWJ9L,BKID0N06FMG,Allahabad Bank,Badaun Main Branch,False,s3://up-ab-docs/CHQ_9L5NVSNFY9P8.pdf
be96611b-5e5a-4031-b30a-9ca52747a42e,3bce3988-243e-4ade-8f58-92ce3d1e3285,ROHIT KUMAR,Combined Hospital Shahjahanpur,ACCT_QI39U68IQ6R0N98J,HDFC0DHAFDA,State Bank of India,Shahjahanpur Main Branch,False,s3://up-ab-docs/CHQ_3Z3MTYVZPG9S.pdf
ebeb7d8d-0d4b-43d5-9c2c-a924b9741cfb,d4d95dd0-47d9-4ba9-a400-0ffe2332c143,DEEPAK KUMAR,Trauma Centre Bahraich Block 8,ACCT_GTXIKI7ZXR2NLPIV,MAHB0ZMAZAR,State Bank of India,Bahraich Main Branch,False,s3://up-ab-docs/CHQ_SA5JYUXUVNFM.pdf
b4c16a17-cec5-48c9-9006-2994f5c88d33,f17fae2a-5931-4ff9-ae7e-cfa624788501,HEMANT KUMAR GUPTA,Community Health Centre Ballia Block 2,ACCT_7TPH19HTQ0MG33TY,HDFC0DQVYT0,HDFC Bank,Ballia Main Branch,True,s3://up-ab-docs/CHQ_9SKOI1Y9A1QL.pdf
1aa9ea13-1ec8-40c2-93bc-d81896b33266,7c85c491-a6e2-48d1-bed6-83d569e7c4ec,RAM PRASAD,Dr. Mishra Surgical Centre,ACCT_CRXEIT6O7R9CF5R0,SBIN0V7SNZC,Bank of India,Agra Main Branch,False,s3://up-ab-docs/CHQ_Y0VRGRATSFQI.pdf
5a2277f7-4ee9-42bf-ab2d-23c9ed5ef8ce,b42f3d82-c77f-4b8e-a658-8d1cbadf10f2,SHIV KUMAR,Primary Health Centre Kannauj Block 4,ACCT_15UL87E1FI8DG68I,MAHB0U48MXT,Union Bank of India,Kannauj Main Branch,False,s3://up-ab-docs/CHQ_0W963UTUDJS8.pdf
33918e10-93e7-4628-a880-523e85c9a607,8205c20a-c739-4130-940c-99739372b984,BABLU KUMAR LODHI,Women Hospital Moradabad,ACCT_F2VLHYQEOZK2BWC8,BKID00DTNX1,Bank of India,Moradabad Main Branch,False,s3://up-ab-docs/CHQ_YJQ5PQA9MEC0.pdf
cb5e5af6-34de-45a6-b497-af023a2dbf55,174bfd7b-dc54-4970-bcbc-bee4aedffc05,MUKESH KUMAR,Urban Community Health Centre Kasganj Block 7,ACCT_GX217JBFMD7RFLQO,BARB0I3ZLZV,Bank of Baroda,Kasganj Main Branch,False,s3://up-ab-docs/CHQ_HJ3XBGW49UDY.pdf
11cb44a4-08bc-4455-aa7b-6a0209acf488,d640cf60-5ba6-4230-bb61-c8deebdb6377,JAGDISH PRASAD,Pandey & Sharma Nursing Home,ACCT_1DL77MK9D5TVH7FW,ALLA000B6HX,Allahabad Bank,Lakhimpur Kheri Main Branch,True,s3://up-ab-docs/CHQ_I8JGW581Q96T.pdf
05a129c4-a425-4391-98da-9a2dff3b11d7,50cc0f58-7482-4a76-a1da-c7ced84088d2,GUDDU KUMAR GUPTA,Sub-District Hospital Agra,ACCT_K3K217618TJKHGJX,BARB07WR8WC,UP Gramin Bank,Agra Main Branch,False,s3://up-ab-docs/CHQ_3W3KVRBQPZDO.pdf
5d39be5b-44fc-491d-b360-8e59a9c419f8,7a8bc033-3325-4dd6-806c-1bfc49e276e0,MUKESH KUMAR SHUKLA,Durga Maternity & General Hospital,ACCT_GV26U7TN9DM0F8M1,CNRB0J68A0C,HDFC Bank,Bijnor Main Branch,True,s3://up-ab-docs/CHQ_YRMAYPRF9RU3.pdf
00c2fccd-fc35-4cb7-987d-0a3265fbd7eb,1cd05726-e3c2-4312-af30-0cf760a021ca,RAKESH KUMAR,Krishna Surgical Centre,ACCT_6DQSUPL6LF8PV8T2,BKID09YF8UA,State Bank of India,Lucknow Main Branch,False,s3://up-ab-docs/CHQ_SZ2D2CVIDXJI.pdf
2375b0ce-200c-489b-81c9-9cb48f761c93,b71f78c9-b54c-438c-b9a0-f45c943d6101,SURESH KUMAR,Zonal Hospital Gorakhpur,ACCT_XB62ZITILCFC7ZTE,UBIN0QNJBJ8,Canara Bank,Gorakhpur Main Branch,False,s3://up-ab-docs/CHQ_ZWSJCOC9EKB6.pdf
71c59c0c-ec5d-4748-b7e8-2302f45d84e2,fcd30e45-1d96-4c5e-b614-657bd7d67c80,LAKHAN LAL JAISWAL,Primary Health Centre Mau Block 8,ACCT_5KPVRP4N3I1NHX55,PUNB0XQD9D4,Canara Bank,Mau Main Branch,False,s3://up-ab-docs/CHQ_4XIK8UKGE94Y.pdf
e73045ba-62ae-4fbc-9c87-9b7a96eeb2e2,66155c71-af84-45d5-8ea6-b73003e0abf3,RAM PRASAD,District Hospital Bareilly,ACCT_QA8RP8VP0Y83R6IX,PUNB0X3RIAH,Allahabad Bank,Bareilly Main Branch,False,s3://up-ab-docs/CHQ_T5NHA15ID95H.pdf
079c9364-538e-497d-8a9a-e824322f8a1d,bd2ee2be-fb07-45fb-bd79-d20378c11117,GUDDU KUMAR GAUTAM,Dr. Sharma Cancer Institute,ACCT_HOXW3OYLMB58B1M0,HDFC0YSV51O,State Bank of India,Kaushambi Main Branch,True,s3://up-ab-docs/CHQ_H9YHQPCEMVZ6.pdf
3d795ee1-3133-447a-975d-f46a8bee2bcb,1cc6597e-1ba8-4ce3-9eff-d60c34bca131,UMESH KUMAR,Shakti Medical Centre,ACCT_S5D2NDEYE82NQ963,CNRB0LDSWDN,Punjab National Bank,Sant Ravidas Nagar Main Branch,False,s3://up-ab-docs/CHQ_LN3TIABANZHM.pdf
4882ba2a-0547-43b1-8e99-c7d56132b77f,ff474499-b2db-44f9-9d8b-a0f27e956680,GUDDU KUMAR,Combined Hospital Mathura,ACCT_28V8QHDFOB1RXGBU,HDFC0G548LL,Punjab National Bank,Mathura Main Branch,True,s3://up-ab-docs/CHQ_1OQIG9GH7J6Y.pdf
c66676e0-74d8-407f-a25f-40ba45ade19e,4ae42283-66a2-4f6d-a8c4-8d9859d08b81,RAJESH KUMAR,Dr. Mishra Multispeciality Hospital,ACCT_6WT1OKONG0HT3DKU,UPCB0J2GMR5,Axis Bank,Bareilly Main Branch,True,s3://up-ab-docs/CHQ_LA8M757P3BQ0.pdf
5985cd5a-6374-496a-874d-f24ff110fd81,f892830e-8560-4f93-8818-caf6dd5b284b,RAMESH CHANDRA,Saraswati Multispeciality Hospital,ACCT_3JDOX6E6ZQRA7YXT,CNRB0XGTWTK,Bank of India,Sultanpur Main Branch,False,s3://up-ab-docs/CHQ_IN0WF2A3XLJP.pdf
3aff0be0-cda4-4761-8f58-8ef20e7d69bb,97dcb20d-4eb6-47b6-93c4-8a4a779e0045,LAKHAN LAL,Sub-District Hospital Unnao,ACCT_UV25KGVTD8GUD4UB,MAHB0AM5QXA,Punjab National Bank,Unnao Main Branch,False,s3://up-ab-docs/CHQ_7WKM0AV71AWM.pdf
795e8a6b-92eb-412e-b61f-d89759517896,758e531b-0cc1-4015-aaf2-0bb889c7a16d,RAKESH KUMAR SHUKLA,Women Hospital Gautam Buddha Nagar,ACCT_15ULJAJR7TNGRHCL,SBIN0Z8W7QM,HDFC Bank,Gautam Buddha Nagar Main Branch,False,s3://up-ab-docs/CHQ_BSQMC6ECKPF4.pdf
bccde08f-e14b-4cfc-96b2-1e9cc43264c1,4c51929c-ecbc-4d9b-98a2-f85f2f88e7ea,ARVIND KUMAR GUPTA,Primary Health Centre Muzaffarnagar Block 5,ACCT_P492BR0TSHOJN8C3,ALLA0UGBYSO,Punjab National Bank,Muzaffarnagar Main Branch,True,s3://up-ab-docs/CHQ_FY4V41YL6CO6.pdf
b4ae5869-5a76-4e62-a84d-82da51614f7f,7db8e352-3f79-4326-9bbd-942c6ae3210e,SURESH KUMAR,Srivastava & Gupta Nursing Home,ACCT_J44O1YENJWG3W1VJ,MAHB01SB62P,Canara Bank,Meerut Main Branch,False,s3://up-ab-docs/CHQ_MBNB9CAJXRXY.pdf
c6571e42-1b27-4d17-807b-4e437309eb6f,8d104833-7669-4afb-adb6-cbdb1c33700d,DEEPAK KUMAR SINGH,Saraswati Surgical Centre,ACCT_7Z9SLXUFD6D5MWUT,CNRB0SJ33EM,HDFC Bank,Kannauj Main Branch,True,s3://up-ab-docs/CHQ_YPXN5PH6TJ92.pdf
026f36ea-d0e5-48a4-83f8-d30b14d34eca,692657c3-3813-422c-bb78-b387a75b029b,RAM PRASAD,Mishra & Gupta Medical Centre,ACCT_BF2NHYIEZPJ9C52Z,PUNB0SVQSS8,Bank of Baroda,Meerut Main Branch,True,s3://up-ab-docs/CHQ_D406L6K5YVK5.pdf
e1d9b6d1-4229-48ee-a136-3df8312c30ad,e1d4116b-e654-48fa-b52e-b09f62dc0e81,GUDDU KUMAR,Agarwal & Gupta Eye Hospital,ACCT_42AXHA89E3R3I9WZ,BARB00IZBOT,Bank of Baroda,Firozabad Main Branch,False,s3://up-ab-docs/CHQ_AY7OW60XCMU1.pdf
6389cb8e-cf5c-4699-a590-504996c7e592,ccbff8d8-f02d-426d-a04e-afd0603f7dfc,RAMESH CHANDRA,Primary Health Centre Pratapgarh Block 7,ACCT_T4NXL33QS7H15Z31,ALLA02IG3VS,Bank of India,Pratapgarh Main Branch,False,s3://up-ab-docs/CHQ_9BTDV4VNC797.pdf
31bddfb7-3210-41b0-9752-4d651f72b17b,80effd9c-cf91-4862-8951-24df3b811a6d,HEMANT KUMAR,Trauma Centre Moradabad Block 1,ACCT_C1KC5N05VDYYGVD3,PUNB08X8CDD,Canara Bank,Moradabad Main Branch,True,s3://up-ab-docs/CHQ_ILT24S8VFRD5.pdf
f40062c4-352d-48be-8793-1c121761a29a,9d17a940-6381-4800-aeb5-06b692d8cfc4,RAM PRASAD,Trauma Centre Rasulabad,ACCT_PF4J3LQ92WJKEN7W,BKID041IBML,Allahabad Bank,Kanpur Nagar Main Branch,False,s3://up-ab-docs/CHQ_6HTHG5CYTD1U.pdf
bebbc690-4eab-4067-9f73-d11d295efc29,778f9df5-9d72-4e82-a40e-e8a6175ce696,RAMU KAKA,Dr. Agarwal Eye Hospital,ACCT_W8F620PW0BWY0QUB,CNRB0WSE8JH,Canara Bank,Kanpur Nagar Main Branch,False,s3://up-ab-docs/CHQ_3GOIQMHY3XO3.pdf
5187c309-8efa-4022-bd6f-ecaa4c544301,841f2477-39c6-4da5-9c5b-351c6e8b3328,BRIJESH KUMAR,Hanuman Children Hospital,ACCT_K058KA3FPCHOMA12,CNRB0ASI0MF,HDFC Bank,Lakhimpur Kheri Main Branch,False,s3://up-ab-docs/CHQ_KLSUECDT0KOV.pdf
9f03fb7a-9b93-4134-8ef3-cdc20208c5df,06c42dfc-acb0-4df4-9dcf-1636649e604c,VIRENDRA SINGH,Combined Hospital Etawah,ACCT_TZ16VW106CUJZ099,MAHB0WQG3L4,Axis Bank,Etawah Main Branch,False,s3://up-ab-docs/CHQ_30SMP2KI8L97.pdf
8cd83aef-1927-4970-80a1-4fc1a200b37e,8a08772e-88df-4961-bee3-259ec79e1670,DINESH KUMAR,Community Health Centre Bangra,ACCT_ENOAZK12QVXWCBV4,MAHB0IIVPLZ,Bank of Baroda,Jhansi Main Branch,False,s3://up-ab-docs/CHQ_DRT5DC2MU3FO.pdf
