hospital_id,hem_reference_no,hospital_name,hospital_parent_type,hospital_type,hospital_sub_type,establishment_year,state_name,state_code,district_name,division_name,block_name,pincode,geo_latitude,geo_longitude,org_head_name,org_head_contact,contact_email,accreditation_board,accreditation_level,accreditation_valid_upto,delisted_from_gov_schemes,total_bed_strength,inpatient_beds,has_fully_equipped_ot,has_icu_with_ac,has_casualty,has_opd,has_hdu,has_general_ward,has_labour_room,created_at,updated_at
79212271-c452-4987-990b-2917f610086b,UPHOSPREF000001,Urban Community Health Centre Chandauli Block 1,Single,PUBLIC,PHC,1966,Uttar Pradesh,UP,Chandauli,Varanasi,Chandauli Block 1,256035,28.240043,80.200703,DR. UMESH KUMAR GAUTAM,7018916390,hospital1@gov.up.in,,FULL,2029-08-04,False,94,71,True,False,True,True,False,True,True,2026-02-27T15:58:10+05:30,2026-02-27T15:58:10+05:30
784ebc03-77b5-47d2-b590-bd52a5bb47d0,UPHOSPREF000002,Urban Community Health Centre Rampur Block 1,Single,PUBLIC,CHC,1957,Uttar Pradesh,UP,Rampur,Moradabad,Rampur Block 1,267993,23.79297,79.53999,DR. LAKHAN LAL,7842585065,hospital2@gov.up.in,NABH,PRE,2028-11-07,False,78,64,True,True,True,True,True,True,True,2026-02-27T15:58:10+05:30,2026-02-27T15:58:10+05:30
1561406f-edb3-4119-8917-d1a9f26b1447,UPHOSPREF000003,Dr. Sharma Multispeciality Hospital,Single,PRIVATE,Private,2021,Uttar Pradesh,UP,Chandauli,Varanasi,Chandauli Block 2,205626,29.288688,84.025073,DR. RAJEEV KUMAR,7921508818,hospital3@pvt.up.in,NABL,,,False,172,145,True,False,True,True,False,True,True,2026-02-27T15:58:10+05:30,2026-02-27T15:58:10+05:30
f9a0b9af-663b-4b2c-b4a9-a8a56b99a8dd,UPHOSPREF000004,Zonal Hospital Basti,Single,PUBLIC,Civil Hospital,1963,Uttar Pradesh,UP,Basti,Basti,Basti Block 2,250747,25.072466,81.584161,DR. SUSHIL KUMAR JAISWAL,9564343722,hospital4@gov.up.in,NABH,FULL,2027-08-02,False,83,73,False,False,True,True,False,True,True,2026-02-27T15:58:10+05:30,2026-02-27T15:58:10+05:30
18aab093-844f-4b2b-81f0-34c936832cd4,UPHOSPREF000005,Zonal Hospital Deoria,Single,PUBLIC,PHC,1953,Uttar Pradesh,UP,Deoria,Gorakhpur,Deoria Block 1,267895,29.197166,78.594273,DR. SANJAY KUMAR,7910324346,hospital5@gov.up.in,NABL,FULL,2027-04-01,False,7,4,False,False,False,True,False,False,True,2026-02-27T15:58:10+05:30,2026-02-27T15:58:10+05:30
6c68ced4-7801-48b9-9fd7-16063376ad14,UPHOSPREF000006,Trauma Centre Pratappur,Single,PUBLIC,District Hospital,1976,Uttar Pradesh,UP,Prayagraj,Prayagraj,Pratappur,261553,28.736685,80.145099,DR. MUKESH KUMAR,9849040313,hospital6@gov.up.in,NABL,PRE,2028-05-03,False,55,49,True,True,True,True,True,True,True,2026-02-27T15:58:10+05:30,2026-02-27T15:58:10+05:30
bc446fea-52b0-42fa-8703-a4ee5a3a5a90,UPHOSPREF000007,Primary Health Centre Bijauli,Single,PUBLIC,Medical College,1992,Uttar Pradesh,UP,Aligarh,Aligarh,Bijauli,229994,24.20029,81.634784,DR. PRADEEP KUMAR,7966700096,hospital7@gov.up.in,NABH,,,False,75,70,True,False,True,True,False,True,True,2026-02-27T15:58:10+05:30,2026-02-27T15:58:10+05:30
59a8efba-d5b6-4d65-a2f6-361f9965cae3,UPHOSPREF000008,Dr. Singh Nursing Home,Single,PRIVATE,Private,2018,Uttar Pradesh,UP,Auraiya,Kanpur,Auraiya Block 5,244141,26.277625,82.343087,DR. ARVIND KUMAR,9551065409,hospital8@pvt.up.in,NABL,,2028-12-14,False,144,135,True,True,True,True,False,True,False,2026-02-27T15:58:10+05:30,2026-02-27T15:58:10+05:30
50f6ceec-8460-4167-8d6b-3b199d81525e,UPHOSPREF000009,District Hospital Siddharthnagar,Single,PUBLIC,Medical College,1987,Uttar Pradesh,UP,Siddharthnagar,Basti,Siddharthnagar Block 4,209958,26.865832,78.144246,DR. ANIL KUMAR,8126381012,hospital9@gov.up.in,JCI,PRE,,False,78,65,True,True,True,True,False,True,True,2026-02-27T15:58:10+05:30,2026-02-27T15:58:10+05:30
87b65ca7-bf10-41ed-8229-7524f6b3a30d,UPHOSPREF000010,Sharma & Agarwal Heart Institute,Single,PRIVATE,NGO,2014,Uttar Pradesh,UP,Raebareli,Lucknow,Raebareli Block 4,219023,29.13041,81.608813,DR. SHIV KUMAR,7784185646,hospital10@pvt.up.in,NABH,FULL,,False,113,87,True,True,True,True,True,True,False,2026-02-27T15:58:10+05:30,2026-02-27T15:58:10+05:30
d31b4920-2059-47f5-83ab-ae5df3b24e6b,UPHOSPREF000011,Women Hospital Ambedkar Nagar,Single,PUBLIC,Medical College,1950,Uttar Pradesh,UP,Ambedkar Nagar,Ayodhya,Ambedkar Block 1,213806,29.891353,79.697008,DR. MANOJ KUMAR,7029276726,hospital11@gov.up.in,,PRE,,False,19,17,False,False,False,True,False,True,True,2026-02-27T15:58:10+05:30,2026-02-27T15:58:10+05:30
2621e5d6-3fdd-4caa-b8a8-df10690bbe49,UPHOSPREF000012,Krishna Heart Institute,Single,PRIVATE,Private,2005,Uttar Pradesh,UP,Ambedkar Nagar,Ayodhya,Ambedkar Block 4,276304,23.865113,77.325637,DR. RAMU KAKA PASI,7949678384,hospital12@pvt.up.in,NABH,PRE,,False,261,210,True,False,True,True,False,True,True,2026-02-27T15:58:10+05:30,2026-02-27T15:58:10+05:30
95f235be-b1f5-44dd-bd72-e4ff493eed15,UPHOSPREF000013,Women Hospital Kaushambi,Single,PUBLIC,Medical College,1970,Uttar Pradesh,UP,Kaushambi,Prayagraj,Kaushambi Block 6,297633,30.212467,84.420727,DR. SURESH KUMAR,7050655904,hospital13@gov.up.in,JCI,,2027-10-15,False,19,17,False,False,False,True,False,True,True,2026-02-27T15:58:10+05:30,2026-02-27T15:58:10+05:30
24267565-7dcb-4f3b-b6cd-1c0f075379c0,UPHOSPREF000014,Dr. Tiwari Cancer Institute,Single,PRIVATE,Trust,2003,Uttar Pradesh,UP,Varanasi,Varanasi,Harhua,287995,26.667715,78.840911,DR. HARI OM,9444181476,hospital14@pvt.up.in,NABH,FULL,2030-09-17,False,67,49,False,False,True,True,False,True,True,2026-02-27T15:58:10+05:30,2026-02-27T15:58:10+05:30
c278f54d-0390-47b6-bda2-b51aec673c31,UPHOSPREF000015,Dr. Mishra Children Hospital,Single,PRIVATE,NGO,2021,Uttar Pradesh,UP,Aligarh,Aligarh,Jawan,203579,30.14733,78.622589,DR. RAJU YADAV,7081007592,hospital15@pvt.up.in,NABL,PRE,2029-08-08,False,224,207,True,True,True,True,False,True,False,2026-02-27T15:58:10+05:30,2026-02-27T15:58:10+05:30
e7843a89-5bc2-4ede-aeb9-fd6e59d9481b,UPHOSPREF000016,Ram Maternity & General Hospital,Single,PRIVATE,Trust,1994,Uttar Pradesh,UP,Chitrakoot,Chitrakoot,Chitrakoot Block 5,287944,27.039252,80.691641,DR. SURESH KUMAR,7809154519,hospital16@pvt.up.in,NABH,PRE,2027-05-11,False,122,108,True,True,True,True,True,True,False,2026-02-27T15:58:10+05:30,2026-02-27T15:58:10+05:30
9878f087-5008-4e9a-91db-118ffc6d2f1e,UPHOSPREF000017,Verma & Tiwari Maternity & General Hospital,Single,PRIVATE,Trust,2003,Uttar Pradesh,UP,Aligarh,Aligarh,Bijauli,203055,26.753325,80.682625,DR. BABLU KUMAR PATEL,8082202460,hospital17@pvt.up.in,JCI,PRE,,False,201,169,True,True,True,True,True,True,True,2026-02-27T15:58:10+05:30,2026-02-27T15:58:10+05:30
485db366-f036-4f19-ad67-c51b84a49903,UPHOSPREF000018,Zonal Hospital Bijnor,Single,PUBLIC,PHC,1978,Uttar Pradesh,UP,Bijnor,Moradabad,Bijnor Block 4,249245,25.885978,83.974159,DR. VIVEK KUMAR,8176439765,hospital18@gov.up.in,NABL,FULL,,False,139,116,False,True,True,True,True,True,True,2026-02-27T15:58:10+05:30,2026-02-27T15:58:10+05:30
973c72b6-a78b-45a8-b525-868353af84ea,UPHOSPREF000019,Trauma Centre Basti Block 7,Single,PUBLIC,CHC,1988,Uttar Pradesh,UP,Basti,Basti,Basti Block 7,257366,25.772907,79.962784,DR. RAKESH KUMAR,9863232770,hospital19@gov.up.in,NABL,FULL,,False,61,45,True,True,True,True,False,True,True,2026-02-27T15:58:10+05:30,2026-02-27T15:58:10+05:30
058fe129-afd7-4499-9973-cdcad110e8a3,UPHOSPREF000020,Medical College Hospital Deoria,Single,PUBLIC,CHC,1989,Uttar Pradesh,UP,Deoria,Gorakhpur,Deoria Block 8,200298,29.682558,82.237308,DR. VIVEK KUMAR,9421855514,hospital20@gov.up.in,NABL,,,False,7,6,False,False,False,True,False,False,True,2026-02-27T15:58:10+05:30,2026-02-27T15:58:10+05:30
7517a147-10ac-4547-a6e5-398e0aec8db6,UPHOSPREF000021,Ganesh Hospital & Research Centre,Single,PRIVATE,Trust,2004,Uttar Pradesh,UP,Bulandshahr,Meerut,Bulandshahr Block 3,284315,29.398558,82.928428,DR. BRIJESH KUMAR,9663219098,hospital21@pvt.up.in,,FULL,2030-02-13,False,235,200,True,True,True,True,True,True,True,2026-02-27T15:58:10+05:30,2026-02-27T15:58:10+05:30
be9655cd-9695-463d-a93c-4ee77f4c34e6,UPHOSPREF000022,Trauma Centre Gosainganj,Single,PUBLIC,District Hospital,1977,Uttar Pradesh,UP,Lucknow,Lucknow,Gosainganj,228503,28.952847,83.108235,DR. SURESH KUMAR,7915141793,hospital22@gov.up.in,NABL,PRE,,False,43,40,False,False,True,True,False,True,True,2026-02-27T15:58:10+05:30,2026-02-27T15:58:10+05:30
91f99c76-03d3-4e2a-82f0-e10b815f00b9,UPHOSPREF000023,Agarwal & Mishra Orthopaedic Centre,Single,PRIVATE,Private,2000,Uttar Pradesh,UP,Gorakhpur,Gorakhpur,Bansgaon,282983,29.636384,77.902274,DR. RAVINDRA NATH,9733428733,hospital23@pvt.up.in,NABH,FULL,2027-05-19,False,75,57,False,False,True,True,False,True,False,2026-02-27T15:58:10+05:30,2026-02-27T15:58:10+05:30
20439481-0474-4d67-b71e-4556ab11eec7,UPHOSPREF000024,Medical College Hospital Etawah,Single,PUBLIC,District Hospital,1953,Uttar Pradesh,UP,Etawah,Kanpur,Etawah Block 6,236913,24.083561,84.127437,DR. SURESH KUMAR MISHRA,7068398252,hospital24@gov.up.in,NABH,FULL,2028-10-03,False,88,79,True,True,True,True,True,True,True,2026-02-27T15:58:10+05:30,2026-02-27T15:58:10+05:30
f42e3415-07e8-4f42-8fde-494bab346766,UPHOSPREF000025,Medical College Hospital Badaun,Single,PUBLIC,Civil Hospital,1955,Uttar Pradesh,UP,Badaun,Bareilly,Badaun Block 3,269471,27.899481,79.998317,DR. RAVI SHANKAR,7975527730,hospital25@gov.up.in,JCI,,,False,99,80,True,False,True,True,False,True,True,2026-02-27T15:58:10+05:30,2026-02-27T15:58:10+05:30
824bb4d8-1753-491b-b8c1-0e2edc738286,UPHOSPREF000026,Mishra & Srivastava Medical Centre,Single,PRIVATE,Private,2001,Uttar Pradesh,UP,Maharajganj,Gorakhpur,Maharajganj Block 3,297136,28.626831,79.468266,DR. SUSHIL KUMAR,7632246729,hospital26@pvt.up.in,,,2028-03-23,False,157,144,True,False,True,True,False,True,True,2026-02-27T15:58:10+05:30,2026-02-27T15:58:10+05:30
f9cf7cc9-66f4-4e4d-9eb2-c42e95a2cf4d,UPHOSPREF000027,Combined Hospital Muzaffarnagar,Single,PUBLIC,PHC,1957,Uttar Pradesh,UP,Muzaffarnagar,Saharanpur,Muzaffarnagar Block 1,275113,30.085237,78.579685,DR. RAJEEV KUMAR,9572919099,hospital27@gov.up.in,NABH,FULL,,False,254,226,True,True,True,True,True,True,False,2026-02-27T15:58:10+05:30,2026-02-27T15:58:10+05:30
a4af1771-116a-403f-976a-2598d16ab6d5,UPHOSPREF000028,Saraswati Hospital & Research Centre,Single,PRIVATE,Private,2015,Uttar Pradesh,UP,Hathras,Aligarh,Hathras Block 1,278283,29.725963,79.731043,DR. PAPPU YADAV,9765558263,hospital28@pvt.up.in,NABL,PRE,,False,196,138,True,False,True,True,False,True,True,2026-02-27T15:58:10+05:30,2026-02-27T15:58:10+05:30
383efd30-cbe2-4006-a0d0-f5e8d18e4a7e,UPHOSPREF000029,Verma & Pandey Cancer Institute,Single,PRIVATE,Private,2014,Uttar Pradesh,UP,Jaunpur,Varanasi,Jaunpur Block 2,286928,23.717183,80.542905,DR. JAGDISH PRASAD,8075259677,hospital29@pvt.up.in,NABH,PRE,2026-11-27,False,257,225,True,True,True,True,True,True,True,2026-02-27T15:58:10+05:30,2026-02-27T15:58:10+05:30
beab9dec-94ad-4cb1-95ca-dde775efb204,UPHOSPREF000030,Urban Community Health Centre Ballia Block 6,Single,PUBLIC,Medical College,1979,Uttar Pradesh,UP,Ballia,Azamgarh,Ballia Block 6,265184,24.351237,77.145324,DR. MUKESH KUMAR,9727328711,hospital30@gov.up.in,NABH,PRE,,False,109,93,False,True,True,True,True,True,True,2026-02-27T15:58:10+05:30,2026-02-27T15:58:10+05:30
7edeb341-4f12-4e75-b43e-a189b9d38f28,UPHOSPREF000031,Dr. Srivastava Heart Institute,Single,PRIVATE,Trust,2021,Uttar Pradesh,UP,Shahjahanpur,Bareilly,Shahjahanpur Block 8,212912,27.135169,80.421611,DR. ROHIT KUMAR KUMAR,9702495939,hospital31@pvt.up.in,NABL,FULL,,False,201,167,True,True,True,True,True,True,True,2026-02-27T15:58:10+05:30,2026-02-27T15:58:10+05:30
cbbb28b2-f37d-43a6-a2a5-fc6e95c2e9df,UPHOSPREF000032,Shiv Nursing Home,Single,PRIVATE,Private,2001,Uttar Pradesh,UP,Jaunpur,Varanasi,Jaunpur Block 7,203380,23.649722,84.477289,DR. ROHIT KUMAR MAURYA,9508794774,hospital32@pvt.up.in,NABL,FULL,2028-09-24,False,32,23,True,False,True,True,False,True,True,2026-02-27T15:58:10+05:30,2026-02-27T15:58:10+05:30
6370ad26-6d44-4337-9ee9-dd0dc9f87a18,UPHOSPREF000033,Combined Hospital Rampur,Single,PUBLIC,Civil Hospital,1991,Uttar Pradesh,UP,Rampur,Moradabad,Rampur Block 7,266827,27.144008,82.716086,DR. HARI OM,7043112510,hospital33@gov.up.in,,FULL,,False,7,6,False,False,False,True,False,False,False,2026-02-27T15:58:10+05:30,2026-02-27T15:58:10+05:30
d99ed17c-5b07-41ee-926d-ee4d1a0db132,UPHOSPREF000034,Shiv Nursing Home,Single,PRIVATE,Private,2007,Uttar Pradesh,UP,Etah,Aligarh,Etah Block 3,233803,24.750665,81.687607,DR. LAKHAN LAL,7035336162,hospital34@pvt.up.in,NABL,PRE,,False,169,123,True,False,True,True,False,True,True,2026-02-27T15:58:10+05:30,2026-02-27T15:58:10+05:30
b3131489-f06b-425d-9ccd-467eb7e1d542,UPHOSPREF000035,Pandey & Mishra Hospital & Research Centre,Single,PRIVATE,Private,2015,Uttar Pradesh,UP,Sambhal,Moradabad,Sambhal Block 2,249005,29.467542,79.747112,DR. RAJEEV KUMAR,7895432102,hospital35@pvt.up.in,NABH,FULL,2026-12-02,False,125,92,True,True,True,True,False,True,True,2026-02-27T15:58:10+05:30,2026-02-27T15:58:10+05:30
92a4daba-b6b6-45e5-9f77-f852770dcb99,UPHOSPREF000036,Agarwal & Agarwal Multispeciality Hospital,Single,PRIVATE,Private,2013,Uttar Pradesh,UP,Kanpur Nagar,Kanpur,Sarvodaya Nagar,263743,28.102027,78.335067,DR. ASHOK KUMAR,9629677652,hospital36@pvt.up.in,NABH,PRE,,False,240,225,True,True,True,True,True,True,False,2026-02-27T15:58:10+05:30,2026-02-27T15:58:10+05:30
d7935ac2-8820-4c6e-9ece-961b1da38c93,UPHOSPREF000037,Srivastava & Tiwari Surgical Centre,Single,PRIVATE,Trust,2013,Uttar Pradesh,UP,Pratapgarh,Prayagraj,Pratapgarh Block 6,258578,27.590611,79.336759,DR. RAJESH KUMAR,9521908228,hospital37@pvt.up.in,,,,False,262,247,True,True,True,True,True,True,True,2026-02-27T15:58:10+05:30,2026-02-27T15:58:10+05:30
b8e2b260-4f55-4d4e-9246-3cd376a42856,UPHOSPREF000038,Community Health Centre Amethi Block 8,Single,PUBLIC,PHC,1961,Uttar Pradesh,UP,Amethi,Ayodhya,Amethi Block 8,212280,25.17432,78.435922,DR. SANJAY KUMAR,7824247458,hospital38@gov.up.in,NABH,PRE,,False,279,233,False,True,True,True,False,True,True,2026-02-27T15:58:10+05:30,2026-02-27T15:58:10+05:30
b123c7ac-cb54-4042-ba26-b405b5c62baa,UPHOSPREF000039,Shakti Medical Centre,Single,PRIVATE,Trust,1992,Uttar Pradesh,UP,Muzaffarnagar,Saharanpur,Muzaffarnagar Block 1,248538,29.800707,83.85961,DR. SANTOSH KUMAR,7046967020,hospital39@pvt.up.in,JCI,PRE,2029-06-03,False,94,66,True,True,True,True,False,True,True,2026-02-27T15:58:10+05:30,2026-02-27T15:58:10+05:30
b026ca22-e993-4dd3-b76c-295589021af4,UPHOSPREF000040,District Hospital Banda,Single,PUBLIC,PHC,1967,Uttar Pradesh,UP,Banda,Chitrakoot,Banda Block 1,225651,24.678583,78.889437,DR. MANOJ KUMAR,7698383553,hospital40@gov.up.in,NABL,FULL,2028-02-25,False,60,54,True,False,True,True,False,True,True,2026-02-27T15:58:10+05:30,2026-02-27T15:58:10+05:30
0645da7f-f79d-4890-a1e0-a51a7a9cf6e7,UPHOSPREF000041,Dr. Tiwari Orthopaedic Centre,Single,PRIVATE,Trust,1993,Uttar Pradesh,UP,Baghpat,Meerut,Baghpat Block 2,248985,25.05928,78.171492,DR. HARI OM,9787961519,hospital41@pvt.up.in,,FULL,,False,178,147,True,True,True,True,False,True,True,2026-02-27T15:58:10+05:30,2026-02-27T15:58:10+05:30
2527c1b6-82d8-470e-9ca0-8e06deb23ed0,UPHOSPREF000042,Primary Health Centre Mirzapur Block 7,Single,PUBLIC,District Hospital,1993,Uttar Pradesh,UP,Mirzapur,Mirzapur,Mirzapur Block 7,220494,26.972557,83.897734,DR. ARVIND KUMAR,9554734703,hospital42@gov.up.in,JCI,PRE,2029-04-24,False,98,74,True,True,True,True,False,True,True,2026-02-27T15:58:10+05:30,2026-02-27T15:58:10+05:30
08fc1f3d-a6f1-4ea0-90e5-580a39dd2baf,UPHOSPREF000043,District Hospital Ambedkar Nagar,Single,PUBLIC,CHC,1968,Uttar Pradesh,UP,Ambedkar Nagar,Ayodhya,Ambedkar Block 1,214971,28.563708,77.492479,DR. RAKESH KUMAR,9436593980,hospital43@gov.up.in,JCI,PRE,2030-02-13,False,26,24,True,False,False,True,False,True,True,2026-02-27T15:58:10+05:30,2026-02-27T15:58:10+05:30
ced61793-a093-460c-b537-afcf03865341,UPHOSPREF000044,Dr. Tiwari Nursing Home,Single,PRIVATE,Private,2020,Uttar Pradesh,UP,Ballia,Azamgarh,Ballia Block 2,243305,24.607781,82.355393,DR. ANIL KUMAR KURMI,9572445243,hospital44@pvt.up.in,,PRE,2028-04-02,False,247,180,True,False,True,True,False,True,True,2026-02-27T15:58:10+05:30,2026-02-27T15:58:10+05:30
b715add2-8aa2-44b1-a656-5fd5923104bc,UPHOSPREF000045,Dr. Agarwal Hospital & Research Centre,Single,PRIVATE,Private,1990,Uttar Pradesh,UP,Amethi,Ayodhya,Amethi Block 1,200175,23.66737,78.321792,DR. ANIL KUMAR,7918668191,hospital45@pvt.up.in,JCI,PRE,,False,96,76,True,True,True,True,True,True,True,2026-02-27T15:58:10+05:30,2026-02-27T15:58:10+05:30
1671be92-42b2-455e-b48c-cbaf29a378cb,UPHOSPREF000046,Zonal Hospital Bareilly,Single,PUBLIC,Civil Hospital,1959,Uttar Pradesh,UP,Bareilly,Bareilly,Bahrabad,296732,27.896865,78.978784,DR. NARESH KUMAR,7077304285,hospital46@gov.up.in,NABL,PRE,,False,27,23,True,False,False,True,False,True,False,2026-02-27T15:58:10+05:30,2026-02-27T15:58:10+05:30
310c286a-875d-456f-b815-37edfb352216,UPHOSPREF000047,Urban Community Health Centre Ballia Block 2,Single,PUBLIC,CHC,1977,Uttar Pradesh,UP,Ballia,Azamgarh,Ballia Block 2,206091,23.912361,78.329748,DR. RAJU YADAV,9715370292,hospital47@gov.up.in,NABH,,,False,98,77,True,True,True,True,False,True,True,2026-02-27T15:58:10+05:30,2026-02-27T15:58:10+05:30
4dbc8e1d-62ce-4605-81f1-8497ff07e2f4,UPHOSPREF000048,District Hospital Ghaziabad,Single,PUBLIC,Medical College,1972,Uttar Pradesh,UP,Ghaziabad,Meerut,Loni,234391,25.50763,79.042953,DR. SURESH KUMAR,7610714943,hospital48@gov.up.in,NABH,PRE,2029-07-16,False,84,63,True,True,True,True,True,True,True,2026-02-27T15:58:10+05:30,2026-02-27T15:58:10+05:30
1c09b438-b333-46b6-bc80-2db6ea3cc378,UPHOSPREF000049,Primary Health Centre Bahraich Block 4,Single,PUBLIC,PHC,1971,Uttar Pradesh,UP,Bahraich,Devipatan,Bahraich Block 4,220198,28.732327,78.216627,DR. SANTOSH KUMAR,9732702032,hospital49@gov.up.in,JCI,,,False,134,96,True,False,True,True,False,True,False,2026-02-27T15:58:10+05:30,2026-02-27T15:58:10+05:30
37a7248b-0a18-4b56-b333-4f11d5643ec8,UPHOSPREF000050,Community Health Centre Chauri Chaura,Single,PUBLIC,District Hospital,1972,Uttar Pradesh,UP,Gorakhpur,Gorakhpur,Chauri Chaura,256376,24.660807,80.332765,DR. ARVIND KUMAR,7088568284,hospital50@gov.up.in,NABH,,,False,160,145,False,True,True,True,False,True,True,2026-02-27T15:58:10+05:30,2026-02-27T15:58:10+05:30
86a5dc96-32d0-4859-ae22-c8b3841132d4,UPHOSPREF000051,Combined Hospital Moradabad,Single,PUBLIC,District Hospital,1982,Uttar Pradesh,UP,Moradabad,Moradabad,Moradabad Block 1,292630,25.5318,82.765852,DR. VIVEK KUMAR,7852803079,hospital51@gov.up.in,NABL,PRE,,False,18,15,False,False,False,True,False,True,True,2026-02-27T15:58:10+05:30,2026-02-27T15:58:10+05:30
2b6476b1-abcf-4e12-a7ab-c43ea29f80ad,UPHOSPREF000052,Dr. Sharma Orthopaedic Centre,Single,PRIVATE,Trust,2018,Uttar Pradesh,UP,Kanpur Nagar,Kanpur,Kalyanpur,260397,24.619974,77.621339,DR. ANIL KUMAR,8133000558,hospital52@pvt.up.in,NABL,,,False,160,117,True,True,True,True,True,True,False,2026-02-27T15:58:10+05:30,2026-02-27T15:58:10+05:30
40cd2163-9c7f-4bd9-8a9d-7a5d870c2fc9,UPHOSPREF000053,Dr. Gupta Orthopaedic Centre,Single,PRIVATE,NGO,2020,Uttar Pradesh,UP,Lucknow,Lucknow,Gosainganj,264235,23.852501,80.831762,DR. RAKESH KUMAR,7087937348,hospital53@pvt.up.in,JCI,PRE,,False,193,158,True,False,True,True,False,True,False,2026-02-27T15:58:10+05:30,2026-02-27T15:58:10+05:30
eed44eec-432d-4fdb-860a-a82d9acee039,UPHOSPREF000054,Laxmi Children Hospital,Single,PRIVATE,Private,1999,Uttar Pradesh,UP,Etawah,Kanpur,Etawah Block 5,229511,29.337503,81.278239,DR. HEMANT KUMAR PATEL,7795141722,hospital54@pvt.up.in,NABL,,,False,141,126,False,False,True,True,False,True,True,2026-02-27T15:58:10+05:30,2026-02-27T15:58:10+05:30
af8efed9-e4cb-4d10-93f2-5771c0e8dfa5,UPHOSPREF000055,Urban Community Health Centre Gautam Block 3,Single,PUBLIC,Medical College,1958,Uttar Pradesh,UP,Gautam Buddha Nagar,Meerut,Gautam Block 3,233335,30.318041,81.184719,DR. LAKHAN LAL SHUKLA,8073953375,hospital55@gov.up.in,NABL,,,False,53,48,True,False,True,True,False,True,True,2026-02-27T15:58:10+05:30,2026-02-27T15:58:10+05:30
b16b2e13-7767-4898-b98d-289acf8aad62,UPHOSPREF000056,Dr. Pandey Hospital & Research Centre,Single,PRIVATE,NGO,2000,Uttar Pradesh,UP,Kasganj,Aligarh,Kasganj Block 5,289710,28.117768,82.00671,DR. HARI OM PATEL,7657824623,hospital56@pvt.up.in,JCI,,,False,97,70,False,True,True,True,True,True,True,2026-02-27T15:58:10+05:30,2026-02-27T15:58:10+05:30
b313cb2c-8092-45e6-a324-01f2adcba66b,UPHOSPREF000057,Durga Multispeciality Hospital,Single,PRIVATE,NGO,1993,Uttar Pradesh,UP,Deoria,Gorakhpur,Deoria Block 8,224940,23.904102,83.05481,DR. SUSHIL KUMAR,7997573187,hospital57@pvt.up.in,,FULL,,False,220,179,True,True,True,True,True,True,True,2026-02-27T15:58:10+05:30,2026-02-27T15:58:10+05:30
f6eb9bab-f267-4baf-a395-a2ce070960ef,UPHOSPREF000058,Ganesh Orthopaedic Centre,Single,PRIVATE,Private,2014,Uttar Pradesh,UP,Ghazipur,Varanasi,Ghazipur Block 2,288373,26.602785,80.984452,DR. DINESH KUMAR,9439710240,hospital58@pvt.up.in,NABL,PRE,,False,111,102,False,True,True,True,False,True,True,2026-02-27T15:58:10+05:30,2026-02-27T15:58:10+05:30
87d075c8-0a84-4cac-b249-a7d144a620b8,UPHOSPREF000059,Pandey & Verma Maternity & General Hospital,Single,PRIVATE,Private,1995,Uttar Pradesh,UP,Lakhimpur Kheri,Lucknow,Lakhimpur Block 8,246286,24.972734,82.20392,DR. DEVENDRA KUMAR,9521863640,hospital59@pvt.up.in,JCI,PRE,2027-03-16,False,163,148,True,True,True,True,True,True,True,2026-02-27T15:58:10+05:30,2026-02-27T15:58:10+05:30
4aa43dd6-19ca-4612-ad28-04e82c2e6585,UPHOSPREF000060,Sharma & Sharma Maternity & General Hospital,Single,PRIVATE,NGO,2006,Uttar Pradesh,UP,Meerut,Meerut,Parikshitgarh,222704,23.949305,80.328129,DR. SHIV KUMAR,9681613679,hospital60@pvt.up.in,NABH,FULL,,False,28,26,True,False,False,True,False,True,True,2026-02-27T15:58:10+05:30,2026-02-27T15:58:10+05:30
168f0e25-0776-4872-a1c1-5ba7491a3910,UPHOSPREF000061,Dr. Agarwal Orthopaedic Centre,Single,PRIVATE,NGO,1997,Uttar Pradesh,UP,Varanasi,Varanasi,Harhua,228825,26.963213,77.472128,DR. MUKESH KUMAR,9560034020,hospital61@pvt.up.in,NABH,FULL,,False,194,150,True,True,True,True,True,True,False,2026-02-27T15:58:10+05:30,2026-02-27T15:58:10+05:30
9aad09cb-c280-49cf-a789-776d88414bc0,UPHOSPREF000062,Women Hospital Barabanki,Single,PUBLIC,PHC,1983,Uttar Pradesh,UP,Barabanki,Ayodhya,Barabanki Block 6,231603,29.869247,81.664341,DR. VIJAY KUMAR,8040402994,hospital62@gov.up.in,NABL,,2030-04-17,False,20,17,False,False,False,True,False,True,True,2026-02-27T15:58:10+05:30,2026-02-27T15:58:10+05:30
5f336a30-f600-4b00-affb-c0c067ec58e7,UPHOSPREF000063,District Hospital Lucknow,Single,PUBLIC,CHC,1971,Uttar Pradesh,UP,Lucknow,Lucknow,Itaunja,266564,23.631529,79.136553,DR. PREM SHANKAR KURMI,8057499193,hospital63@gov.up.in,NABH,,,False,59,44,False,False,True,True,False,True,True,2026-02-27T15:58:10+05:30,2026-02-27T15:58:10+05:30
7caf5089-aa04-4bd3-9ae5-9a9aac526376,UPHOSPREF000064,Durga Medical Centre,Single,PRIVATE,Trust,2007,Uttar Pradesh,UP,Ghaziabad,Meerut,Modinagar,203387,30.404992,78.298863,DR. BABLU KUMAR,9641530890,hospital64@pvt.up.in,NABL,PRE,2028-01-30,False,288,242,False,True,True,True,False,True,False,2026-02-27T15:58:10+05:30,2026-02-27T15:58:10+05:30
deb5187d-54f9-4098-80f1-7d1d43623d85,UPHOSPREF000065,Singh & Sharma Cancer Institute,Single,PRIVATE,Private,2006,Uttar Pradesh,UP,Gorakhpur,Gorakhpur,Bansgaon,258567,24.671584,81.830736,DR. JAGDISH PRASAD SHUKLA,7805153115,hospital65@pvt.up.in,NABH,FULL,,False,78,70,True,False,True,True,False,True,False,2026-02-27T15:58:10+05:30,2026-02-27T15:58:10+05:30
4a136301-a03a-44a0-8772-6eab6583e721,UPHOSPREF000066,Shakti Nursing Home,Single,PRIVATE,NGO,2000,Uttar Pradesh,UP,Jhansi,Jhansi,Mauranipur,250533,26.095913,80.07055,DR. RAJESH KUMAR PANDEY,7671303685,hospital66@pvt.up.in,,FULL,2028-09-06,False,233,203,True,True,True,True,False,True,True,2026-02-27T15:58:10+05:30,2026-02-27T15:58:10+05:30
59c718e7-cfa6-43c6-84d9-9fd9e47107f2,UPHOSPREF000067,Saraswati Eye Hospital,Single,PRIVATE,Trust,1995,Uttar Pradesh,UP,Amethi,Ayodhya,Amethi Block 8,257154,27.924515,77.019575,DR. RAKESH KUMAR,7713130856,hospital67@pvt.up.in,JCI,FULL,,False,202,173,True,False,True,True,False,True,False,2026-02-27T15:58:10+05:30,2026-02-27T15:58:10+05:30
1b12dcc2-fe8c-4394-a67a-bb50ff052226,UPHOSPREF000068,Dr. Singh Maternity & General Hospital,Single,PRIVATE,Trust,1991,Uttar Pradesh,UP,Lucknow,Lucknow,Sardar Nagar,270971,29.874504,80.03301,DR. HARI OM,7062318442,hospital68@pvt.up.in,NABL,FULL,,False,259,207,True,False,True,True,False,True,False,2026-02-27T15:58:10+05:30,2026-02-27T15:58:10+05:30
00582642-333b-45ec-9c60-e5b3aebe0577,UPHOSPREF000069,Dr. Mishra Cancer Institute,Single,PRIVATE,Private,2008,Uttar Pradesh,UP,Moradabad,Moradabad,Moradabad Block 6,219966,27.636107,77.371252,DR. DINESH KUMAR,7972767923,hospital69@pvt.up.in,NABL,FULL,,False,216,160,True,True,True,True,False,True,True,2026-02-27T15:58:10+05:30,2026-02-27T15:58:10+05:30
d781fc7e-e867-49ae-ad48-1a3babfece87,UPHOSPREF000070,Combined Hospital Gautam Buddha Nagar,Single,PUBLIC,District Hospital,1976,Uttar Pradesh,UP,Gautam Buddha Nagar,Meerut,Gautam Block 7,264107,26.064655,77.417431,DR. MUKESH KUMAR VERMA,7670529856,hospital70@gov.up.in,NABH,,2026-10-07,False,346,278,True,True,True,True,False,True,True,2026-02-27T15:58:10+05:30,2026-02-27T15:58:10+05:30
6a5af65d-f9ac-4884-b719-f5a6d994348f,UPHOSPREF000071,Krishna Eye Hospital,Single,PRIVATE,NGO,1995,Uttar Pradesh,UP,Gorakhpur,Gorakhpur,Brahmpur,251648,23.604908,83.336864,DR. MANOJ KUMAR,9446431223,hospital71@pvt.up.in,JCI,,2027-04-02,False,172,121,True,False,True,True,False,True,True,2026-02-27T15:58:10+05:30,2026-02-27T15:58:10+05:30
309707bb-cb0b-41ba-b1cc-dc8c1807a945,UPHOSPREF000072,Trauma Centre Gosainganj,Single,PUBLIC,Medical College,1953,Uttar Pradesh,UP,Lucknow,Lucknow,Gosainganj,224358,25.157644,81.698645,DR. VIVEK KUMAR PASI,7877539318,hospital72@gov.up.in,,FULL,,False,142,134,True,True,True,True,True,True,False,2026-02-27T15:58:10+05:30,2026-02-27T15:58:10+05:30
3efb1b56-6fbf-49d4-ba7f-909feb0b898b,UPHOSPREF000073,Pandey & Pandey Cancer Institute,Single,PRIVATE,Trust,1998,Uttar Pradesh,UP,Ghazipur,Varanasi,Ghazipur Block 1,251568,28.662692,80.933398,DR. SANTOSH KUMAR,7728640638,hospital73@pvt.up.in,,,,False,264,244,True,False,True,True,False,True,False,2026-02-27T15:58:10+05:30,2026-02-27T15:58:10+05:30
23ee16c7-d2bb-42e0-aee3-4f9ce3e9e2b6,UPHOSPREF000074,Mishra & Tiwari Surgical Centre,Single,PRIVATE,Trust,2004,Uttar Pradesh,UP,Aligarh,Aligarh,Chandaus,262935,27.865048,80.62665,DR. ASHOK KUMAR,8021009827,hospital74@pvt.up.in,,,2029-07-17,False,96,89,True,False,True,True,False,True,False,2026-02-27T15:58:10+05:30,2026-02-27T15:58:10+05:30
eb2cc5e3-174a-44f9-9b61-bf7dbb550701,UPHOSPREF000075,Combined Hospital Bulandshahr,Single,PUBLIC,Medical College,1957,Uttar Pradesh,UP,Bulandshahr,Meerut,Bulandshahr Block 6,283109,29.035205,83.362729,DR. RAM PRASAD,7060719363,hospital75@gov.up.in,NABL,FULL,2028-11-03,False,55,46,False,False,True,True,False,True,True,2026-02-27T15:58:10+05:30,2026-02-27T15:58:10+05:30
652f43d6-de19-471a-aa92-bf89906ef03c,UPHOSPREF000076,Dr. Verma Heart Institute,Single,PRIVATE,NGO,1998,Uttar Pradesh,UP,Amethi,Ayodhya,Amethi Block 8,215750,27.077645,80.826663,DR. BRIJESH KUMAR,7939129802,hospital76@pvt.up.in,NABL,,2027-06-22,False,82,64,True,False,True,True,False,True,False,2026-02-27T15:58:10+05:30,2026-02-27T15:58:10+05:30
0be6a73e-7fdf-43f1-918d-d73356870c23,UPHOSPREF000077,Primary Health Centre Ballia Block 8,Single,PUBLIC,Medical College,1989,Uttar Pradesh,UP,Ballia,Azamgarh,Ballia Block 8,223172,24.518388,83.021679,DR. MANOJ KUMAR,8011807717,hospital77@gov.up.in,JCI,PRE,2026-08-05,False,13,11,False,False,False,True,False,True,True,2026-02-27T15:58:10+05:30,2026-02-27T15:58:10+05:30
96a65710-3273-498b-97c7-fa3615b7aaac,UPHOSPREF000078,Dr. Sharma Surgical Centre,Single,PRIVATE,Private,2003,Uttar Pradesh,UP,Prayagraj,Prayagraj,Bahria,276403,26.51234,78.938717,DR. SANJAY KUMAR,7706901500,hospital78@pvt.up.in,,FULL,,False,90,82,True,True,True,True,True,True,True,2026-02-27T15:58:10+05:30,2026-02-27T15:58:10+05:30
927da465-917a-4740-a92b-683e25a2aa74,UPHOSPREF000079,Women Hospital Pratapgarh,Single,PUBLIC,PHC,1979,Uttar Pradesh,UP,Pratapgarh,Prayagraj,Pratapgarh Block 7,231840,24.70164,82.607395,DR. LAKHAN LAL,7839539221,hospital79@gov.up.in,,,,False,357,290,True,True,True,True,False,True,True,2026-02-27T15:58:10+05:30,2026-02-27T15:58:10+05:30
6fd6afb1-c990-4fb6-a3dd-c67e7a81926d,UPHOSPREF000080,Primary Health Centre Gonda Block 6,Single,PUBLIC,Civil Hospital,1971,Uttar Pradesh,UP,Gonda,Devipatan,Gonda Block 6,216093,24.778565,77.533488,DR. SHIV KUMAR,8049071167,hospital80@gov.up.in,NABL,PRE,,True,148,129,True,True,True,True,True,True,True,2026-02-27T15:58:10+05:30,2026-02-27T15:58:10+05:30
46cd8169-1b4a-4fe2-b419-6c34bba1f11a,UPHOSPREF000081,Dr. Srivastava Orthopaedic Centre,Single,PRIVATE,Trust,2007,Uttar Pradesh,UP,Chandauli,Varanasi,Chandauli Block 7,292172,29.239436,82.334674,DR. JAGDISH PRASAD,9761936892,hospital81@pvt.up.in,JCI,PRE,,False,232,210,True,False,True,True,False,True,True,2026-02-27T15:58:10+05:30,2026-02-27T15:58:10+05:30
ddf4e038-eee1-4aad-bf3c-340501d42a3b,UPHOSPREF000082,Trauma Centre Sitapur Block 2,Single,PUBLIC,Civil Hospital,1973,Uttar Pradesh,UP,Sitapur,Lucknow,Sitapur Block 2,200314,27.474716,79.132963,DR. BABLU KUMAR TIWARI,8090318722,hospital82@gov.up.in,JCI,,,False,92,72,True,True,True,True,True,True,True,2026-02-27T15:58:10+05:30,2026-02-27T15:58:10+05:30
6026e193-5b9a-42fd-a78f-91ab822c513d,UPHOSPREF000083,Medical College Hospital Bulandshahr,Single,PUBLIC,PHC,1961,Uttar Pradesh,UP,Bulandshahr,Meerut,Bulandshahr Block 1,296600,25.029422,79.197775,DR. MANOJ KUMAR,9448092899,hospital83@gov.up.in,NABL,PRE,2027-01-28,False,9,6,False,False,False,True,False,False,True,2026-02-27T15:58:10+05:30,2026-02-27T15:58:10+05:30
07a052b6-d2b1-4437-860e-65dde31e467e,UPHOSPREF000084,Shakti Children Hospital,Single,PRIVATE,NGO,1992,Uttar Pradesh,UP,Bulandshahr,Meerut,Bulandshahr Block 4,225307,24.347057,82.022034,DR. ASHOK KUMAR,9853764743,hospital84@pvt.up.in,NABH,FULL,,False,230,187,True,False,True,True,False,True,True,2026-02-27T15:58:10+05:30,2026-02-27T15:58:10+05:30
5c727695-ed4c-4f29-b909-7d1af1979889,UPHOSPREF000085,Gupta & Srivastava Heart Institute,Single,PRIVATE,Private,2017,Uttar Pradesh,UP,Etawah,Kanpur,Etawah Block 2,234623,28.900402,83.846953,DR. RAJEEV KUMAR NISHAD,7577150499,hospital85@pvt.up.in,NABL,FULL,,False,46,42,True,False,True,True,False,True,True,2026-02-27T15:58:10+05:30,2026-02-27T15:58:10+05:30
47125a51-149b-47ee-9cbf-ae6720705295,UPHOSPREF000086,Dr. Pandey Nursing Home,Single,PRIVATE,NGO,1991,Uttar Pradesh,UP,Jhansi,Jhansi,Babina,207950,27.99004,81.226198,DR. ASHOK KUMAR,9671051292,hospital86@pvt.up.in,NABH,FULL,,False,130,112,True,True,True,True,True,True,False,2026-02-27T15:58:10+05:30,2026-02-27T15:58:10+05:30
8908553e-a57b-4755-81e4-7004f49e51f1,UPHOSPREF000087,Dr. Agarwal Medical Centre,Single,PRIVATE,NGO,2011,Uttar Pradesh,UP,Banda,Chitrakoot,Banda Block 4,289424,24.680354,79.843126,DR. UMESH KUMAR,8095472231,hospital87@pvt.up.in,NABH,,,False,300,269,False,True,True,True,True,True,True,2026-02-27T15:58:10+05:30,2026-02-27T15:58:10+05:30
8a2d1075-4c99-4e9f-b320-50d5c4a91f4a,UPHOSPREF000088,Combined Hospital Bulandshahr,Single,PUBLIC,Medical College,1977,Uttar Pradesh,UP,Bulandshahr,Meerut,Bulandshahr Block 6,283040,27.688761,77.808261,DR. RAJU YADAV MAURYA,9617112803,hospital88@gov.up.in,JCI,FULL,,False,9,8,False,False,False,True,False,False,True,2026-02-27T15:58:10+05:30,2026-02-27T15:58:10+05:30
df5917a9-32ee-43e2-82ef-87eb5dd91e82,UPHOSPREF000089,Community Health Centre Pratappur,Single,PUBLIC,District Hospital,1969,Uttar Pradesh,UP,Prayagraj,Prayagraj,Pratappur,235752,23.516585,78.775002,DR. PAPPU YADAV,7676732025,hospital89@gov.up.in,NABH,PRE,2027-02-25,False,46,38,False,False,True,True,False,True,True,2026-02-27T15:58:10+05:30,2026-02-27T15:58:10+05:30
2e6c7540-d36e-4602-9a66-c1c11e0c1a77,UPHOSPREF000090,Primary Health Centre Lalganj,Single,PUBLIC,Civil Hospital,1959,Uttar Pradesh,UP,Azamgarh,Azamgarh,Lalganj,209208,27.557081,83.879444,DR. SURESH KUMAR,8120451074,hospital90@gov.up.in,JCI,,,False,17,12,False,False,False,True,False,True,False,2026-02-27T15:58:10+05:30,2026-02-27T15:58:10+05:30
b0e846eb-f1ac-4d53-8a36-7dfb7eedd2ab,UPHOSPREF000091,Dr. Srivastava Surgical Centre,Single,PRIVATE,Private,2001,Uttar Pradesh,UP,Shahjahanpur,Bareilly,Shahjahanpur Block 5,280168,28.993921,77.799803,DR. ARVIND KUMAR,8114623464,hospital91@pvt.up.in,JCI,FULL,2026-12-28,False,51,45,True,True,True,True,True,True,True,2026-02-27T15:58:10+05:30,2026-02-27T15:58:10+05:30
6b5b9eb1-a8cb-4dcc-a3ed-c810f07feac5,UPHOSPREF000092,Urban Community Health Centre Shahjahanpur Block 2,Single,PUBLIC,Medical College,1967,Uttar Pradesh,UP,Shahjahanpur,Bareilly,Shahjahanpur Block 2,266407,28.941032,79.19002,DR. ANIL KUMAR,7612939457,hospital92@gov.up.in,JCI,PRE,2028-06-01,False,369,347,False,True,True,True,False,True,False,2026-02-27T15:58:10+05:30,2026-02-27T15:58:10+05:30
809ff073-96e2-4170-ac65-c8e1906d329f,UPHOSPREF000093,Women Hospital Kanpur Nagar,Single,PUBLIC,Civil Hospital,1959,Uttar Pradesh,UP,Kanpur Nagar,Kanpur,Rasulabad,210407,25.227416,83.551211,DR. RAJESH KUMAR,7738806108,hospital93@gov.up.in,JCI,FULL,,False,11,8,False,False,False,True,False,True,True,2026-02-27T15:58:10+05:30,2026-02-27T15:58:10+05:30
c07802b7-0e29-4a50-bb6c-404c4becd9f4,UPHOSPREF000094,District Hospital Meerut,Single,PUBLIC,PHC,1968,Uttar Pradesh,UP,Meerut,Meerut,Rohta,230234,28.363307,77.580267,DR. RAJEEV KUMAR,9472499581,hospital94@gov.up.in,,FULL,2029-01-17,False,266,236,True,True,True,True,True,True,True,2026-02-27T15:58:10+05:30,2026-02-27T15:58:10+05:30
8c28e7b6-bbce-4f3e-b496-0b5d11471805,UPHOSPREF000095,Community Health Centre Kasganj Block 4,Single,PUBLIC,Civil Hospital,1968,Uttar Pradesh,UP,Kasganj,Aligarh,Kasganj Block 4,215712,23.92018,78.135385,DR. JAGDISH PRASAD,7917299848,hospital95@gov.up.in,,,,False,71,50,True,True,True,True,True,True,True,2026-02-27T15:58:10+05:30,2026-02-27T15:58:10+05:30
3c9da9cb-ea34-42ec-a054-f09e6f21177a,UPHOSPREF000096,Urban Community Health Centre Ayodhya Block 3,Single,PUBLIC,District Hospital,1994,Uttar Pradesh,UP,Ayodhya,Ayodhya,Ayodhya Block 3,233301,24.492155,83.404712,DR. SUSHIL KUMAR,7550919084,hospital96@gov.up.in,NABL,,2026-06-19,False,77,60,True,False,True,True,False,True,True,2026-02-27T15:58:10+05:30,2026-02-27T15:58:10+05:30
f459efc7-a94b-4fcd-a1b8-cfde96de1283,UPHOSPREF000097,Sub-District Hospital Agra,Single,PUBLIC,PHC,1967,Uttar Pradesh,UP,Agra,Agra,Jagner,243527,24.643317,81.719119,DR. VIJAY KUMAR,8025828947,hospital97@gov.up.in,NABH,PRE,2030-06-15,False,67,48,True,True,True,True,True,True,True,2026-02-27T15:58:10+05:30,2026-02-27T15:58:10+05:30
5cd21b7d-188f-4966-b23c-d377c153a291,UPHOSPREF000098,Gupta & Mishra Maternity & General Hospital,Single,PRIVATE,Trust,2021,Uttar Pradesh,UP,Sultanpur,Ayodhya,Sultanpur Block 3,246574,24.456307,83.661522,DR. PRADEEP KUMAR,9878181585,hospital98@pvt.up.in,JCI,,2029-01-06,False,299,251,True,False,True,True,False,True,False,2026-02-27T15:58:10+05:30,2026-02-27T15:58:10+05:30
add41731-c1ec-4042-ba9c-e962f7bdc5bf,UPHOSPREF000099,Primary Health Centre Bijnor Block 4,Single,PUBLIC,District Hospital,1986,Uttar Pradesh,UP,Bijnor,Moradabad,Bijnor Block 4,280803,24.692679,82.264473,DR. RAVINDRA NATH,7015493787,hospital99@gov.up.in,NABH,,,False,314,228,True,False,True,True,False,True,True,2026-02-27T15:58:10+05:30,2026-02-27T15:58:10+05:30
62e1ce57-4241-4364-92cb-7637c17b5c01,UPHOSPREF000100,Dr. Gupta Nursing Home,Single,PRIVATE,NGO,1999,Uttar Pradesh,UP,Bulandshahr,Meerut,Bulandshahr Block 8,293767,30.255183,83.377507,DR. NARESH KUMAR,7873812113,hospital100@pvt.up.in,NABL,FULL,2027-06-30,False,290,255,True,False,True,True,False,True,True,2026-02-27T15:58:10+05:30,2026-02-27T15:58:10+05:30
6321512d-78a5-425f-8038-d29cd7a8473a,UPHOSPREF000101,Community Health Centre Gabhana,Single,PUBLIC,District Hospital,1964,Uttar Pradesh,UP,Aligarh,Aligarh,Gabhana,261727,27.259197,80.967164,DR. PRADEEP KUMAR,7563926059,hospital101@gov.up.in,,,2027-10-09,False,11,7,False,False,False,True,False,True,True,2026-02-27T15:58:10+05:30,2026-02-27T15:58:10+05:30
f526b874-7f37-4702-9f00-e29cfcb4ab96,UPHOSPREF000102,Urban Community Health Centre Muzaffarnagar Block 4,Single,PUBLIC,CHC,1971,Uttar Pradesh,UP,Muzaffarnagar,Saharanpur,Muzaffarnagar Block 4,214056,23.576063,82.865189,DR. ASHOK KUMAR YADAV,7553647980,hospital102@gov.up.in,JCI,FULL,,False,267,237,True,True,True,True,True,True,True,2026-02-27T15:58:10+05:30,2026-02-27T15:58:10+05:30
8dd88ab8-586d-4275-9334-22ec58d9d619,UPHOSPREF000103,Community Health Centre Badaun Block 6,Single,PUBLIC,District Hospital,1976,Uttar Pradesh,UP,Badaun,Bareilly,Badaun Block 6,283481,30.007193,79.701275,DR. ARVIND KUMAR NISHAD,7618615792,hospital103@gov.up.in,,,,False,8,7,False,False,False,True,False,False,True,2026-02-27T15:58:10+05:30,2026-02-27T15:58:10+05:30
4d56d6b6-a141-4fc8-92df-d45f140de17f,UPHOSPREF000104,Dr. Pandey Children Hospital,Single,PRIVATE,Private,2010,Uttar Pradesh,UP,Hardoi,Lucknow,Hardoi Block 8,213525,29.221256,77.849505,DR. SANJAY KUMAR,8164084657,hospital104@pvt.up.in,NABH,FULL,2027-10-07,False,246,224,True,False,True,True,False,True,True,2026-02-27T15:58:10+05:30,2026-02-27T15:58:10+05:30
5280d74c-6d65-4538-abc9-bd70711ec5c2,UPHOSPREF000105,Tiwari & Tiwari Cancer Institute,Single,PRIVATE,Private,2014,Uttar Pradesh,UP,Ballia,Azamgarh,Ballia Block 1,248741,30.416342,81.170415,DR. HARI OM,7883410177,hospital105@pvt.up.in,NABH,FULL,,False,25,17,True,False,False,True,False,True,True,2026-02-27T15:58:10+05:30,2026-02-27T15:58:10+05:30
4f95535a-c061-42c5-847a-64846c9e8a33,UPHOSPREF000106,Medical College Hospital Badaun,Single,PUBLIC,Medical College,1980,Uttar Pradesh,UP,Badaun,Bareilly,Badaun Block 5,266656,25.476408,83.747721,DR. ANIL KUMAR,8187891825,hospital106@gov.up.in,NABL,FULL,2027-05-20,False,10,9,False,False,False,True,False,False,True,2026-02-27T15:58:10+05:30,2026-02-27T15:58:10+05:30
6ce061b1-33a7-4aa9-bdac-4dacbc2438c0,UPHOSPREF000107,Community Health Centre Khorabar,Single,PUBLIC,Civil Hospital,1960,Uttar Pradesh,UP,Gorakhpur,Gorakhpur,Khorabar,217112,27.351692,84.432362,DR. HARI OM,7642650303,hospital107@gov.up.in,NABL,FULL,,False,386,315,False,True,True,True,True,True,True,2026-02-27T15:58:10+05:30,2026-02-27T15:58:10+05:30
0aaa24cd-1bbb-43a7-9436-41404a94c435,UPHOSPREF000108,Trauma Centre Sant Block 3,Single,PUBLIC,PHC,1965,Uttar Pradesh,UP,Sant Kabir Nagar,Basti,Sant Block 3,264416,28.427828,82.564501,DR. HEMANT KUMAR,9797160894,hospital108@gov.up.in,NABH,PRE,,False,95,70,True,True,True,True,False,True,True,2026-02-27T15:58:10+05:30,2026-02-27T15:58:10+05:30
7df6476c-36e5-4b7f-b491-d544b865d70c,UPHOSPREF000109,Trauma Centre Gosainganj,Single,PUBLIC,CHC,1994,Uttar Pradesh,UP,Lucknow,Lucknow,Gosainganj,246560,26.391545,81.097409,DR. UMESH KUMAR,9545261172,hospital109@gov.up.in,,PRE,2029-11-25,False,20,18,False,False,False,True,False,True,True,2026-02-27T15:58:10+05:30,2026-02-27T15:58:10+05:30
86558851-1882-453c-9ea1-67d2603900dc,UPHOSPREF000110,Trauma Centre Firozabad Block 3,Single,PUBLIC,CHC,1964,Uttar Pradesh,UP,Firozabad,Agra,Firozabad Block 3,257028,25.157808,83.745592,DR. NARESH KUMAR,7617118890,hospital110@gov.up.in,NABL,FULL,,False,350,298,True,False,True,True,False,True,False,2026-02-27T15:58:10+05:30,2026-02-27T15:58:10+05:30
0b493dcd-55d3-4b54-b522-8dfccbf41872,UPHOSPREF000111,Community Health Centre Pratapgarh Block 4,Single,PUBLIC,District Hospital,1991,Uttar Pradesh,UP,Pratapgarh,Prayagraj,Pratapgarh Block 4,228724,23.892306,79.007279,DR. ASHOK KUMAR YADAV,7661980953,hospital111@gov.up.in,,PRE,2026-09-25,False,91,76,False,False,True,True,False,True,False,2026-02-27T15:58:10+05:30,2026-02-27T15:58:10+05:30
5a00f0f2-b63b-413a-80b4-85459ec37495,UPHOSPREF000112,Sharma & Verma Heart Institute,Single,PRIVATE,Private,2013,Uttar Pradesh,UP,Gautam Buddha Nagar,Meerut,Gautam Block 8,246358,30.076924,81.923255,DR. ASHOK KUMAR,7767684917,hospital112@pvt.up.in,,,2028-06-26,False,22,16,True,False,False,True,False,True,True,2026-02-27T15:58:10+05:30,2026-02-27T15:58:10+05:30
b3e3bc01-458c-4c2c-84c6-f008c0086c48,UPHOSPREF000113,Medical College Hospital Bareilly,Single,PUBLIC,CHC,1957,Uttar Pradesh,UP,Bareilly,Bareilly,Fatehganj Purvi,265557,23.838578,78.425091,DR. RAJEEV KUMAR,9579497633,hospital113@gov.up.in,NABH,FULL,2027-11-25,False,289,220,True,True,True,True,False,True,True,2026-02-27T15:58:10+05:30,2026-02-27T15:58:10+05:30
17ce9a4b-a046-4323-ac24-e42df9a0588d,UPHOSPREF000114,Women Hospital Ghaziabad,Single,PUBLIC,Civil Hospital,1950,Uttar Pradesh,UP,Ghaziabad,Meerut,Razapur,276854,29.384087,77.679311,DR. VIVEK KUMAR,7062644443,hospital114@gov.up.in,NABH,FULL,2028-09-29,False,123,91,False,True,True,True,True,True,True,2026-02-27T15:58:10+05:30,2026-02-27T15:58:10+05:30
7cb7d8d0-5a14-4534-ac0d-b0cdb0b4cee8,UPHOSPREF000115,Medical College Hospital Amroha,Single,PUBLIC,PHC,1993,Uttar Pradesh,UP,Amroha,Moradabad,Amroha Block 2,289151,29.663945,84.282634,DR. VIRENDRA SINGH,8089053733,hospital115@gov.up.in,JCI,,,True,37,32,True,False,True,True,False,True,True,2026-02-27T15:58:10+05:30,2026-02-27T15:58:10+05:30
b79eae79-6919-4ab6-9461-71469bffe8f0,UPHOSPREF000116,Medical College Hospital Ballia,Single,PUBLIC,PHC,1995,Uttar Pradesh,UP,Ballia,Azamgarh,Ballia Block 1,270971,27.733424,78.216811,DR. PRADEEP KUMAR,9591018408,hospital116@gov.up.in,NABH,PRE,,False,395,286,True,False,True,True,False,True,True,2026-02-27T15:58:10+05:30,2026-02-27T15:58:10+05:30
3119e15b-f4c5-4a03-ab6e-7d7d3f74d54d,UPHOSPREF000117,Trauma Centre Etawah Block 6,Single,PUBLIC,District Hospital,1977,Uttar Pradesh,UP,Etawah,Kanpur,Etawah Block 6,207562,26.896114,81.290006,DR. RAMU KAKA,7655003991,hospital117@gov.up.in,NABH,FULL,,False,7,5,False,False,False,True,False,False,True,2026-02-27T15:58:10+05:30,2026-02-27T15:58:10+05:30
7f9c4249-b2f5-4ace-a88b-cdfa28a441b4,UPHOSPREF000118,Trauma Centre Muzaffarnagar Block 6,Single,PUBLIC,PHC,1973,Uttar Pradesh,UP,Muzaffarnagar,Saharanpur,Muzaffarnagar Block 6,201657,29.026452,81.71291,DR. PREM SHANKAR CHAUHAN,7914218779,hospital118@gov.up.in,NABL,PRE,2027-08-09,False,282,201,True,True,True,True,True,True,False,2026-02-27T15:58:10+05:30,2026-02-27T15:58:10+05:30
a320e738-29ac-4256-aadd-e2552664bcc8,UPHOSPREF000119,Dr. Sharma Orthopaedic Centre,Single,PRIVATE,NGO,2001,Uttar Pradesh,UP,Pratapgarh,Prayagraj,Pratapgarh Block 6,235615,25.14027,82.597005,DR. SURESH KUMAR,9568260443,hospital119@pvt.up.in,NABH,FULL,,True,182,165,True,True,True,True,False,True,True,2026-02-27T15:58:10+05:30,2026-02-27T15:58:10+05:30
53ead09c-f759-4df0-afba-406cc5f961b3,UPHOSPREF000120,Trauma Centre Hamirpur Block 2,Single,PUBLIC,PHC,1964,Uttar Pradesh,UP,Hamirpur,Chitrakoot,Hamirpur Block 2,299616,26.18129,82.404368,DR. SANTOSH KUMAR,9860539146,hospital120@gov.up.in,,FULL,,False,344,271,True,True,True,True,False,True,True,2026-02-27T15:58:10+05:30,2026-02-27T15:58:10+05:30
b1aeb9da-52c6-4616-991a-527d6a3eed4d,UPHOSPREF000121,Srivastava & Srivastava Hospital & Research Centre,Single,PRIVATE,Trust,1991,Uttar Pradesh,UP,Balrampur,Devipatan,Balrampur Block 2,244659,27.552975,79.332068,DR. HARI OM,9807609124,hospital121@pvt.up.in,,PRE,2030-07-31,False,248,199,True,True,True,True,True,True,True,2026-02-27T15:58:10+05:30,2026-02-27T15:58:10+05:30
a54d6572-ec7c-4135-8180-cc668623d7fe,UPHOSPREF000122,Ram Hospital & Research Centre,Single,PRIVATE,Private,2014,Uttar Pradesh,UP,Kanpur Dehat,Kanpur,Kanpur Block 3,287529,24.160378,78.943253,DR. DEVENDRA KUMAR,7680431498,hospital122@pvt.up.in,,PRE,2027-06-07,False,141,108,True,False,True,True,False,True,True,2026-02-27T15:58:10+05:30,2026-02-27T15:58:10+05:30
65729bca-d04c-4300-b365-1b42386327e8,UPHOSPREF000123,Primary Health Centre Gautam Block 4,Single,PUBLIC,Medical College,1988,Uttar Pradesh,UP,Gautam Buddha Nagar,Meerut,Gautam Block 4,215352,30.089915,79.501571,DR. HEMANT KUMAR,7698826091,hospital123@gov.up.in,NABH,FULL,,False,11,9,False,False,False,True,False,True,True,2026-02-27T15:58:10+05:30,2026-02-27T15:58:10+05:30
bfa9e74b-32d6-48ce-be16-b19fc2bb025f,UPHOSPREF000124,Verma & Singh Cancer Institute,Single,PRIVATE,Trust,1999,Uttar Pradesh,UP,Agra,Agra,Shamsabad,258858,25.277737,80.197181,DR. DEEPAK KUMAR SHUKLA,7070944075,hospital124@pvt.up.in,NABH,FULL,2030-04-20,False,184,167,True,True,True,True,True,True,True,2026-02-27T15:58:10+05:30,2026-02-27T15:58:10+05:30
f9d49c0d-30a1-4fef-84ca-73db08a0d844,UPHOSPREF000125,Trauma Centre Auraiya Block 2,Single,PUBLIC,Civil Hospital,1980,Uttar Pradesh,UP,Auraiya,Kanpur,Auraiya Block 2,212299,25.363365,77.974811,DR. SURESH KUMAR,8004568206,hospital125@gov.up.in,JCI,,,True,32,27,True,False,True,True,False,True,False,2026-02-27T15:58:10+05:30,2026-02-27T15:58:10+05:30
823975a1-876c-402d-9dd1-be395baf2ce5,UPHOSPREF000126,District Hospital Ghazipur,Single,PUBLIC,PHC,1954,Uttar Pradesh,UP,Ghazipur,Varanasi,Ghazipur Block 6,260598,28.339746,84.314136,DR. RAM PRASAD DUBEY,7662792301,hospital126@gov.up.in,NABH,PRE,,False,320,227,True,True,True,True,True,True,True,2026-02-27T15:58:10+05:30,2026-02-27T15:58:10+05:30
09446572-47bb-448a-be74-82f4a2a50d20,UPHOSPREF000127,Sharma & Mishra Children Hospital,Single,PRIVATE,NGO,1994,Uttar Pradesh,UP,Unnao,Lucknow,Unnao Block 1,234863,30.001441,80.618491,DR. SUSHIL KUMAR,9732292790,hospital127@pvt.up.in,JCI,FULL,,False,197,161,True,False,True,True,False,True,True,2026-02-27T15:58:10+05:30,2026-02-27T15:58:10+05:30
4e1babf2-a4ee-4a12-8701-f213236daae5,UPHOSPREF000128,Zonal Hospital Muzaffarnagar,Single,PUBLIC,Medical College,1965,Uttar Pradesh,UP,Muzaffarnagar,Saharanpur,Muzaffarnagar Block 8,221613,26.627436,77.161881,DR. RAJEEV KUMAR,7710874354,hospital128@gov.up.in,JCI,,2026-03-30,False,85,75,True,False,True,True,False,True,False,2026-02-27T15:58:10+05:30,2026-02-27T15:58:10+05:30
451e702a-3890-467e-a7b6-f99915540ea2,UPHOSPREF000129,Trauma Centre Etah Block 5,Single,PUBLIC,CHC,1967,Uttar Pradesh,UP,Etah,Aligarh,Etah Block 5,218121,27.329996,78.195313,DR. SHIV KUMAR,7733460762,hospital129@gov.up.in,NABL,PRE,2028-10-10,False,113,100,False,True,True,True,True,True,True,2026-02-27T15:58:10+05:30,2026-02-27T15:58:10+05:30
ada15fd7-ebe9-4bd5-950b-8a6f5b0e031e,UPHOSPREF000130,Trauma Centre Hardoi Block 4,Single,PUBLIC,PHC,1965,Uttar Pradesh,UP,Hardoi,Lucknow,Hardoi Block 4,267817,27.676758,81.908446,DR. NARESH KUMAR,7761233389,hospital130@gov.up.in,NABL,FULL,,False,79,66,True,True,True,True,True,True,False,2026-02-27T15:58:10+05:30,2026-02-27T15:58:10+05:30
64332df1-0fd4-4153-950a-593efe09e1e1,UPHOSPREF000131,Combined Hospital Prayagraj,Single,PUBLIC,Medical College,1995,Uttar Pradesh,UP,Prayagraj,Prayagraj,Bara,252405,25.367279,80.089411,DR. VIJAY KUMAR,8045370897,hospital131@gov.up.in,,,2029-12-08,False,11,9,False,False,False,True,False,True,True,2026-02-27T15:58:10+05:30,2026-02-27T15:58:10+05:30
fba472da-6c1e-4f56-bdf6-d3c15e72872f,UPHOSPREF000132,District Hospital Moradabad,Single,PUBLIC,Medical College,1969,Uttar Pradesh,UP,Moradabad,Moradabad,Moradabad Block 5,299778,23.532745,80.83057,DR. VIVEK KUMAR,9665290013,hospital132@gov.up.in,,FULL,,False,66,52,True,True,True,True,False,True,False,2026-02-27T15:58:10+05:30,2026-02-27T15:58:10+05:30
3cd12cbf-cc19-45ec-ac8d-b2a68901a173,UPHOSPREF000133,Dr. Verma Eye Hospital,Single,PRIVATE,Trust,2006,Uttar Pradesh,UP,Baghpat,Meerut,Baghpat Block 2,251020,30.447286,77.409736,DR. HEMANT KUMAR,8147632197,hospital133@pvt.up.in,,FULL,,False,288,254,False,True,True,True,False,True,True,2026-02-27T15:58:10+05:30,2026-02-27T15:58:10+05:30
9bbf9c2d-2037-4d42-9a7c-b6f4eb1e5c64,UPHOSPREF000134,Medical College Hospital Jaunpur,Single,PUBLIC,Civil Hospital,1988,Uttar Pradesh,UP,Jaunpur,Varanasi,Jaunpur Block 5,260806,29.882498,79.501746,DR. AMIT KUMAR KORI,8090714719,hospital134@gov.up.in,NABL,PRE,2027-06-15,False,182,155,True,True,True,True,False,True,True,2026-02-27T15:58:10+05:30,2026-02-27T15:58:10+05:30
aa5bacad-5830-42fe-80e5-d3dd9c2ed424,UPHOSPREF000135,Sub-District Hospital Etawah,Single,PUBLIC,District Hospital,1956,Uttar Pradesh,UP,Etawah,Kanpur,Etawah Block 7,298523,24.569574,81.922742,DR. PREM SHANKAR,8023950891,hospital135@gov.up.in,NABH,FULL,2028-12-07,False,83,66,False,True,True,True,False,True,True,2026-02-27T15:58:10+05:30,2026-02-27T15:58:10+05:30
a35db00a-d1b5-4e90-9b52-5af75ce38efe,UPHOSPREF000136,Women Hospital Varanasi,Single,PUBLIC,Medical College,1972,Uttar Pradesh,UP,Varanasi,Varanasi,Sewapuri,242484,26.616517,82.314739,DR. PREM SHANKAR,7645577818,hospital136@gov.up.in,JCI,FULL,2028-12-31,False,253,227,True,True,True,True,True,True,True,2026-02-27T15:58:10+05:30,2026-02-27T15:58:10+05:30
3195b4fa-9765-4e14-a6cb-ee9578600c2b,UPHOSPREF000137,Community Health Centre Fatehpur Block 6,Single,PUBLIC,Civil Hospital,1954,Uttar Pradesh,UP,Fatehpur,Prayagraj,Fatehpur Block 6,225919,25.826133,80.919019,DR. DINESH KUMAR,7918951684,hospital137@gov.up.in,,,,False,24,21,False,False,False,True,False,True,True,2026-02-27T15:58:10+05:30,2026-02-27T15:58:10+05:30
fbdc9d86-2ab9-4bc4-b67d-8d9445b85d85,UPHOSPREF000138,Zonal Hospital Gorakhpur,Single,PUBLIC,CHC,1989,Uttar Pradesh,UP,Gorakhpur,Gorakhpur,Pipiganj,278847,24.379705,80.749149,DR. ROHIT KUMAR,7847768024,hospital138@gov.up.in,NABL,PRE,,False,42,34,True,False,True,True,False,True,True,2026-02-27T15:58:10+05:30,2026-02-27T15:58:10+05:30
c921f284-89d0-414c-b884-0698cacb1ff4,UPHOSPREF000139,Agarwal & Sharma Eye Hospital,Single,PRIVATE,Private,2020,Uttar Pradesh,UP,Raebareli,Lucknow,Raebareli Block 8,299948,27.940547,81.501304,DR. LAKHAN LAL KUMAR,7810890130,hospital139@pvt.up.in,NABH,PRE,,False,270,250,True,True,True,True,False,True,False,2026-02-27T15:58:10+05:30,2026-02-27T15:58:10+05:30
150964f5-2918-4ad6-a93d-e43125ccb674,UPHOSPREF000140,Shiv Maternity & General Hospital,Single,PRIVATE,Private,1994,Uttar Pradesh,UP,Mathura,Agra,Farah,201633,28.097993,82.66124,DR. SURESH KUMAR LODHI,9763687007,hospital140@pvt.up.in,NABL,,2030-12-03,False,189,146,True,True,True,True,True,True,True,2026-02-27T15:58:10+05:30,2026-02-27T15:58:10+05:30
944b0add-7df4-4a7b-b9fb-8552b629c7ea,UPHOSPREF000141,Zonal Hospital Farrukhabad,Single,PUBLIC,District Hospital,1957,Uttar Pradesh,UP,Farrukhabad,Kanpur,Farrukhabad Block 4,285281,23.933824,83.093228,DR. JAGDISH PRASAD,8023915557,hospital141@gov.up.in,NABH,,,False,18,15,False,False,False,True,False,True,True,2026-02-27T15:58:10+05:30,2026-02-27T15:58:10+05:30
604f77e0-867d-4f47-b005-035ccfe6eafe,UPHOSPREF000142,Gupta & Gupta Maternity & General Hospital,Single,PRIVATE,Trust,1995,Uttar Pradesh,UP,Ambedkar Nagar,Ayodhya,Ambedkar Block 2,278496,29.84029,80.318814,DR. SURESH KUMAR,9875323797,hospital142@pvt.up.in,JCI,FULL,,False,163,147,True,True,True,True,True,True,True,2026-02-27T15:58:10+05:30,2026-02-27T15:58:10+05:30
20de12a3-7dd8-442b-9626-29a6389fc66f,UPHOSPREF000143,District Hospital Gorakhpur,Single,PUBLIC,District Hospital,1986,Uttar Pradesh,UP,Gorakhpur,Gorakhpur,Uruwa,211608,23.699955,78.760033,DR. RAJESH KUMAR,7600839623,hospital143@gov.up.in,JCI,FULL,2029-12-13,False,74,58,True,True,True,True,False,True,True,2026-02-27T15:58:10+05:30,2026-02-27T15:58:10+05:30
91143462-8c05-49cb-ac2f-8cb088470310,UPHOSPREF000144,Women Hospital Sant Ravidas Nagar,Single,PUBLIC,District Hospital,1951,Uttar Pradesh,UP,Sant Ravidas Nagar,Mirzapur,Sant Block 5,246380,28.144319,81.898252,DR. ROHIT KUMAR,8076122376,hospital144@gov.up.in,NABH,,2027-05-09,False,23,18,True,False,False,True,False,True,True,2026-02-27T15:58:10+05:30,2026-02-27T15:58:10+05:30
e76e2d70-bae7-4f52-ba4d-f8bf3ba50dde,UPHOSPREF000145,Tiwari & Sharma Hospital & Research Centre,Single,PRIVATE,Trust,2012,Uttar Pradesh,UP,Mainpuri,Agra,Mainpuri Block 4,251860,25.942039,83.828434,DR. MUKESH KUMAR,9576644261,hospital145@pvt.up.in,,,,False,118,101,True,True,True,True,True,True,False,2026-02-27T15:58:10+05:30,2026-02-27T15:58:10+05:30
6f7f05c1-29a4-4a3b-9f1d-8ce43825e456,UPHOSPREF000146,Dr. Agarwal Maternity & General Hospital,Single,PRIVATE,Trust,2022,Uttar Pradesh,UP,Chitrakoot,Chitrakoot,Chitrakoot Block 1,215124,24.557834,80.994329,DR. VIVEK KUMAR,9438984454,hospital146@pvt.up.in,,PRE,2027-01-28,False,52,39,True,False,True,True,False,True,True,2026-02-27T15:58:10+05:30,2026-02-27T15:58:10+05:30
1984f2c7-b8f9-409a-82f1-2e0eca512cb0,UPHOSPREF000147,Primary Health Centre Gosainganj,Single,PUBLIC,District Hospital,1980,Uttar Pradesh,UP,Lucknow,Lucknow,Gosainganj,219037,29.791679,79.221348,DR. VIJAY KUMAR,9712091139,hospital147@gov.up.in,,PRE,,False,50,40,True,False,True,True,False,True,True,2026-02-27T15:58:10+05:30,2026-02-27T15:58:10+05:30
dbbf8923-8a9c-4ff1-9dcb-cc4cddd986ab,UPHOSPREF000148,Sub-District Hospital Banda,Single,PUBLIC,Medical College,1987,Uttar Pradesh,UP,Banda,Chitrakoot,Banda Block 1,224498,24.034323,83.367167,DR. DEVENDRA KUMAR,7048612820,hospital148@gov.up.in,,FULL,2029-04-27,False,19,16,False,False,False,True,False,True,True,2026-02-27T15:58:10+05:30,2026-02-27T15:58:10+05:30
49db68b9-3223-46a9-8bd3-1d8f7674eaa5,UPHOSPREF000149,Shakti Cancer Institute,Single,PRIVATE,Trust,2022,Uttar Pradesh,UP,Gonda,Devipatan,Gonda Block 2,249713,25.586882,80.815192,DR. RAJU YADAV,7731842333,hospital149@pvt.up.in,,,2028-04-03,False,298,252,True,False,True,True,False,True,True,2026-02-27T15:58:10+05:30,2026-02-27T15:58:10+05:30
82d1e6ad-438a-4a16-8ecc-e03e8526342c,UPHOSPREF000150,Dr. Gupta Nursing Home,Single,PRIVATE,NGO,1997,Uttar Pradesh,UP,Chandauli,Varanasi,Chandauli Block 6,284999,24.234733,79.046924,DR. DINESH KUMAR,7671502988,hospital150@pvt.up.in,NABL,PRE,,False,23,19,True,False,False,True,False,True,True,2026-02-27T15:58:10+05:30,2026-02-27T15:58:10+05:30
e2a93f01-18b0-45e6-b874-423881ce819e,UPHOSPREF000151,Singh & Sharma Orthopaedic Centre,Single,PRIVATE,Trust,2008,Uttar Pradesh,UP,Raebareli,Lucknow,Raebareli Block 1,295248,23.890865,79.46947,DR. RAM PRASAD,8065846391,hospital151@pvt.up.in,NABH,FULL,,False,166,151,True,True,True,True,True,True,False,2026-02-27T15:58:10+05:30,2026-02-27T15:58:10+05:30
c2e2a4f7-dd0c-4b9d-b9ef-cfa2d6f71875,UPHOSPREF000152,Trauma Centre Mirzapur Block 3,Single,PUBLIC,CHC,1992,Uttar Pradesh,UP,Mirzapur,Mirzapur,Mirzapur Block 3,220161,27.701444,79.321799,DR. VIVEK KUMAR,8045899883,hospital152@gov.up.in,,FULL,,False,29,25,True,False,False,True,False,True,False,2026-02-27T15:58:10+05:30,2026-02-27T15:58:10+05:30
37f8d188-6fb6-403e-bdc9-409b6a860db1,UPHOSPREF000153,Primary Health Centre Mauranipur,Single,PUBLIC,CHC,1957,Uttar Pradesh,UP,Jhansi,Jhansi,Mauranipur,288560,28.660576,80.870729,DR. SHYAM LAL YADAV,7508463230,hospital153@gov.up.in,NABL,,,False,107,88,True,True,True,True,True,True,True,2026-02-27T15:58:10+05:30,2026-02-27T15:58:10+05:30
f754a303-30fa-4752-8aa1-7bf5d8e745df,UPHOSPREF000154,Community Health Centre Barua Sagar,Single,PUBLIC,Medical College,1954,Uttar Pradesh,UP,Jhansi,Jhansi,Barua Sagar,200045,28.730539,78.581012,DR. RAJESH KUMAR KUMAR,7641225339,hospital154@gov.up.in,JCI,FULL,2027-08-08,False,30,27,False,False,False,True,False,True,True,2026-02-27T15:58:10+05:30,2026-02-27T15:58:10+05:30
e552a21d-d3e8-4f48-b58f-a41bb6a0351c,UPHOSPREF000155,District Hospital Prayagraj,Single,PUBLIC,Medical College,1977,Uttar Pradesh,UP,Prayagraj,Prayagraj,Holagarh,253554,26.852933,83.718923,DR. PRADEEP KUMAR,9773820163,hospital155@gov.up.in,NABH,PRE,2026-07-19,False,246,188,True,True,True,True,False,True,True,2026-02-27T15:58:10+05:30,2026-02-27T15:58:10+05:30
d4291d82-6767-43db-add6-acdccea508e7,UPHOSPREF000156,Dr. Singh Medical Centre,Single,PRIVATE,NGO,2017,Uttar Pradesh,UP,Muzaffarnagar,Saharanpur,Muzaffarnagar Block 4,205724,30.280455,81.93859,DR. UMESH KUMAR,9596978128,hospital156@pvt.up.in,,,2029-12-29,False,95,82,True,True,True,True,False,True,True,2026-02-27T15:58:10+05:30,2026-02-27T15:58:10+05:30
ca12a5ce-276e-4c62-a9cb-5dea3878d2e3,UPHOSPREF000157,Women Hospital Ghazipur,Single,PUBLIC,Civil Hospital,1957,Uttar Pradesh,UP,Ghazipur,Varanasi,Ghazipur Block 8,262517,28.568886,82.944926,DR. RAMU KAKA CHAUHAN,7541177767,hospital157@gov.up.in,NABH,FULL,2027-10-10,False,91,71,True,True,True,True,True,True,True,2026-02-27T15:58:10+05:30,2026-02-27T15:58:10+05:30
420e4cba-1468-4bc7-b980-d35a71071515,UPHOSPREF000158,District Hospital Unnao,Single,PUBLIC,Civil Hospital,1971,Uttar Pradesh,UP,Unnao,Lucknow,Unnao Block 2,248635,27.970364,79.505582,DR. VIRENDRA SINGH,8047017538,hospital158@gov.up.in,NABL,PRE,2027-11-13,False,35,28,True,False,True,True,False,True,True,2026-02-27T15:58:10+05:30,2026-02-27T15:58:10+05:30
2445f348-8d9f-449e-9d43-5672fe4f8930,UPHOSPREF000159,Primary Health Centre Sahson,Single,PUBLIC,PHC,1958,Uttar Pradesh,UP,Prayagraj,Prayagraj,Sahson,234737,25.562321,78.273482,DR. VIVEK KUMAR KURMI,7965945140,hospital159@gov.up.in,,PRE,,False,93,65,True,False,True,True,False,True,True,2026-02-27T15:58:10+05:30,2026-02-27T15:58:10+05:30
18eeee38-9b25-44e2-b392-d988c640078d,UPHOSPREF000160,Community Health Centre Mandhana,Single,PUBLIC,District Hospital,1979,Uttar Pradesh,UP,Kanpur Nagar,Kanpur,Mandhana,225115,24.33058,81.120175,DR. DINESH KUMAR,7815514660,hospital160@gov.up.in,NABL,,2027-09-07,False,294,247,True,False,True,True,False,True,True,2026-02-27T15:58:10+05:30,2026-02-27T15:58:10+05:30
2b855e3e-e7a1-4dbd-b1a9-6b9e49850376,UPHOSPREF000161,Hanuman Eye Hospital,Single,PRIVATE,Private,2008,Uttar Pradesh,UP,Barabanki,Ayodhya,Barabanki Block 2,257351,24.396353,80.880633,DR. AMIT KUMAR,9804503518,hospital161@pvt.up.in,JCI,,2030-08-15,False,147,130,False,True,True,True,False,True,True,2026-02-27T15:58:10+05:30,2026-02-27T15:58:10+05:30
26eba5c0-c3c0-4d49-8580-d5487713c307,UPHOSPREF000162,Medical College Hospital Agra,Single,PUBLIC,District Hospital,1950,Uttar Pradesh,UP,Agra,Agra,Achhnera,241321,23.518322,80.254679,DR. RAM PRASAD,8115871958,hospital162@gov.up.in,NABL,PRE,,False,15,11,False,False,False,True,False,True,True,2026-02-27T15:58:10+05:30,2026-02-27T15:58:10+05:30
ed9b5ded-be2d-49a0-bbe7-c416eefbe753,UPHOSPREF000163,Agarwal & Agarwal Cancer Institute,Single,PRIVATE,Trust,2011,Uttar Pradesh,UP,Rampur,Moradabad,Rampur Block 1,248754,24.349251,79.121277,DR. DEEPAK KUMAR PATEL,7660209825,hospital163@pvt.up.in,NABL,FULL,2026-07-05,False,138,121,True,False,True,True,False,True,False,2026-02-27T15:58:10+05:30,2026-02-27T15:58:10+05:30
2eccdbdf-0bc5-4179-9e23-51eec32278fd,UPHOSPREF000164,Sub-District Hospital Rampur,Single,PUBLIC,CHC,1964,Uttar Pradesh,UP,Rampur,Moradabad,Rampur Block 1,294261,27.357021,78.416191,DR. RAMU KAKA,8198059826,hospital164@gov.up.in,NABL,PRE,,False,336,294,True,True,True,True,False,True,True,2026-02-27T15:58:10+05:30,2026-02-27T15:58:10+05:30
561c6756-7503-4a21-98e9-5329e3f9fb03,UPHOSPREF000165,Sub-District Hospital Deoria,Single,PUBLIC,Civil Hospital,1953,Uttar Pradesh,UP,Deoria,Gorakhpur,Deoria Block 6,230071,24.276575,81.257456,DR. VIJAY KUMAR,9791265824,hospital165@gov.up.in,NABL,PRE,2029-03-07,False,213,191,True,True,True,True,True,True,True,2026-02-27T15:58:10+05:30,2026-02-27T15:58:10+05:30
6db2e3d0-46ea-4f45-8fdb-d3992e7cb3c6,UPHOSPREF000166,Dr. Agarwal Heart Institute,Single,PRIVATE,Trust,2000,Uttar Pradesh,UP,Bahraich,Devipatan,Bahraich Block 8,225718,23.663409,77.976609,DR. RAJESH KUMAR,9836744751,hospital166@pvt.up.in,NABH,,2027-09-05,False,26,20,True,False,False,True,False,True,True,2026-02-27T15:58:10+05:30,2026-02-27T15:58:10+05:30
ba53cc57-82f6-48ba-8036-2b938713af86,UPHOSPREF000167,Verma & Verma Nursing Home,Single,PRIVATE,Trust,2008,Uttar Pradesh,UP,Deoria,Gorakhpur,Deoria Block 5,228498,26.49228,78.433637,DR. MUKESH KUMAR KUMAR,9784781310,hospital167@pvt.up.in,NABH,FULL,,False,254,221,False,True,True,True,False,True,True,2026-02-27T15:58:10+05:30,2026-02-27T15:58:10+05:30
05ad7939-0c4c-4eda-ad82-1f0e7d34b9dc,UPHOSPREF000168,Primary Health Centre Bijnor Block 5,Single,PUBLIC,Medical College,1980,Uttar Pradesh,UP,Bijnor,Moradabad,Bijnor Block 5,230302,25.668471,79.845353,DR. HARI OM NISHAD,7614161959,hospital168@gov.up.in,NABH,,2027-07-24,False,22,17,True,False,False,True,False,True,True,2026-02-27T15:58:10+05:30,2026-02-27T15:58:10+05:30
00f8442d-86d0-4541-9c00-058a2358230e,UPHOSPREF000169,Urban Community Health Centre Bulandshahr Block 2,Single,PUBLIC,PHC,1964,Uttar Pradesh,UP,Bulandshahr,Meerut,Bulandshahr Block 2,210087,25.174675,77.885043,DR. RAVINDRA NATH MISHRA,9569860578,hospital169@gov.up.in,NABH,PRE,,False,30,23,True,False,False,True,False,True,True,2026-02-27T15:58:10+05:30,2026-02-27T15:58:10+05:30
496e204d-5705-48aa-a53d-97d1060242b0,UPHOSPREF000170,Urban Community Health Centre Shravasti Block 2,Single,PUBLIC,CHC,1985,Uttar Pradesh,UP,Shravasti,Devipatan,Shravasti Block 2,202385,28.982859,82.927739,DR. BRIJESH KUMAR,7585152639,hospital170@gov.up.in,JCI,FULL,,False,391,358,True,True,True,True,True,True,True,2026-02-27T15:58:10+05:30,2026-02-27T15:58:10+05:30
5eb0fc61-eb72-4d50-9f5d-4c0353309b1e,UPHOSPREF000171,Singh & Agarwal Children Hospital,Single,PRIVATE,NGO,2016,Uttar Pradesh,UP,Azamgarh,Azamgarh,Jahanaganj,294276,24.535741,82.805328,DR. MUKESH KUMAR SHARMA,7618099603,hospital171@pvt.up.in,,FULL,,False,121,96,False,True,True,True,True,True,False,2026-02-27T15:58:10+05:30,2026-02-27T15:58:10+05:30
0b3525a2-042d-44f3-b887-e0bc4805045b,UPHOSPREF000172,Trauma Centre Amethi Block 8,Single,PUBLIC,Civil Hospital,1993,Uttar Pradesh,UP,Amethi,Ayodhya,Amethi Block 8,201494,23.732891,78.444284,DR. SUSHIL KUMAR,7062804524,hospital172@gov.up.in,,PRE,,False,259,239,True,False,True,True,False,True,False,2026-02-27T15:58:10+05:30,2026-02-27T15:58:10+05:30
d5055393-65e4-45c4-b5ff-3ca4b7471a2f,UPHOSPREF000173,Srivastava & Tiwari Hospital & Research Centre,Single,PRIVATE,NGO,2018,Uttar Pradesh,UP,Gorakhpur,Gorakhpur,Gola,294331,26.709666,81.524455,DR. MUKESH KUMAR,8075626823,hospital173@pvt.up.in,JCI,PRE,2027-09-21,False,18,13,False,False,False,True,False,True,True,2026-02-27T15:58:10+05:30,2026-02-27T15:58:10+05:30
c4b48c32-d14b-4c07-bd08-287151034193,UPHOSPREF000174,Mishra & Mishra Nursing Home,Single,PRIVATE,Private,2012,Uttar Pradesh,UP,Bijnor,Moradabad,Bijnor Block 4,298078,28.179517,78.263671,DR. PRADEEP KUMAR,9773489583,hospital174@pvt.up.in,NABL,PRE,,False,150,129,False,True,True,True,False,True,True,2026-02-27T15:58:10+05:30,2026-02-27T15:58:10+05:30
94bb3526-ed70-4e3a-a814-6323ad0d9e3a,UPHOSPREF000175,Agarwal & Sharma Surgical Centre,Single,PRIVATE,Private,2011,Uttar Pradesh,UP,Rampur,Moradabad,Rampur Block 3,284323,25.874985,81.074348,DR. LAKHAN LAL,9560680692,hospital175@pvt.up.in,,,,False,227,197,True,False,True,True,False,True,True,2026-02-27T15:58:10+05:30,2026-02-27T15:58:10+05:30
5387ea1a-cb1f-4458-a8f5-bfabdc6e906b,UPHOSPREF000176,Shakti Heart Institute,Single,PRIVATE,Trust,2012,Uttar Pradesh,UP,Ambedkar Nagar,Ayodhya,Ambedkar Block 5,229052,27.023621,83.846809,DR. HARI OM,7854292550,hospital176@pvt.up.in,,,,False,23,20,True,False,False,True,False,True,True,2026-02-27T15:58:10+05:30,2026-02-27T15:58:10+05:30
6cd2a30c-4e21-4b8b-9a50-0534c6dfde5a,UPHOSPREF000177,Women Hospital Saharanpur,Single,PUBLIC,District Hospital,1962,Uttar Pradesh,UP,Saharanpur,Saharanpur,Saharanpur Block 1,219282,25.991845,78.027672,DR. RAJEEV KUMAR,7081071146,hospital177@gov.up.in,NABL,FULL,2029-04-09,False,70,62,True,True,True,True,False,True,True,2026-02-27T15:58:10+05:30,2026-02-27T15:58:10+05:30
eaa8a982-e287-46db-97da-0fcee066c814,UPHOSPREF000178,Trauma Centre Gautam Block 3,Single,PUBLIC,PHC,1980,Uttar Pradesh,UP,Gautam Buddha Nagar,Meerut,Gautam Block 3,299592,29.661251,77.80562,DR. GUDDU KUMAR,9674739539,hospital178@gov.up.in,,PRE,,False,39,33,True,False,True,True,False,True,False,2026-02-27T15:58:10+05:30,2026-02-27T15:58:10+05:30
0484b4b0-be1a-47cf-af1f-988540649809,UPHOSPREF000179,District Hospital Bijnor,Single,PUBLIC,CHC,1978,Uttar Pradesh,UP,Bijnor,Moradabad,Bijnor Block 7,242460,24.759104,84.433562,DR. ASHOK KUMAR,9514424301,hospital179@gov.up.in,NABL,FULL,,True,8,6,False,False,False,True,False,False,True,2026-02-27T15:58:10+05:30,2026-02-27T15:58:10+05:30
b61d1047-5de7-4eab-bd9b-2d1b23b44a57,UPHOSPREF000180,Sub-District Hospital Hamirpur,Single,PUBLIC,District Hospital,1984,Uttar Pradesh,UP,Hamirpur,Chitrakoot,Hamirpur Block 5,224783,23.707008,84.482853,DR. DINESH KUMAR MAURYA,8159973560,hospital180@gov.up.in,NABH,PRE,,False,17,14,False,False,False,True,False,True,False,2026-02-27T15:58:10+05:30,2026-02-27T15:58:10+05:30
9114cd94-bb73-4868-98e5-e7921839d79f,UPHOSPREF000181,Trauma Centre Sant Block 5,Single,PUBLIC,CHC,1957,Uttar Pradesh,UP,Sant Ravidas Nagar,Mirzapur,Sant Block 5,256713,29.622421,83.845905,DR. ROHIT KUMAR VERMA,8136249686,hospital181@gov.up.in,NABH,,,False,189,148,True,True,True,True,True,True,False,2026-02-27T15:58:10+05:30,2026-02-27T15:58:10+05:30
89834b8c-a4e0-4700-8e5e-09ecc579955f,UPHOSPREF000182,Zonal Hospital Jaunpur,Single,PUBLIC,CHC,1968,Uttar Pradesh,UP,Jaunpur,Varanasi,Jaunpur Block 1,296821,26.192459,79.306846,DR. RAKESH KUMAR TIWARI,7726342318,hospital182@gov.up.in,JCI,PRE,2030-01-29,False,219,168,True,True,True,True,True,True,True,2026-02-27T15:58:10+05:30,2026-02-27T15:58:10+05:30
433f7571-593e-4b39-89c8-49115b68c702,UPHOSPREF000183,Durga Orthopaedic Centre,Single,PRIVATE,Trust,2011,Uttar Pradesh,UP,Kannauj,Kanpur,Kannauj Block 1,215572,25.176471,83.585907,DR. RAVINDRA NATH,7885445129,hospital183@pvt.up.in,JCI,PRE,,False,11,8,False,False,False,True,False,True,True,2026-02-27T15:58:10+05:30,2026-02-27T15:58:10+05:30
a1752c7c-7223-4e9e-bd32-3f670ed10ae4,UPHOSPREF000184,Sub-District Hospital Chandauli,Single,PUBLIC,PHC,1952,Uttar Pradesh,UP,Chandauli,Varanasi,Chandauli Block 5,218469,26.14545,82.056958,DR. DEEPAK KUMAR,8181774185,hospital184@gov.up.in,NABH,,,False,81,68,False,False,True,True,False,True,True,2026-02-27T15:58:10+05:30,2026-02-27T15:58:10+05:30
de42d267-71ae-4a05-9d05-bd021a94ba07,UPHOSPREF000185,Shakti Cancer Institute,Single,PRIVATE,Trust,2014,Uttar Pradesh,UP,Saharanpur,Saharanpur,Saharanpur Block 1,257701,24.977891,80.691614,DR. RAVINDRA NATH,7557434766,hospital185@pvt.up.in,NABH,PRE,,False,80,61,True,False,True,True,False,True,False,2026-02-27T15:58:10+05:30,2026-02-27T15:58:10+05:30
86f87c6b-bbc9-4d7c-a22f-b605d4655338,UPHOSPREF000186,Tiwari & Sharma Cancer Institute,Single,PRIVATE,Private,1992,Uttar Pradesh,UP,Mathura,Agra,Naujheel,231943,26.912649,80.721979,DR. RAMESH CHANDRA KORI,9894823399,hospital186@pvt.up.in,NABH,FULL,,False,171,132,False,True,True,True,True,True,True,2026-02-27T15:58:10+05:30,2026-02-27T15:58:10+05:30
4e53eac0-1a87-48c6-a78e-cbd8142393f4,UPHOSPREF000187,Trauma Centre Sultanpur Block 1,Single,PUBLIC,Civil Hospital,1958,Uttar Pradesh,UP,Sultanpur,Ayodhya,Sultanpur Block 1,206416,28.068828,82.267172,DR. ANIL KUMAR,9669105859,hospital187@gov.up.in,,PRE,2029-11-08,False,76,71,True,False,True,True,False,True,True,2026-02-27T15:58:10+05:30,2026-02-27T15:58:10+05:30
4579ce56-d734-4c9a-882d-5b50dc705204,UPHOSPREF000188,Combined Hospital Lucknow,Single,PUBLIC,CHC,1981,Uttar Pradesh,UP,Lucknow,Lucknow,Sarojini Nagar,218307,28.140121,78.059966,DR. ANIL KUMAR SINGH,8156569408,hospital188@gov.up.in,,FULL,,False,210,196,True,True,True,True,True,True,True,2026-02-27T15:58:10+05:30,2026-02-27T15:58:10+05:30
3234c76e-4303-4225-b839-9398cec4cdc7,UPHOSPREF000189,Urban Community Health Centre Firozabad Block 7,Single,PUBLIC,Medical College,1994,Uttar Pradesh,UP,Firozabad,Agra,Firozabad Block 7,200338,29.348051,82.141977,DR. ASHOK KUMAR MISHRA,8075032117,hospital189@gov.up.in,NABL,,2027-11-09,False,7,5,False,False,False,True,False,False,True,2026-02-27T15:58:10+05:30,2026-02-27T15:58:10+05:30
72926ebd-da37-49e2-ab3c-b839808859f6,UPHOSPREF000190,Dr. Pandey Hospital & Research Centre,Single,PRIVATE,NGO,2010,Uttar Pradesh,UP,Hardoi,Lucknow,Hardoi Block 7,280202,28.49058,79.203107,DR. UMESH KUMAR SHARMA,9711216264,hospital190@pvt.up.in,NABL,PRE,2026-12-04,False,181,132,False,True,True,True,False,True,True,2026-02-27T15:58:10+05:30,2026-02-27T15:58:10+05:30
e760e769-6a81-4473-b54e-25d937a168e6,UPHOSPREF000191,Sub-District Hospital Maharajganj,Single,PUBLIC,CHC,1960,Uttar Pradesh,UP,Maharajganj,Gorakhpur,Maharajganj Block 3,206314,23.916671,77.341438,DR. MANOJ KUMAR KORI,9517470267,hospital191@gov.up.in,NABH,FULL,,False,13,10,False,False,False,True,False,True,False,2026-02-27T15:58:10+05:30,2026-02-27T15:58:10+05:30
e2ff33c6-6b11-4a0e-9f82-74a0da350c86,UPHOSPREF000192,Primary Health Centre Pindra,Single,PUBLIC,PHC,1979,Uttar Pradesh,UP,Varanasi,Varanasi,Pindra,296148,29.853095,77.883599,DR. SHYAM LAL,7580971799,hospital192@gov.up.in,,,,False,48,34,False,False,True,True,False,True,True,2026-02-27T15:58:10+05:30,2026-02-27T15:58:10+05:30
a8cf8709-3705-46ee-9b0b-5844ae8f8608,UPHOSPREF000193,Hanuman Heart Institute,Single,PRIVATE,NGO,2018,Uttar Pradesh,UP,Aligarh,Aligarh,Iglas,215679,28.629599,80.611023,DR. SHYAM LAL,7571598843,hospital193@pvt.up.in,NABH,FULL,,False,225,191,True,False,True,True,False,True,True,2026-02-27T15:58:10+05:30,2026-02-27T15:58:10+05:30
04a9b909-4b22-4fc6-98e2-683bc8c848f9,UPHOSPREF000194,Ganesh Hospital & Research Centre,Single,PRIVATE,Trust,2001,Uttar Pradesh,UP,Gonda,Devipatan,Gonda Block 5,291960,29.505198,81.013733,DR. MUKESH KUMAR PATEL,8172233797,hospital194@pvt.up.in,,FULL,,False,149,139,False,True,True,True,True,True,True,2026-02-27T15:58:10+05:30,2026-02-27T15:58:10+05:30
9f2f7283-1558-4ebe-84b5-2c48bf754ce3,UPHOSPREF000195,Medical College Hospital Shahjahanpur,Single,PUBLIC,Medical College,1967,Uttar Pradesh,UP,Shahjahanpur,Bareilly,Shahjahanpur Block 5,244471,28.444984,81.806398,DR. RAJEEV KUMAR,8138492704,hospital195@gov.up.in,NABH,FULL,2030-05-07,False,20,15,False,False,False,True,False,True,False,2026-02-27T15:58:10+05:30,2026-02-27T15:58:10+05:30
5e61eaf4-4d9a-4bf5-ad2d-e905a8860727,UPHOSPREF000196,Trauma Centre Rampur Block 8,Single,PUBLIC,Civil Hospital,1977,Uttar Pradesh,UP,Rampur,Moradabad,Rampur Block 8,244494,28.502308,81.116409,DR. SANTOSH KUMAR,7921449840,hospital196@gov.up.in,,FULL,,False,82,66,True,True,True,True,False,True,True,2026-02-27T15:58:10+05:30,2026-02-27T15:58:10+05:30
5ddf7e87-91eb-4b43-9b6a-cee7be05af4b,UPHOSPREF000197,Gupta & Srivastava Eye Hospital,Single,PRIVATE,Private,2022,Uttar Pradesh,UP,Fatehpur,Prayagraj,Fatehpur Block 2,205034,27.956116,77.187102,DR. PREM SHANKAR,7785809454,hospital197@pvt.up.in,JCI,PRE,2030-11-20,False,153,124,True,True,True,True,False,True,False,2026-02-27T15:58:10+05:30,2026-02-27T15:58:10+05:30
183ddbc7-8a42-4100-b692-25b41d411a44,UPHOSPREF000198,Laxmi Maternity & General Hospital,Single,PRIVATE,NGO,1998,Uttar Pradesh,UP,Pratapgarh,Prayagraj,Pratapgarh Block 5,230276,27.684743,83.50262,DR. RAVI SHANKAR,9440697405,hospital198@pvt.up.in,JCI,FULL,,False,84,63,True,True,True,True,True,True,False,2026-02-27T15:58:10+05:30,2026-02-27T15:58:10+05:30
24411a34-0594-4ffa-bfda-178000be841c,UPHOSPREF000199,Community Health Centre Fatehpur Block 4,Single,PUBLIC,PHC,1991,Uttar Pradesh,UP,Fatehpur,Prayagraj,Fatehpur Block 4,279083,27.55005,77.157293,DR. ROHIT KUMAR,9425111661,hospital199@gov.up.in,JCI,,,False,178,136,True,True,True,True,True,True,True,2026-02-27T15:58:10+05:30,2026-02-27T15:58:10+05:30
71def1dc-e3a2-4d9f-b3b3-3a134ac38e5a,UPHOSPREF000200,Gupta & Verma Maternity & General Hospital,Single,PRIVATE,NGO,1995,Uttar Pradesh,UP,Meerut,Meerut,Sardhana,274713,25.451614,83.298645,DR. RAMU KAKA,9744731722,hospital200@pvt.up.in,,,2028-12-08,False,287,212,True,True,True,True,False,True,True,2026-02-27T15:58:10+05:30,2026-02-27T15:58:10+05:30
fc2d21cc-7648-4ebf-9a20-d6c993088189,UPHOSPREF000201,Medical College Hospital Chandauli,Single,PUBLIC,CHC,1963,Uttar Pradesh,UP,Chandauli,Varanasi,Chandauli Block 3,255940,29.072236,84.477686,DR. ROHIT KUMAR,9724715219,hospital201@gov.up.in,NABL,PRE,,False,95,87,False,False,True,True,False,True,True,2026-02-27T15:58:10+05:30,2026-02-27T15:58:10+05:30
842d46e3-3d55-4b31-b26b-b9801a0918a8,UPHOSPREF000202,Shakti Maternity & General Hospital,Single,PRIVATE,NGO,2019,Uttar Pradesh,UP,Sultanpur,Ayodhya,Sultanpur Block 4,255686,30.292655,83.107229,DR. RAJEEV KUMAR,9525433971,hospital202@pvt.up.in,JCI,FULL,,False,106,86,False,False,True,True,False,True,False,2026-02-27T15:58:10+05:30,2026-02-27T15:58:10+05:30
889a8e3b-c080-4fd6-a51d-2a0f9a940daa,UPHOSPREF000203,Trauma Centre Farah,Single,PUBLIC,CHC,1964,Uttar Pradesh,UP,Mathura,Agra,Farah,289129,28.119321,77.882025,DR. HARI OM YADAV,9657116325,hospital203@gov.up.in,NABL,FULL,,False,56,51,True,True,True,True,False,True,True,2026-02-27T15:58:10+05:30,2026-02-27T15:58:10+05:30
bdfff4f6-d719-42e0-a099-2bc29e5af732,UPHOSPREF000204,Sub-District Hospital Agra,Single,PUBLIC,Medical College,1959,Uttar Pradesh,UP,Agra,Agra,Shamsabad,249107,28.696511,84.470057,DR. ANIL KUMAR BIND,7557517949,hospital204@gov.up.in,NABL,,,False,18,15,False,False,False,True,False,True,True,2026-02-27T15:58:10+05:30,2026-02-27T15:58:10+05:30
2ec17cf7-15f7-4bc1-b24c-0fad95e318a1,UPHOSPREF000205,Shakti Children Hospital,Single,PRIVATE,Private,1993,Uttar Pradesh,UP,Aligarh,Aligarh,Bijauli,203288,26.069268,78.740696,DR. MANOJ KUMAR,7719927109,hospital205@pvt.up.in,NABL,PRE,,False,162,132,True,True,True,True,True,True,True,2026-02-27T15:58:10+05:30,2026-02-27T15:58:10+05:30
1cc54768-2d4a-4929-b71a-faadf9b03af5,UPHOSPREF000206,Primary Health Centre Fatehpur Block 8,Single,PUBLIC,PHC,1973,Uttar Pradesh,UP,Fatehpur,Prayagraj,Fatehpur Block 8,276191,28.245353,79.587563,DR. SANTOSH KUMAR,9434427502,hospital206@gov.up.in,NABL,FULL,,False,304,268,True,True,True,True,False,True,False,2026-02-27T15:58:10+05:30,2026-02-27T15:58:10+05:30
7469f721-a5c5-442b-8175-ba3e661ee28a,UPHOSPREF000207,Krishna Multispeciality Hospital,Single,PRIVATE,Trust,1998,Uttar Pradesh,UP,Siddharthnagar,Basti,Siddharthnagar Block 2,248291,26.687009,79.588198,DR. BRIJESH KUMAR SHUKLA,8125476734,hospital207@pvt.up.in,NABH,FULL,,False,216,204,True,True,True,True,True,True,True,2026-02-27T15:58:10+05:30,2026-02-27T15:58:10+05:30
07493c1c-2032-4f04-a8be-01d65e5d0a51,UPHOSPREF000208,Trauma Centre Firdauspur,Single,PUBLIC,CHC,1973,Uttar Pradesh,UP,Bareilly,Bareilly,Firdauspur,269731,28.958663,79.001309,DR. DEEPAK KUMAR,7693655340,hospital208@gov.up.in,NABH,,,False,297,239,True,True,True,True,False,True,True,2026-02-27T15:58:10+05:30,2026-02-27T15:58:10+05:30
758813dc-97a7-4005-8104-a90e216eacfc,UPHOSPREF000209,Durga Cancer Institute,Single,PRIVATE,NGO,1997,Uttar Pradesh,UP,Kushinagar,Gorakhpur,Kushinagar Block 3,218453,25.524165,78.541044,DR. ASHOK KUMAR PATEL,9508237448,hospital209@pvt.up.in,NABL,FULL,,False,152,119,False,True,True,True,False,True,True,2026-02-27T15:58:10+05:30,2026-02-27T15:58:10+05:30
b67f38fc-b061-4476-b9df-fa4782aa80b5,UPHOSPREF000210,Combined Hospital Bijnor,Single,PUBLIC,District Hospital,1977,Uttar Pradesh,UP,Bijnor,Moradabad,Bijnor Block 7,207173,29.505422,82.870081,DR. ARVIND KUMAR,7067619101,hospital210@gov.up.in,NABL,,,False,68,51,True,True,True,True,True,True,False,2026-02-27T15:58:10+05:30,2026-02-27T15:58:10+05:30
d69260e4-339a-4592-adcd-ab5e5fab0286,UPHOSPREF000211,Women Hospital Varanasi,Single,PUBLIC,CHC,1988,Uttar Pradesh,UP,Varanasi,Varanasi,Chiraigaon,215070,27.817501,81.997498,DR. BRIJESH KUMAR,9641432186,hospital211@gov.up.in,JCI,,2030-10-04,False,399,324,False,True,True,True,True,True,True,2026-02-27T15:58:10+05:30,2026-02-27T15:58:10+05:30
01b1ac9a-b279-4287-b7c9-672a9f739faf,UPHOSPREF000212,District Hospital Deoria,Single,PUBLIC,PHC,1977,Uttar Pradesh,UP,Deoria,Gorakhpur,Deoria Block 8,236824,25.330627,81.764727,DR. BABLU KUMAR MISHRA,9775035938,hospital212@gov.up.in,NABH,FULL,2030-01-28,False,93,73,False,True,True,True,False,True,True,2026-02-27T15:58:10+05:30,2026-02-27T15:58:10+05:30
2c47cf2f-06c6-439a-8bd4-b8057bc14e83,UPHOSPREF000213,Women Hospital Aligarh,Single,PUBLIC,District Hospital,1950,Uttar Pradesh,UP,Aligarh,Aligarh,Atrauli,295089,29.396498,79.226044,DR. LAKHAN LAL,7635459727,hospital213@gov.up.in,,PRE,,False,15,12,False,False,False,True,False,True,True,2026-02-27T15:58:10+05:30,2026-02-27T15:58:10+05:30
3bfa5202-683d-4c96-b57e-d90f4e583b89,UPHOSPREF000214,Dr. Verma Heart Institute,Single,PRIVATE,Private,1990,Uttar Pradesh,UP,Mau,Azamgarh,Mau Block 7,251875,25.050708,82.602302,DR. MANOJ KUMAR,7779311535,hospital214@pvt.up.in,NABL,FULL,,False,259,213,True,True,True,True,False,True,True,2026-02-27T15:58:10+05:30,2026-02-27T15:58:10+05:30
7930b01e-fe60-4367-b07f-3ebc6726b6e3,UPHOSPREF000215,Zonal Hospital Amethi,Single,PUBLIC,PHC,1986,Uttar Pradesh,UP,Amethi,Ayodhya,Amethi Block 3,264019,24.953194,77.619351,DR. DEEPAK KUMAR,9850804566,hospital215@gov.up.in,NABL,FULL,2026-07-07,False,19,13,False,False,False,True,False,True,True,2026-02-27T15:58:10+05:30,2026-02-27T15:58:10+05:30
ab7a702e-228b-4579-ae2a-65c150f833bf,UPHOSPREF000216,Zonal Hospital Sambhal,Single,PUBLIC,Civil Hospital,1965,Uttar Pradesh,UP,Sambhal,Moradabad,Sambhal Block 3,226553,28.665385,79.338548,DR. RAMU KAKA,7987198848,hospital216@gov.up.in,NABH,FULL,2030-11-09,False,20,15,False,False,False,True,False,True,False,2026-02-27T15:58:10+05:30,2026-02-27T15:58:10+05:30
4829e973-f82f-4764-b305-7e52cf548e68,UPHOSPREF000217,Gupta & Agarwal Multispeciality Hospital,Single,PRIVATE,Private,2003,Uttar Pradesh,UP,Saharanpur,Saharanpur,Saharanpur Block 4,209520,24.349061,83.033111,DR. RAVI SHANKAR,9842866902,hospital217@pvt.up.in,NABL,FULL,,True,40,33,True,False,True,True,False,True,False,2026-02-27T15:58:10+05:30,2026-02-27T15:58:10+05:30
a8bca0d7-22da-4393-aa6e-c853ffe030e7,UPHOSPREF000218,Tiwari & Singh Orthopaedic Centre,Single,PRIVATE,Trust,1993,Uttar Pradesh,UP,Aligarh,Aligarh,Bijauli,200373,27.529325,77.247578,DR. BABLU KUMAR,7952692272,hospital218@pvt.up.in,NABL,,,False,129,104,True,True,True,True,False,True,False,2026-02-27T15:58:10+05:30,2026-02-27T15:58:10+05:30
20f10240-070c-42f6-a7aa-4152217b8794,UPHOSPREF000219,Women Hospital Azamgarh,Single,PUBLIC,Civil Hospital,1956,Uttar Pradesh,UP,Azamgarh,Azamgarh,Lalganj,201291,26.990263,78.29555,DR. RAMESH CHANDRA,9488190087,hospital219@gov.up.in,NABL,,,False,74,65,True,True,True,True,False,True,False,2026-02-27T15:58:10+05:30,2026-02-27T15:58:10+05:30
c0ac23d2-7ed2-48c4-be3c-67f131b622ea,UPHOSPREF000220,Trauma Centre Banda Block 7,Single,PUBLIC,PHC,1990,Uttar Pradesh,UP,Banda,Chitrakoot,Banda Block 7,255607,28.154828,84.194715,DR. RAJEEV KUMAR,9469624275,hospital220@gov.up.in,NABH,,,False,130,95,True,True,True,True,False,True,False,2026-02-27T15:58:10+05:30,2026-02-27T15:58:10+05:30
14622dbc-3e07-4dfa-83e9-fee29cb49118,UPHOSPREF000221,Primary Health Centre Mainpuri Block 6,Single,PUBLIC,PHC,1992,Uttar Pradesh,UP,Mainpuri,Agra,Mainpuri Block 6,223616,27.533238,78.344593,DR. SHIV KUMAR NISHAD,9665659375,hospital221@gov.up.in,,,2027-05-22,False,95,82,True,True,True,True,True,True,True,2026-02-27T15:58:10+05:30,2026-02-27T15:58:10+05:30
7874e354-349f-4c7f-afe1-cd8abcbf9343,UPHOSPREF000222,Mishra & Singh Multispeciality Hospital,Single,PRIVATE,NGO,1992,Uttar Pradesh,UP,Azamgarh,Azamgarh,Paliya,224477,27.459141,84.294989,DR. PREM SHANKAR BIND,9772813760,hospital222@pvt.up.in,,PRE,2027-12-27,False,219,187,True,True,True,True,True,True,True,2026-02-27T15:58:10+05:30,2026-02-27T15:58:10+05:30
415e594d-ec73-4fd4-b01a-0eae58bacad9,UPHOSPREF000223,Laxmi Surgical Centre,Single,PRIVATE,NGO,1999,Uttar Pradesh,UP,Sultanpur,Ayodhya,Sultanpur Block 8,248399,27.702514,81.872781,DR. AMIT KUMAR GUPTA,9765561166,hospital223@pvt.up.in,NABH,PRE,2030-12-05,False,38,32,False,False,True,True,False,True,True,2026-02-27T15:58:10+05:30,2026-02-27T15:58:10+05:30
8b5dde1e-f33c-4840-9ed7-e11c9ef89c2d,UPHOSPREF000224,Dr. Tiwari Children Hospital,Single,PRIVATE,Private,1995,Uttar Pradesh,UP,Chitrakoot,Chitrakoot,Chitrakoot Block 3,292137,23.958125,80.033765,DR. SUSHIL KUMAR,8026674774,hospital224@pvt.up.in,NABH,PRE,,False,17,12,False,False,False,True,False,True,True,2026-02-27T15:58:10+05:30,2026-02-27T15:58:10+05:30
f7254784-38dd-420f-b5df-7b8d170d3452,UPHOSPREF000225,Pandey & Singh Maternity & General Hospital,Single,PRIVATE,Trust,2003,Uttar Pradesh,UP,Moradabad,Moradabad,Moradabad Block 4,290562,27.683213,83.189482,DR. RAJESH KUMAR,7088154009,hospital225@pvt.up.in,NABL,PRE,,False,146,131,True,True,True,True,True,True,True,2026-02-27T15:58:10+05:30,2026-02-27T15:58:10+05:30
03980638-e27c-4ced-8df0-ecfead3b8496,UPHOSPREF000226,Medical College Hospital Mau,Single,PUBLIC,Civil Hospital,1974,Uttar Pradesh,UP,Mau,Azamgarh,Mau Block 5,258227,24.166855,82.860445,DR. MUKESH KUMAR,9851613312,hospital226@gov.up.in,NABL,,,False,39,30,True,False,True,True,False,True,True,2026-02-27T15:58:10+05:30,2026-02-27T15:58:10+05:30
fe6b0548-b615-4c70-acb7-dbf0b2167390,UPHOSPREF000227,Combined Hospital Banda,Single,PUBLIC,Medical College,1979,Uttar Pradesh,UP,Banda,Chitrakoot,Banda Block 4,285249,29.554693,81.246953,DR. RAMESH CHANDRA,7986275402,hospital227@gov.up.in,JCI,PRE,2027-09-05,False,245,172,True,False,True,True,False,True,True,2026-02-27T15:58:10+05:30,2026-02-27T15:58:10+05:30
85d41920-65fe-4bee-bc7b-77c3b478e92e,UPHOSPREF000228,Urban Community Health Centre Moradabad Block 8,Single,PUBLIC,PHC,1988,Uttar Pradesh,UP,Moradabad,Moradabad,Moradabad Block 8,239378,28.569655,81.855122,DR. VIJAY KUMAR,7893305982,hospital228@gov.up.in,NABL,PRE,,False,94,70,True,True,True,True,True,True,False,2026-02-27T15:58:10+05:30,2026-02-27T15:58:10+05:30
2bf50a3a-2318-4c54-ba0f-e5797d1825e9,UPHOSPREF000229,Trauma Centre Barabanki Block 8,Single,PUBLIC,Civil Hospital,1972,Uttar Pradesh,UP,Barabanki,Ayodhya,Barabanki Block 8,223340,30.227102,82.636026,DR. UMESH KUMAR,9766853237,hospital229@gov.up.in,NABL,,,False,53,42,True,False,True,True,False,True,True,2026-02-27T15:58:10+05:30,2026-02-27T15:58:10+05:30
55aec539-fde1-4ea1-8ae6-a6c140b652a3,UPHOSPREF000230,Community Health Centre Kushinagar Block 2,Single,PUBLIC,Medical College,1970,Uttar Pradesh,UP,Kushinagar,Gorakhpur,Kushinagar Block 2,294327,29.735096,79.639327,DR. BRIJESH KUMAR,9791063918,hospital230@gov.up.in,NABL,PRE,,False,39,35,False,False,True,True,False,True,True,2026-02-27T15:58:10+05:30,2026-02-27T15:58:10+05:30
678a9d99-f865-4498-9cdc-2793d64799e1,UPHOSPREF000231,Sub-District Hospital Prayagraj,Single,PUBLIC,PHC,1981,Uttar Pradesh,UP,Prayagraj,Prayagraj,Chaka,268133,23.537341,82.664724,DR. NARESH KUMAR,9752735423,hospital231@gov.up.in,NABL,,,False,27,22,True,False,False,True,False,True,True,2026-02-27T15:58:10+05:30,2026-02-27T15:58:10+05:30
60982dad-6a46-4042-8070-db1c1284ef78,UPHOSPREF000232,Urban Community Health Centre Fatehganj Purvi,Single,PUBLIC,CHC,1973,Uttar Pradesh,UP,Bareilly,Bareilly,Fatehganj Purvi,271181,24.130108,81.504032,DR. VIVEK KUMAR,7004346321,hospital232@gov.up.in,NABH,PRE,2029-10-15,False,151,115,True,True,True,True,True,True,False,2026-02-27T15:58:10+05:30,2026-02-27T15:58:10+05:30
369c4792-d860-46d9-9e91-928c88baf369,UPHOSPREF000233,Primary Health Centre Kanpur Block 2,Single,PUBLIC,Medical College,1959,Uttar Pradesh,UP,Kanpur Dehat,Kanpur,Kanpur Block 2,295817,26.928731,83.162816,DR. SHIV KUMAR,7037078368,hospital233@gov.up.in,NABL,FULL,,False,17,14,False,False,False,True,False,True,True,2026-02-27T15:58:10+05:30,2026-02-27T15:58:10+05:30
6e6ec9a2-31f0-4e47-96bd-7c837cf0470f,UPHOSPREF000234,Agarwal & Pandey Surgical Centre,Single,PRIVATE,Private,2017,Uttar Pradesh,UP,Jalaun,Jhansi,Jalaun Block 1,209398,25.646911,83.178947,DR. HARI OM,7784082198,hospital234@pvt.up.in,,FULL,2026-11-26,False,175,148,True,False,True,True,False,True,True,2026-02-27T15:58:10+05:30,2026-02-27T15:58:10+05:30
c16b7c0d-590b-4fb0-b2e7-3bb1c0f81008,UPHOSPREF000235,Zonal Hospital Meerut,Single,PUBLIC,Medical College,1988,Uttar Pradesh,UP,Meerut,Meerut,Rohta,209325,26.135511,83.404416,DR. LAKHAN LAL,9556098171,hospital235@gov.up.in,JCI,PRE,,False,115,103,True,False,True,True,False,True,False,2026-02-27T15:58:10+05:30,2026-02-27T15:58:10+05:30
1ea8738a-f517-427e-8744-9c7bcab365f0,UPHOSPREF000236,Trauma Centre Hathras Block 7,Single,PUBLIC,Civil Hospital,1952,Uttar Pradesh,UP,Hathras,Aligarh,Hathras Block 7,201514,29.83867,84.09107,DR. RAKESH KUMAR,8079635127,hospital236@gov.up.in,,FULL,2026-05-30,False,37,25,True,False,True,True,False,True,True,2026-02-27T15:58:10+05:30,2026-02-27T15:58:10+05:30
3ad4306b-33ba-495a-be38-434868832ac7,UPHOSPREF000237,Urban Community Health Centre Patara,Single,PUBLIC,Civil Hospital,1989,Uttar Pradesh,UP,Kanpur Nagar,Kanpur,Patara,209905,29.274885,81.799001,DR. ROHIT KUMAR PANDEY,9649119128,hospital237@gov.up.in,NABL,,,False,397,369,True,False,True,True,False,True,False,2026-02-27T15:58:10+05:30,2026-02-27T15:58:10+05:30
0eddfa85-d109-42c8-8fb8-739048a7a330,UPHOSPREF000238,Community Health Centre Saharanpur Block 7,Single,PUBLIC,Civil Hospital,1987,Uttar Pradesh,UP,Saharanpur,Saharanpur,Saharanpur Block 7,229314,27.249019,83.948147,DR. SHYAM LAL,7004114008,hospital238@gov.up.in,JCI,FULL,,False,9,7,False,False,False,True,False,False,True,2026-02-27T15:58:10+05:30,2026-02-27T15:58:10+05:30
7f08db5a-758e-41ff-9702-28fa6d926ea2,UPHOSPREF000239,Women Hospital Lakhimpur Kheri,Single,PUBLIC,District Hospital,1957,Uttar Pradesh,UP,Lakhimpur Kheri,Lucknow,Lakhimpur Block 4,224518,28.580559,78.184955,DR. SUSHIL KUMAR,9562030968,hospital239@gov.up.in,JCI,,,False,185,165,True,True,True,True,True,True,True,2026-02-27T15:58:10+05:30,2026-02-27T15:58:10+05:30
27056224-0cc0-4751-97e8-82aa00a12121,UPHOSPREF000240,Sub-District Hospital Mau,Single,PUBLIC,PHC,1985,Uttar Pradesh,UP,Mau,Azamgarh,Mau Block 7,240660,30.326282,84.389347,DR. MANOJ KUMAR,7084138236,hospital240@gov.up.in,NABH,,2030-02-11,False,63,47,False,True,True,True,False,True,True,2026-02-27T15:58:10+05:30,2026-02-27T15:58:10+05:30
b5f97da6-b51c-4684-ae37-09d8fc8ac3a5,UPHOSPREF000241,Urban Community Health Centre Karachhana,Single,PUBLIC,District Hospital,1968,Uttar Pradesh,UP,Prayagraj,Prayagraj,Karachhana,278109,26.811346,78.718907,DR. LAKHAN LAL,7907078577,hospital241@gov.up.in,NABH,PRE,2026-11-24,False,258,205,True,True,True,True,False,True,True,2026-02-27T15:58:10+05:30,2026-02-27T15:58:10+05:30
ba6ac79b-a4da-4811-a342-a7749e9b06d5,UPHOSPREF000242,Primary Health Centre Bithri Chainpur,Single,PUBLIC,PHC,1982,Uttar Pradesh,UP,Bareilly,Bareilly,Bithri Chainpur,285530,27.564564,83.5512,DR. ANIL KUMAR,7025676982,hospital242@gov.up.in,JCI,,,False,382,357,True,True,True,True,True,True,True,2026-02-27T15:58:10+05:30,2026-02-27T15:58:10+05:30
37c2029e-65e3-4f0a-8c71-cb31a2f88e56,UPHOSPREF000243,District Hospital Amroha,Single,PUBLIC,CHC,1959,Uttar Pradesh,UP,Amroha,Moradabad,Amroha Block 8,221828,24.34535,84.416492,DR. RAMU KAKA,9732644290,hospital243@gov.up.in,,FULL,,False,90,70,True,True,True,True,False,True,True,2026-02-27T15:58:10+05:30,2026-02-27T15:58:10+05:30
24a8ccd5-ac48-4d76-b7d1-46ad5da7d5a2,UPHOSPREF000244,Community Health Centre Sardar Nagar,Single,PUBLIC,Medical College,1954,Uttar Pradesh,UP,Lucknow,Lucknow,Sardar Nagar,272422,29.054113,77.100144,DR. HARI OM NISHAD,9731199142,hospital244@gov.up.in,JCI,FULL,2026-11-24,False,229,179,True,False,True,True,False,True,True,2026-02-27T15:58:10+05:30,2026-02-27T15:58:10+05:30
9c7f91cf-ca53-474b-8fa4-fa52c1f46601,UPHOSPREF000245,Dr. Agarwal Multispeciality Hospital,Single,PRIVATE,NGO,2004,Uttar Pradesh,UP,Ghaziabad,Meerut,Dhaulana,238404,27.535378,81.949351,DR. SURESH KUMAR,7692212762,hospital245@pvt.up.in,NABL,PRE,,False,80,72,True,True,True,True,True,True,True,2026-02-27T15:58:10+05:30,2026-02-27T15:58:10+05:30
84cb3c64-3ecc-4541-b8e8-f057bdb261b5,UPHOSPREF000246,Zonal Hospital Gorakhpur,Single,PUBLIC,Medical College,1990,Uttar Pradesh,UP,Gorakhpur,Gorakhpur,Brahmpur,240898,25.803234,80.376803,DR. GUDDU KUMAR,9784082228,hospital246@gov.up.in,JCI,,,False,31,21,True,False,True,True,False,True,True,2026-02-27T15:58:10+05:30,2026-02-27T15:58:10+05:30
dd570872-afe8-481b-a77b-40b538abea65,UPHOSPREF000247,Zonal Hospital Mirzapur,Single,PUBLIC,Medical College,1974,Uttar Pradesh,UP,Mirzapur,Mirzapur,Mirzapur Block 1,287640,24.959052,84.04702,DR. HEMANT KUMAR BIND,7535969895,hospital247@gov.up.in,JCI,,2030-01-05,False,34,30,True,False,True,True,False,True,True,2026-02-27T15:58:10+05:30,2026-02-27T15:58:10+05:30
537c7ad0-ba00-4d6b-84f9-77004e5657af,UPHOSPREF000248,Dr. Singh Medical Centre,Single,PRIVATE,Private,2002,Uttar Pradesh,UP,Fatehpur,Prayagraj,Fatehpur Block 7,230536,23.52436,79.867851,DR. SHIV KUMAR SHUKLA,7794016286,hospital248@pvt.up.in,,FULL,2028-05-04,False,277,219,True,True,True,True,True,True,True,2026-02-27T15:58:10+05:30,2026-02-27T15:58:10+05:30
af0c2126-411f-4ebf-a509-5b165c8e064d,UPHOSPREF000249,Primary Health Centre Bahraich Block 6,Single,PUBLIC,Civil Hospital,1966,Uttar Pradesh,UP,Bahraich,Devipatan,Bahraich Block 6,209927,30.111182,77.795485,DR. RAJEEV KUMAR PANDEY,9602277674,hospital249@gov.up.in,NABL,,2028-02-28,False,74,69,True,True,True,True,False,True,True,2026-02-27T15:58:10+05:30,2026-02-27T15:58:10+05:30
ab9584e4-0dd5-4187-a760-7dfa89cb6e08,UPHOSPREF000250,Saraswati Orthopaedic Centre,Single,PRIVATE,NGO,2016,Uttar Pradesh,UP,Varanasi,Varanasi,Baragaon,285174,28.846204,81.101244,DR. NARESH KUMAR,9694215085,hospital250@pvt.up.in,NABL,FULL,2030-05-11,False,52,42,True,True,True,True,True,True,True,2026-02-27T15:58:10+05:30,2026-02-27T15:58:10+05:30
d9e9beab-32ba-47c7-b316-8c2019c2f0b6,UPHOSPREF000251,Dr. Sharma Eye Hospital,Single,PRIVATE,Private,2011,Uttar Pradesh,UP,Jaunpur,Varanasi,Jaunpur Block 7,248770,27.295271,82.269843,DR. SHYAM LAL,9423660668,hospital251@pvt.up.in,JCI,PRE,2029-10-30,False,146,129,False,False,True,True,False,True,True,2026-02-27T15:58:10+05:30,2026-02-27T15:58:10+05:30
0c26b695-3200-4bf1-a4ae-9b9d48b07d79,UPHOSPREF000252,Medical College Hospital Prayagraj,Single,PUBLIC,CHC,1985,Uttar Pradesh,UP,Prayagraj,Prayagraj,Holagarh,223996,23.705095,81.499072,DR. DEVENDRA KUMAR NISHAD,9595939293,hospital252@gov.up.in,NABH,PRE,2031-01-30,False,60,46,True,False,True,True,False,True,True,2026-02-27T15:58:10+05:30,2026-02-27T15:58:10+05:30
35d13594-7d71-4af5-b9a4-593c846ee525,UPHOSPREF000253,Medical College Hospital Meerut,Single,PUBLIC,CHC,1975,Uttar Pradesh,UP,Meerut,Meerut,Sherpur,260278,27.343889,81.28302,DR. RAVINDRA NATH JAISWAL,8065318104,hospital253@gov.up.in,NABL,,2027-10-12,False,67,61,True,True,True,True,True,True,True,2026-02-27T15:58:10+05:30,2026-02-27T15:58:10+05:30
dac7e629-3879-4271-8080-e2d19d7abe61,UPHOSPREF000254,Trauma Centre Mahoba Block 6,Single,PUBLIC,CHC,1984,Uttar Pradesh,UP,Mahoba,Chitrakoot,Mahoba Block 6,256971,27.048385,79.333365,DR. DEVENDRA KUMAR,9560909964,hospital254@gov.up.in,NABH,PRE,2030-08-11,False,9,8,False,False,False,True,False,False,False,2026-02-27T15:58:11+05:30,2026-02-27T15:58:11+05:30
b0f66a2c-793a-4064-8e9b-af17984a259f,UPHOSPREF000255,District Hospital Ayodhya,Single,PUBLIC,CHC,1971,Uttar Pradesh,UP,Ayodhya,Ayodhya,Ayodhya Block 4,231427,27.085231,80.706633,DR. ANIL KUMAR DUBEY,8190436769,hospital255@gov.up.in,NABH,FULL,,False,6,4,False,False,False,True,False,False,True,2026-02-27T15:58:11+05:30,2026-02-27T15:58:11+05:30
f797271d-dc74-4cfe-b2d4-6f8490b5a758,UPHOSPREF000256,Urban Community Health Centre Balrampur Block 2,Single,PUBLIC,Civil Hospital,1967,Uttar Pradesh,UP,Balrampur,Devipatan,Balrampur Block 2,267954,24.80494,80.867717,DR. DEEPAK KUMAR,9881571699,hospital256@gov.up.in,,,2029-02-27,False,273,216,True,True,True,True,True,True,True,2026-02-27T15:58:11+05:30,2026-02-27T15:58:11+05:30
d3bcd033-d541-46a7-b8ec-8b8160691de0,UPHOSPREF000257,Primary Health Centre Saharanpur Block 6,Single,PUBLIC,CHC,1979,Uttar Pradesh,UP,Saharanpur,Saharanpur,Saharanpur Block 6,290248,29.193584,77.546957,DR. DEVENDRA KUMAR,9416684157,hospital257@gov.up.in,,PRE,2029-05-24,False,21,16,True,False,False,True,False,True,False,2026-02-27T15:58:11+05:30,2026-02-27T15:58:11+05:30
b342c6dc-22fb-44bd-b333-9db0f6d69463,UPHOSPREF000258,Krishna Nursing Home,Single,PRIVATE,NGO,2001,Uttar Pradesh,UP,Gautam Buddha Nagar,Meerut,Gautam Block 5,257382,28.087939,81.444554,DR. MANOJ KUMAR LODHI,7986810158,hospital258@pvt.up.in,,PRE,2028-05-22,False,106,76,False,False,True,True,False,True,False,2026-02-27T15:58:11+05:30,2026-02-27T15:58:11+05:30
9643f308-b07f-45ab-8906-08a9e8b27e58,UPHOSPREF000259,Women Hospital Jalaun,Single,PUBLIC,District Hospital,1995,Uttar Pradesh,UP,Jalaun,Jhansi,Jalaun Block 8,240862,25.604377,83.309828,DR. ASHOK KUMAR,8002519823,hospital259@gov.up.in,NABH,PRE,2029-09-06,False,90,75,False,True,True,True,False,True,False,2026-02-27T15:58:11+05:30,2026-02-27T15:58:11+05:30
c40bea65-5718-446f-ac83-17c68116b849,UPHOSPREF000260,Dr. Mishra Surgical Centre,Single,PRIVATE,Private,1995,Uttar Pradesh,UP,Meerut,Meerut,Sherpur,265473,28.845367,82.870341,DR. JAGDISH PRASAD,7697423392,hospital260@pvt.up.in,,FULL,,False,171,135,True,True,True,True,True,True,True,2026-02-27T15:58:11+05:30,2026-02-27T15:58:11+05:30
0306bb9f-3644-4d8b-ab42-d532c54439c3,UPHOSPREF000261,Medical College Hospital Gorakhpur,Single,PUBLIC,Civil Hospital,1977,Uttar Pradesh,UP,Gorakhpur,Gorakhpur,Sahjanwa,278500,24.945432,77.191257,DR. NARESH KUMAR,9884880085,hospital261@gov.up.in,JCI,,,False,291,227,False,False,True,True,False,True,True,2026-02-27T15:58:11+05:30,2026-02-27T15:58:11+05:30
826bb3c7-e3a4-46d7-a157-b370dc2e7ec0,UPHOSPREF000262,Singh & Gupta Orthopaedic Centre,Single,PRIVATE,Private,2017,Uttar Pradesh,UP,Moradabad,Moradabad,Moradabad Block 8,209099,26.278107,79.748727,DR. VIRENDRA SINGH,9587269170,hospital262@pvt.up.in,JCI,PRE,,False,151,131,True,True,True,True,False,True,True,2026-02-27T15:58:11+05:30,2026-02-27T15:58:11+05:30
1ab89dc0-9656-4e5d-be4c-cb4af81cb6ca,UPHOSPREF000263,Tiwari & Tiwari Hospital & Research Centre,Single,PRIVATE,NGO,2013,Uttar Pradesh,UP,Kaushambi,Prayagraj,Kaushambi Block 1,200624,27.13013,78.559489,DR. RAJESH KUMAR JAISWAL,7744163292,hospital263@pvt.up.in,NABL,PRE,2029-10-18,False,219,207,True,True,True,True,False,True,True,2026-02-27T15:58:11+05:30,2026-02-27T15:58:11+05:30
95b396b3-a7b5-4ead-950a-344bb0e2e82d,UPHOSPREF000264,Dr. Mishra Orthopaedic Centre,Single,PRIVATE,Private,1997,Uttar Pradesh,UP,Sant Kabir Nagar,Basti,Sant Block 5,239738,29.838028,81.075229,DR. DEEPAK KUMAR,9676112679,hospital264@pvt.up.in,,FULL,,False,220,158,True,True,True,True,False,True,True,2026-02-27T15:58:11+05:30,2026-02-27T15:58:11+05:30
e82a7601-d470-48ca-9608-5019c046d880,UPHOSPREF000265,Women Hospital Hardoi,Single,PUBLIC,Civil Hospital,1968,Uttar Pradesh,UP,Hardoi,Lucknow,Hardoi Block 2,289070,27.589438,80.57941,DR. PRADEEP KUMAR CHAUHAN,7689399570,hospital265@gov.up.in,JCI,,2028-11-03,False,100,74,True,True,True,True,True,True,True,2026-02-27T15:58:11+05:30,2026-02-27T15:58:11+05:30
d2d71c15-213b-466d-89a0-cf8cd46262dd,UPHOSPREF000266,Primary Health Centre Rasulabad,Single,PUBLIC,Civil Hospital,1986,Uttar Pradesh,UP,Kanpur Nagar,Kanpur,Rasulabad,206304,30.066841,82.353362,DR. ROHIT KUMAR,8134612563,hospital266@gov.up.in,NABL,,2026-08-27,False,6,5,False,False,False,True,False,False,True,2026-02-27T15:58:11+05:30,2026-02-27T15:58:11+05:30
553815e9-2e4c-4548-b1aa-384955efe102,UPHOSPREF000267,Women Hospital Farrukhabad,Single,PUBLIC,CHC,1976,Uttar Pradesh,UP,Farrukhabad,Kanpur,Farrukhabad Block 8,239540,29.557528,80.689833,DR. VIVEK KUMAR,7697667695,hospital267@gov.up.in,,,,True,363,269,True,True,True,True,True,True,True,2026-02-27T15:58:11+05:30,2026-02-27T15:58:11+05:30
0fdb4a5d-7ce4-4089-8a48-4f60009d0228,UPHOSPREF000268,Durga Multispeciality Hospital,Single,PRIVATE,Private,2004,Uttar Pradesh,UP,Ghaziabad,Meerut,Muradnagar,295752,30.388725,78.952474,DR. NARESH KUMAR,7683462688,hospital268@pvt.up.in,NABH,FULL,2030-01-29,False,40,33,True,False,True,True,False,True,True,2026-02-27T15:58:11+05:30,2026-02-27T15:58:11+05:30
1d3a19ae-1cbb-4be6-9eb5-c7fb27c37f56,UPHOSPREF000269,Sub-District Hospital Agra,Single,PUBLIC,CHC,1978,Uttar Pradesh,UP,Agra,Agra,Etmadpur,218140,28.586216,82.706241,DR. VIRENDRA SINGH,9896317031,hospital269@gov.up.in,NABH,,,False,79,71,True,False,True,True,False,True,False,2026-02-27T15:58:11+05:30,2026-02-27T15:58:11+05:30
89922aea-4531-4d7a-bd0f-f69598d210d9,UPHOSPREF000270,Medical College Hospital Barabanki,Single,PUBLIC,District Hospital,1953,Uttar Pradesh,UP,Barabanki,Ayodhya,Barabanki Block 5,271808,27.427316,83.014047,DR. DEEPAK KUMAR KURMI,7659756740,hospital270@gov.up.in,NABH,PRE,,False,275,245,True,True,True,True,False,True,True,2026-02-27T15:58:11+05:30,2026-02-27T15:58:11+05:30
e2e727d4-9d94-4289-b802-c49ccd07eacf,UPHOSPREF000271,Sub-District Hospital Azamgarh,Single,PUBLIC,PHC,1985,Uttar Pradesh,UP,Azamgarh,Azamgarh,Paliya,214180,29.808405,81.630589,DR. VIVEK KUMAR PATEL,7977411882,hospital271@gov.up.in,NABH,FULL,2028-01-10,False,123,87,True,True,True,True,True,True,True,2026-02-27T15:58:11+05:30,2026-02-27T15:58:11+05:30
eae81fbf-5d63-4f6c-8ac7-e57c3756f6ea,UPHOSPREF000272,District Hospital Fatehpur,Single,PUBLIC,Civil Hospital,1968,Uttar Pradesh,UP,Fatehpur,Prayagraj,Fatehpur Block 6,234454,29.54529,81.401199,DR. RAVI SHANKAR,9601155545,hospital272@gov.up.in,NABH,,,False,57,40,True,True,True,True,False,True,False,2026-02-27T15:58:11+05:30,2026-02-27T15:58:11+05:30
c5111042-5405-4a6a-8a2e-af7fdcba722a,UPHOSPREF000273,Urban Community Health Centre Modinagar,Single,PUBLIC,CHC,1994,Uttar Pradesh,UP,Ghaziabad,Meerut,Modinagar,287146,27.07566,80.874784,DR. MANOJ KUMAR TIWARI,8113395111,hospital273@gov.up.in,,FULL,2026-11-12,False,86,73,True,True,True,True,True,True,False,2026-02-27T15:58:11+05:30,2026-02-27T15:58:11+05:30
d2bff3da-843f-4478-8e9f-63581ac43517,UPHOSPREF000274,Dr. Singh Surgical Centre,Single,PRIVATE,Trust,2019,Uttar Pradesh,UP,Siddharthnagar,Basti,Siddharthnagar Block 8,230618,29.122673,77.243134,DR. PRADEEP KUMAR SINGH,9809795569,hospital274@pvt.up.in,JCI,,,False,170,139,True,True,True,True,False,True,True,2026-02-27T15:58:11+05:30,2026-02-27T15:58:11+05:30
b021220d-d23d-482d-a75c-997064c3ae1a,UPHOSPREF000275,Combined Hospital Hardoi,Single,PUBLIC,PHC,1978,Uttar Pradesh,UP,Hardoi,Lucknow,Hardoi Block 1,203315,26.324095,83.978899,DR. AMIT KUMAR,7777894831,hospital275@gov.up.in,,PRE,,False,154,110,True,True,True,True,False,True,False,2026-02-27T15:58:11+05:30,2026-02-27T15:58:11+05:30
e57023f4-4ae9-4610-8988-ef0aea4418a9,UPHOSPREF000276,Urban Community Health Centre Bara,Single,PUBLIC,Civil Hospital,1961,Uttar Pradesh,UP,Prayagraj,Prayagraj,Bara,273806,25.776184,80.083282,DR. JAGDISH PRASAD PATEL,7898897703,hospital276@gov.up.in,JCI,FULL,,False,20,16,False,False,False,True,False,True,True,2026-02-27T15:58:11+05:30,2026-02-27T15:58:11+05:30
2562603a-f641-494b-9a83-8ed4199c35c2,UPHOSPREF000277,Dr. Singh Medical Centre,Single,PRIVATE,Trust,2021,Uttar Pradesh,UP,Siddharthnagar,Basti,Siddharthnagar Block 2,272588,30.233859,81.113172,DR. DEEPAK KUMAR,9716510766,hospital277@pvt.up.in,,PRE,2027-07-20,False,31,29,True,False,True,True,False,True,True,2026-02-27T15:58:11+05:30,2026-02-27T15:58:11+05:30
490159cc-18a1-478d-932a-8aca001b6a7e,UPHOSPREF000278,Combined Hospital Jaunpur,Single,PUBLIC,District Hospital,1962,Uttar Pradesh,UP,Jaunpur,Varanasi,Jaunpur Block 7,231975,28.523805,80.589936,DR. ARVIND KUMAR,9739809048,hospital278@gov.up.in,NABL,PRE,2026-08-10,False,48,36,True,False,True,True,False,True,True,2026-02-27T15:58:11+05:30,2026-02-27T15:58:11+05:30
44958a58-81df-434f-96f0-be6dfd69bf93,UPHOSPREF000279,Dr. Mishra Medical Centre,Single,PRIVATE,NGO,2021,Uttar Pradesh,UP,Kanpur Dehat,Kanpur,Kanpur Block 5,268547,27.34552,78.204647,DR. PRADEEP KUMAR,7501069483,hospital279@pvt.up.in,JCI,FULL,,False,146,126,True,True,True,True,True,True,False,2026-02-27T15:58:11+05:30,2026-02-27T15:58:11+05:30
757a18c5-44c9-452a-9bcd-3e80d3a727c3,UPHOSPREF000280,Primary Health Centre Kannauj Block 8,Single,PUBLIC,District Hospital,1958,Uttar Pradesh,UP,Kannauj,Kanpur,Kannauj Block 8,249406,27.037672,82.059695,DR. HEMANT KUMAR,7686542696,hospital280@gov.up.in,,PRE,2027-05-19,False,43,39,True,False,True,True,False,True,True,2026-02-27T15:58:11+05:30,2026-02-27T15:58:11+05:30
ac3fb7ca-4212-4d8d-b52b-57c23a2b041d,UPHOSPREF000281,Urban Community Health Centre Saharanpur Block 2,Single,PUBLIC,CHC,1961,Uttar Pradesh,UP,Saharanpur,Saharanpur,Saharanpur Block 2,278705,26.036609,83.305005,DR. BRIJESH KUMAR,9670099534,hospital281@gov.up.in,JCI,FULL,,False,163,133,True,False,True,True,False,True,True,2026-02-27T15:58:11+05:30,2026-02-27T15:58:11+05:30
4cafab4d-d68d-491e-8179-1cbedb8d964f,UPHOSPREF000282,Singh & Verma Maternity & General Hospital,Single,PRIVATE,Private,2000,Uttar Pradesh,UP,Gorakhpur,Gorakhpur,Brahmpur,240604,29.702669,81.936096,DR. SANJAY KUMAR,8078742930,hospital282@pvt.up.in,NABL,FULL,,False,217,169,True,True,True,True,True,True,True,2026-02-27T15:58:11+05:30,2026-02-27T15:58:11+05:30
b1a01709-3640-4987-952c-c1da803e56e5,UPHOSPREF000283,Medical College Hospital Shahjahanpur,Single,PUBLIC,District Hospital,1989,Uttar Pradesh,UP,Shahjahanpur,Bareilly,Shahjahanpur Block 2,238969,30.355677,79.535465,DR. RAJEEV KUMAR,9491108189,hospital283@gov.up.in,JCI,,,False,8,5,False,False,False,True,False,False,True,2026-02-27T15:58:11+05:30,2026-02-27T15:58:11+05:30
517ea751-83de-4af4-89b3-bd52b1e8eee5,UPHOSPREF000284,Dr. Srivastava Orthopaedic Centre,Single,PRIVATE,NGO,2001,Uttar Pradesh,UP,Jhansi,Jhansi,Gursarai,222352,23.878697,77.636825,DR. RAJEEV KUMAR,7511221572,hospital284@pvt.up.in,JCI,,,False,155,131,True,True,True,True,True,True,True,2026-02-27T15:58:11+05:30,2026-02-27T15:58:11+05:30
3fd1b318-260c-4c2b-969f-25f3f2b164a8,UPHOSPREF000285,Dr. Tiwari Surgical Centre,Single,PRIVATE,NGO,1991,Uttar Pradesh,UP,Ayodhya,Ayodhya,Ayodhya Block 4,256382,26.053857,79.560469,DR. VIRENDRA SINGH,7804521482,hospital285@pvt.up.in,JCI,,,False,46,42,False,False,True,True,False,True,False,2026-02-27T15:58:11+05:30,2026-02-27T15:58:11+05:30
350580da-c699-43df-b0d1-5da92941d91b,UPHOSPREF000286,Primary Health Centre Jaunpur Block 1,Single,PUBLIC,PHC,1959,Uttar Pradesh,UP,Jaunpur,Varanasi,Jaunpur Block 1,240022,28.22433,77.830411,DR. RAJEEV KUMAR,9851338766,hospital286@gov.up.in,JCI,,2029-09-11,False,109,84,True,True,True,True,False,True,True,2026-02-27T15:58:11+05:30,2026-02-27T15:58:11+05:30
fec07a51-028c-45a9-b37a-8c97290377c6,UPHOSPREF000287,Shakti Children Hospital,Single,PRIVATE,NGO,2000,Uttar Pradesh,UP,Bulandshahr,Meerut,Bulandshahr Block 6,290171,26.196085,78.843641,DR. DINESH KUMAR,7645338435,hospital287@pvt.up.in,NABH,FULL,,False,211,195,True,True,True,True,False,True,False,2026-02-27T15:58:11+05:30,2026-02-27T15:58:11+05:30
03be9c3b-f7fd-436a-9425-c2bde0dbbb71,UPHOSPREF000288,Dr. Tiwari Maternity & General Hospital,Single,PRIVATE,NGO,2010,Uttar Pradesh,UP,Kasganj,Aligarh,Kasganj Block 1,295946,27.976109,80.036713,DR. JAGDISH PRASAD,7739111372,hospital288@pvt.up.in,NABL,,,False,145,102,True,True,True,True,True,True,True,2026-02-27T15:58:11+05:30,2026-02-27T15:58:11+05:30
2163c87a-f07b-4c48-9cc1-9dda5357ecb8,UPHOSPREF000289,Urban Community Health Centre Harhua,Single,PUBLIC,Civil Hospital,1951,Uttar Pradesh,UP,Varanasi,Varanasi,Harhua,221269,26.75274,82.834514,DR. RAJESH KUMAR CHAUHAN,9630078291,hospital289@gov.up.in,,,2030-03-14,False,377,357,True,True,True,True,False,True,True,2026-02-27T15:58:11+05:30,2026-02-27T15:58:11+05:30
713533b3-d576-4b3c-9300-8c3985baf538,UPHOSPREF000290,Combined Hospital Raebareli,Single,PUBLIC,Medical College,1981,Uttar Pradesh,UP,Raebareli,Lucknow,Raebareli Block 4,223035,25.565912,80.8776,DR. RAJEEV KUMAR KORI,7864326987,hospital290@gov.up.in,,,2029-04-12,False,93,85,True,True,True,True,True,True,False,2026-02-27T15:58:11+05:30,2026-02-27T15:58:11+05:30
9c903e15-2d9a-42da-aaeb-26fe91b012f4,UPHOSPREF000291,Mishra & Pandey Maternity & General Hospital,Single,PRIVATE,Trust,2010,Uttar Pradesh,UP,Ballia,Azamgarh,Ballia Block 3,222594,23.548815,82.480863,DR. HEMANT KUMAR SHARMA,9558466081,hospital291@pvt.up.in,NABH,,,False,173,149,True,True,True,True,True,True,True,2026-02-27T15:58:11+05:30,2026-02-27T15:58:11+05:30
82345f0d-f2e9-41d8-bfea-e76efbcffc72,UPHOSPREF000292,Medical College Hospital Fatehpur,Single,PUBLIC,District Hospital,1957,Uttar Pradesh,UP,Fatehpur,Prayagraj,Fatehpur Block 3,230850,28.137703,79.344884,DR. RAJU YADAV,9471738270,hospital292@gov.up.in,NABH,,,False,21,18,True,False,False,True,False,True,True,2026-02-27T15:58:11+05:30,2026-02-27T15:58:11+05:30
84f42872-598e-431d-bf84-f1bbca673743,UPHOSPREF000293,Dr. Agarwal Eye Hospital,Single,PRIVATE,Private,2004,Uttar Pradesh,UP,Raebareli,Lucknow,Raebareli Block 8,288377,25.031812,81.504265,DR. SUSHIL KUMAR,7567411533,hospital293@pvt.up.in,NABL,,2027-03-24,False,109,93,True,True,True,True,True,True,False,2026-02-27T15:58:11+05:30,2026-02-27T15:58:11+05:30
b3e4b426-63a9-4591-bc44-6dcb2cec9cbe,UPHOSPREF000294,Saraswati Eye Hospital,Single,PRIVATE,Trust,2005,Uttar Pradesh,UP,Mainpuri,Agra,Mainpuri Block 2,231494,26.670641,80.498628,DR. ASHOK KUMAR JAISWAL,7842821465,hospital294@pvt.up.in,NABL,,,False,129,93,True,False,True,True,False,True,True,2026-02-27T15:58:11+05:30,2026-02-27T15:58:11+05:30
fe09c7d2-0b32-4b08-80c5-59cb53c94db4,UPHOSPREF000295,Laxmi Children Hospital,Single,PRIVATE,Trust,2003,Uttar Pradesh,UP,Gorakhpur,Gorakhpur,Jungle Kaudiram,287812,24.768429,80.307175,DR. VIRENDRA SINGH,7099627819,hospital295@pvt.up.in,,FULL,,True,58,47,True,True,True,True,True,True,True,2026-02-27T15:58:11+05:30,2026-02-27T15:58:11+05:30
d7fdc7a5-25a5-4b3e-9830-2b9930184562,UPHOSPREF000296,District Hospital Maharajganj,Single,PUBLIC,Medical College,1994,Uttar Pradesh,UP,Maharajganj,Gorakhpur,Maharajganj Block 8,252704,26.740303,82.899553,DR. ROHIT KUMAR KURMI,9718931692,hospital296@gov.up.in,NABL,,,False,135,94,True,True,True,True,False,True,True,2026-02-27T15:58:11+05:30,2026-02-27T15:58:11+05:30
de51e0c8-f3d3-4f61-8c9b-8d2b772b9418,UPHOSPREF000297,Hanuman Maternity & General Hospital,Single,PRIVATE,Private,2011,Uttar Pradesh,UP,Gorakhpur,Gorakhpur,Bansgaon,206256,25.033197,79.966148,DR. SHYAM LAL,9693329858,hospital297@pvt.up.in,,FULL,,False,162,123,True,True,True,True,True,True,False,2026-02-27T15:58:11+05:30,2026-02-27T15:58:11+05:30
1f307dd4-cc5b-4781-8eeb-cd6fec447118,UPHOSPREF000298,Dr. Gupta Surgical Centre,Single,PRIVATE,NGO,2006,Uttar Pradesh,UP,Lalitpur,Jhansi,Lalitpur Block 5,280546,29.392331,77.98017,DR. AMIT KUMAR,7946152241,hospital298@pvt.up.in,NABL,PRE,,False,32,25,True,False,True,True,False,True,True,2026-02-27T15:58:11+05:30,2026-02-27T15:58:11+05:30
0de021a9-c3da-4762-ad65-5d7a0bfa64ce,UPHOSPREF000299,District Hospital Gorakhpur,Single,PUBLIC,Medical College,1960,Uttar Pradesh,UP,Gorakhpur,Gorakhpur,Pipraich,240223,28.469244,77.787054,DR. HEMANT KUMAR,7617260036,hospital299@gov.up.in,JCI,,,False,163,149,True,True,True,True,False,True,True,2026-02-27T15:58:11+05:30,2026-02-27T15:58:11+05:30
fbbde75b-b012-4dbd-a60d-fb85f78424ac,UPHOSPREF000300,Ganesh Children Hospital,Single,PRIVATE,Private,2001,Uttar Pradesh,UP,Agra,Agra,Achhnera,246878,26.806992,78.242245,DR. SURESH KUMAR KURMI,7515930824,hospital300@pvt.up.in,JCI,,2028-03-29,False,183,145,True,True,True,True,False,True,False,2026-02-27T15:58:11+05:30,2026-02-27T15:58:11+05:30
c6aebe6b-8bd1-4d2b-874b-06938d9e3c05,UPHOSPREF000301,Primary Health Centre Lakhimpur Block 8,Single,PUBLIC,CHC,1965,Uttar Pradesh,UP,Lakhimpur Kheri,Lucknow,Lakhimpur Block 8,277098,24.085685,83.330879,DR. ROHIT KUMAR,9898827606,hospital301@gov.up.in,NABH,PRE,,False,217,195,True,True,True,True,False,True,False,2026-02-27T15:58:11+05:30,2026-02-27T15:58:11+05:30
7a927937-2e3a-4b83-b6c8-223e527f674b,UPHOSPREF000302,Sub-District Hospital Azamgarh,Single,PUBLIC,Civil Hospital,1992,Uttar Pradesh,UP,Azamgarh,Azamgarh,Paliya,293858,24.026727,80.289876,DR. ANIL KUMAR,7519769847,hospital302@gov.up.in,,,2029-06-23,False,39,29,True,False,True,True,False,True,True,2026-02-27T15:58:11+05:30,2026-02-27T15:58:11+05:30
119361e7-e632-4df7-9ac3-ab6e0e2f03fb,UPHOSPREF000303,Community Health Centre Farrukhabad Block 2,Single,PUBLIC,CHC,1977,Uttar Pradesh,UP,Farrukhabad,Kanpur,Farrukhabad Block 2,233107,27.931379,84.035851,DR. ARVIND KUMAR MAURYA,7747103708,hospital303@gov.up.in,,,,False,31,25,True,False,True,True,False,True,True,2026-02-27T15:58:11+05:30,2026-02-27T15:58:11+05:30
6bfad725-0cbe-4dce-a4ba-1a5e76b17847,UPHOSPREF000304,Hanuman Maternity & General Hospital,Single,PRIVATE,Private,1990,Uttar Pradesh,UP,Aligarh,Aligarh,Jawan,290457,24.079687,78.887447,DR. DEVENDRA KUMAR,7541702593,hospital304@pvt.up.in,,,,False,201,167,True,True,True,True,False,True,True,2026-02-27T15:58:11+05:30,2026-02-27T15:58:11+05:30
6639e037-a748-4725-bb30-49cf6b203f7f,UPHOSPREF000305,Trauma Centre Unnao Block 2,Single,PUBLIC,Medical College,1984,Uttar Pradesh,UP,Unnao,Lucknow,Unnao Block 2,259581,27.226532,80.35023,DR. RAVI SHANKAR KURMI,9515611179,hospital305@gov.up.in,JCI,FULL,,False,40,36,True,False,True,True,False,True,True,2026-02-27T15:58:11+05:30,2026-02-27T15:58:11+05:30
d4cb1481-3164-483d-a44c-3a3615279ba9,UPHOSPREF000306,District Hospital Deoria,Single,PUBLIC,Civil Hospital,1960,Uttar Pradesh,UP,Deoria,Gorakhpur,Deoria Block 3,237896,24.353024,82.539186,DR. DINESH KUMAR,7819850842,hospital306@gov.up.in,NABH,,2027-08-14,False,9,6,False,False,False,True,False,False,True,2026-02-27T15:58:11+05:30,2026-02-27T15:58:11+05:30
287abca3-cb37-4a2d-b0a9-3e65dad648d1,UPHOSPREF000307,Community Health Centre Fatehganj Pashchimi,Single,PUBLIC,PHC,1975,Uttar Pradesh,UP,Bareilly,Bareilly,Fatehganj Pashchimi,237356,28.135901,80.406249,DR. AMIT KUMAR,9636064477,hospital307@gov.up.in,JCI,,,False,88,69,True,False,True,True,False,True,True,2026-02-27T15:58:11+05:30,2026-02-27T15:58:11+05:30
8345028d-6c75-4624-88bb-a8d7ab3a3ca9,UPHOSPREF000308,Pandey & Singh Multispeciality Hospital,Single,PRIVATE,Private,1998,Uttar Pradesh,UP,Ballia,Azamgarh,Ballia Block 5,272724,28.01243,82.67921,DR. RAM PRASAD,7951900548,hospital308@pvt.up.in,JCI,PRE,,False,297,248,False,True,True,True,True,True,False,2026-02-27T15:58:11+05:30,2026-02-27T15:58:11+05:30
e24d5ad6-2142-4a27-bc3d-00125d1e48ec,UPHOSPREF000309,Primary Health Centre Rampur Block 7,Single,PUBLIC,CHC,1981,Uttar Pradesh,UP,Rampur,Moradabad,Rampur Block 7,290027,28.42869,83.902269,DR. PAPPU YADAV,9899072648,hospital309@gov.up.in,NABL,,,False,313,296,True,True,True,True,False,True,True,2026-02-27T15:58:11+05:30,2026-02-27T15:58:11+05:30
b8b55aa3-e51d-438e-9b98-3b339022d4c5,UPHOSPREF000310,Community Health Centre Sonbhadra Block 4,Single,PUBLIC,CHC,1961,Uttar Pradesh,UP,Sonbhadra,Mirzapur,Sonbhadra Block 4,286322,30.147714,82.957295,DR. ROHIT KUMAR,7825439177,hospital310@gov.up.in,,FULL,,False,82,68,True,True,True,True,True,True,False,2026-02-27T15:58:11+05:30,2026-02-27T15:58:11+05:30
af3e2e11-0e2b-4ac1-9b75-85208d8dfdf7,UPHOSPREF000311,Sharma & Srivastava Cancer Institute,Single,PRIVATE,NGO,1996,Uttar Pradesh,UP,Maharajganj,Gorakhpur,Maharajganj Block 4,223382,30.001753,80.253977,DR. MUKESH KUMAR,7544752083,hospital311@pvt.up.in,NABL,,2029-06-26,False,18,13,False,False,False,True,False,True,True,2026-02-27T15:58:11+05:30,2026-02-27T15:58:11+05:30
b448b89d-9327-4b70-8cc9-4b69718ed796,UPHOSPREF000312,Durga Medical Centre,Single,PRIVATE,Private,2019,Uttar Pradesh,UP,Maharajganj,Gorakhpur,Maharajganj Block 3,236729,29.683361,78.474176,DR. RAM PRASAD,8108289790,hospital312@pvt.up.in,NABL,PRE,,False,64,47,True,True,True,True,True,True,False,2026-02-27T15:58:11+05:30,2026-02-27T15:58:11+05:30
6ad78f1a-23fa-4203-9a84-c928c1485082,UPHOSPREF000313,District Hospital Banda,Single,PUBLIC,PHC,1978,Uttar Pradesh,UP,Banda,Chitrakoot,Banda Block 4,243165,29.816451,78.037785,DR. SHIV KUMAR,8057261182,hospital313@gov.up.in,,,,False,57,40,True,True,True,True,True,True,True,2026-02-27T15:58:11+05:30,2026-02-27T15:58:11+05:30
b3f0d5b8-7cbf-4f4b-9b6d-9da5394e906a,UPHOSPREF000314,Trauma Centre Rampur Block 1,Single,PUBLIC,CHC,1955,Uttar Pradesh,UP,Rampur,Moradabad,Rampur Block 1,231700,29.357228,82.205048,DR. ARVIND KUMAR,9741513792,hospital314@gov.up.in,JCI,,,False,14,11,False,False,False,True,False,True,True,2026-02-27T15:58:11+05:30,2026-02-27T15:58:11+05:30
10ad2351-17b6-4ec7-851c-8aefcc63cff4,UPHOSPREF000315,Dr. Pandey Cancer Institute,Single,PRIVATE,Private,2020,Uttar Pradesh,UP,Ghazipur,Varanasi,Ghazipur Block 5,269918,27.483792,82.608977,DR. SUSHIL KUMAR,8148379849,hospital315@pvt.up.in,NABL,,,False,53,47,True,True,True,True,True,True,True,2026-02-27T15:58:11+05:30,2026-02-27T15:58:11+05:30
8e583d2a-f0cd-467c-a271-e2a1da253f79,UPHOSPREF000316,Community Health Centre Maharajpur,Single,PUBLIC,Civil Hospital,1990,Uttar Pradesh,UP,Kanpur Nagar,Kanpur,Maharajpur,284686,30.207232,80.895945,DR. ROHIT KUMAR,7644054001,hospital316@gov.up.in,JCI,PRE,2029-04-07,False,29,21,True,False,False,True,False,True,True,2026-02-27T15:58:11+05:30,2026-02-27T15:58:11+05:30
107d3b43-95ab-496f-a5f6-10a00c4b91cf,UPHOSPREF000317,Laxmi Heart Institute,Single,PRIVATE,Trust,2016,Uttar Pradesh,UP,Chitrakoot,Chitrakoot,Chitrakoot Block 5,211859,28.899082,81.60055,DR. RAKESH KUMAR,9545648087,hospital317@pvt.up.in,,FULL,,False,215,182,True,True,True,True,True,True,True,2026-02-27T15:58:11+05:30,2026-02-27T15:58:11+05:30
e6fb5ad5-e539-4dc8-922a-bd33a4f5b4d7,UPHOSPREF000318,Dr. Sharma Eye Hospital,Single,PRIVATE,Trust,1999,Uttar Pradesh,UP,Mirzapur,Mirzapur,Mirzapur Block 3,219593,27.138124,82.838756,DR. SHYAM LAL,7868210317,hospital318@pvt.up.in,NABL,,,False,290,246,True,True,True,True,True,True,False,2026-02-27T15:58:11+05:30,2026-02-27T15:58:11+05:30
a8db82fc-56d1-46d0-85f7-cf3dd3758fcf,UPHOSPREF000319,Trauma Centre Farrukhabad Block 7,Single,PUBLIC,Civil Hospital,1964,Uttar Pradesh,UP,Farrukhabad,Kanpur,Farrukhabad Block 7,203817,23.930134,82.711548,DR. ROHIT KUMAR JAISWAL,7516102160,hospital319@gov.up.in,NABL,PRE,,False,6,5,False,False,False,True,False,False,True,2026-02-27T15:58:11+05:30,2026-02-27T15:58:11+05:30
4143e59c-9ec0-45f0-b887-43b6c113a9fb,UPHOSPREF000320,Women Hospital Meerut,Single,PUBLIC,Civil Hospital,1981,Uttar Pradesh,UP,Meerut,Meerut,Kharkhoda,236494,26.61851,81.257277,DR. SUSHIL KUMAR,9834493406,hospital320@gov.up.in,JCI,FULL,2029-07-03,False,51,38,False,True,True,True,False,True,False,2026-02-27T15:58:11+05:30,2026-02-27T15:58:11+05:30
d34c3cb2-a27e-4a44-ba5d-6a9766e552a2,UPHOSPREF000321,Primary Health Centre Bulandshahr Block 8,Single,PUBLIC,Civil Hospital,1968,Uttar Pradesh,UP,Bulandshahr,Meerut,Bulandshahr Block 8,202098,27.155119,78.702904,DR. RAJU YADAV,8122439685,hospital321@gov.up.in,,PRE,2030-02-11,False,148,121,False,False,True,True,False,True,True,2026-02-27T15:58:11+05:30,2026-02-27T15:58:11+05:30
4585aeb1-aa08-4fc2-b668-a63af19a4352,UPHOSPREF000322,Trauma Centre Kushinagar Block 2,Single,PUBLIC,Civil Hospital,1973,Uttar Pradesh,UP,Kushinagar,Gorakhpur,Kushinagar Block 2,290025,29.410711,77.337424,DR. RAVI SHANKAR KORI,7027056830,hospital322@gov.up.in,JCI,,2028-05-06,True,96,75,False,False,True,True,False,True,True,2026-02-27T15:58:11+05:30,2026-02-27T15:58:11+05:30
83a82ea2-ddf3-446f-97d1-169c91344581,UPHOSPREF000323,Sub-District Hospital Kushinagar,Single,PUBLIC,CHC,1965,Uttar Pradesh,UP,Kushinagar,Gorakhpur,Kushinagar Block 8,228455,28.750588,81.422537,DR. HEMANT KUMAR,9610496024,hospital323@gov.up.in,NABH,FULL,,False,9,7,False,False,False,True,False,False,True,2026-02-27T15:58:11+05:30,2026-02-27T15:58:11+05:30
83f6174d-9cdf-45b3-88d5-8c5740134a55,UPHOSPREF000324,Urban Community Health Centre Unnao Block 4,Single,PUBLIC,District Hospital,1980,Uttar Pradesh,UP,Unnao,Lucknow,Unnao Block 4,285541,28.034522,81.392577,DR. ASHOK KUMAR,9677059382,hospital324@gov.up.in,NABH,,2026-11-01,False,20,18,False,False,False,True,False,True,False,2026-02-27T15:58:11+05:30,2026-02-27T15:58:11+05:30
c5820563-50a7-491f-bdc3-2e3a004be3ce,UPHOSPREF000325,Laxmi Multispeciality Hospital,Single,PRIVATE,Private,2009,Uttar Pradesh,UP,Kaushambi,Prayagraj,Kaushambi Block 1,222239,28.546891,83.717353,DR. SANJAY KUMAR,9723180592,hospital325@pvt.up.in,NABL,PRE,,False,194,156,True,False,True,True,False,True,True,2026-02-27T15:58:11+05:30,2026-02-27T15:58:11+05:30
cf198bb3-d46b-402e-8910-3ea05aadd0ae,UPHOSPREF000326,District Hospital Saharanpur,Single,PUBLIC,Civil Hospital,1956,Uttar Pradesh,UP,Saharanpur,Saharanpur,Saharanpur Block 8,248207,25.149966,83.602405,DR. AMIT KUMAR LODHI,7952544436,hospital326@gov.up.in,NABL,,2030-08-26,False,78,73,True,True,True,True,False,True,False,2026-02-27T15:58:11+05:30,2026-02-27T15:58:11+05:30
d50218e3-0d98-43ec-ad90-60b47e6ab1f2,UPHOSPREF000327,Combined Hospital Ayodhya,Single,PUBLIC,PHC,1969,Uttar Pradesh,UP,Ayodhya,Ayodhya,Ayodhya Block 4,260787,25.799728,83.445862,DR. DEVENDRA KUMAR,9458456405,hospital327@gov.up.in,,PRE,2030-04-25,False,82,68,False,True,True,True,False,True,True,2026-02-27T15:58:11+05:30,2026-02-27T15:58:11+05:30
c9b87b18-225b-4650-ac6c-cc3385e34dd9,UPHOSPREF000328,Shiv Children Hospital,Single,PRIVATE,Trust,2020,Uttar Pradesh,UP,Pilibhit,Bareilly,Pilibhit Block 4,208700,24.860736,81.874388,DR. SANTOSH KUMAR,7510169682,hospital328@pvt.up.in,NABL,PRE,,False,79,56,True,True,True,True,True,True,True,2026-02-27T15:58:11+05:30,2026-02-27T15:58:11+05:30
14ff8c7b-49f6-46e3-968b-b65dc4611a8a,UPHOSPREF000329,Dr. Agarwal Cancer Institute,Single,PRIVATE,Trust,1994,Uttar Pradesh,UP,Hardoi,Lucknow,Hardoi Block 2,298998,29.022224,81.035155,DR. JAGDISH PRASAD RAJBHAR,9628127691,hospital329@pvt.up.in,NABH,,,False,11,10,False,False,False,True,False,True,False,2026-02-27T15:58:11+05:30,2026-02-27T15:58:11+05:30
c5ee5276-bc55-4773-832e-8edd326a222e,UPHOSPREF000330,Durga Children Hospital,Single,PRIVATE,Trust,2010,Uttar Pradesh,UP,Kanpur Nagar,Kanpur,Bhitargaon,289349,28.443541,80.60152,DR. RAKESH KUMAR KURMI,7756433161,hospital330@pvt.up.in,JCI,,,False,225,175,True,False,True,True,False,True,True,2026-02-27T15:58:11+05:30,2026-02-27T15:58:11+05:30
7467bc17-19a1-4697-9bac-69f4cdaacecc,UPHOSPREF000331,Trauma Centre Bahria,Single,PUBLIC,District Hospital,1970,Uttar Pradesh,UP,Prayagraj,Prayagraj,Bahria,292809,27.318468,77.522881,DR. HEMANT KUMAR,9589507436,hospital331@gov.up.in,JCI,FULL,2029-06-28,False,146,125,True,True,True,True,True,True,False,2026-02-27T15:58:11+05:30,2026-02-27T15:58:11+05:30
bd53f1b8-cdc2-4c5c-b0b0-1c4a6053b1a2,UPHOSPREF000332,Community Health Centre Richha,Single,PUBLIC,Medical College,1964,Uttar Pradesh,UP,Bareilly,Bareilly,Richha,267249,29.035038,80.241846,DR. DEVENDRA KUMAR,9712495373,hospital332@gov.up.in,NABL,PRE,2026-10-22,False,184,155,True,True,True,True,True,True,True,2026-02-27T15:58:11+05:30,2026-02-27T15:58:11+05:30
d2c0024b-8d5d-42f5-8962-735f8b5cd2d2,UPHOSPREF000333,Trauma Centre Etah Block 6,Single,PUBLIC,Medical College,1966,Uttar Pradesh,UP,Etah,Aligarh,Etah Block 6,234984,24.936604,80.102167,DR. SURESH KUMAR,7738119522,hospital333@gov.up.in,JCI,PRE,,False,135,109,True,True,True,True,False,True,True,2026-02-27T15:58:11+05:30,2026-02-27T15:58:11+05:30
e8755832-86e6-4f2d-b6c4-1e2fd51b1c82,UPHOSPREF000334,Urban Community Health Centre Sitapur Block 4,Single,PUBLIC,District Hospital,1977,Uttar Pradesh,UP,Sitapur,Lucknow,Sitapur Block 4,204138,23.795977,82.33522,DR. HARI OM,7789733963,hospital334@gov.up.in,JCI,PRE,,False,34,26,False,False,True,True,False,True,True,2026-02-27T15:58:11+05:30,2026-02-27T15:58:11+05:30
bb0a7d40-20e3-4708-90b2-8aabedb89e89,UPHOSPREF000335,Trauma Centre Sant Block 7,Single,PUBLIC,Medical College,1981,Uttar Pradesh,UP,Sant Kabir Nagar,Basti,Sant Block 7,277588,23.663116,78.386062,DR. ROHIT KUMAR VERMA,7803441650,hospital335@gov.up.in,,PRE,2030-12-24,False,20,18,False,False,False,True,False,True,True,2026-02-27T15:58:11+05:30,2026-02-27T15:58:11+05:30
b5ceb52e-22a6-446d-87b6-a559b29cee58,UPHOSPREF000336,Zonal Hospital Meerut,Single,PUBLIC,Medical College,1953,Uttar Pradesh,UP,Meerut,Meerut,Inchauli,209028,25.817713,82.1453,DR. SANJAY KUMAR,9709931281,hospital336@gov.up.in,,,,False,183,163,True,False,True,True,False,True,True,2026-02-27T15:58:11+05:30,2026-02-27T15:58:11+05:30
c0b5db27-f015-4edd-b6d6-a557e0529d37,UPHOSPREF000337,Community Health Centre Hapur Block 6,Single,PUBLIC,Medical College,1995,Uttar Pradesh,UP,Hapur,Meerut,Hapur Block 6,256311,30.499666,81.706766,DR. PRADEEP KUMAR,8018802844,hospital337@gov.up.in,JCI,,,False,6,4,False,False,False,True,False,False,False,2026-02-27T15:58:11+05:30,2026-02-27T15:58:11+05:30
c34cb943-50d9-4fe8-a1c7-97abdd4f297e,UPHOSPREF000338,Trauma Centre Pratapgarh Block 1,Single,PUBLIC,Civil Hospital,1975,Uttar Pradesh,UP,Pratapgarh,Prayagraj,Pratapgarh Block 1,279875,28.337304,82.820586,DR. SHIV KUMAR,7634159739,hospital338@gov.up.in,JCI,,2029-04-22,False,118,105,True,True,True,True,False,True,True,2026-02-27T15:58:11+05:30,2026-02-27T15:58:11+05:30
a8cdb4db-13ac-4633-93dd-14dae979d14b,UPHOSPREF000339,District Hospital Lucknow,Single,PUBLIC,Medical College,1952,Uttar Pradesh,UP,Lucknow,Lucknow,Sardar Nagar,215638,29.356081,82.212239,DR. VIVEK KUMAR,8111208734,hospital339@gov.up.in,NABL,,,False,35,29,True,False,True,True,False,True,True,2026-02-27T15:58:11+05:30,2026-02-27T15:58:11+05:30
00a2b373-6548-4d02-a5a3-51401b07edbf,UPHOSPREF000340,Ram Hospital & Research Centre,Single,PRIVATE,Trust,2022,Uttar Pradesh,UP,Muzaffarnagar,Saharanpur,Muzaffarnagar Block 2,213862,29.294821,80.814914,DR. RAVINDRA NATH PANDEY,9599548400,hospital340@pvt.up.in,,PRE,,False,231,212,True,True,True,True,False,True,True,2026-02-27T15:58:11+05:30,2026-02-27T15:58:11+05:30
bb9c1903-ac5b-45e7-bd81-0bcd078b35d4,UPHOSPREF000341,Urban Community Health Centre Kaushambi Block 2,Single,PUBLIC,Civil Hospital,1993,Uttar Pradesh,UP,Kaushambi,Prayagraj,Kaushambi Block 2,221382,29.323999,82.945169,DR. PRADEEP KUMAR,9670554007,hospital341@gov.up.in,,,,False,64,48,True,True,True,True,False,True,True,2026-02-27T15:58:11+05:30,2026-02-27T15:58:11+05:30
9fc1fc3e-15af-43a6-9d91-5152c2aeac4e,UPHOSPREF000342,Urban Community Health Centre Shankargarh,Single,PUBLIC,Medical College,1971,Uttar Pradesh,UP,Prayagraj,Prayagraj,Shankargarh,260291,24.382627,78.944953,DR. HARI OM,7784158651,hospital342@gov.up.in,NABH,,,False,336,244,False,False,True,True,False,True,True,2026-02-27T15:58:11+05:30,2026-02-27T15:58:11+05:30
040546bf-1b6c-43a3-b7e8-0766a949a5bf,UPHOSPREF000343,Saraswati Heart Institute,Single,PRIVATE,Trust,2016,Uttar Pradesh,UP,Prayagraj,Prayagraj,Karachhana,202603,24.801893,80.333676,DR. MANOJ KUMAR MAURYA,9745620597,hospital343@pvt.up.in,,,,False,144,112,True,True,True,True,False,True,False,2026-02-27T15:58:11+05:30,2026-02-27T15:58:11+05:30
225d19fa-53fa-42a2-b78b-6f44ff754dfc,UPHOSPREF000344,Community Health Centre Firozabad Block 6,Single,PUBLIC,Civil Hospital,1954,Uttar Pradesh,UP,Firozabad,Agra,Firozabad Block 6,219869,26.697593,79.735853,DR. VIVEK KUMAR BIND,8049896297,hospital344@gov.up.in,JCI,,2026-09-21,False,304,216,True,True,True,True,True,True,True,2026-02-27T15:58:11+05:30,2026-02-27T15:58:11+05:30
d00bdba7-8e5c-4d18-94da-30bb4da04912,UPHOSPREF000345,Urban Community Health Centre Kannauj Block 8,Single,PUBLIC,District Hospital,1961,Uttar Pradesh,UP,Kannauj,Kanpur,Kannauj Block 8,292750,23.86834,83.028883,DR. RAJU YADAV RAJBHAR,9533612207,hospital345@gov.up.in,NABH,FULL,,False,79,73,True,True,True,True,False,True,True,2026-02-27T15:58:11+05:30,2026-02-27T15:58:11+05:30
525bcb91-f351-4c2a-a274-903954352118,UPHOSPREF000346,Krishna Orthopaedic Centre,Single,PRIVATE,Trust,2021,Uttar Pradesh,UP,Hardoi,Lucknow,Hardoi Block 6,248155,28.203547,79.514457,DR. PREM SHANKAR,7846802131,hospital346@pvt.up.in,NABH,,,False,234,218,True,True,True,True,True,True,False,2026-02-27T15:58:11+05:30,2026-02-27T15:58:11+05:30
25300e03-7734-4c5f-b12a-8a14acaed403,UPHOSPREF000347,Hanuman Medical Centre,Single,PRIVATE,Private,2016,Uttar Pradesh,UP,Pilibhit,Bareilly,Pilibhit Block 2,207755,25.152319,84.387832,DR. BABLU KUMAR,9565340124,hospital347@pvt.up.in,NABH,PRE,,False,88,65,True,True,True,True,True,True,False,2026-02-27T15:58:11+05:30,2026-02-27T15:58:11+05:30
09096fd1-b2f7-47ba-99db-0c945347eccf,UPHOSPREF000348,Dr. Verma Nursing Home,Single,PRIVATE,Trust,2022,Uttar Pradesh,UP,Kanpur Nagar,Kanpur,Bilhaur,202089,25.389362,83.289658,DR. DEEPAK KUMAR,8028655253,hospital348@pvt.up.in,NABH,FULL,,True,83,59,False,True,True,True,False,True,True,2026-02-27T15:58:11+05:30,2026-02-27T15:58:11+05:30
83ba63cf-a221-40bd-a10e-8055f9516fb0,UPHOSPREF000349,Trauma Centre Sarojini Nagar,Single,PUBLIC,CHC,1972,Uttar Pradesh,UP,Lucknow,Lucknow,Sarojini Nagar,205596,29.72836,81.030554,DR. RAJU YADAV,8101181419,hospital349@gov.up.in,,,2030-04-02,False,98,81,True,True,True,True,True,True,True,2026-02-27T15:58:11+05:30,2026-02-27T15:58:11+05:30
41d8aac9-6902-4859-b2a8-2d983900e190,UPHOSPREF000350,Community Health Centre Dhanipur,Single,PUBLIC,District Hospital,1984,Uttar Pradesh,UP,Aligarh,Aligarh,Dhanipur,252461,27.985334,84.233974,DR. RAMESH CHANDRA,7943062413,hospital350@gov.up.in,JCI,PRE,2029-06-05,False,332,288,True,True,True,True,False,True,True,2026-02-27T15:58:11+05:30,2026-02-27T15:58:11+05:30
2418ef4c-bcc3-4c07-9780-625f32a3e499,UPHOSPREF000351,Pandey & Tiwari Children Hospital,Single,PRIVATE,NGO,2004,Uttar Pradesh,UP,Pratapgarh,Prayagraj,Pratapgarh Block 1,268257,30.148133,79.997899,DR. ASHOK KUMAR PANDEY,9674165275,hospital351@pvt.up.in,NABL,PRE,2028-09-03,False,68,58,True,True,True,True,False,True,False,2026-02-27T15:58:11+05:30,2026-02-27T15:58:11+05:30
f6c4b639-c52f-446c-b9b5-88cfefa8532a,UPHOSPREF000352,Tiwari & Tiwari Nursing Home,Single,PRIVATE,NGO,1992,Uttar Pradesh,UP,Ghaziabad,Meerut,Tronica City,201512,23.81,78.600188,DR. DEEPAK KUMAR,9445522660,hospital352@pvt.up.in,NABL,FULL,2030-05-12,False,163,116,True,True,True,True,False,True,True,2026-02-27T15:58:11+05:30,2026-02-27T15:58:11+05:30
8bbf5a35-3845-4d03-a4d9-46f59724c81b,UPHOSPREF000353,Women Hospital Gorakhpur,Single,PUBLIC,Medical College,1966,Uttar Pradesh,UP,Gorakhpur,Gorakhpur,Campierganj,282696,29.291666,79.071292,DR. SHIV KUMAR,9786182995,hospital353@gov.up.in,NABL,,2028-11-03,False,267,221,True,True,True,True,False,True,True,2026-02-27T15:58:11+05:30,2026-02-27T15:58:11+05:30
3e7bc9c4-a821-47e1-97d0-80309e11ef38,UPHOSPREF000354,Sub-District Hospital Kanpur Nagar,Single,PUBLIC,District Hospital,1982,Uttar Pradesh,UP,Kanpur Nagar,Kanpur,Maharajpur,250029,29.627055,80.101597,DR. BRIJESH KUMAR SHARMA,7587284990,hospital354@gov.up.in,NABH,FULL,,False,69,49,True,True,True,True,True,True,True,2026-02-27T15:58:11+05:30,2026-02-27T15:58:11+05:30
c0dfce16-73be-4f71-923a-ff2039494198,UPHOSPREF000355,Dr. Sharma Nursing Home,Single,PRIVATE,Trust,1994,Uttar Pradesh,UP,Kanpur Dehat,Kanpur,Kanpur Block 2,291954,29.520092,83.246632,DR. RAVI SHANKAR BIND,8176069431,hospital355@pvt.up.in,JCI,FULL,2029-12-12,False,256,179,True,True,True,True,False,True,True,2026-02-27T15:58:11+05:30,2026-02-27T15:58:11+05:30
ea38d6d5-9046-43ca-84ee-59320f5cb18d,UPHOSPREF000356,District Hospital Meerut,Single,PUBLIC,District Hospital,1953,Uttar Pradesh,UP,Meerut,Meerut,Hapur,228751,25.139706,82.249886,DR. SHIV KUMAR VERMA,9465801990,hospital356@gov.up.in,JCI,PRE,2028-10-22,False,14,12,False,False,False,True,False,True,True,2026-02-27T15:58:11+05:30,2026-02-27T15:58:11+05:30
5a22e077-a095-4645-ac89-4b17dc08d4cf,UPHOSPREF000357,Ram Hospital & Research Centre,Single,PRIVATE,Private,2015,Uttar Pradesh,UP,Chandauli,Varanasi,Chandauli Block 7,207903,24.303194,77.202262,DR. SUSHIL KUMAR SHARMA,9772053376,hospital357@pvt.up.in,NABL,FULL,,False,98,90,True,False,True,True,False,True,True,2026-02-27T15:58:11+05:30,2026-02-27T15:58:11+05:30
a40f5f0a-3929-4e76-a9d2-31ce4dbb246e,UPHOSPREF000358,Saraswati Nursing Home,Single,PRIVATE,Private,2010,Uttar Pradesh,UP,Basti,Basti,Basti Block 5,279098,24.394618,78.534497,DR. DEEPAK KUMAR,8193890479,hospital358@pvt.up.in,NABL,PRE,,False,253,235,True,True,True,True,True,True,False,2026-02-27T15:58:11+05:30,2026-02-27T15:58:11+05:30
0353a6ab-598c-402b-81d1-9e1ed9e9698c,UPHOSPREF000359,Trauma Centre Kashi Vidyapeeth,Single,PUBLIC,PHC,1976,Uttar Pradesh,UP,Varanasi,Varanasi,Kashi Vidyapeeth,253447,26.464571,78.756013,DR. DINESH KUMAR,7005229117,hospital359@gov.up.in,NABL,,2029-07-25,False,381,269,True,True,True,True,False,True,True,2026-02-27T15:58:11+05:30,2026-02-27T15:58:11+05:30
265eddb7-a086-4ab7-a9c4-c4004f079d0b,UPHOSPREF000360,Sub-District Hospital Meerut,Single,PUBLIC,Medical College,1964,Uttar Pradesh,UP,Meerut,Meerut,Inchauli,280938,23.941861,83.10972,DR. VIRENDRA SINGH,7761260613,hospital360@gov.up.in,,PRE,,False,228,199,True,True,True,True,False,True,True,2026-02-27T15:58:11+05:30,2026-02-27T15:58:11+05:30
7b01b0ef-b5d1-4b32-8d71-60df7c6f97e8,UPHOSPREF000361,Dr. Sharma Nursing Home,Single,PRIVATE,NGO,2011,Uttar Pradesh,UP,Gonda,Devipatan,Gonda Block 4,277449,25.170832,81.917514,DR. SHYAM LAL,9493761283,hospital361@pvt.up.in,JCI,FULL,2028-11-27,False,211,163,True,False,True,True,False,True,False,2026-02-27T15:58:11+05:30,2026-02-27T15:58:11+05:30
59127543-a4ef-4f48-b859-c871032b5267,UPHOSPREF000362,Shakti Heart Institute,Single,PRIVATE,Trust,2006,Uttar Pradesh,UP,Badaun,Bareilly,Badaun Block 4,262924,28.710293,79.884591,DR. SURESH KUMAR,8187511396,hospital362@pvt.up.in,NABL,FULL,,False,119,110,True,False,True,True,False,True,True,2026-02-27T15:58:11+05:30,2026-02-27T15:58:11+05:30
968c30b7-a2e6-4221-850c-9c8e40575fb9,UPHOSPREF000363,Ram Medical Centre,Single,PRIVATE,NGO,2006,Uttar Pradesh,UP,Kanpur Nagar,Kanpur,Mandhana,270976,29.777755,81.606931,DR. SHIV KUMAR LODHI,7901023481,hospital363@pvt.up.in,NABH,FULL,2026-10-22,False,236,176,False,False,True,True,False,True,True,2026-02-27T15:58:11+05:30,2026-02-27T15:58:11+05:30
180f6563-8cf9-4464-810c-5a47c3b94261,UPHOSPREF000364,Medical College Hospital Bareilly,Single,PUBLIC,District Hospital,1971,Uttar Pradesh,UP,Bareilly,Bareilly,Bahrabad,253073,24.759012,81.871566,DR. DINESH KUMAR,9552998318,hospital364@gov.up.in,NABH,PRE,2028-09-20,False,233,219,True,True,True,True,False,True,True,2026-02-27T15:58:11+05:30,2026-02-27T15:58:11+05:30
b6bea3ab-a9b9-47e9-b736-6b723c3fc5b8,UPHOSPREF000365,Community Health Centre Auraiya Block 8,Single,PUBLIC,PHC,1974,Uttar Pradesh,UP,Auraiya,Kanpur,Auraiya Block 8,275636,25.418692,81.62902,DR. MUKESH KUMAR,7013110651,hospital365@gov.up.in,JCI,FULL,,False,76,59,False,True,True,True,True,True,True,2026-02-27T15:58:11+05:30,2026-02-27T15:58:11+05:30
3b10c69b-57d0-4699-8ace-72476649f51a,UPHOSPREF000366,Women Hospital Sambhal,Single,PUBLIC,PHC,1984,Uttar Pradesh,UP,Sambhal,Moradabad,Sambhal Block 8,297825,25.512049,77.742451,DR. DEVENDRA KUMAR,9438652439,hospital366@gov.up.in,,PRE,,False,61,46,True,False,True,True,False,True,True,2026-02-27T15:58:11+05:30,2026-02-27T15:58:11+05:30
1655d398-f648-4052-aa2b-7a2b300d25f2,UPHOSPREF000367,Community Health Centre Badagaon,Single,PUBLIC,CHC,1971,Uttar Pradesh,UP,Jhansi,Jhansi,Badagaon,261161,26.482887,83.306585,DR. RAJESH KUMAR,7662278200,hospital367@gov.up.in,JCI,,,False,88,72,True,True,True,True,True,True,True,2026-02-27T15:58:11+05:30,2026-02-27T15:58:11+05:30
b22dfe14-de77-44d3-99b4-a9eea57ae084,UPHOSPREF000368,Durga Multispeciality Hospital,Single,PRIVATE,Trust,2016,Uttar Pradesh,UP,Kushinagar,Gorakhpur,Kushinagar Block 4,283550,24.254242,81.658563,DR. RAJESH KUMAR,7054769407,hospital368@pvt.up.in,NABL,PRE,2026-06-16,False,61,42,True,True,True,True,True,True,True,2026-02-27T15:58:11+05:30,2026-02-27T15:58:11+05:30
797c0604-743c-4e66-8363-7cd94b949afe,UPHOSPREF000369,Gupta & Mishra Heart Institute,Single,PRIVATE,Trust,1996,Uttar Pradesh,UP,Deoria,Gorakhpur,Deoria Block 2,282938,25.432731,81.175994,DR. SHYAM LAL,7743360673,hospital369@pvt.up.in,NABH,,,False,258,199,True,True,True,True,True,True,True,2026-02-27T15:58:11+05:30,2026-02-27T15:58:11+05:30
ded8a65c-4013-42a2-a29b-13060aec21b7,UPHOSPREF000370,Medical College Hospital Prayagraj,Single,PUBLIC,District Hospital,1972,Uttar Pradesh,UP,Prayagraj,Prayagraj,Koraon,207276,25.98599,79.815709,DR. RAMU KAKA GAUTAM,7912991981,hospital370@gov.up.in,NABL,FULL,,False,382,284,True,True,True,True,True,True,False,2026-02-27T15:58:11+05:30,2026-02-27T15:58:11+05:30
e2448c67-8921-49a1-b490-20b7eac1865d,UPHOSPREF000371,Dr. Gupta Nursing Home,Single,PRIVATE,Trust,2016,Uttar Pradesh,UP,Kannauj,Kanpur,Kannauj Block 6,292199,25.602449,81.939402,DR. GUDDU KUMAR,7094350616,hospital371@pvt.up.in,NABL,PRE,2029-03-25,False,217,192,False,False,True,True,False,True,False,2026-02-27T15:58:11+05:30,2026-02-27T15:58:11+05:30
ed983dd8-8ee1-4240-bb89-a84db2b406e2,UPHOSPREF000372,Combined Hospital Hardoi,Single,PUBLIC,Civil Hospital,1968,Uttar Pradesh,UP,Hardoi,Lucknow,Hardoi Block 5,287067,26.552897,79.735407,DR. DINESH KUMAR PASI,7047997139,hospital372@gov.up.in,NABH,FULL,,False,318,279,True,True,True,True,True,True,False,2026-02-27T15:58:11+05:30,2026-02-27T15:58:11+05:30
3c8687da-be51-4a29-9221-be1dbe037dc6,UPHOSPREF000373,Trauma Centre Bhitargaon,Single,PUBLIC,Medical College,1989,Uttar Pradesh,UP,Kanpur Nagar,Kanpur,Bhitargaon,242533,24.645229,82.386269,DR. SUSHIL KUMAR,9529440584,hospital373@gov.up.in,NABH,FULL,,False,100,93,True,True,True,True,False,True,True,2026-02-27T15:58:11+05:30,2026-02-27T15:58:11+05:30
9adb0638-8214-4db4-920b-e2a1d52305be,UPHOSPREF000374,Medical College Hospital Mirzapur,Single,PUBLIC,Civil Hospital,1982,Uttar Pradesh,UP,Mirzapur,Mirzapur,Mirzapur Block 1,265080,28.556015,80.014389,DR. BABLU KUMAR,9507802857,hospital374@gov.up.in,,FULL,2029-11-22,False,309,287,True,True,True,True,False,True,True,2026-02-27T15:58:11+05:30,2026-02-27T15:58:11+05:30
b9139cfd-a86b-4326-be90-1c5eb69696ab,UPHOSPREF000375,Women Hospital Lakhimpur Kheri,Single,PUBLIC,PHC,1974,Uttar Pradesh,UP,Lakhimpur Kheri,Lucknow,Lakhimpur Block 6,242956,23.972902,77.903948,DR. DEVENDRA KUMAR,9480342858,hospital375@gov.up.in,,FULL,,False,106,95,True,False,True,True,False,True,False,2026-02-27T15:58:11+05:30,2026-02-27T15:58:11+05:30
8be68d63-128e-4cdd-a827-cbd619567b0c,UPHOSPREF000376,Agarwal & Pandey Multispeciality Hospital,Single,PRIVATE,Trust,2017,Uttar Pradesh,UP,Baghpat,Meerut,Baghpat Block 3,292433,29.833856,78.289465,DR. GUDDU KUMAR,9546421908,hospital376@pvt.up.in,NABL,,,False,276,217,True,False,True,True,False,True,False,2026-02-27T15:58:11+05:30,2026-02-27T15:58:11+05:30
bb62119d-e3a6-45bf-9d6d-8e722462c368,UPHOSPREF000377,Dr. Sharma Cancer Institute,Single,PRIVATE,Private,2018,Uttar Pradesh,UP,Kanpur Nagar,Kanpur,Rasulabad,284465,24.060705,80.722204,DR. SANTOSH KUMAR JAISWAL,7572782984,hospital377@pvt.up.in,,,2026-10-28,False,296,247,True,False,True,True,False,True,False,2026-02-27T15:58:11+05:30,2026-02-27T15:58:11+05:30
8e2d2656-b44d-4607-baa4-996f08b2a920,UPHOSPREF000378,Ram Surgical Centre,Single,PRIVATE,NGO,2012,Uttar Pradesh,UP,Kanpur Nagar,Kanpur,Sarbanandapur,219913,29.752798,81.569931,DR. VIRENDRA SINGH,8171324726,hospital378@pvt.up.in,,,,False,280,209,False,False,True,True,False,True,True,2026-02-27T15:58:11+05:30,2026-02-27T15:58:11+05:30
3ce1ff8c-8fbe-4cc9-a998-c11a1a878d8a,UPHOSPREF000379,District Hospital Prayagraj,Single,PUBLIC,Civil Hospital,1988,Uttar Pradesh,UP,Prayagraj,Prayagraj,Sahson,217274,28.81265,79.835566,DR. VIVEK KUMAR,9473559379,hospital379@gov.up.in,NABL,PRE,,False,48,38,True,False,True,True,False,True,True,2026-02-27T15:58:11+05:30,2026-02-27T15:58:11+05:30
8c2900a2-2dbd-4876-9ba5-e438fa096e8c,UPHOSPREF000380,Tiwari & Pandey Medical Centre,Single,PRIVATE,Trust,2008,Uttar Pradesh,UP,Shravasti,Devipatan,Shravasti Block 4,211110,26.532856,83.194377,DR. DEVENDRA KUMAR,7744041578,hospital380@pvt.up.in,NABL,,2028-06-04,False,24,18,True,False,False,True,False,True,True,2026-02-27T15:58:11+05:30,2026-02-27T15:58:11+05:30
01ebee83-e189-4691-bab6-13f4932e3007,UPHOSPREF000381,Sub-District Hospital Agra,Single,PUBLIC,Medical College,1959,Uttar Pradesh,UP,Agra,Agra,Shamsabad,220580,30.24619,78.164936,DR. LAKHAN LAL,8150201967,hospital381@gov.up.in,NABL,,,False,15,13,False,False,False,True,False,True,True,2026-02-27T15:58:11+05:30,2026-02-27T15:58:11+05:30
c3c87057-ad80-436c-b027-b677c15af5b0,UPHOSPREF000382,Combined Hospital Jaunpur,Single,PUBLIC,PHC,1984,Uttar Pradesh,UP,Jaunpur,Varanasi,Jaunpur Block 8,293605,25.333656,79.202908,DR. VIRENDRA SINGH KURMI,9885134145,hospital382@gov.up.in,NABL,,2027-02-04,False,63,48,True,True,True,True,True,True,True,2026-02-27T15:58:11+05:30,2026-02-27T15:58:11+05:30
4262d8ff-60e4-4b7f-ae17-a2e046df8613,UPHOSPREF000383,Zonal Hospital Sitapur,Single,PUBLIC,Medical College,1964,Uttar Pradesh,UP,Sitapur,Lucknow,Sitapur Block 2,213374,25.779289,82.621731,DR. AMIT KUMAR,7730616216,hospital383@gov.up.in,JCI,,2026-06-02,False,98,88,True,True,True,True,True,True,True,2026-02-27T15:58:11+05:30,2026-02-27T15:58:11+05:30
0848e5cf-8804-47df-9958-75c7427e8a3d,UPHOSPREF000384,Durga Heart Institute,Single,PRIVATE,Trust,1991,Uttar Pradesh,UP,Amethi,Ayodhya,Amethi Block 6,218229,27.218335,80.611064,DR. RAMU KAKA,9739425887,hospital384@pvt.up.in,NABL,,,False,32,29,True,False,True,True,False,True,True,2026-02-27T15:58:11+05:30,2026-02-27T15:58:11+05:30
0e775a8c-edf8-4cad-9a3a-06da2fd9543f,UPHOSPREF000385,Saraswati Eye Hospital,Single,PRIVATE,Trust,2014,Uttar Pradesh,UP,Sitapur,Lucknow,Sitapur Block 5,255241,24.091676,77.78463,DR. VIJAY KUMAR,9632619055,hospital385@pvt.up.in,JCI,PRE,2028-09-03,False,74,64,True,True,True,True,False,True,True,2026-02-27T15:58:11+05:30,2026-02-27T15:58:11+05:30
dc191247-d0ae-454b-8603-e8fd00c1b91d,UPHOSPREF000386,Sharma & Srivastava Heart Institute,Single,PRIVATE,Trust,2007,Uttar Pradesh,UP,Ballia,Azamgarh,Ballia Block 4,242654,29.532723,78.47603,DR. SURESH KUMAR DUBEY,7810225024,hospital386@pvt.up.in,NABL,PRE,2027-12-15,False,231,173,True,True,True,True,False,True,True,2026-02-27T15:58:11+05:30,2026-02-27T15:58:11+05:30
147e8f13-860d-45f6-85d2-66035d3f20bd,UPHOSPREF000387,Singh & Verma Hospital & Research Centre,Single,PRIVATE,Trust,2018,Uttar Pradesh,UP,Gautam Buddha Nagar,Meerut,Gautam Block 8,258671,26.625221,82.886278,DR. ARVIND KUMAR PATEL,8095749850,hospital387@pvt.up.in,,FULL,2027-07-13,False,90,83,True,False,True,True,False,True,True,2026-02-27T15:58:11+05:30,2026-02-27T15:58:11+05:30
32536ac4-c916-4805-bf22-7f9facafca42,UPHOSPREF000388,Zonal Hospital Ghaziabad,Single,PUBLIC,Civil Hospital,1976,Uttar Pradesh,UP,Ghaziabad,Meerut,Loni,240460,25.183903,78.848365,DR. RAMU KAKA,7774843430,hospital388@gov.up.in,,,,False,27,22,True,False,False,True,False,True,True,2026-02-27T15:58:11+05:30,2026-02-27T15:58:11+05:30
7e18c107-d87e-4765-98f3-39d6dca8d4ee,UPHOSPREF000389,Community Health Centre Lalganj,Single,PUBLIC,Civil Hospital,1981,Uttar Pradesh,UP,Azamgarh,Azamgarh,Lalganj,233864,26.05941,82.480959,DR. VIJAY KUMAR,9869196876,hospital389@gov.up.in,JCI,,,False,203,171,True,True,True,True,True,True,False,2026-02-27T15:58:11+05:30,2026-02-27T15:58:11+05:30
6967284a-0de9-48cb-a5f3-502ca4965c0d,UPHOSPREF000390,Urban Community Health Centre Kushinagar Block 6,Single,PUBLIC,Medical College,1962,Uttar Pradesh,UP,Kushinagar,Gorakhpur,Kushinagar Block 6,231114,23.704602,77.90297,DR. BABLU KUMAR,7774722500,hospital390@gov.up.in,NABH,FULL,2030-12-03,False,31,27,True,False,True,True,False,True,True,2026-02-27T15:58:11+05:30,2026-02-27T15:58:11+05:30
66dae4d3-f113-4c1c-9dc8-1ddc5a865a5b,UPHOSPREF000391,Saraswati Nursing Home,Single,PRIVATE,Private,2018,Uttar Pradesh,UP,Meerut,Meerut,Rohta,235164,23.675199,80.148789,DR. DEVENDRA KUMAR,7569299500,hospital391@pvt.up.in,NABH,FULL,2029-06-10,False,218,204,True,False,True,True,False,True,True,2026-02-27T15:58:11+05:30,2026-02-27T15:58:11+05:30
f37ef077-1999-46e4-8c2c-ca943d522d04,UPHOSPREF000392,Krishna Nursing Home,Single,PRIVATE,Private,2000,Uttar Pradesh,UP,Ballia,Azamgarh,Ballia Block 5,248728,26.547729,82.891998,DR. MUKESH KUMAR DUBEY,7567055728,hospital392@pvt.up.in,NABH,PRE,2030-07-08,False,51,47,True,False,True,True,False,True,True,2026-02-27T15:58:11+05:30,2026-02-27T15:58:11+05:30
e775dad7-949b-4519-b9a4-c3bf6c98055e,UPHOSPREF000393,Shakti Nursing Home,Single,PRIVATE,Trust,2014,Uttar Pradesh,UP,Ghazipur,Varanasi,Ghazipur Block 6,240786,27.942586,79.758198,DR. MUKESH KUMAR,8070796444,hospital393@pvt.up.in,,FULL,2030-07-18,False,83,61,True,True,True,True,True,True,True,2026-02-27T15:58:11+05:30,2026-02-27T15:58:11+05:30
b82951e4-9794-4974-a95a-8941775bfa33,UPHOSPREF000394,Gupta & Agarwal Multispeciality Hospital,Single,PRIVATE,NGO,2011,Uttar Pradesh,UP,Deoria,Gorakhpur,Deoria Block 7,275941,27.997694,84.020388,DR. VIVEK KUMAR,7660701859,hospital394@pvt.up.in,NABL,FULL,,False,297,271,True,True,True,True,True,True,True,2026-02-27T15:58:11+05:30,2026-02-27T15:58:11+05:30
c5e8f573-a35c-4f59-b296-423d35e2a503,UPHOSPREF000395,Zonal Hospital Jalaun,Single,PUBLIC,District Hospital,1984,Uttar Pradesh,UP,Jalaun,Jhansi,Jalaun Block 1,224281,27.208369,79.580855,DR. GUDDU KUMAR PANDEY,9513115612,hospital395@gov.up.in,NABL,FULL,,False,29,21,True,False,False,True,False,True,True,2026-02-27T15:58:11+05:30,2026-02-27T15:58:11+05:30
a91e761e-c0bd-446e-b9ee-b293ce8f2cf8,UPHOSPREF000396,Trauma Centre Hathras Block 1,Single,PUBLIC,Medical College,1965,Uttar Pradesh,UP,Hathras,Aligarh,Hathras Block 1,237701,28.306036,82.246694,DR. SHIV KUMAR,7588731173,hospital396@gov.up.in,NABH,,2028-12-27,False,35,25,True,False,True,True,False,True,True,2026-02-27T15:58:11+05:30,2026-02-27T15:58:11+05:30
e06a0ad3-d515-4d3b-a763-716b2ea04899,UPHOSPREF000397,Urban Community Health Centre Kalyanpur,Single,PUBLIC,Medical College,1984,Uttar Pradesh,UP,Kanpur Nagar,Kanpur,Kalyanpur,294616,28.546442,77.660526,DR. DINESH KUMAR,8149757536,hospital397@gov.up.in,NABH,,,False,65,49,True,False,True,True,False,True,True,2026-02-27T15:58:11+05:30,2026-02-27T15:58:11+05:30
7ade0625-920e-4c17-9c49-26b5460ba358,UPHOSPREF000398,Gupta & Agarwal Medical Centre,Single,PRIVATE,Trust,2020,Uttar Pradesh,UP,Amroha,Moradabad,Amroha Block 7,265328,24.451757,84.073405,DR. SURESH KUMAR,7860708038,hospital398@pvt.up.in,NABH,FULL,,False,22,19,False,False,False,True,False,True,False,2026-02-27T15:58:11+05:30,2026-02-27T15:58:11+05:30
3f6e8f71-4b5e-412c-8c2d-e44ba17b6595,UPHOSPREF000399,Dr. Sharma Orthopaedic Centre,Single,PRIVATE,Trust,2006,Uttar Pradesh,UP,Hardoi,Lucknow,Hardoi Block 7,217645,29.441864,79.828219,DR. JAGDISH PRASAD,8065210758,hospital399@pvt.up.in,NABH,FULL,,False,28,26,True,False,False,True,False,True,True,2026-02-27T15:58:11+05:30,2026-02-27T15:58:11+05:30
04708f67-9623-4cbd-b6ba-dea7faf258a3,UPHOSPREF000400,Primary Health Centre Hardoi Block 7,Single,PUBLIC,CHC,1977,Uttar Pradesh,UP,Hardoi,Lucknow,Hardoi Block 7,287877,23.588675,79.213905,DR. PREM SHANKAR,9500471574,hospital400@gov.up.in,JCI,FULL,,False,38,35,False,False,True,True,False,True,True,2026-02-27T15:58:11+05:30,2026-02-27T15:58:11+05:30
5555d654-8be5-478d-9d4b-bb7fd625d29a,UPHOSPREF000401,Gupta & Srivastava Nursing Home,Single,PRIVATE,Private,1993,Uttar Pradesh,UP,Hardoi,Lucknow,Hardoi Block 3,280178,27.762087,77.564986,DR. SHYAM LAL,9437317902,hospital401@pvt.up.in,JCI,PRE,2027-09-11,False,184,168,True,True,True,True,True,True,True,2026-02-27T15:58:11+05:30,2026-02-27T15:58:11+05:30
d13d6915-8473-4197-ace7-e2e62cdecb96,UPHOSPREF000402,Ganesh Orthopaedic Centre,Single,PRIVATE,Private,1990,Uttar Pradesh,UP,Saharanpur,Saharanpur,Saharanpur Block 6,256196,27.185986,80.291636,DR. RAJEEV KUMAR,7029814854,hospital402@pvt.up.in,,,2030-11-25,True,129,92,False,True,True,True,True,True,True,2026-02-27T15:58:11+05:30,2026-02-27T15:58:11+05:30
ab21d38b-3945-4717-b1c9-c068f33a80f2,UPHOSPREF000403,Zonal Hospital Fatehpur,Single,PUBLIC,Medical College,1985,Uttar Pradesh,UP,Fatehpur,Prayagraj,Fatehpur Block 7,282719,26.317539,78.852811,DR. NARESH KUMAR,9775494342,hospital403@gov.up.in,JCI,,,False,95,73,True,True,True,True,True,True,True,2026-02-27T15:58:11+05:30,2026-02-27T15:58:11+05:30
6a79cf0f-7f1e-433a-ac0f-d0edfbb790ed,UPHOSPREF000404,Mishra & Srivastava Heart Institute,Single,PRIVATE,NGO,2004,Uttar Pradesh,UP,Mainpuri,Agra,Mainpuri Block 2,239872,28.159022,83.560428,DR. PREM SHANKAR GUPTA,8020836715,hospital404@pvt.up.in,NABH,FULL,2029-10-13,False,71,54,True,False,True,True,False,True,True,2026-02-27T15:58:11+05:30,2026-02-27T15:58:11+05:30
f4a39fd5-b6fd-4bbe-8b17-ee66e42185d8,UPHOSPREF000405,Community Health Centre Ambedkar Block 8,Single,PUBLIC,Civil Hospital,1986,Uttar Pradesh,UP,Ambedkar Nagar,Ayodhya,Ambedkar Block 8,217289,28.49153,80.719878,DR. RAMESH CHANDRA,7090524875,hospital405@gov.up.in,NABH,,2029-07-31,False,93,73,True,True,True,True,True,True,True,2026-02-27T15:58:11+05:30,2026-02-27T15:58:11+05:30
b311f10f-94e5-4859-963d-6349b6d9acca,UPHOSPREF000406,Sub-District Hospital Badaun,Single,PUBLIC,CHC,1991,Uttar Pradesh,UP,Badaun,Bareilly,Badaun Block 7,273523,27.373469,83.650197,DR. RAKESH KUMAR,7998804376,hospital406@gov.up.in,NABH,PRE,,False,19,14,False,False,False,True,False,True,False,2026-02-27T15:58:11+05:30,2026-02-27T15:58:11+05:30
588a58d8-6eae-4972-a4e3-77e30ffa3e3c,UPHOSPREF000407,Dr. Srivastava Hospital & Research Centre,Single,PRIVATE,Private,1993,Uttar Pradesh,UP,Sitapur,Lucknow,Sitapur Block 5,297812,27.373468,83.957815,DR. PREM SHANKAR,7884030787,hospital407@pvt.up.in,JCI,PRE,,False,225,188,False,True,True,True,True,True,False,2026-02-27T15:58:11+05:30,2026-02-27T15:58:11+05:30
b8bb53ec-7b96-4261-9bdd-39c9b8e48c9c,UPHOSPREF000408,Singh & Mishra Children Hospital,Single,PRIVATE,Trust,1993,Uttar Pradesh,UP,Prayagraj,Prayagraj,Phulpur,248885,25.335581,77.545382,DR. PAPPU YADAV,9743951017,hospital408@pvt.up.in,JCI,,2029-06-14,False,134,122,True,True,True,True,True,True,False,2026-02-27T15:58:11+05:30,2026-02-27T15:58:11+05:30
ef28273f-7695-4530-bcc3-0c89203e1552,UPHOSPREF000409,Zonal Hospital Jhansi,Single,PUBLIC,Medical College,1962,Uttar Pradesh,UP,Jhansi,Jhansi,Barua Sagar,237189,24.358778,77.899601,DR. ROHIT KUMAR,8074977940,hospital409@gov.up.in,NABH,,,False,32,29,True,False,True,True,False,True,True,2026-02-27T15:58:11+05:30,2026-02-27T15:58:11+05:30
cccef36f-0564-4e3f-8e1e-166c86a895ef,UPHOSPREF000410,Agarwal & Agarwal Multispeciality Hospital,Single,PRIVATE,Trust,2021,Uttar Pradesh,UP,Azamgarh,Azamgarh,Lalganj,213151,28.688048,82.881113,DR. HARI OM,9796841126,hospital410@pvt.up.in,NABL,,,False,59,49,True,True,True,True,True,True,True,2026-02-27T15:58:11+05:30,2026-02-27T15:58:11+05:30
b1aa3128-ec24-441c-9f91-c0d173ec2e65,UPHOSPREF000411,Trauma Centre Shahjahanpur Block 1,Single,PUBLIC,CHC,1965,Uttar Pradesh,UP,Shahjahanpur,Bareilly,Shahjahanpur Block 1,258984,24.821242,84.386549,DR. SANJAY KUMAR,9563307692,hospital411@gov.up.in,JCI,PRE,,False,235,217,True,True,True,True,False,True,True,2026-02-27T15:58:11+05:30,2026-02-27T15:58:11+05:30
b2903e45-442e-4dc9-b7e2-94c999ac28d8,UPHOSPREF000412,Trauma Centre Jalaun Block 1,Single,PUBLIC,District Hospital,1955,Uttar Pradesh,UP,Jalaun,Jhansi,Jalaun Block 1,203797,30.108904,83.456842,DR. SHYAM LAL,7727532025,hospital412@gov.up.in,NABH,PRE,,False,31,29,True,False,True,True,False,True,True,2026-02-27T15:58:11+05:30,2026-02-27T15:58:11+05:30
f36e39cb-f13a-43be-92b2-8a4c46a467e2,UPHOSPREF000413,Combined Hospital Muzaffarnagar,Single,PUBLIC,Civil Hospital,1987,Uttar Pradesh,UP,Muzaffarnagar,Saharanpur,Muzaffarnagar Block 4,256808,25.668251,79.318363,DR. SUSHIL KUMAR,9832311646,hospital413@gov.up.in,NABL,FULL,,False,28,25,True,False,False,True,False,True,True,2026-02-27T15:58:11+05:30,2026-02-27T15:58:11+05:30
9333300c-391b-456e-85ee-4a23b83df8e0,UPHOSPREF000414,Zonal Hospital Varanasi,Single,PUBLIC,CHC,1986,Uttar Pradesh,UP,Varanasi,Varanasi,Chiraigaon,246701,26.106819,83.087178,DR. DEEPAK KUMAR,7062068126,hospital414@gov.up.in,NABL,FULL,,False,78,67,True,False,True,True,False,True,True,2026-02-27T15:58:11+05:30,2026-02-27T15:58:11+05:30
aaf1df79-ec74-4f05-b724-5e9ec1f2c287,UPHOSPREF000415,Women Hospital Basti,Single,PUBLIC,CHC,1995,Uttar Pradesh,UP,Basti,Basti,Basti Block 8,204298,26.669894,79.500539,DR. ROHIT KUMAR SHARMA,9548998814,hospital415@gov.up.in,NABL,PRE,,False,102,78,True,False,True,True,False,True,True,2026-02-27T15:58:11+05:30,2026-02-27T15:58:11+05:30
25a3f989-e430-401f-9131-376f1cd8ff63,UPHOSPREF000416,Dr. Tiwari Children Hospital,Single,PRIVATE,NGO,2005,Uttar Pradesh,UP,Basti,Basti,Basti Block 5,239028,25.178961,77.445363,DR. NARESH KUMAR,8059114316,hospital416@pvt.up.in,NABL,PRE,2030-01-21,True,108,76,True,True,True,True,False,True,False,2026-02-27T15:58:11+05:30,2026-02-27T15:58:11+05:30
88aa76d4-a5a2-42d8-9d91-464c99d9aa38,UPHOSPREF000417,Agarwal & Mishra Cancer Institute,Single,PRIVATE,Private,2018,Uttar Pradesh,UP,Mahoba,Chitrakoot,Mahoba Block 6,217749,29.156659,80.18385,DR. SHYAM LAL,8115011858,hospital417@pvt.up.in,JCI,PRE,,False,108,92,True,False,True,True,False,True,True,2026-02-27T15:58:11+05:30,2026-02-27T15:58:11+05:30
5e4b493b-25cd-4a22-8924-51c3c6697718,UPHOSPREF000418,Zonal Hospital Basti,Single,PUBLIC,PHC,1972,Uttar Pradesh,UP,Basti,Basti,Basti Block 4,242118,30.364764,84.376573,DR. HARI OM KURMI,8008017139,hospital418@gov.up.in,JCI,PRE,2029-09-22,False,36,32,True,False,True,True,False,True,True,2026-02-27T15:58:11+05:30,2026-02-27T15:58:11+05:30
12b55e6b-1f5b-476b-8735-653792d91639,UPHOSPREF000419,Dr. Srivastava Surgical Centre,Single,PRIVATE,NGO,2005,Uttar Pradesh,UP,Lucknow,Lucknow,Gosainganj,291380,28.883897,80.271985,DR. RAJEEV KUMAR BIND,8016193128,hospital419@pvt.up.in,JCI,,,False,103,95,True,True,True,True,True,True,True,2026-02-27T15:58:11+05:30,2026-02-27T15:58:11+05:30
204d0dec-2428-43c3-9d83-f0299b9486f7,UPHOSPREF000420,Primary Health Centre Bahria,Single,PUBLIC,CHC,1990,Uttar Pradesh,UP,Prayagraj,Prayagraj,Bahria,213265,25.040258,81.02895,DR. NARESH KUMAR,7608272544,hospital420@gov.up.in,JCI,PRE,2027-01-18,False,136,109,False,True,True,True,False,True,True,2026-02-27T15:58:11+05:30,2026-02-27T15:58:11+05:30
9fa6ed63-66b7-4f8b-a1a8-6307316296a8,UPHOSPREF000421,Shakti Orthopaedic Centre,Single,PRIVATE,Private,2020,Uttar Pradesh,UP,Etawah,Kanpur,Etawah Block 5,225569,26.79037,81.502841,DR. RAJEEV KUMAR MISHRA,7721534493,hospital421@pvt.up.in,NABH,,,False,264,206,True,True,True,True,False,True,True,2026-02-27T15:58:11+05:30,2026-02-27T15:58:11+05:30
34dbc358-44de-45b3-8185-99e0856b2a0a,UPHOSPREF000422,District Hospital Sultanpur,Single,PUBLIC,CHC,1965,Uttar Pradesh,UP,Sultanpur,Ayodhya,Sultanpur Block 8,265471,25.887757,77.361231,DR. AMIT KUMAR,8163051487,hospital422@gov.up.in,,,2028-05-06,False,56,42,False,False,True,True,False,True,True,2026-02-27T15:58:11+05:30,2026-02-27T15:58:11+05:30
f399ac92-a52b-4638-8e5e-362ac45c47a9,UPHOSPREF000423,Trauma Centre Bulandshahr Block 1,Single,PUBLIC,District Hospital,1955,Uttar Pradesh,UP,Bulandshahr,Meerut,Bulandshahr Block 1,257616,24.934592,78.072427,DR. PAPPU YADAV,7918129595,hospital423@gov.up.in,JCI,,2028-07-16,False,222,187,True,False,True,True,False,True,False,2026-02-27T15:58:11+05:30,2026-02-27T15:58:11+05:30
af9c4663-08cd-4aa8-a9b0-5d4a9f1c3441,UPHOSPREF000424,Combined Hospital Ballia,Single,PUBLIC,PHC,1958,Uttar Pradesh,UP,Ballia,Azamgarh,Ballia Block 2,269308,25.071686,80.310248,DR. DEVENDRA KUMAR,8007511077,hospital424@gov.up.in,NABL,,,False,98,87,False,True,True,True,True,True,False,2026-02-27T15:58:11+05:30,2026-02-27T15:58:11+05:30
59feb58f-10b2-44b7-95ec-9961cdd9cb34,UPHOSPREF000425,District Hospital Azamgarh,Single,PUBLIC,Civil Hospital,1956,Uttar Pradesh,UP,Azamgarh,Azamgarh,Azamgarh,256688,27.282229,80.279384,DR. ASHOK KUMAR SHARMA,7679091508,hospital425@gov.up.in,NABL,,,False,13,10,False,False,False,True,False,True,False,2026-02-27T15:58:11+05:30,2026-02-27T15:58:11+05:30
9b5aec1c-f59c-4cbe-b343-a4d10f65aa9e,UPHOSPREF000426,Dr. Verma Heart Institute,Single,PRIVATE,Private,2021,Uttar Pradesh,UP,Moradabad,Moradabad,Moradabad Block 7,275881,24.940655,81.317924,DR. PAPPU YADAV,7809051444,hospital426@pvt.up.in,,FULL,2029-02-03,False,137,127,False,True,True,True,True,True,True,2026-02-27T15:58:11+05:30,2026-02-27T15:58:11+05:30
9c496e68-ffd7-4bc9-bf67-3498c1551012,UPHOSPREF000427,Primary Health Centre Barabanki Block 6,Single,PUBLIC,District Hospital,1993,Uttar Pradesh,UP,Barabanki,Ayodhya,Barabanki Block 6,280780,28.348268,77.824407,DR. RAJU YADAV,8124222522,hospital427@gov.up.in,,FULL,2027-09-10,False,277,204,True,False,True,True,False,True,True,2026-02-27T15:58:11+05:30,2026-02-27T15:58:11+05:30
98f30103-c1c1-4ca1-abc0-d45e6011bbe5,UPHOSPREF000428,Tiwari & Sharma Children Hospital,Single,PRIVATE,Private,2000,Uttar Pradesh,UP,Mau,Azamgarh,Mau Block 8,241021,28.239163,84.291376,DR. DEEPAK KUMAR,7829326030,hospital428@pvt.up.in,NABH,FULL,,False,215,175,True,False,True,True,False,True,True,2026-02-27T15:58:11+05:30,2026-02-27T15:58:11+05:30
ebb52fbc-b517-485b-b021-7ba799124c1b,UPHOSPREF000429,Community Health Centre Badagaon,Single,PUBLIC,CHC,1967,Uttar Pradesh,UP,Jhansi,Jhansi,Badagaon,250106,23.887185,83.574324,DR. JAGDISH PRASAD,7899661398,hospital429@gov.up.in,NABL,,,False,121,113,True,False,True,True,False,True,True,2026-02-27T15:58:11+05:30,2026-02-27T15:58:11+05:30
4b4e4e27-1afd-49a5-a213-7eec78fdd5ea,UPHOSPREF000430,Women Hospital Amroha,Single,PUBLIC,Medical College,1969,Uttar Pradesh,UP,Amroha,Moradabad,Amroha Block 6,219684,27.324789,78.413736,DR. HEMANT KUMAR,8010348427,hospital430@gov.up.in,NABL,FULL,2029-03-20,False,75,61,True,True,True,True,False,True,True,2026-02-27T15:58:11+05:30,2026-02-27T15:58:11+05:30
70d8413d-6cee-47a1-8dca-499191c83394,UPHOSPREF000431,Urban Community Health Centre Muradnagar,Single,PUBLIC,Civil Hospital,1991,Uttar Pradesh,UP,Ghaziabad,Meerut,Muradnagar,237937,28.783942,81.677487,DR. RAJEEV KUMAR,7896226586,hospital431@gov.up.in,NABH,PRE,2029-02-01,False,30,26,False,False,False,True,False,True,True,2026-02-27T15:58:11+05:30,2026-02-27T15:58:11+05:30
a85182ea-39a5-4653-b72c-0a3cf60c8bdb,UPHOSPREF000432,Singh & Srivastava Heart Institute,Single,PRIVATE,Private,2014,Uttar Pradesh,UP,Shravasti,Devipatan,Shravasti Block 8,271530,24.394842,81.019024,DR. PREM SHANKAR,9630664324,hospital432@pvt.up.in,,PRE,2030-10-29,False,245,221,True,True,True,True,True,True,True,2026-02-27T15:58:11+05:30,2026-02-27T15:58:11+05:30
acf54909-f429-4c8a-8b44-561e9ab988b9,UPHOSPREF000433,Community Health Centre Naujheel,Single,PUBLIC,Civil Hospital,1979,Uttar Pradesh,UP,Mathura,Agra,Naujheel,247276,27.713424,83.85724,DR. SANJAY KUMAR,7542690228,hospital433@gov.up.in,NABL,PRE,,False,29,20,True,False,False,True,False,True,True,2026-02-27T15:58:11+05:30,2026-02-27T15:58:11+05:30
8d495549-7062-42a0-9e4e-44aeb67e59c4,UPHOSPREF000434,Srivastava & Agarwal Eye Hospital,Single,PRIVATE,Trust,1991,Uttar Pradesh,UP,Mathura,Agra,Baldeo,260947,24.766727,84.36136,DR. RAMU KAKA,9552913162,hospital434@pvt.up.in,NABL,,,False,30,21,True,False,False,True,False,True,True,2026-02-27T15:58:11+05:30,2026-02-27T15:58:11+05:30
f3cfe0e0-227e-4fe0-966e-6015b1c1e599,UPHOSPREF000435,Dr. Pandey Hospital & Research Centre,Single,PRIVATE,NGO,1995,Uttar Pradesh,UP,Badaun,Bareilly,Badaun Block 2,248957,30.116781,83.700189,DR. DEVENDRA KUMAR RAJBHAR,9732756069,hospital435@pvt.up.in,NABL,,2028-04-07,False,28,21,True,False,False,True,False,True,True,2026-02-27T15:58:11+05:30,2026-02-27T15:58:11+05:30
38649307-865a-4a7e-aa7f-91fd66ad2b69,UPHOSPREF000436,Women Hospital Hathras,Single,PUBLIC,PHC,1958,Uttar Pradesh,UP,Hathras,Aligarh,Hathras Block 8,297898,27.023278,83.277945,DR. PAPPU YADAV,7538642109,hospital436@gov.up.in,,FULL,2027-01-08,False,144,127,False,True,True,True,True,True,True,2026-02-27T15:58:11+05:30,2026-02-27T15:58:11+05:30
95013210-df30-4699-9644-32da7da48a5d,UPHOSPREF000437,Ganesh Eye Hospital,Single,PRIVATE,Trust,1993,Uttar Pradesh,UP,Sitapur,Lucknow,Sitapur Block 4,272878,26.363822,79.378165,DR. RAM PRASAD,7885431784,hospital437@pvt.up.in,NABH,PRE,2026-11-02,False,117,90,True,True,True,True,True,True,True,2026-02-27T15:58:11+05:30,2026-02-27T15:58:11+05:30
7a3ee66c-aae8-4a51-88c8-644fe1342824,UPHOSPREF000438,Zonal Hospital Mirzapur,Single,PUBLIC,District Hospital,1959,Uttar Pradesh,UP,Mirzapur,Mirzapur,Mirzapur Block 1,241607,26.991653,84.46151,DR. HARI OM,9690679783,hospital438@gov.up.in,JCI,FULL,,False,170,120,True,True,True,True,True,True,False,2026-02-27T15:58:11+05:30,2026-02-27T15:58:11+05:30
c0b8fd1c-4317-4af4-b509-e0c4565ba6bc,UPHOSPREF000439,Dr. Gupta Cancer Institute,Single,PRIVATE,Private,1990,Uttar Pradesh,UP,Kanpur Dehat,Kanpur,Kanpur Block 8,202887,23.725709,81.019741,DR. LAKHAN LAL,8044930554,hospital439@pvt.up.in,NABL,FULL,,False,36,30,True,False,True,True,False,True,True,2026-02-27T15:58:11+05:30,2026-02-27T15:58:11+05:30
27077ebb-6db8-4e5d-8b41-58a6f7931f09,UPHOSPREF000440,Combined Hospital Etah,Single,PUBLIC,PHC,1967,Uttar Pradesh,UP,Etah,Aligarh,Etah Block 8,227177,27.955039,79.743096,DR. NARESH KUMAR,7549402185,hospital440@gov.up.in,NABH,,,False,42,33,True,False,True,True,False,True,False,2026-02-27T15:58:11+05:30,2026-02-27T15:58:11+05:30
50204bf6-9931-42db-97f1-f9a549ab8921,UPHOSPREF000441,Dr. Pandey Medical Centre,Single,PRIVATE,Private,1994,Uttar Pradesh,UP,Barabanki,Ayodhya,Barabanki Block 2,214172,29.295242,82.148662,DR. RAMU KAKA,7810490996,hospital441@pvt.up.in,NABL,FULL,,False,226,211,True,False,True,True,False,True,True,2026-02-27T15:58:11+05:30,2026-02-27T15:58:11+05:30
834427c5-4632-4c64-9d4e-c55ddcfaefae,UPHOSPREF000442,Srivastava & Srivastava Cancer Institute,Single,PRIVATE,NGO,2018,Uttar Pradesh,UP,Hathras,Aligarh,Hathras Block 8,274462,25.926373,82.313564,DR. ANIL KUMAR CHAUHAN,7574918580,hospital442@pvt.up.in,NABH,PRE,2028-03-23,False,81,66,True,True,True,True,False,True,False,2026-02-27T15:58:11+05:30,2026-02-27T15:58:11+05:30
25cc882d-cade-4629-af07-bdbcaa8e2928,UPHOSPREF000443,Dr. Agarwal Medical Centre,Single,PRIVATE,NGO,2006,Uttar Pradesh,UP,Lucknow,Lucknow,Malihabad,222447,29.756363,79.366906,DR. LAKHAN LAL PASI,9420222554,hospital443@pvt.up.in,NABL,FULL,,False,26,20,False,False,False,True,False,True,True,2026-02-27T15:58:11+05:30,2026-02-27T15:58:11+05:30
f8264d5e-ffee-400a-bf57-b9ef5fc2de5d,UPHOSPREF000444,Trauma Centre Banda Block 8,Single,PUBLIC,CHC,1993,Uttar Pradesh,UP,Banda,Chitrakoot,Banda Block 8,273681,26.778198,79.427641,DR. RAMU KAKA,9796984285,hospital444@gov.up.in,NABL,FULL,,False,315,247,False,True,True,True,True,True,False,2026-02-27T15:58:11+05:30,2026-02-27T15:58:11+05:30
45e84c29-db52-4014-af17-b9d0ee2d63ce,UPHOSPREF000445,Durga Children Hospital,Single,PRIVATE,Trust,2017,Uttar Pradesh,UP,Sambhal,Moradabad,Sambhal Block 5,272309,25.59356,78.254661,DR. AMIT KUMAR,7960180233,hospital445@pvt.up.in,,PRE,,False,175,157,False,True,True,True,True,True,True,2026-02-27T15:58:11+05:30,2026-02-27T15:58:11+05:30
cc5e5b5b-3f9c-4b05-b7eb-e6ca0798eb1d,UPHOSPREF000446,Hanuman Orthopaedic Centre,Single,PRIVATE,Private,2018,Uttar Pradesh,UP,Badaun,Bareilly,Badaun Block 1,218650,29.827551,80.152501,DR. ANIL KUMAR,7891643899,hospital446@pvt.up.in,NABH,FULL,,False,204,160,False,True,True,True,True,True,True,2026-02-27T15:58:11+05:30,2026-02-27T15:58:11+05:30
377821b2-a49b-4bc4-a0f1-4fb8c7f6285f,UPHOSPREF000447,Urban Community Health Centre Shahjahanpur Block 7,Single,PUBLIC,District Hospital,1989,Uttar Pradesh,UP,Shahjahanpur,Bareilly,Shahjahanpur Block 7,232039,23.746263,79.548773,DR. NARESH KUMAR KORI,7759871744,hospital447@gov.up.in,,,,False,21,18,True,False,False,True,False,True,True,2026-02-27T15:58:11+05:30,2026-02-27T15:58:11+05:30
2a557c8a-e713-48d1-8205-e90d6d4721af,UPHOSPREF000448,Krishna Maternity & General Hospital,Single,PRIVATE,Private,2018,Uttar Pradesh,UP,Gorakhpur,Gorakhpur,Gagaha,243373,24.742802,77.367193,DR. MUKESH KUMAR MAURYA,7879000742,hospital448@pvt.up.in,JCI,PRE,,False,29,26,True,False,False,True,False,True,True,2026-02-27T15:58:11+05:30,2026-02-27T15:58:11+05:30
74267fc2-2786-4988-bc93-88244b6810f2,UPHOSPREF000449,Pandey & Pandey Heart Institute,Single,PRIVATE,NGO,2004,Uttar Pradesh,UP,Lalitpur,Jhansi,Lalitpur Block 6,202113,27.864895,83.908078,DR. PRADEEP KUMAR,8100619689,hospital449@pvt.up.in,NABH,,2030-02-19,False,176,152,True,True,True,True,True,True,False,2026-02-27T15:58:11+05:30,2026-02-27T15:58:11+05:30
b1df8b8a-7700-49d0-868f-15a80efe786f,UPHOSPREF000450,Women Hospital Ballia,Single,PUBLIC,District Hospital,1952,Uttar Pradesh,UP,Ballia,Azamgarh,Ballia Block 1,272385,27.309898,78.018722,DR. SHIV KUMAR KUMAR,9582560559,hospital450@gov.up.in,NABL,,,False,91,71,True,True,True,True,False,True,True,2026-02-27T15:58:11+05:30,2026-02-27T15:58:11+05:30
e0c66532-ebff-4954-8800-63e2cb651157,UPHOSPREF000451,Dr. Mishra Orthopaedic Centre,Single,PRIVATE,Trust,2018,Uttar Pradesh,UP,Sonbhadra,Mirzapur,Sonbhadra Block 8,257265,25.511921,78.114012,DR. ROHIT KUMAR KURMI,7625381564,hospital451@pvt.up.in,NABL,PRE,2027-08-29,False,167,122,True,True,True,True,False,True,True,2026-02-27T15:58:11+05:30,2026-02-27T15:58:11+05:30
8f7bda38-3fda-49f4-9453-fa8e3536276b,UPHOSPREF000452,Zonal Hospital Jaunpur,Single,PUBLIC,Medical College,1960,Uttar Pradesh,UP,Jaunpur,Varanasi,Jaunpur Block 2,233763,24.452836,77.689215,DR. DINESH KUMAR,7662242777,hospital452@gov.up.in,,,2030-01-11,False,93,70,True,True,True,True,False,True,True,2026-02-27T15:58:11+05:30,2026-02-27T15:58:11+05:30
d0691e20-b1e7-4edd-be74-72a3b9c090cb,UPHOSPREF000453,Combined Hospital Lucknow,Single,PUBLIC,Medical College,1973,Uttar Pradesh,UP,Lucknow,Lucknow,Sarojini Nagar,247607,29.717341,83.481961,DR. BRIJESH KUMAR,7673656467,hospital453@gov.up.in,JCI,PRE,2026-07-13,False,129,93,True,True,True,True,True,True,True,2026-02-27T15:58:11+05:30,2026-02-27T15:58:11+05:30
5d745d10-cd21-48e5-925f-58429a3e5687,UPHOSPREF000454,Trauma Centre Rampur Block 4,Single,PUBLIC,District Hospital,1954,Uttar Pradesh,UP,Rampur,Moradabad,Rampur Block 4,207966,27.075318,79.2673,DR. RAMESH CHANDRA,7622384258,hospital454@gov.up.in,NABL,,,False,11,8,False,False,False,True,False,True,False,2026-02-27T15:58:11+05:30,2026-02-27T15:58:11+05:30
e14adc6c-c79a-4239-9638-60ff9f3f0573,UPHOSPREF000455,Women Hospital Pratapgarh,Single,PUBLIC,Civil Hospital,1988,Uttar Pradesh,UP,Pratapgarh,Prayagraj,Pratapgarh Block 7,213065,27.336333,79.880358,DR. ANIL KUMAR,9505706063,hospital455@gov.up.in,JCI,PRE,,False,32,25,True,False,True,True,False,True,True,2026-02-27T15:58:11+05:30,2026-02-27T15:58:11+05:30
619241f5-3422-453c-bcba-0e1db980ad70,UPHOSPREF000456,Combined Hospital Rampur,Single,PUBLIC,Medical College,1952,Uttar Pradesh,UP,Rampur,Moradabad,Rampur Block 4,216815,27.463783,79.126897,DR. LAKHAN LAL,8069414203,hospital456@gov.up.in,JCI,PRE,2028-05-29,False,31,24,True,False,True,True,False,True,True,2026-02-27T15:58:11+05:30,2026-02-27T15:58:11+05:30
aaa5f081-2aa2-48c7-9446-6f1876d6f411,UPHOSPREF000457,Community Health Centre Bijnor Block 7,Single,PUBLIC,Medical College,1993,Uttar Pradesh,UP,Bijnor,Moradabad,Bijnor Block 7,283420,29.885035,77.193545,DR. MUKESH KUMAR,7640293086,hospital457@gov.up.in,NABL,PRE,,False,68,56,True,True,True,True,True,True,True,2026-02-27T15:58:11+05:30,2026-02-27T15:58:11+05:30
08ab8528-92cf-4e3a-b598-5a5ffda9e765,UPHOSPREF000458,Dr. Tiwari Heart Institute,Single,PRIVATE,Private,2021,Uttar Pradesh,UP,Pratapgarh,Prayagraj,Pratapgarh Block 2,277558,24.734835,78.306376,DR. HEMANT KUMAR,7848593738,hospital458@pvt.up.in,JCI,,2030-11-04,False,60,51,True,True,True,True,True,True,True,2026-02-27T15:58:11+05:30,2026-02-27T15:58:11+05:30
34582c76-948b-4ff1-b5ea-30b1e41c3fd3,UPHOSPREF000459,Community Health Centre Saharanpur Block 6,Single,PUBLIC,Medical College,1982,Uttar Pradesh,UP,Saharanpur,Saharanpur,Saharanpur Block 6,264131,24.169197,84.370557,DR. UMESH KUMAR,9643208737,hospital459@gov.up.in,,FULL,,False,17,15,False,False,False,True,False,True,True,2026-02-27T15:58:11+05:30,2026-02-27T15:58:11+05:30
b0d0a36d-733b-4790-b6cb-b1776cdbe3b1,UPHOSPREF000460,Hanuman Multispeciality Hospital,Single,PRIVATE,Trust,2021,Uttar Pradesh,UP,Mau,Azamgarh,Mau Block 6,268265,29.784742,79.10799,DR. ROHIT KUMAR,9740642147,hospital460@pvt.up.in,JCI,,2027-06-03,False,64,48,True,False,True,True,False,True,True,2026-02-27T15:58:11+05:30,2026-02-27T15:58:11+05:30
54b20748-91e8-411a-bb22-b4a41e7cd872,UPHOSPREF000461,Krishna Multispeciality Hospital,Single,PRIVATE,NGO,2002,Uttar Pradesh,UP,Raebareli,Lucknow,Raebareli Block 1,261526,23.896493,82.686275,DR. PREM SHANKAR DUBEY,9837217901,hospital461@pvt.up.in,JCI,FULL,,False,244,177,False,True,True,True,True,True,False,2026-02-27T15:58:11+05:30,2026-02-27T15:58:11+05:30
a07869aa-6cb5-42b3-8592-33bf95ca49fb,UPHOSPREF000462,Dr. Agarwal Multispeciality Hospital,Single,PRIVATE,Trust,1999,Uttar Pradesh,UP,Hardoi,Lucknow,Hardoi Block 7,270547,23.636093,77.872212,DR. SANJAY KUMAR,9624140710,hospital462@pvt.up.in,NABH,FULL,2030-06-04,False,137,102,False,True,True,True,True,True,True,2026-02-27T15:58:11+05:30,2026-02-27T15:58:11+05:30
2ece46c0-d99c-499e-95a5-c0d91ef7a0c1,UPHOSPREF000463,Medical College Hospital Varanasi,Single,PUBLIC,CHC,1962,Uttar Pradesh,UP,Varanasi,Varanasi,Arajiline,221860,26.35067,84.071079,DR. MUKESH KUMAR,7009605756,hospital463@gov.up.in,NABL,PRE,2027-10-23,False,73,66,False,False,True,True,False,True,True,2026-02-27T15:58:11+05:30,2026-02-27T15:58:11+05:30
781f96ae-034b-4a7c-9b21-4623143b17d4,UPHOSPREF000464,Dr. Verma Children Hospital,Single,PRIVATE,NGO,2002,Uttar Pradesh,UP,Meerut,Meerut,Inchauli,286578,24.352049,81.785551,DR. SURESH KUMAR,9711582710,hospital464@pvt.up.in,NABH,PRE,2028-03-07,False,81,70,True,True,True,True,False,True,True,2026-02-27T15:58:11+05:30,2026-02-27T15:58:11+05:30
43996e5a-0ba1-49a3-bca8-48d6bf5d4d79,UPHOSPREF000465,Gupta & Pandey Hospital & Research Centre,Single,PRIVATE,NGO,1996,Uttar Pradesh,UP,Ghazipur,Varanasi,Ghazipur Block 5,241795,29.764399,80.094043,DR. LAKHAN LAL,7801325570,hospital465@pvt.up.in,NABL,FULL,,False,183,149,True,True,True,True,True,True,True,2026-02-27T15:58:11+05:30,2026-02-27T15:58:11+05:30
4bd854c8-5c65-4135-abd3-1499a9003c3e,UPHOSPREF000466,Community Health Centre Loni,Single,PUBLIC,CHC,1985,Uttar Pradesh,UP,Ghaziabad,Meerut,Loni,247867,28.544959,79.662444,DR. RAM PRASAD,9513298752,hospital466@gov.up.in,JCI,PRE,,False,135,102,True,False,True,True,False,True,False,2026-02-27T15:58:11+05:30,2026-02-27T15:58:11+05:30
61cc971e-208f-4727-bce5-e8e9cb5fdb04,UPHOSPREF000467,Saraswati Nursing Home,Single,PRIVATE,Private,2010,Uttar Pradesh,UP,Lakhimpur Kheri,Lucknow,Lakhimpur Block 6,273896,29.654776,82.476894,DR. RAVI SHANKAR CHAUHAN,9701278621,hospital467@pvt.up.in,NABH,FULL,2030-04-12,False,49,37,True,False,True,True,False,True,True,2026-02-27T15:58:11+05:30,2026-02-27T15:58:11+05:30
27cb775a-7e36-4a95-8089-3e3585456557,UPHOSPREF000468,Tiwari & Verma Maternity & General Hospital,Single,PRIVATE,NGO,2014,Uttar Pradesh,UP,Lucknow,Lucknow,Itaunja,250944,25.256854,78.822284,DR. SUSHIL KUMAR,9728098848,hospital468@pvt.up.in,JCI,FULL,2030-04-21,False,30,26,True,False,False,True,False,True,False,2026-02-27T15:58:11+05:30,2026-02-27T15:58:11+05:30
72efbd34-cf81-4cf0-8910-777597ae85ba,UPHOSPREF000469,Combined Hospital Hardoi,Single,PUBLIC,District Hospital,1962,Uttar Pradesh,UP,Hardoi,Lucknow,Hardoi Block 7,276680,26.478606,78.935451,DR. HARI OM,9849387181,hospital469@gov.up.in,JCI,FULL,,True,70,56,True,True,True,True,True,True,True,2026-02-27T15:58:11+05:30,2026-02-27T15:58:11+05:30
8d76fa6a-16be-4276-a4a0-d59fe9ee5a7f,UPHOSPREF000470,Urban Community Health Centre Hathras Block 3,Single,PUBLIC,Civil Hospital,1958,Uttar Pradesh,UP,Hathras,Aligarh,Hathras Block 3,262605,24.664932,79.157461,DR. ANIL KUMAR,7582533255,hospital470@gov.up.in,NABH,,2026-07-08,False,274,213,False,True,True,True,True,True,False,2026-02-27T15:58:11+05:30,2026-02-27T15:58:11+05:30
88f78b56-50e9-4119-b191-af66e4852c3f,UPHOSPREF000471,Dr. Srivastava Eye Hospital,Single,PRIVATE,Trust,1991,Uttar Pradesh,UP,Aligarh,Aligarh,Bijauli,260766,29.868033,78.486513,DR. DEVENDRA KUMAR,7530553988,hospital471@pvt.up.in,NABL,,,False,54,46,True,False,True,True,False,True,False,2026-02-27T15:58:11+05:30,2026-02-27T15:58:11+05:30
e0f72d54-9e20-4745-ad4e-10c19845d116,UPHOSPREF000472,Mishra & Tiwari Surgical Centre,Single,PRIVATE,NGO,1990,Uttar Pradesh,UP,Lucknow,Lucknow,Bakshi Ka Talab,248952,30.099026,77.565823,DR. RAMESH CHANDRA,7534156784,hospital472@pvt.up.in,NABH,FULL,,False,94,77,True,True,True,True,False,True,False,2026-02-27T15:58:11+05:30,2026-02-27T15:58:11+05:30
b64abb23-82b5-4b72-88ae-dc6ecd7225bf,UPHOSPREF000473,District Hospital Kanpur Nagar,Single,PUBLIC,Civil Hospital,1976,Uttar Pradesh,UP,Kanpur Nagar,Kanpur,Maharajpur,275958,27.887732,79.29616,DR. RAKESH KUMAR,7998875186,hospital473@gov.up.in,NABL,PRE,,False,40,33,True,False,True,True,False,True,True,2026-02-27T15:58:11+05:30,2026-02-27T15:58:11+05:30
0f2d4ec6-9c01-4b87-9930-0670cbc2cc1c,UPHOSPREF000474,Community Health Centre Basti Block 4,Single,PUBLIC,PHC,1979,Uttar Pradesh,UP,Basti,Basti,Basti Block 4,204932,25.424087,77.756229,DR. BRIJESH KUMAR,9718222536,hospital474@gov.up.in,NABL,,,False,258,187,True,True,True,True,False,True,True,2026-02-27T15:58:11+05:30,2026-02-27T15:58:11+05:30
d3d7f8a4-1799-47d3-9d57-2e392c987e85,UPHOSPREF000475,Combined Hospital Firozabad,Single,PUBLIC,PHC,1987,Uttar Pradesh,UP,Firozabad,Agra,Firozabad Block 4,271166,25.594148,84.43794,DR. SANTOSH KUMAR PANDEY,9878302275,hospital475@gov.up.in,NABL,FULL,,False,229,202,True,True,True,True,False,True,True,2026-02-27T15:58:11+05:30,2026-02-27T15:58:11+05:30
d05c8016-35c4-4f07-bafe-6ac618c401e7,UPHOSPREF000476,Dr. Pandey Orthopaedic Centre,Single,PRIVATE,Private,2007,Uttar Pradesh,UP,Shahjahanpur,Bareilly,Shahjahanpur Block 6,214092,25.558233,80.484275,DR. SURESH KUMAR,7863566496,hospital476@pvt.up.in,NABL,FULL,,False,233,167,False,True,True,True,True,True,False,2026-02-27T15:58:11+05:30,2026-02-27T15:58:11+05:30
caf48ebb-7ba5-4b1c-a025-ae041895778e,UPHOSPREF000477,Ram Multispeciality Hospital,Single,PRIVATE,Private,2020,Uttar Pradesh,UP,Agra,Agra,Achhnera,274291,30.331538,80.67764,DR. UMESH KUMAR,7748811143,hospital477@pvt.up.in,NABH,FULL,,True,102,94,True,True,True,True,True,True,False,2026-02-27T15:58:11+05:30,2026-02-27T15:58:11+05:30
24db8f70-0798-46f8-a59d-9bf812a2a450,UPHOSPREF000478,Urban Community Health Centre Raebareli Block 4,Single,PUBLIC,CHC,1979,Uttar Pradesh,UP,Raebareli,Lucknow,Raebareli Block 4,254139,27.034413,79.537939,DR. RAMESH CHANDRA,7739143004,hospital478@gov.up.in,NABL,PRE,,False,7,5,False,False,False,True,False,False,False,2026-02-27T15:58:11+05:30,2026-02-27T15:58:11+05:30
65e9cae5-1bb5-47e7-8469-3b64297e5819,UPHOSPREF000479,Trauma Centre Kaushambi Block 4,Single,PUBLIC,Civil Hospital,1964,Uttar Pradesh,UP,Kaushambi,Prayagraj,Kaushambi Block 4,288922,29.901336,81.706461,DR. VIJAY KUMAR,8019860792,hospital479@gov.up.in,NABL,,,False,319,256,True,True,True,True,False,True,True,2026-02-27T15:58:11+05:30,2026-02-27T15:58:11+05:30
15176ead-9e35-46f3-b718-1ee80ed8d1ac,UPHOSPREF000480,Trauma Centre Ghazipur Block 5,Single,PUBLIC,District Hospital,1984,Uttar Pradesh,UP,Ghazipur,Varanasi,Ghazipur Block 5,200735,28.091139,82.070762,DR. RAMU KAKA,7956675036,hospital480@gov.up.in,NABH,,,False,88,63,True,True,True,True,False,True,True,2026-02-27T15:58:11+05:30,2026-02-27T15:58:11+05:30
304abb1b-8927-402c-bb21-99af928a56d2,UPHOSPREF000481,Verma & Mishra Orthopaedic Centre,Single,PRIVATE,NGO,2003,Uttar Pradesh,UP,Fatehpur,Prayagraj,Fatehpur Block 2,298697,29.726295,82.038619,DR. RAM PRASAD,8028450331,hospital481@pvt.up.in,JCI,,,False,117,111,True,True,True,True,True,True,True,2026-02-27T15:58:11+05:30,2026-02-27T15:58:11+05:30
41daf0d0-d3ba-4bf0-a9d2-8cbaabf6d384,UPHOSPREF000482,Krishna Orthopaedic Centre,Single,PRIVATE,Trust,2008,Uttar Pradesh,UP,Rampur,Moradabad,Rampur Block 5,256160,24.899949,77.810775,DR. DINESH KUMAR,9492228534,hospital482@pvt.up.in,NABL,,,False,183,140,True,True,True,True,True,True,False,2026-02-27T15:58:11+05:30,2026-02-27T15:58:11+05:30
eff8c7f7-6b7a-4d39-aada-88ac58e6c863,UPHOSPREF000483,Shakti Cancer Institute,Single,PRIVATE,Private,1995,Uttar Pradesh,UP,Agra,Agra,Samsabad,268392,30.484241,83.917875,DR. BABLU KUMAR,9585565032,hospital483@pvt.up.in,JCI,FULL,,False,42,33,True,False,True,True,False,True,True,2026-02-27T15:58:11+05:30,2026-02-27T15:58:11+05:30
76f0688b-0b6e-428c-9661-228e6786d89d,UPHOSPREF000484,Dr. Srivastava Medical Centre,Single,PRIVATE,Private,1990,Uttar Pradesh,UP,Kannauj,Kanpur,Kannauj Block 8,238244,27.898308,80.640655,DR. RAM PRASAD,7081510833,hospital484@pvt.up.in,,PRE,2029-02-14,False,265,247,False,False,True,True,False,True,True,2026-02-27T15:58:11+05:30,2026-02-27T15:58:11+05:30
0bbf506d-973a-42f6-896f-270c78cdb37e,UPHOSPREF000485,Women Hospital Mirzapur,Single,PUBLIC,CHC,1955,Uttar Pradesh,UP,Mirzapur,Mirzapur,Mirzapur Block 5,261361,24.926635,82.504408,DR. ARVIND KUMAR,8180418831,hospital485@gov.up.in,NABH,FULL,2028-07-18,False,175,163,True,True,True,True,True,True,True,2026-02-27T15:58:11+05:30,2026-02-27T15:58:11+05:30
a06311f6-0fa6-4dbe-817e-56f528a5e0ea,UPHOSPREF000486,Pandey & Srivastava Orthopaedic Centre,Single,PRIVATE,Private,1995,Uttar Pradesh,UP,Bulandshahr,Meerut,Bulandshahr Block 6,240513,27.652111,78.822231,DR. SURESH KUMAR,9848502313,hospital486@pvt.up.in,NABL,FULL,2030-02-22,False,75,60,False,False,True,True,False,True,True,2026-02-27T15:58:11+05:30,2026-02-27T15:58:11+05:30
8be6a867-97dc-4986-87a7-81062f67660f,UPHOSPREF000487,Community Health Centre Bahraich Block 1,Single,PUBLIC,District Hospital,1984,Uttar Pradesh,UP,Bahraich,Devipatan,Bahraich Block 1,279398,24.540775,80.144471,DR. RAM PRASAD,8071934614,hospital487@gov.up.in,NABL,,,False,84,70,True,False,True,True,False,True,False,2026-02-27T15:58:11+05:30,2026-02-27T15:58:11+05:30
8a53fac1-ab97-441b-b0ec-aa542b7d7a9a,UPHOSPREF000488,Dr. Sharma Multispeciality Hospital,Single,PRIVATE,Private,2015,Uttar Pradesh,UP,Amroha,Moradabad,Amroha Block 1,233351,29.45346,80.423982,DR. MUKESH KUMAR,7080692178,hospital488@pvt.up.in,NABH,FULL,,False,223,188,False,False,True,True,False,True,True,2026-02-27T15:58:11+05:30,2026-02-27T15:58:11+05:30
56dfac25-65ed-4c1e-8408-7fb3bdfedde1,UPHOSPREF000489,Saraswati Heart Institute,Single,PRIVATE,NGO,1996,Uttar Pradesh,UP,Hardoi,Lucknow,Hardoi Block 5,215480,26.89338,77.74978,DR. BABLU KUMAR,7947016862,hospital489@pvt.up.in,NABH,FULL,,False,73,59,True,True,True,True,True,True,False,2026-02-27T15:58:11+05:30,2026-02-27T15:58:11+05:30
b91a8a7c-bf98-4fba-8fb5-0f25465bb9f7,UPHOSPREF000490,Sub-District Hospital Bareilly,Single,PUBLIC,CHC,1964,Uttar Pradesh,UP,Bareilly,Bareilly,Sirsa,207615,25.644819,78.546185,DR. MANOJ KUMAR,9508098583,hospital490@gov.up.in,NABL,,2027-10-26,False,85,79,True,True,True,True,False,True,False,2026-02-27T15:58:11+05:30,2026-02-27T15:58:11+05:30
abe8fb59-9eeb-4a1b-ae32-281761671a90,UPHOSPREF000491,Urban Community Health Centre Ambedkar Block 4,Single,PUBLIC,Civil Hospital,1978,Uttar Pradesh,UP,Ambedkar Nagar,Ayodhya,Ambedkar Block 4,238344,25.897445,82.726558,DR. VIRENDRA SINGH,9604639034,hospital491@gov.up.in,NABL,FULL,,False,199,185,True,False,True,True,False,True,False,2026-02-27T15:58:11+05:30,2026-02-27T15:58:11+05:30
3e4a23d2-c449-4be3-9d75-c2d3f537e4c1,UPHOSPREF000492,Ganesh Heart Institute,Single,PRIVATE,Private,2007,Uttar Pradesh,UP,Bareilly,Bareilly,Baheri,278781,29.19943,80.604131,DR. ARVIND KUMAR RAJBHAR,9623260983,hospital492@pvt.up.in,NABH,,,False,44,36,True,False,True,True,False,True,True,2026-02-27T15:58:11+05:30,2026-02-27T15:58:11+05:30
7d3a6fb8-836e-477f-bed4-8e6b99ce006f,UPHOSPREF000493,Sub-District Hospital Bahraich,Single,PUBLIC,District Hospital,1968,Uttar Pradesh,UP,Bahraich,Devipatan,Bahraich Block 4,262902,25.911142,84.462238,DR. MANOJ KUMAR CHAUHAN,9785309414,hospital493@gov.up.in,NABL,FULL,,False,69,52,True,False,True,True,False,True,False,2026-02-27T15:58:11+05:30,2026-02-27T15:58:11+05:30
8052c7d4-796f-4a16-92ad-b46246192b2d,UPHOSPREF000494,Dr. Verma Medical Centre,Single,PRIVATE,Trust,2011,Uttar Pradesh,UP,Siddharthnagar,Basti,Siddharthnagar Block 4,234189,28.578782,82.682811,DR. RAM PRASAD,7894101810,hospital494@pvt.up.in,,,,False,267,227,True,True,True,True,False,True,False,2026-02-27T15:58:11+05:30,2026-02-27T15:58:11+05:30
4b1b09eb-7d1e-456b-b574-a77de98fd412,UPHOSPREF000495,Community Health Centre Machhara,Single,PUBLIC,Civil Hospital,1953,Uttar Pradesh,UP,Meerut,Meerut,Machhara,232444,27.993512,84.097088,DR. MUKESH KUMAR MAURYA,9890137243,hospital495@gov.up.in,NABL,PRE,2029-01-13,False,212,165,True,True,True,True,True,True,True,2026-02-27T15:58:11+05:30,2026-02-27T15:58:11+05:30
9cd9e31f-ab3a-44f0-b283-69eed7aab7d7,UPHOSPREF000496,Zonal Hospital Basti,Single,PUBLIC,CHC,1950,Uttar Pradesh,UP,Basti,Basti,Basti Block 5,217962,27.517356,83.003931,DR. SHYAM LAL,7594280715,hospital496@gov.up.in,,FULL,,False,19,15,False,False,False,True,False,True,True,2026-02-27T15:58:11+05:30,2026-02-27T15:58:11+05:30
b2a30819-9db4-4966-a064-579a464507bd,UPHOSPREF000497,Women Hospital Agra,Single,PUBLIC,District Hospital,1963,Uttar Pradesh,UP,Agra,Agra,Etmadpur,222911,28.997331,77.196689,DR. SANTOSH KUMAR KUMAR,7909384139,hospital497@gov.up.in,,FULL,,False,20,17,False,False,False,True,False,True,True,2026-02-27T15:58:11+05:30,2026-02-27T15:58:11+05:30
d19a4547-c47c-478a-a5ea-fb32f81f238a,UPHOSPREF000498,Singh & Gupta Multispeciality Hospital,Single,PRIVATE,Private,1991,Uttar Pradesh,UP,Hathras,Aligarh,Hathras Block 8,223084,25.021415,79.400256,DR. RAVINDRA NATH,7643574929,hospital498@pvt.up.in,NABH,FULL,,False,158,115,False,True,True,True,False,True,False,2026-02-27T15:58:11+05:30,2026-02-27T15:58:11+05:30
639ffc2d-ecdf-44b8-9943-60faac4ee622,UPHOSPREF000499,Ram Hospital & Research Centre,Single,PRIVATE,Private,1996,Uttar Pradesh,UP,Azamgarh,Azamgarh,Mirzapur,280668,25.352357,81.352645,DR. NARESH KUMAR,9462742071,hospital499@pvt.up.in,,,,False,160,128,True,False,True,True,False,True,False,2026-02-27T15:58:11+05:30,2026-02-27T15:58:11+05:30
89f423a1-3966-48f9-815b-958a153a94ff,UPHOSPREF000500,Zonal Hospital Etawah,Single,PUBLIC,CHC,1974,Uttar Pradesh,UP,Etawah,Kanpur,Etawah Block 7,213910,25.08045,82.820677,DR. VIVEK KUMAR,9412860119,hospital500@gov.up.in,JCI,PRE,2031-01-01,False,66,61,False,False,True,True,False,True,True,2026-02-27T15:58:11+05:30,2026-02-27T15:58:11+05:30
efef37e3-172e-4370-89d4-4bc91b2398ab,UPHOSPREF000501,Women Hospital Basti,Single,PUBLIC,Civil Hospital,1957,Uttar Pradesh,UP,Basti,Basti,Basti Block 2,232581,29.881606,83.007461,DR. HARI OM,7507722971,hospital501@gov.up.in,NABL,,2029-08-06,False,171,156,False,True,True,True,False,True,False,2026-02-27T15:58:11+05:30,2026-02-27T15:58:11+05:30
c2dda112-71ea-4d47-a966-3b8683d8dd3f,UPHOSPREF000502,Dr. Tiwari Multispeciality Hospital,Single,PRIVATE,Private,1990,Uttar Pradesh,UP,Hathras,Aligarh,Hathras Block 6,260126,24.511351,78.63742,DR. PREM SHANKAR,9736528359,hospital502@pvt.up.in,NABH,PRE,2027-10-01,False,280,206,True,False,True,True,False,True,True,2026-02-27T15:58:11+05:30,2026-02-27T15:58:11+05:30
303388df-3cf7-4298-86cb-d52b810ef613,UPHOSPREF000503,Urban Community Health Centre Sultanpur Block 3,Single,PUBLIC,District Hospital,1965,Uttar Pradesh,UP,Sultanpur,Ayodhya,Sultanpur Block 3,281951,27.635367,77.190933,DR. DINESH KUMAR PATEL,9700034884,hospital503@gov.up.in,NABH,FULL,,False,284,224,True,True,True,True,True,True,True,2026-02-27T15:58:11+05:30,2026-02-27T15:58:11+05:30
1cb75b4d-3326-4e4d-a2ac-3e6c6b97bd04,UPHOSPREF000504,Dr. Verma Nursing Home,Single,PRIVATE,NGO,2007,Uttar Pradesh,UP,Farrukhabad,Kanpur,Farrukhabad Block 6,265535,27.194243,83.607731,DR. UMESH KUMAR,9477640626,hospital504@pvt.up.in,NABL,FULL,2030-02-07,False,31,24,True,False,True,True,False,True,False,2026-02-27T15:58:11+05:30,2026-02-27T15:58:11+05:30
46008c3d-9845-40b0-9470-154009e40d0f,UPHOSPREF000505,Zonal Hospital Hathras,Single,PUBLIC,Medical College,1962,Uttar Pradesh,UP,Hathras,Aligarh,Hathras Block 3,280334,26.836101,77.797518,DR. SHIV KUMAR,8159937636,hospital505@gov.up.in,NABL,,,False,129,107,True,True,True,True,True,True,False,2026-02-27T15:58:11+05:30,2026-02-27T15:58:11+05:30
83b596d4-261f-4a3e-94b4-fee8e3c97037,UPHOSPREF000506,District Hospital Sitapur,Single,PUBLIC,Medical College,1971,Uttar Pradesh,UP,Sitapur,Lucknow,Sitapur Block 2,257773,27.121327,80.930104,DR. VIRENDRA SINGH,7521293694,hospital506@gov.up.in,NABH,PRE,2027-07-12,False,24,19,True,False,False,True,False,True,True,2026-02-27T15:58:11+05:30,2026-02-27T15:58:11+05:30
4b376662-68c0-4a9e-8631-8da88cc46bdf,UPHOSPREF000507,Women Hospital Jalaun,Single,PUBLIC,PHC,1970,Uttar Pradesh,UP,Jalaun,Jhansi,Jalaun Block 1,260938,29.848719,80.518008,DR. ROHIT KUMAR,8145924548,hospital507@gov.up.in,NABH,FULL,,False,96,89,True,False,True,True,False,True,True,2026-02-27T15:58:11+05:30,2026-02-27T15:58:11+05:30
b056e2c7-7f95-4783-add3-084565af297e,UPHOSPREF000508,Dr. Gupta Surgical Centre,Single,PRIVATE,NGO,2006,Uttar Pradesh,UP,Saharanpur,Saharanpur,Saharanpur Block 7,294142,28.684332,81.388334,DR. VIRENDRA SINGH NISHAD,9480104025,hospital508@pvt.up.in,NABH,FULL,,False,271,222,True,True,True,True,True,True,False,2026-02-27T15:58:11+05:30,2026-02-27T15:58:11+05:30
97fb368a-0d78-4977-a707-d6c350b2683e,UPHOSPREF000509,Women Hospital Mirzapur,Single,PUBLIC,Civil Hospital,1969,Uttar Pradesh,UP,Mirzapur,Mirzapur,Mirzapur Block 6,239575,27.095844,81.885704,DR. SHIV KUMAR,7032392972,hospital509@gov.up.in,,PRE,2027-01-02,False,19,16,False,False,False,True,False,True,True,2026-02-27T15:58:11+05:30,2026-02-27T15:58:11+05:30
781d2b15-6dec-44a6-a948-9f3756c1ec5a,UPHOSPREF000510,Dr. Pandey Eye Hospital,Single,PRIVATE,NGO,2016,Uttar Pradesh,UP,Lalitpur,Jhansi,Lalitpur Block 6,279410,24.728814,83.323553,DR. DEEPAK KUMAR,9573061828,hospital510@pvt.up.in,,,2029-12-26,True,120,89,True,True,True,True,True,True,True,2026-02-27T15:58:11+05:30,2026-02-27T15:58:11+05:30
4698c63e-188e-4869-98ea-f0f5f5204e6b,UPHOSPREF000511,Trauma Centre Bijnor Block 3,Single,PUBLIC,District Hospital,1960,Uttar Pradesh,UP,Bijnor,Moradabad,Bijnor Block 3,241703,27.491633,77.086875,DR. BRIJESH KUMAR,7686882622,hospital511@gov.up.in,NABH,PRE,2026-04-01,False,66,58,True,True,True,True,False,True,True,2026-02-27T15:58:11+05:30,2026-02-27T15:58:11+05:30
92ea8701-4174-4c3e-a2da-129dd0150a34,UPHOSPREF000512,Zonal Hospital Kasganj,Single,PUBLIC,PHC,1954,Uttar Pradesh,UP,Kasganj,Aligarh,Kasganj Block 2,262394,25.355084,82.65641,DR. GUDDU KUMAR,7919263410,hospital512@gov.up.in,,,,False,204,150,True,False,True,True,False,True,False,2026-02-27T15:58:11+05:30,2026-02-27T15:58:11+05:30
3c3f46e9-10c8-4f1e-8b29-5ea7bf21c8d7,UPHOSPREF000513,Primary Health Centre Bhojpur,Single,PUBLIC,CHC,1963,Uttar Pradesh,UP,Ghaziabad,Meerut,Bhojpur,243219,27.077451,79.33251,DR. JAGDISH PRASAD,9746032453,hospital513@gov.up.in,JCI,PRE,,False,24,16,True,False,False,True,False,True,False,2026-02-27T15:58:11+05:30,2026-02-27T15:58:11+05:30
2fff4a41-fc32-4112-b004-e2a92f1a129b,UPHOSPREF000514,Community Health Centre Siddharthnagar Block 2,Single,PUBLIC,CHC,1981,Uttar Pradesh,UP,Siddharthnagar,Basti,Siddharthnagar Block 2,272566,28.757283,79.916576,DR. DEEPAK KUMAR,8037156005,hospital514@gov.up.in,JCI,FULL,2028-05-02,False,19,16,False,False,False,True,False,True,True,2026-02-27T15:58:11+05:30,2026-02-27T15:58:11+05:30
494808ef-aeec-4073-87ac-bf10484a67b7,UPHOSPREF000515,Women Hospital Hamirpur,Single,PUBLIC,Civil Hospital,1969,Uttar Pradesh,UP,Hamirpur,Chitrakoot,Hamirpur Block 4,233189,28.792267,84.383195,DR. VIRENDRA SINGH,7718226021,hospital515@gov.up.in,,FULL,,False,22,16,True,False,False,True,False,True,True,2026-02-27T15:58:11+05:30,2026-02-27T15:58:11+05:30
938ada21-db7d-45a9-878b-2ebe3568a39a,UPHOSPREF000516,Sub-District Hospital Azamgarh,Single,PUBLIC,Civil Hospital,1989,Uttar Pradesh,UP,Azamgarh,Azamgarh,Bilariyaganj,215526,24.206014,78.133427,DR. PAPPU YADAV,7774299612,hospital516@gov.up.in,NABL,,,False,355,325,True,True,True,True,False,True,True,2026-02-27T15:58:11+05:30,2026-02-27T15:58:11+05:30
cf0084ff-03a0-4af9-8f93-e4215fb821bf,UPHOSPREF000517,Trauma Centre Lalganj,Single,PUBLIC,Medical College,1957,Uttar Pradesh,UP,Azamgarh,Azamgarh,Lalganj,277289,24.686739,77.286444,DR. PREM SHANKAR,7634749273,hospital517@gov.up.in,NABL,PRE,,False,9,6,False,False,False,True,False,False,False,2026-02-27T15:58:11+05:30,2026-02-27T15:58:11+05:30
2f841c1e-94ab-47f1-b4f4-6a9755c35742,UPHOSPREF000518,Zonal Hospital Baghpat,Single,PUBLIC,Medical College,1983,Uttar Pradesh,UP,Baghpat,Meerut,Baghpat Block 2,292648,26.311419,78.098808,DR. JAGDISH PRASAD,9539889708,hospital518@gov.up.in,NABL,,,False,84,63,True,True,True,True,True,True,False,2026-02-27T15:58:11+05:30,2026-02-27T15:58:11+05:30
d440f795-2f6b-4c24-9904-fb6bf4de25cf,UPHOSPREF000519,District Hospital Bareilly,Single,PUBLIC,Medical College,1966,Uttar Pradesh,UP,Bareilly,Bareilly,Bithri Chainpur,231098,29.214816,81.931068,DR. SHYAM LAL,7865423076,hospital519@gov.up.in,NABH,PRE,2030-05-17,False,89,62,False,True,True,True,True,True,False,2026-02-27T15:58:11+05:30,2026-02-27T15:58:11+05:30
e6f59f84-8a49-480a-9aac-fd9dcd356d60,UPHOSPREF000520,Combined Hospital Aligarh,Single,PUBLIC,PHC,1977,Uttar Pradesh,UP,Aligarh,Aligarh,Atrauli,214757,26.072971,84.065371,DR. DEVENDRA KUMAR,8097624593,hospital520@gov.up.in,NABH,FULL,2028-06-17,False,82,76,True,True,True,True,True,True,True,2026-02-27T15:58:11+05:30,2026-02-27T15:58:11+05:30
be346f28-1631-4c7f-9dd2-c5ecc971bb45,UPHOSPREF000521,Primary Health Centre Gautam Block 3,Single,PUBLIC,District Hospital,1988,Uttar Pradesh,UP,Gautam Buddha Nagar,Meerut,Gautam Block 3,278544,29.165127,78.018244,DR. AMIT KUMAR DUBEY,7590681255,hospital521@gov.up.in,NABH,PRE,,False,168,159,False,True,True,True,True,True,True,2026-02-27T15:58:11+05:30,2026-02-27T15:58:11+05:30
8fdfe1df-6126-4bf3-a5a9-29be286fc729,UPHOSPREF000522,Primary Health Centre Hardoi Block 2,Single,PUBLIC,CHC,1976,Uttar Pradesh,UP,Hardoi,Lucknow,Hardoi Block 2,253330,23.887668,78.844851,DR. DEVENDRA KUMAR KUMAR,9775036039,hospital522@gov.up.in,NABL,FULL,,False,44,36,True,False,True,True,False,True,True,2026-02-27T15:58:11+05:30,2026-02-27T15:58:11+05:30
96c9506c-020a-4297-8af7-1d7eeffe7be0,UPHOSPREF000523,Medical College Hospital Gorakhpur,Single,PUBLIC,PHC,1956,Uttar Pradesh,UP,Gorakhpur,Gorakhpur,Bansgaon,253780,29.189638,82.809603,DR. NARESH KUMAR,8089198496,hospital523@gov.up.in,JCI,,,False,294,239,True,True,True,True,True,True,False,2026-02-27T15:58:11+05:30,2026-02-27T15:58:11+05:30
d1cb92dd-5843-4f7a-bcbe-1487358d8cc0,UPHOSPREF000524,Dr. Singh Children Hospital,Single,PRIVATE,Private,2015,Uttar Pradesh,UP,Balrampur,Devipatan,Balrampur Block 5,227050,25.645415,78.478659,DR. ARVIND KUMAR,8152364069,hospital524@pvt.up.in,,PRE,,False,126,109,True,True,True,True,False,True,False,2026-02-27T15:58:11+05:30,2026-02-27T15:58:11+05:30
dc3838bb-176a-4392-b83b-98e3856a632f,UPHOSPREF000525,Community Health Centre Lalitpur Block 3,Single,PUBLIC,PHC,1971,Uttar Pradesh,UP,Lalitpur,Jhansi,Lalitpur Block 3,277555,27.246655,77.934848,DR. PREM SHANKAR GUPTA,7807224545,hospital525@gov.up.in,,,2027-06-28,False,98,78,True,True,True,True,False,True,True,2026-02-27T15:58:11+05:30,2026-02-27T15:58:11+05:30
7351156d-395a-48f3-ae66-8871e568bf63,UPHOSPREF000526,Zonal Hospital Ayodhya,Single,PUBLIC,PHC,1980,Uttar Pradesh,UP,Ayodhya,Ayodhya,Ayodhya Block 7,212967,24.804808,78.241577,DR. BABLU KUMAR,8001059550,hospital526@gov.up.in,JCI,FULL,2029-08-26,False,11,7,False,False,False,True,False,True,False,2026-02-27T15:58:11+05:30,2026-02-27T15:58:11+05:30
58705a78-cc11-414e-b4fb-f96d67d01ca4,UPHOSPREF000527,Community Health Centre Jani,Single,PUBLIC,CHC,1959,Uttar Pradesh,UP,Meerut,Meerut,Jani,204567,30.165099,80.617714,DR. RAJU YADAV,7834364290,hospital527@gov.up.in,JCI,,,False,350,315,True,True,True,True,True,True,True,2026-02-27T15:58:11+05:30,2026-02-27T15:58:11+05:30
e85ab361-725c-45c9-a25a-734c9f115fe9,UPHOSPREF000528,Shakti Cancer Institute,Single,PRIVATE,Private,1990,Uttar Pradesh,UP,Kaushambi,Prayagraj,Kaushambi Block 4,299352,24.731877,84.208889,DR. MANOJ KUMAR,7702345710,hospital528@pvt.up.in,NABH,,2027-06-27,False,232,200,True,False,True,True,False,True,True,2026-02-27T15:58:11+05:30,2026-02-27T15:58:11+05:30
46d33299-c193-4919-9d89-9426f61866fb,UPHOSPREF000529,Medical College Hospital Shravasti,Single,PUBLIC,CHC,1957,Uttar Pradesh,UP,Shravasti,Devipatan,Shravasti Block 5,226210,24.942605,81.488255,DR. VIVEK KUMAR,8167265144,hospital529@gov.up.in,,,,False,59,49,True,False,True,True,False,True,True,2026-02-27T15:58:11+05:30,2026-02-27T15:58:11+05:30
69145784-4a25-49ed-958e-b532f579d5ed,UPHOSPREF000530,Urban Community Health Centre Kalyanpur,Single,PUBLIC,PHC,1957,Uttar Pradesh,UP,Kanpur Nagar,Kanpur,Kalyanpur,276664,25.327947,81.01145,DR. RAJU YADAV,9888321944,hospital530@gov.up.in,NABH,FULL,,True,373,267,True,True,True,True,False,True,False,2026-02-27T15:58:11+05:30,2026-02-27T15:58:11+05:30
36444e3e-7a59-4ea5-8c9a-c6340604da8c,UPHOSPREF000531,Women Hospital Sitapur,Single,PUBLIC,PHC,1960,Uttar Pradesh,UP,Sitapur,Lucknow,Sitapur Block 1,295719,29.25799,83.304684,DR. RAVINDRA NATH SHUKLA,9547897209,hospital531@gov.up.in,JCI,FULL,,False,77,54,True,False,True,True,False,True,True,2026-02-27T15:58:11+05:30,2026-02-27T15:58:11+05:30
8261815c-c6c3-4440-b5cb-a61472a5f6c3,UPHOSPREF000532,Trauma Centre Banda Block 8,Single,PUBLIC,CHC,1995,Uttar Pradesh,UP,Banda,Chitrakoot,Banda Block 8,254324,29.287013,78.226734,DR. RAM PRASAD,7672917312,hospital532@gov.up.in,,,2027-11-20,False,376,333,False,True,True,True,True,True,True,2026-02-27T15:58:11+05:30,2026-02-27T15:58:11+05:30
59fb002b-fae0-463b-a777-ddd901369bf2,UPHOSPREF000533,Women Hospital Sonbhadra,Single,PUBLIC,Medical College,1992,Uttar Pradesh,UP,Sonbhadra,Mirzapur,Sonbhadra Block 7,235581,29.769581,80.914166,DR. BABLU KUMAR,7766042488,hospital533@gov.up.in,JCI,FULL,2028-01-12,False,40,28,True,False,True,True,False,True,False,2026-02-27T15:58:11+05:30,2026-02-27T15:58:11+05:30
9d90006e-8084-409b-8df1-e98cb3cdde4c,UPHOSPREF000534,Trauma Centre Kashi Vidyapeeth,Single,PUBLIC,Civil Hospital,1972,Uttar Pradesh,UP,Varanasi,Varanasi,Kashi Vidyapeeth,209295,26.881475,79.034999,DR. RAMESH CHANDRA,8063166328,hospital534@gov.up.in,NABL,FULL,,False,32,23,True,False,True,True,False,True,True,2026-02-27T15:58:11+05:30,2026-02-27T15:58:11+05:30
e5e3d91c-f1d9-4cd7-b2e5-9814142125b5,UPHOSPREF000535,Trauma Centre Sirsa,Single,PUBLIC,CHC,1978,Uttar Pradesh,UP,Bareilly,Bareilly,Sirsa,208495,25.06818,77.951622,DR. JAGDISH PRASAD,7604135526,hospital535@gov.up.in,,FULL,,False,43,36,True,False,True,True,False,True,False,2026-02-27T15:58:11+05:30,2026-02-27T15:58:11+05:30
8b5a2d8c-e6e9-4fda-982b-128ab4d07053,UPHOSPREF000536,Saraswati Nursing Home,Single,PRIVATE,Private,2003,Uttar Pradesh,UP,Lakhimpur Kheri,Lucknow,Lakhimpur Block 4,241756,23.892168,80.030854,DR. HEMANT KUMAR,9724619762,hospital536@pvt.up.in,JCI,FULL,,False,221,180,True,True,True,True,False,True,False,2026-02-27T15:58:11+05:30,2026-02-27T15:58:11+05:30
3fdfbb50-b470-4048-bc8a-b65b51b1e469,UPHOSPREF000537,Trauma Centre Pilibhit Block 5,Single,PUBLIC,PHC,1981,Uttar Pradesh,UP,Pilibhit,Bareilly,Pilibhit Block 5,219693,24.9257,79.273255,DR. DEVENDRA KUMAR,8007942819,hospital537@gov.up.in,JCI,PRE,,False,98,76,True,False,True,True,False,True,True,2026-02-27T15:58:11+05:30,2026-02-27T15:58:11+05:30
819724e0-e567-4482-adcc-72961a8003f3,UPHOSPREF000538,Singh & Gupta Orthopaedic Centre,Single,PRIVATE,Trust,1998,Uttar Pradesh,UP,Gautam Buddha Nagar,Meerut,Gautam Block 8,200301,26.68882,83.96268,DR. HARI OM,9861043577,hospital538@pvt.up.in,NABH,,2029-10-08,False,220,162,True,True,True,True,True,True,False,2026-02-27T15:58:11+05:30,2026-02-27T15:58:11+05:30
989e7a06-2fea-458a-8fbd-24b589a8913e,UPHOSPREF000539,Mishra & Mishra Hospital & Research Centre,Single,PRIVATE,Trust,2016,Uttar Pradesh,UP,Amroha,Moradabad,Amroha Block 1,243433,28.671271,80.377019,DR. RAJESH KUMAR,7037519477,hospital539@pvt.up.in,NABL,,,False,142,102,True,False,True,True,False,True,True,2026-02-27T15:58:11+05:30,2026-02-27T15:58:11+05:30
a9cbe62c-c756-4ef0-900f-6093b208f02e,UPHOSPREF000540,Women Hospital Sitapur,Single,PUBLIC,District Hospital,1986,Uttar Pradesh,UP,Sitapur,Lucknow,Sitapur Block 4,255195,25.237412,84.344409,DR. BABLU KUMAR NISHAD,9791395952,hospital540@gov.up.in,NABH,PRE,2030-10-01,False,342,296,True,False,True,True,False,True,True,2026-02-27T15:58:11+05:30,2026-02-27T15:58:11+05:30
82c8d24f-ce74-4ce1-afd5-8ac38a4e73e5,UPHOSPREF000541,Tiwari & Tiwari Eye Hospital,Single,PRIVATE,Trust,2007,Uttar Pradesh,UP,Prayagraj,Prayagraj,Shankargarh,281973,30.143615,79.932889,DR. RAVINDRA NATH,7794887542,hospital541@pvt.up.in,NABH,,,False,102,95,True,True,True,True,False,True,True,2026-02-27T15:58:11+05:30,2026-02-27T15:58:11+05:30
f8702d2c-9d95-4cd8-9f4d-26a0f162cf76,UPHOSPREF000542,Dr. Srivastava Medical Centre,Single,PRIVATE,NGO,1990,Uttar Pradesh,UP,Amroha,Moradabad,Amroha Block 8,276523,26.989126,81.584447,DR. PRADEEP KUMAR CHAUHAN,7535637699,hospital542@pvt.up.in,NABL,PRE,,False,34,29,True,False,True,True,False,True,False,2026-02-27T15:58:11+05:30,2026-02-27T15:58:11+05:30
4503aa38-0205-4089-aaf1-bcdc89fa5155,UPHOSPREF000543,Sharma & Verma Nursing Home,Single,PRIVATE,Trust,2014,Uttar Pradesh,UP,Raebareli,Lucknow,Raebareli Block 4,246070,29.13154,77.080919,DR. PAPPU YADAV,9808178885,hospital543@pvt.up.in,JCI,,2028-12-10,False,153,131,False,True,True,True,True,True,True,2026-02-27T15:58:11+05:30,2026-02-27T15:58:11+05:30
7cf63fd6-525a-4cb0-aa17-70114174c4e8,UPHOSPREF000544,Durga Nursing Home,Single,PRIVATE,NGO,2016,Uttar Pradesh,UP,Banda,Chitrakoot,Banda Block 3,250234,25.228401,82.201593,DR. BABLU KUMAR,7831317295,hospital544@pvt.up.in,NABH,FULL,2029-12-24,False,199,149,True,True,True,True,True,True,True,2026-02-27T15:58:11+05:30,2026-02-27T15:58:11+05:30
217cbc96-2716-413f-86f8-1a1cb6af6172,UPHOSPREF000545,Sub-District Hospital Saharanpur,Single,PUBLIC,CHC,1967,Uttar Pradesh,UP,Saharanpur,Saharanpur,Saharanpur Block 3,230379,28.060945,81.004644,DR. GUDDU KUMAR,7619376082,hospital545@gov.up.in,,FULL,,False,22,16,True,False,False,True,False,True,True,2026-02-27T15:58:11+05:30,2026-02-27T15:58:11+05:30
6f6fd709-89b2-4913-984e-9bf86d63793c,UPHOSPREF000546,Primary Health Centre Mau Block 7,Single,PUBLIC,PHC,1950,Uttar Pradesh,UP,Mau,Azamgarh,Mau Block 7,292762,29.624028,77.331887,DR. BRIJESH KUMAR SHUKLA,7940017288,hospital546@gov.up.in,,,2029-04-01,False,190,168,False,True,True,True,True,True,False,2026-02-27T15:58:11+05:30,2026-02-27T15:58:11+05:30
e4ff6a0e-41ec-4e1a-8d08-ab8870ed5495,UPHOSPREF000547,Zonal Hospital Kaushambi,Single,PUBLIC,CHC,1987,Uttar Pradesh,UP,Kaushambi,Prayagraj,Kaushambi Block 2,272119,27.791828,84.322997,DR. LAKHAN LAL,9815331957,hospital547@gov.up.in,JCI,,,False,204,180,True,False,True,True,False,True,True,2026-02-27T15:58:11+05:30,2026-02-27T15:58:11+05:30
05ce50e2-7763-4f0c-aa9c-af393385d1a7,UPHOSPREF000548,Trauma Centre Badaun Block 4,Single,PUBLIC,District Hospital,1992,Uttar Pradesh,UP,Badaun,Bareilly,Badaun Block 4,232219,25.35768,80.588531,DR. RAJU YADAV,8082368261,hospital548@gov.up.in,,FULL,,False,54,48,True,True,True,True,False,True,True,2026-02-27T15:58:11+05:30,2026-02-27T15:58:11+05:30
de0a77ef-83ed-48d5-bc82-51af8afb0b6e,UPHOSPREF000549,Dr. Singh Multispeciality Hospital,Single,PRIVATE,NGO,2007,Uttar Pradesh,UP,Bulandshahr,Meerut,Bulandshahr Block 2,207254,26.656882,80.005115,DR. ANIL KUMAR,9878754854,hospital549@pvt.up.in,NABL,FULL,,False,99,86,True,True,True,True,True,True,True,2026-02-27T15:58:11+05:30,2026-02-27T15:58:11+05:30
d4a1f99a-4df8-4c25-aa51-6df57715f352,UPHOSPREF000550,Women Hospital Mirzapur,Single,PUBLIC,Medical College,1954,Uttar Pradesh,UP,Mirzapur,Mirzapur,Mirzapur Block 7,224802,24.409719,79.70438,DR. ARVIND KUMAR,9604766054,hospital550@gov.up.in,,FULL,,False,202,178,True,True,True,True,False,True,False,2026-02-27T15:58:11+05:30,2026-02-27T15:58:11+05:30
fc4369b5-8025-4c33-9a60-d4115a7a34d0,UPHOSPREF000551,Laxmi Children Hospital,Single,PRIVATE,Trust,2016,Uttar Pradesh,UP,Muzaffarnagar,Saharanpur,Muzaffarnagar Block 4,297677,29.220993,83.907213,DR. HEMANT KUMAR,7574590593,hospital551@pvt.up.in,JCI,,,False,135,111,True,True,True,True,True,True,True,2026-02-27T15:58:11+05:30,2026-02-27T15:58:11+05:30
dda532e3-58af-4a7a-8fe9-1ab12489b2b4,UPHOSPREF000552,Srivastava & Verma Nursing Home,Single,PRIVATE,NGO,1997,Uttar Pradesh,UP,Basti,Basti,Basti Block 6,276983,28.638795,83.76287,DR. BRIJESH KUMAR,7830776292,hospital552@pvt.up.in,JCI,FULL,2029-10-27,False,51,44,True,False,True,True,False,True,True,2026-02-27T15:58:11+05:30,2026-02-27T15:58:11+05:30
166eabda-8244-4745-9397-b95d1ef8fef0,UPHOSPREF000553,Community Health Centre Barabanki Block 8,Single,PUBLIC,Medical College,1976,Uttar Pradesh,UP,Barabanki,Ayodhya,Barabanki Block 8,210589,23.66964,81.110979,DR. MUKESH KUMAR,8085223190,hospital553@gov.up.in,NABH,FULL,,False,12,8,False,False,False,True,False,True,True,2026-02-27T15:58:11+05:30,2026-02-27T15:58:11+05:30
6a086aec-9669-4b17-b8a0-9caaf9a034a1,UPHOSPREF000554,Zonal Hospital Azamgarh,Single,PUBLIC,Civil Hospital,1995,Uttar Pradesh,UP,Azamgarh,Azamgarh,Ateha,213243,27.041418,83.624102,DR. RAM PRASAD,9407041008,hospital554@gov.up.in,NABH,,,False,245,192,True,False,True,True,False,True,False,2026-02-27T15:58:11+05:30,2026-02-27T15:58:11+05:30
fba1b0a2-36df-4448-a6f4-a5f69ed5540f,UPHOSPREF000555,Hanuman Eye Hospital,Single,PRIVATE,NGO,2004,Uttar Pradesh,UP,Varanasi,Varanasi,Arajiline,259963,24.766612,83.327832,DR. RAJU YADAV,9819704612,hospital555@pvt.up.in,,FULL,,False,276,211,True,True,True,True,True,True,True,2026-02-27T15:58:11+05:30,2026-02-27T15:58:11+05:30
f9d81c10-4bce-435a-9f3f-6a6c3a0a8f4b,UPHOSPREF000556,Community Health Centre Sahjanwa,Single,PUBLIC,Medical College,1952,Uttar Pradesh,UP,Gorakhpur,Gorakhpur,Sahjanwa,297639,28.813655,78.641714,DR. JAGDISH PRASAD,9553422919,hospital556@gov.up.in,NABH,,2027-08-03,False,87,82,True,True,True,True,False,True,True,2026-02-27T15:58:11+05:30,2026-02-27T15:58:11+05:30
44dc56a6-7056-4052-8d04-ad514600eb72,UPHOSPREF000557,Verma & Verma Cancer Institute,Single,PRIVATE,Private,2012,Uttar Pradesh,UP,Shahjahanpur,Bareilly,Shahjahanpur Block 5,240293,29.484199,79.107199,DR. PRADEEP KUMAR NISHAD,7701008030,hospital557@pvt.up.in,NABH,FULL,2030-05-10,False,116,93,False,True,True,True,True,True,True,2026-02-27T15:58:11+05:30,2026-02-27T15:58:11+05:30
98b8bcb0-8348-4bc5-9877-ef7b95360383,UPHOSPREF000558,Combined Hospital Firozabad,Single,PUBLIC,Civil Hospital,1976,Uttar Pradesh,UP,Firozabad,Agra,Firozabad Block 8,275433,24.592837,79.130336,DR. DEVENDRA KUMAR,8145079021,hospital558@gov.up.in,NABH,PRE,,False,89,78,False,True,True,True,True,True,False,2026-02-27T15:58:11+05:30,2026-02-27T15:58:11+05:30
26866bcb-4630-4820-811f-4d1799af65b6,UPHOSPREF000559,Mishra & Mishra Maternity & General Hospital,Single,PRIVATE,Private,2001,Uttar Pradesh,UP,Unnao,Lucknow,Unnao Block 7,221490,25.209321,81.301979,DR. SANJAY KUMAR,9403233146,hospital559@pvt.up.in,NABL,,,False,22,18,True,False,False,True,False,True,False,2026-02-27T15:58:11+05:30,2026-02-27T15:58:11+05:30
6bf3ade8-af71-40c1-b904-ad7f1e8e46ef,UPHOSPREF000560,Mishra & Agarwal Children Hospital,Single,PRIVATE,Trust,2015,Uttar Pradesh,UP,Badaun,Bareilly,Badaun Block 8,236243,28.597955,79.776607,DR. ASHOK KUMAR,7704619697,hospital560@pvt.up.in,JCI,,,False,266,208,True,True,True,True,True,True,True,2026-02-27T15:58:11+05:30,2026-02-27T15:58:11+05:30
e2f5aeaf-50e3-43a4-9407-1567ce4b894d,UPHOSPREF000561,Dr. Sharma Surgical Centre,Single,PRIVATE,NGO,2004,Uttar Pradesh,UP,Lucknow,Lucknow,Gosainganj,222018,24.004033,77.969547,DR. GUDDU KUMAR,9523930718,hospital561@pvt.up.in,,PRE,,False,171,161,False,True,True,True,False,True,True,2026-02-27T15:58:11+05:30,2026-02-27T15:58:11+05:30
53097eef-d54f-4fa8-8023-c7215706f5e0,UPHOSPREF000562,Primary Health Centre Chargawan,Single,PUBLIC,PHC,1952,Uttar Pradesh,UP,Gorakhpur,Gorakhpur,Chargawan,260666,24.831827,80.008916,DR. RAKESH KUMAR VERMA,9569781767,hospital562@gov.up.in,NABL,FULL,2031-01-24,False,71,64,True,False,True,True,False,True,False,2026-02-27T15:58:11+05:30,2026-02-27T15:58:11+05:30
a909d03d-ddbb-4a70-9558-4ba18ac3071f,UPHOSPREF000563,Mishra & Mishra Children Hospital,Single,PRIVATE,Private,2008,Uttar Pradesh,UP,Hathras,Aligarh,Hathras Block 6,217412,26.251742,78.843953,DR. RAJESH KUMAR,9875128595,hospital563@pvt.up.in,NABL,FULL,,False,200,166,True,True,True,True,False,True,True,2026-02-27T15:58:11+05:30,2026-02-27T15:58:11+05:30
d0c5a9e6-e16a-44f9-979e-0d5e8c841fa9,UPHOSPREF000564,Medical College Hospital Auraiya,Single,PUBLIC,Civil Hospital,1994,Uttar Pradesh,UP,Auraiya,Kanpur,Auraiya Block 6,252667,27.166952,83.407947,DR. GUDDU KUMAR,7767685784,hospital564@gov.up.in,NABL,FULL,,False,28,20,True,False,False,True,False,True,True,2026-02-27T15:58:11+05:30,2026-02-27T15:58:11+05:30
d02869c7-19e5-48f6-bd26-7b81f0fb2648,UPHOSPREF000565,Combined Hospital Prayagraj,Single,PUBLIC,PHC,1961,Uttar Pradesh,UP,Prayagraj,Prayagraj,Holagarh,287328,25.773129,82.952372,DR. ANIL KUMAR YADAV,9840949943,hospital565@gov.up.in,,,2030-12-15,False,16,11,False,False,False,True,False,True,True,2026-02-27T15:58:11+05:30,2026-02-27T15:58:11+05:30
f55cc72d-c136-4a82-889a-1801a0a599bf,UPHOSPREF000566,Hanuman Children Hospital,Single,PRIVATE,Trust,1990,Uttar Pradesh,UP,Gonda,Devipatan,Gonda Block 8,233856,26.176508,79.795862,DR. PREM SHANKAR,9667915834,hospital566@pvt.up.in,JCI,PRE,2030-02-24,False,109,82,True,True,True,True,True,True,True,2026-02-27T15:58:11+05:30,2026-02-27T15:58:11+05:30
7f0e13ba-d622-4c5c-b64b-785317e6088b,UPHOSPREF000567,Primary Health Centre Chauri Chaura,Single,PUBLIC,PHC,1955,Uttar Pradesh,UP,Gorakhpur,Gorakhpur,Chauri Chaura,230073,24.849498,82.787395,DR. PREM SHANKAR,7940912302,hospital567@gov.up.in,JCI,PRE,,False,274,254,True,True,True,True,True,True,True,2026-02-27T15:58:11+05:30,2026-02-27T15:58:11+05:30
d04f4c31-db91-469c-b055-911d85b7007d,UPHOSPREF000568,Gupta & Srivastava Heart Institute,Single,PRIVATE,Private,2014,Uttar Pradesh,UP,Varanasi,Varanasi,Chiraigaon,205815,23.724696,83.98091,DR. AMIT KUMAR,8120357234,hospital568@pvt.up.in,NABL,,,False,215,162,True,True,True,True,True,True,False,2026-02-27T15:58:11+05:30,2026-02-27T15:58:11+05:30
79a79f21-a01f-474b-a7b6-ab1912fc824f,UPHOSPREF000569,Zonal Hospital Agra,Single,PUBLIC,Civil Hospital,1989,Uttar Pradesh,UP,Agra,Agra,Achhnera,266097,28.437535,77.105135,DR. DEVENDRA KUMAR GUPTA,7689971467,hospital569@gov.up.in,NABL,PRE,,False,25,21,True,False,False,True,False,True,True,2026-02-27T15:58:11+05:30,2026-02-27T15:58:11+05:30
adba0d3c-b72e-4c6f-b376-639e95459491,UPHOSPREF000570,Dr. Verma Maternity & General Hospital,Single,PRIVATE,NGO,1996,Uttar Pradesh,UP,Ghaziabad,Meerut,Loni,290339,27.41905,78.337285,DR. ROHIT KUMAR,8190078143,hospital570@pvt.up.in,NABH,,,False,38,31,True,False,True,True,False,True,False,2026-02-27T15:58:11+05:30,2026-02-27T15:58:11+05:30
ce3f0d79-6f38-440e-81dc-8d6d19d35030,UPHOSPREF000571,Primary Health Centre Mau Block 1,Single,PUBLIC,Civil Hospital,1973,Uttar Pradesh,UP,Mau,Azamgarh,Mau Block 1,249751,29.770085,80.030878,DR. SHIV KUMAR,9762303078,hospital571@gov.up.in,,,,False,209,165,True,False,True,True,False,True,True,2026-02-27T15:58:11+05:30,2026-02-27T15:58:11+05:30
820ca43b-423d-4257-9219-1f3be7b6156e,UPHOSPREF000572,Dr. Singh Maternity & General Hospital,Single,PRIVATE,NGO,1995,Uttar Pradesh,UP,Aligarh,Aligarh,Bijauli,279565,25.757028,84.291607,DR. GUDDU KUMAR,7519958387,hospital572@pvt.up.in,JCI,,2028-01-07,False,244,219,False,True,True,True,True,True,True,2026-02-27T15:58:11+05:30,2026-02-27T15:58:11+05:30
2f514717-477d-47ee-ae8f-5e41be9e8dc6,UPHOSPREF000573,Community Health Centre Phulpur,Single,PUBLIC,PHC,1992,Uttar Pradesh,UP,Prayagraj,Prayagraj,Phulpur,260958,30.339793,78.698233,DR. HEMANT KUMAR,8086573696,hospital573@gov.up.in,JCI,PRE,,False,19,15,False,False,False,True,False,True,True,2026-02-27T15:58:11+05:30,2026-02-27T15:58:11+05:30
3d351ae1-6397-46c8-beec-90c39193e580,UPHOSPREF000574,Medical College Hospital Lucknow,Single,PUBLIC,Medical College,1975,Uttar Pradesh,UP,Lucknow,Lucknow,Chinhat,237367,30.331815,83.50511,DR. HARI OM,9870745825,hospital574@gov.up.in,NABL,FULL,2028-09-21,False,58,46,True,False,True,True,False,True,True,2026-02-27T15:58:11+05:30,2026-02-27T15:58:11+05:30
c9f1960f-c81d-4e05-8052-045992ce592e,UPHOSPREF000575,Sub-District Hospital Saharanpur,Single,PUBLIC,CHC,1954,Uttar Pradesh,UP,Saharanpur,Saharanpur,Saharanpur Block 8,284409,24.705948,79.545203,DR. VIJAY KUMAR,9606921563,hospital575@gov.up.in,,FULL,2026-04-20,False,36,33,True,False,True,True,False,True,True,2026-02-27T15:58:11+05:30,2026-02-27T15:58:11+05:30
59331385-4f32-41c6-a6a8-a884a4ebacb4,UPHOSPREF000576,Tiwari & Srivastava Nursing Home,Single,PRIVATE,Private,1997,Uttar Pradesh,UP,Mahoba,Chitrakoot,Mahoba Block 8,201344,26.840984,83.561521,DR. DEEPAK KUMAR,7574001462,hospital576@pvt.up.in,JCI,FULL,,False,114,98,False,True,True,True,True,True,True,2026-02-27T15:58:11+05:30,2026-02-27T15:58:11+05:30
655b3ac5-16ea-4824-9d83-c86a7ed120ab,UPHOSPREF000577,District Hospital Jhansi,Single,PUBLIC,District Hospital,1966,Uttar Pradesh,UP,Jhansi,Jhansi,Ranipur,200931,25.363199,77.721185,DR. SURESH KUMAR,9766679412,hospital577@gov.up.in,JCI,FULL,,False,190,144,True,True,True,True,True,True,True,2026-02-27T15:58:11+05:30,2026-02-27T15:58:11+05:30
e427b553-d262-4d0c-8b3a-4a20007f5b84,UPHOSPREF000578,Dr. Agarwal Medical Centre,Single,PRIVATE,Private,2006,Uttar Pradesh,UP,Azamgarh,Azamgarh,Phulpur,207084,30.356138,82.896838,DR. PAPPU YADAV,7069090535,hospital578@pvt.up.in,NABL,,2030-11-08,False,17,14,False,False,False,True,False,True,True,2026-02-27T15:58:11+05:30,2026-02-27T15:58:11+05:30
0227878f-5464-45cb-b9da-c87fb703e134,UPHOSPREF000579,Dr. Gupta Cancer Institute,Single,PRIVATE,Trust,2008,Uttar Pradesh,UP,Meerut,Meerut,Sherpur,244345,25.439828,82.637918,DR. MANOJ KUMAR,7041367632,hospital579@pvt.up.in,NABH,FULL,,False,51,38,True,True,True,True,True,True,True,2026-02-27T15:58:11+05:30,2026-02-27T15:58:11+05:30
b902613a-ba85-4206-8bca-6ff120d21c0a,UPHOSPREF000580,Durga Cancer Institute,Single,PRIVATE,Trust,2006,Uttar Pradesh,UP,Agra,Agra,Etmadpur,228572,28.640996,78.047583,DR. DINESH KUMAR,8000596299,hospital580@pvt.up.in,NABH,FULL,,False,210,174,True,True,True,True,False,True,True,2026-02-27T15:58:11+05:30,2026-02-27T15:58:11+05:30
75e844c9-96d1-408d-bc7c-782e807fa5df,UPHOSPREF000581,Pandey & Singh Nursing Home,Single,PRIVATE,Trust,2005,Uttar Pradesh,UP,Hapur,Meerut,Hapur Block 6,223790,29.249243,80.246382,DR. VIRENDRA SINGH,7917078611,hospital581@pvt.up.in,JCI,,2028-06-09,False,133,122,True,True,True,True,True,True,True,2026-02-27T15:58:11+05:30,2026-02-27T15:58:11+05:30
2d0db206-a334-4099-9bca-261dc45facd4,UPHOSPREF000582,Dr. Agarwal Medical Centre,Single,PRIVATE,NGO,2004,Uttar Pradesh,UP,Basti,Basti,Basti Block 1,296752,27.071257,79.290387,DR. RAM PRASAD SHARMA,7661339463,hospital582@pvt.up.in,NABH,FULL,,False,187,158,False,False,True,True,False,True,True,2026-02-27T15:58:11+05:30,2026-02-27T15:58:11+05:30
10432737-6c8c-4761-baed-e9dbb75983af,UPHOSPREF000583,Dr. Mishra Heart Institute,Single,PRIVATE,NGO,1995,Uttar Pradesh,UP,Firozabad,Agra,Firozabad Block 8,236953,24.237278,78.576225,DR. ASHOK KUMAR,7609329681,hospital583@pvt.up.in,NABH,PRE,,False,264,228,True,True,True,True,True,True,True,2026-02-27T15:58:11+05:30,2026-02-27T15:58:11+05:30
ea48099d-6e0e-47a1-bbdd-4c5dacfe9642,UPHOSPREF000584,Gupta & Agarwal Heart Institute,Single,PRIVATE,Trust,2001,Uttar Pradesh,UP,Bijnor,Moradabad,Bijnor Block 5,223152,27.114263,79.483476,DR. MUKESH KUMAR BIND,7874898366,hospital584@pvt.up.in,NABH,,,False,234,209,False,False,True,True,False,True,True,2026-02-27T15:58:11+05:30,2026-02-27T15:58:11+05:30
8a34bb7e-24fe-4f59-adb9-8d50aa7ba972,UPHOSPREF000585,Trauma Centre Ayodhya Block 1,Single,PUBLIC,District Hospital,1993,Uttar Pradesh,UP,Ayodhya,Ayodhya,Ayodhya Block 1,258818,23.735612,82.239182,DR. RAKESH KUMAR,7851645039,hospital585@gov.up.in,,PRE,,False,231,192,True,True,True,True,False,True,False,2026-02-27T15:58:11+05:30,2026-02-27T15:58:11+05:30
9d88bb82-d69d-4a40-99ce-2c5d498b71d4,UPHOSPREF000586,Community Health Centre Sitapur Block 1,Single,PUBLIC,Medical College,1959,Uttar Pradesh,UP,Sitapur,Lucknow,Sitapur Block 1,226696,27.403267,77.910594,DR. SHYAM LAL NISHAD,8054331512,hospital586@gov.up.in,,PRE,2028-08-22,False,304,280,True,True,True,True,True,True,True,2026-02-27T15:58:11+05:30,2026-02-27T15:58:11+05:30
88779510-d0c2-4ebf-b10d-71ca4353a4b5,UPHOSPREF000587,Women Hospital Bareilly,Single,PUBLIC,CHC,1975,Uttar Pradesh,UP,Bareilly,Bareilly,Sirsa,205389,29.413327,79.033314,DR. RAJEEV KUMAR,7954500574,hospital587@gov.up.in,NABH,,,False,80,75,False,True,True,True,True,True,False,2026-02-27T15:58:11+05:30,2026-02-27T15:58:11+05:30
a1abf9fb-8fc8-4ad0-bfb5-e46d55fa13b4,UPHOSPREF000588,Dr. Srivastava Surgical Centre,Single,PRIVATE,Trust,2016,Uttar Pradesh,UP,Mau,Azamgarh,Mau Block 5,259215,26.296154,79.885144,DR. RAMESH CHANDRA,9439680206,hospital588@pvt.up.in,NABL,FULL,2031-01-29,False,177,125,True,True,True,True,False,True,True,2026-02-27T15:58:11+05:30,2026-02-27T15:58:11+05:30
825eb8fb-e42c-413c-9793-19648b45f015,UPHOSPREF000589,Medical College Hospital Gorakhpur,Single,PUBLIC,District Hospital,1974,Uttar Pradesh,UP,Gorakhpur,Gorakhpur,Pipiganj,209345,25.103951,78.053213,DR. VIVEK KUMAR,9617131227,hospital589@gov.up.in,JCI,,2030-02-09,False,36,27,False,False,True,True,False,True,True,2026-02-27T15:58:11+05:30,2026-02-27T15:58:11+05:30
2ba61159-01d9-4a0f-9707-70b302bc869b,UPHOSPREF000590,Primary Health Centre Faridpur,Single,PUBLIC,Medical College,1954,Uttar Pradesh,UP,Bareilly,Bareilly,Faridpur,221676,30.242207,79.549389,DR. AMIT KUMAR,9680967979,hospital590@gov.up.in,NABH,PRE,2029-10-23,False,308,235,True,False,True,True,False,True,True,2026-02-27T15:58:11+05:30,2026-02-27T15:58:11+05:30
4dcb37bf-12e2-403b-b497-a7c10f381db9,UPHOSPREF000591,District Hospital Kanpur Nagar,Single,PUBLIC,District Hospital,1950,Uttar Pradesh,UP,Kanpur Nagar,Kanpur,Rasulabad,203387,29.365903,81.630537,DR. RAVINDRA NATH,9422347947,hospital591@gov.up.in,NABL,FULL,2030-05-07,False,59,49,True,True,True,True,True,True,True,2026-02-27T15:58:11+05:30,2026-02-27T15:58:11+05:30
19225f07-8ce0-4bd3-9168-d18c152e050d,UPHOSPREF000592,Ganesh Medical Centre,Single,PRIVATE,Private,2005,Uttar Pradesh,UP,Kasganj,Aligarh,Kasganj Block 5,214274,28.899726,81.204298,DR. MANOJ KUMAR,7922060424,hospital592@pvt.up.in,JCI,PRE,,False,43,37,False,False,True,True,False,True,False,2026-02-27T15:58:11+05:30,2026-02-27T15:58:11+05:30
60a002f8-1cbf-47a4-be0d-933f039b35ef,UPHOSPREF000593,Medical College Hospital Gautam Buddha Nagar,Single,PUBLIC,Civil Hospital,1977,Uttar Pradesh,UP,Gautam Buddha Nagar,Meerut,Gautam Block 4,254679,24.630338,83.241817,DR. BRIJESH KUMAR,7662636356,hospital593@gov.up.in,,PRE,2028-10-28,False,282,243,True,False,True,True,False,True,True,2026-02-27T15:58:11+05:30,2026-02-27T15:58:11+05:30
ad07b329-06d5-46f3-9709-399ed205e161,UPHOSPREF000594,Community Health Centre Moradabad Block 5,Single,PUBLIC,CHC,1990,Uttar Pradesh,UP,Moradabad,Moradabad,Moradabad Block 5,217437,29.110411,77.240208,DR. MUKESH KUMAR SINGH,7968676223,hospital594@gov.up.in,JCI,,2026-04-05,False,252,207,False,False,True,True,False,True,False,2026-02-27T15:58:11+05:30,2026-02-27T15:58:11+05:30
34090c65-27b3-4fd0-9365-9c0db5a3a046,UPHOSPREF000595,Shakti Nursing Home,Single,PRIVATE,NGO,1996,Uttar Pradesh,UP,Auraiya,Kanpur,Auraiya Block 1,247185,26.205491,83.549348,DR. DEEPAK KUMAR,9548780570,hospital595@pvt.up.in,NABH,PRE,,False,171,151,True,True,True,True,True,True,False,2026-02-27T15:58:11+05:30,2026-02-27T15:58:11+05:30
9713d5b5-bdfb-4560-941b-75828ca83d3b,UPHOSPREF000596,Combined Hospital Amethi,Single,PUBLIC,Medical College,1987,Uttar Pradesh,UP,Amethi,Ayodhya,Amethi Block 5,286298,29.63929,82.96111,DR. RAJEEV KUMAR,9890365251,hospital596@gov.up.in,NABL,FULL,2029-08-07,False,10,7,False,False,False,True,False,False,False,2026-02-27T15:58:11+05:30,2026-02-27T15:58:11+05:30
78c8b6e1-51b0-412d-a2e4-d3ca7655de51,UPHOSPREF000597,Women Hospital Azamgarh,Single,PUBLIC,PHC,1974,Uttar Pradesh,UP,Azamgarh,Azamgarh,Phulpur,211992,23.66978,77.188976,DR. RAKESH KUMAR,9614674618,hospital597@gov.up.in,NABL,FULL,,False,172,133,True,True,True,True,False,True,True,2026-02-27T15:58:11+05:30,2026-02-27T15:58:11+05:30
77941d05-1445-409b-abbf-6a6ecab13bf1,UPHOSPREF000598,Zonal Hospital Sonbhadra,Single,PUBLIC,Medical College,1969,Uttar Pradesh,UP,Sonbhadra,Mirzapur,Sonbhadra Block 6,276480,26.113747,81.580453,DR. PAPPU YADAV,8092709418,hospital598@gov.up.in,NABH,PRE,,False,37,27,True,False,True,True,False,True,False,2026-02-27T15:58:11+05:30,2026-02-27T15:58:11+05:30
e234c61a-b45f-4f3e-9b18-f107bdb90eeb,UPHOSPREF000599,Gupta & Srivastava Cancer Institute,Single,PRIVATE,Private,2002,Uttar Pradesh,UP,Gorakhpur,Gorakhpur,Khorabar,234691,24.785098,84.184057,DR. SANJAY KUMAR,7722783109,hospital599@pvt.up.in,,,,False,84,60,True,True,True,True,True,True,True,2026-02-27T15:58:11+05:30,2026-02-27T15:58:11+05:30
2971041e-f4b3-4dbc-b941-bb7cdd3c2ad0,UPHOSPREF000600,District Hospital Jaunpur,Single,PUBLIC,District Hospital,1956,Uttar Pradesh,UP,Jaunpur,Varanasi,Jaunpur Block 5,232583,29.264077,81.795757,DR. NARESH KUMAR BIND,7926193016,hospital600@gov.up.in,NABL,,2028-12-08,False,28,23,False,False,False,True,False,True,True,2026-02-27T15:58:11+05:30,2026-02-27T15:58:11+05:30
7319f433-3a62-400b-bb73-a84b5ee6d232,UPHOSPREF000601,Combined Hospital Varanasi,Single,PUBLIC,PHC,1973,Uttar Pradesh,UP,Varanasi,Varanasi,Baragaon,266794,26.312303,80.834473,DR. RAKESH KUMAR,9605830826,hospital601@gov.up.in,,,,False,22,17,True,False,False,True,False,True,True,2026-02-27T15:58:11+05:30,2026-02-27T15:58:11+05:30
18f428f2-80c7-40cf-8e1f-c54e6478aad6,UPHOSPREF000602,Hanuman Medical Centre,Single,PRIVATE,NGO,2014,Uttar Pradesh,UP,Meerut,Meerut,Rohta,290252,29.964784,81.831761,DR. HEMANT KUMAR,7821621419,hospital602@pvt.up.in,NABH,,,False,244,186,True,False,True,True,False,True,True,2026-02-27T15:58:11+05:30,2026-02-27T15:58:11+05:30
d184befa-0281-4317-8c24-42aae42ba84e,UPHOSPREF000603,District Hospital Kaushambi,Single,PUBLIC,Civil Hospital,1979,Uttar Pradesh,UP,Kaushambi,Prayagraj,Kaushambi Block 8,249466,29.187855,78.487699,DR. VIVEK KUMAR,7587744000,hospital603@gov.up.in,,FULL,2030-11-19,True,28,26,True,False,False,True,False,True,True,2026-02-27T15:58:11+05:30,2026-02-27T15:58:11+05:30
3c96aabd-e7cb-4c45-ac1c-614097b559da,UPHOSPREF000604,Sub-District Hospital Kasganj,Single,PUBLIC,CHC,1989,Uttar Pradesh,UP,Kasganj,Aligarh,Kasganj Block 3,274461,24.305013,81.963785,DR. UMESH KUMAR NISHAD,9418908182,hospital604@gov.up.in,NABH,PRE,2031-01-25,False,9,6,False,False,False,True,False,False,True,2026-02-27T15:58:11+05:30,2026-02-27T15:58:11+05:30
7ff394e9-3485-4a4d-8fcd-340365ed2cb4,UPHOSPREF000605,Dr. Mishra Hospital & Research Centre,Single,PRIVATE,Private,2005,Uttar Pradesh,UP,Lakhimpur Kheri,Lucknow,Lakhimpur Block 5,217755,27.466564,79.598056,DR. RAVINDRA NATH CHAUHAN,9810097752,hospital605@pvt.up.in,JCI,PRE,,False,242,192,True,True,True,True,False,True,False,2026-02-27T15:58:11+05:30,2026-02-27T15:58:11+05:30
1cb0817d-76d0-48d0-82ac-48635fd57926,UPHOSPREF000606,Sub-District Hospital Mau,Single,PUBLIC,Medical College,1994,Uttar Pradesh,UP,Mau,Azamgarh,Mau Block 3,290237,28.844483,79.657722,DR. GUDDU KUMAR LODHI,9432237068,hospital606@gov.up.in,NABH,,2029-10-29,False,23,18,True,False,False,True,False,True,True,2026-02-27T15:58:11+05:30,2026-02-27T15:58:11+05:30
1b2f0ee7-8e17-4f56-8bf1-17613a055ae4,UPHOSPREF000607,Sub-District Hospital Mirzapur,Single,PUBLIC,District Hospital,1993,Uttar Pradesh,UP,Mirzapur,Mirzapur,Mirzapur Block 4,283263,30.216968,80.416157,DR. PRADEEP KUMAR SINGH,9533235351,hospital607@gov.up.in,,,,False,14,11,False,False,False,True,False,True,False,2026-02-27T15:58:11+05:30,2026-02-27T15:58:11+05:30
dac51237-edbb-4ee9-acf5-9937337ecbe5,UPHOSPREF000608,Dr. Pandey Medical Centre,Single,PRIVATE,Trust,2018,Uttar Pradesh,UP,Ballia,Azamgarh,Ballia Block 2,236161,26.244097,77.018947,DR. GUDDU KUMAR,7966951411,hospital608@pvt.up.in,NABL,FULL,2029-11-04,False,289,232,True,True,True,True,True,True,True,2026-02-27T15:58:11+05:30,2026-02-27T15:58:11+05:30
1bc45ab0-2708-4ce3-9ddb-e3409e93bd52,UPHOSPREF000609,Dr. Agarwal Heart Institute,Single,PRIVATE,Trust,1994,Uttar Pradesh,UP,Amroha,Moradabad,Amroha Block 8,240168,25.784619,78.06314,DR. RAMESH CHANDRA,7016193922,hospital609@pvt.up.in,,FULL,,False,25,21,True,False,False,True,False,True,False,2026-02-27T15:58:11+05:30,2026-02-27T15:58:11+05:30
00022a0c-c67a-4d66-a9d6-dab6cb850efd,UPHOSPREF000610,Shiv Children Hospital,Single,PRIVATE,Private,2009,Uttar Pradesh,UP,Pilibhit,Bareilly,Pilibhit Block 6,203343,26.530055,80.316108,DR. RAJESH KUMAR,7660005910,hospital610@pvt.up.in,,PRE,2029-03-18,False,271,206,True,True,True,True,True,True,True,2026-02-27T15:58:11+05:30,2026-02-27T15:58:11+05:30
5e9bcbc0-18e7-4d4e-b2a2-c1a2eeda36cc,UPHOSPREF000611,Community Health Centre Bahraich Block 3,Single,PUBLIC,Civil Hospital,1978,Uttar Pradesh,UP,Bahraich,Devipatan,Bahraich Block 3,253390,24.223625,84.34133,DR. DEVENDRA KUMAR,7643494808,hospital611@gov.up.in,NABL,FULL,2028-03-10,False,30,26,False,False,False,True,False,True,True,2026-02-27T15:58:11+05:30,2026-02-27T15:58:11+05:30
56afb951-aaf4-4664-bdf2-0ac91a4a066d,UPHOSPREF000612,Zonal Hospital Gorakhpur,Single,PUBLIC,CHC,1974,Uttar Pradesh,UP,Gorakhpur,Gorakhpur,Gola,242648,27.870523,81.944526,DR. AMIT KUMAR GUPTA,9406766031,hospital612@gov.up.in,,PRE,2028-09-17,False,23,17,True,False,False,True,False,True,True,2026-02-27T15:58:11+05:30,2026-02-27T15:58:11+05:30
9ce7a416-a770-4f67-81e0-7b44323fe502,UPHOSPREF000613,Zonal Hospital Gorakhpur,Single,PUBLIC,PHC,1984,Uttar Pradesh,UP,Gorakhpur,Gorakhpur,Brahmpur,222340,24.635279,83.854755,DR. ARVIND KUMAR,7981661644,hospital613@gov.up.in,JCI,PRE,2029-12-01,False,190,136,True,True,True,True,True,True,True,2026-02-27T15:58:11+05:30,2026-02-27T15:58:11+05:30
329a769e-96ab-48fb-b82a-409c20359649,UPHOSPREF000614,Durga Nursing Home,Single,PRIVATE,NGO,1990,Uttar Pradesh,UP,Amroha,Moradabad,Amroha Block 2,282485,26.742754,80.955867,DR. RAJESH KUMAR,7832031005,hospital614@pvt.up.in,NABL,PRE,,True,174,157,True,True,True,True,False,True,True,2026-02-27T15:58:11+05:30,2026-02-27T15:58:11+05:30
fde585e8-4da2-4045-8edb-dea77f2bfde2,UPHOSPREF000615,Community Health Centre Lakhimpur Block 3,Single,PUBLIC,CHC,1993,Uttar Pradesh,UP,Lakhimpur Kheri,Lucknow,Lakhimpur Block 3,204848,24.219142,81.619349,DR. PREM SHANKAR PASI,7607669757,hospital615@gov.up.in,NABH,FULL,2027-04-14,False,85,70,False,False,True,True,False,True,True,2026-02-27T15:58:11+05:30,2026-02-27T15:58:11+05:30
1c99b149-dc12-40e7-8ff3-21557ced1179,UPHOSPREF000616,Agarwal & Srivastava Nursing Home,Single,PRIVATE,Private,1990,Uttar Pradesh,UP,Agra,Agra,Bah,246304,28.144101,82.794791,DR. VIJAY KUMAR GUPTA,7668089046,hospital616@pvt.up.in,NABH,FULL,,False,28,25,True,False,False,True,False,True,False,2026-02-27T15:58:11+05:30,2026-02-27T15:58:11+05:30
773f7fa2-f78a-4b7d-98a4-1a388c138acb,UPHOSPREF000617,Dr. Verma Maternity & General Hospital,Single,PRIVATE,Private,1995,Uttar Pradesh,UP,Lucknow,Lucknow,Chinhat,206171,28.985472,83.787712,DR. PAPPU YADAV,7736292533,hospital617@pvt.up.in,JCI,,2029-04-08,False,284,199,False,True,True,True,False,True,True,2026-02-27T15:58:11+05:30,2026-02-27T15:58:11+05:30
634a130c-fcbe-4e59-a818-ddcac4bfae04,UPHOSPREF000618,Urban Community Health Centre Ramnagar,Single,PUBLIC,CHC,1978,Uttar Pradesh,UP,Bareilly,Bareilly,Ramnagar,256032,27.960714,77.835607,DR. PREM SHANKAR,9747849507,hospital618@gov.up.in,JCI,PRE,2026-04-10,False,271,206,True,False,True,True,False,True,True,2026-02-27T15:58:11+05:30,2026-02-27T15:58:11+05:30
535536b6-459d-430e-bdb3-ce4a1fd27e14,UPHOSPREF000619,Dr. Gupta Surgical Centre,Single,PRIVATE,Private,2020,Uttar Pradesh,UP,Sant Kabir Nagar,Basti,Sant Block 8,266067,27.535925,78.368205,DR. RAVINDRA NATH,9452317667,hospital619@pvt.up.in,JCI,,,False,234,204,True,True,True,True,False,True,True,2026-02-27T15:58:11+05:30,2026-02-27T15:58:11+05:30
f3326ff2-35ac-4914-bcf0-0379f732cf20,UPHOSPREF000620,Zonal Hospital Etah,Single,PUBLIC,District Hospital,1960,Uttar Pradesh,UP,Etah,Aligarh,Etah Block 4,267113,23.852718,78.183462,DR. SHYAM LAL,8094403267,hospital620@gov.up.in,JCI,PRE,,False,58,52,True,False,True,True,False,True,False,2026-02-27T15:58:11+05:30,2026-02-27T15:58:11+05:30
1b99ed4b-8ebc-414b-b3d9-8635c8ef44da,UPHOSPREF000621,Primary Health Centre Fatehpur Block 4,Single,PUBLIC,Civil Hospital,1974,Uttar Pradesh,UP,Fatehpur,Prayagraj,Fatehpur Block 4,286647,25.437413,81.321246,DR. VIRENDRA SINGH CHAUHAN,9463861543,hospital621@gov.up.in,NABL,PRE,,False,12,11,False,False,False,True,False,True,True,2026-02-27T15:58:11+05:30,2026-02-27T15:58:11+05:30
e44955c4-8e35-4f64-b973-07fdb285e006,UPHOSPREF000622,Sub-District Hospital Hapur,Single,PUBLIC,PHC,1975,Uttar Pradesh,UP,Hapur,Meerut,Hapur Block 2,251806,24.286297,79.671534,DR. BRIJESH KUMAR,9603216097,hospital622@gov.up.in,NABL,FULL,2027-06-26,False,389,278,True,True,True,True,False,True,True,2026-02-27T15:58:11+05:30,2026-02-27T15:58:11+05:30
5f74e2e2-dde4-4877-afe8-c66f668662b7,UPHOSPREF000623,Zonal Hospital Mainpuri,Single,PUBLIC,CHC,1966,Uttar Pradesh,UP,Mainpuri,Agra,Mainpuri Block 3,224323,29.476916,82.575671,DR. ROHIT KUMAR SINGH,7764758672,hospital623@gov.up.in,,FULL,,False,50,36,True,False,True,True,False,True,True,2026-02-27T15:58:11+05:30,2026-02-27T15:58:11+05:30
ed97bf9e-176e-4da6-a616-88f8388d00d8,UPHOSPREF000624,Zonal Hospital Kanpur Dehat,Single,PUBLIC,District Hospital,1959,Uttar Pradesh,UP,Kanpur Dehat,Kanpur,Kanpur Block 5,264820,26.265859,83.39533,DR. VIJAY KUMAR PANDEY,8143029496,hospital624@gov.up.in,NABL,PRE,2028-07-28,False,30,27,True,False,False,True,False,True,True,2026-02-27T15:58:11+05:30,2026-02-27T15:58:11+05:30
210d53e0-7563-4263-a66d-c5cb28e89743,UPHOSPREF000625,Women Hospital Fatehpur,Single,PUBLIC,Civil Hospital,1957,Uttar Pradesh,UP,Fatehpur,Prayagraj,Fatehpur Block 4,286389,27.114725,81.227714,DR. RAM PRASAD,7534861506,hospital625@gov.up.in,,PRE,2029-12-16,False,29,27,True,False,False,True,False,True,False,2026-02-27T15:58:11+05:30,2026-02-27T15:58:11+05:30
f028fa1e-2579-4cf3-8f4a-1403c50ecd0b,UPHOSPREF000626,Trauma Centre Gautam Block 7,Single,PUBLIC,PHC,1951,Uttar Pradesh,UP,Gautam Buddha Nagar,Meerut,Gautam Block 7,215117,30.061847,82.128832,DR. VIJAY KUMAR,9761850049,hospital626@gov.up.in,,PRE,,False,67,57,True,True,True,True,True,True,True,2026-02-27T15:58:11+05:30,2026-02-27T15:58:11+05:30
4778b43a-760b-404b-86d1-e2e787fe59e7,UPHOSPREF000627,Medical College Hospital Amethi,Single,PUBLIC,District Hospital,1958,Uttar Pradesh,UP,Amethi,Ayodhya,Amethi Block 2,236853,24.713347,78.788804,DR. RAKESH KUMAR,9751918195,hospital627@gov.up.in,NABH,FULL,,False,24,20,False,False,False,True,False,True,False,2026-02-27T15:58:11+05:30,2026-02-27T15:58:11+05:30
98996e2b-fd7d-42db-9e98-c546a28254cc,UPHOSPREF000628,Dr. Srivastava Surgical Centre,Single,PRIVATE,Trust,2006,Uttar Pradesh,UP,Agra,Agra,Bah,294686,28.090197,81.388811,DR. ARVIND KUMAR,9415533509,hospital628@pvt.up.in,NABL,FULL,2027-07-16,False,289,232,False,True,True,True,False,True,True,2026-02-27T15:58:11+05:30,2026-02-27T15:58:11+05:30
b953826f-a93e-45d3-a39a-55df4b2c4a4e,UPHOSPREF000629,Saraswati Surgical Centre,Single,PRIVATE,Trust,2009,Uttar Pradesh,UP,Sitapur,Lucknow,Sitapur Block 1,210272,25.591995,83.643055,DR. AMIT KUMAR,7765367363,hospital629@pvt.up.in,JCI,,,False,23,17,True,False,False,True,False,True,True,2026-02-27T15:58:11+05:30,2026-02-27T15:58:11+05:30
43b7d117-b51e-46dc-b26f-696b0ff56c82,UPHOSPREF000630,Urban Community Health Centre Ayodhya Block 1,Single,PUBLIC,Medical College,1980,Uttar Pradesh,UP,Ayodhya,Ayodhya,Ayodhya Block 1,272816,27.236984,80.541409,DR. PAPPU YADAV,8019617272,hospital630@gov.up.in,JCI,,,False,9,7,False,False,False,True,False,False,False,2026-02-27T15:58:11+05:30,2026-02-27T15:58:11+05:30
6bab69eb-9afa-4043-a8a8-f7c0b089c088,UPHOSPREF000631,Dr. Verma Eye Hospital,Single,PRIVATE,Trust,1997,Uttar Pradesh,UP,Ghaziabad,Meerut,Tronica City,254084,24.691468,82.368486,DR. RAM PRASAD,8069545399,hospital631@pvt.up.in,,FULL,,False,182,147,True,True,True,True,True,True,True,2026-02-27T15:58:11+05:30,2026-02-27T15:58:11+05:30
14689f0a-3d52-4137-a6a9-faf2389d7b2d,UPHOSPREF000632,Tiwari & Mishra Orthopaedic Centre,Single,PRIVATE,NGO,2008,Uttar Pradesh,UP,Mainpuri,Agra,Mainpuri Block 4,260557,28.762302,77.579212,DR. ROHIT KUMAR LODHI,9863187614,hospital632@pvt.up.in,JCI,PRE,,False,289,267,True,False,True,True,False,True,False,2026-02-27T15:58:11+05:30,2026-02-27T15:58:11+05:30
7d30507d-4a27-4c69-b2b8-08eda53ca9a6,UPHOSPREF000633,District Hospital Raebareli,Single,PUBLIC,District Hospital,1952,Uttar Pradesh,UP,Raebareli,Lucknow,Raebareli Block 1,290900,26.292709,82.247358,DR. ARVIND KUMAR,8128946599,hospital633@gov.up.in,NABL,PRE,2027-05-12,False,385,329,False,True,True,True,False,True,True,2026-02-27T15:58:11+05:30,2026-02-27T15:58:11+05:30
8c7430a4-0ea6-41ca-b018-056e339aa5b0,UPHOSPREF000634,District Hospital Lucknow,Single,PUBLIC,CHC,1992,Uttar Pradesh,UP,Lucknow,Lucknow,Gosainganj,204871,29.830209,77.932553,DR. RAKESH KUMAR,9780447911,hospital634@gov.up.in,,FULL,,False,160,113,True,True,True,True,True,True,True,2026-02-27T15:58:11+05:30,2026-02-27T15:58:11+05:30
96db583d-7981-452f-9291-b456e020d267,UPHOSPREF000635,Trauma Centre Kanpur Block 2,Single,PUBLIC,PHC,1981,Uttar Pradesh,UP,Kanpur Dehat,Kanpur,Kanpur Block 2,253139,29.440632,78.629403,DR. MUKESH KUMAR,8042269275,hospital635@gov.up.in,,FULL,2028-10-18,True,35,29,True,False,True,True,False,True,False,2026-02-27T15:58:11+05:30,2026-02-27T15:58:11+05:30
8bc71410-a0f1-4c76-800f-5300d9496eca,UPHOSPREF000636,Mishra & Srivastava Heart Institute,Single,PRIVATE,Private,1993,Uttar Pradesh,UP,Mathura,Agra,Baldeo,224846,28.608736,81.170932,DR. ANIL KUMAR,8035257915,hospital636@pvt.up.in,NABH,,,False,141,104,True,True,True,True,True,True,True,2026-02-27T15:58:11+05:30,2026-02-27T15:58:11+05:30
bb35f752-a368-480e-afba-21573ff95c48,UPHOSPREF000637,Community Health Centre Shravasti Block 2,Single,PUBLIC,Medical College,1976,Uttar Pradesh,UP,Shravasti,Devipatan,Shravasti Block 2,275580,28.007901,79.401897,DR. VIVEK KUMAR RAJBHAR,7705157057,hospital637@gov.up.in,,PRE,,False,306,266,True,True,True,True,False,True,False,2026-02-27T15:58:11+05:30,2026-02-27T15:58:11+05:30
77bee0a6-3736-41b7-878e-2044de6db9a2,UPHOSPREF000638,Dr. Tiwari Hospital & Research Centre,Single,PRIVATE,Private,2000,Uttar Pradesh,UP,Varanasi,Varanasi,Pindra,250993,26.841997,79.078782,DR. SHIV KUMAR,8063432223,hospital638@pvt.up.in,NABH,PRE,2028-05-15,False,113,87,True,True,True,True,False,True,True,2026-02-27T15:58:11+05:30,2026-02-27T15:58:11+05:30
d4b57a38-fb5d-4322-bb10-6158a89c9ad4,UPHOSPREF000639,Combined Hospital Kanpur Dehat,Single,PUBLIC,District Hospital,1984,Uttar Pradesh,UP,Kanpur Dehat,Kanpur,Kanpur Block 4,248157,28.281741,79.696802,DR. HEMANT KUMAR YADAV,8162658790,hospital639@gov.up.in,NABL,FULL,,False,81,58,True,True,True,True,False,True,True,2026-02-27T15:58:11+05:30,2026-02-27T15:58:11+05:30
ae1ffb7d-3356-413e-8d09-e4b485d1f91d,UPHOSPREF000640,Trauma Centre Mawana,Single,PUBLIC,District Hospital,1979,Uttar Pradesh,UP,Meerut,Meerut,Mawana,251072,23.766127,79.79846,DR. JAGDISH PRASAD,7997327489,hospital640@gov.up.in,NABH,PRE,,False,10,8,False,False,False,True,False,False,False,2026-02-27T15:58:11+05:30,2026-02-27T15:58:11+05:30
9790f009-c4ec-4e15-8b88-3762ae3b75cc,UPHOSPREF000641,Zonal Hospital Kanpur Nagar,Single,PUBLIC,PHC,1970,Uttar Pradesh,UP,Kanpur Nagar,Kanpur,Patara,244582,28.875907,81.545811,DR. SHYAM LAL,8008328043,hospital641@gov.up.in,JCI,,,False,85,76,True,False,True,True,False,True,False,2026-02-27T15:58:11+05:30,2026-02-27T15:58:11+05:30
c82d2e3f-98ce-491b-94c5-f33223488e8a,UPHOSPREF000642,Medical College Hospital Ghazipur,Single,PUBLIC,Civil Hospital,1989,Uttar Pradesh,UP,Ghazipur,Varanasi,Ghazipur Block 4,205787,27.419389,84.410643,DR. DEEPAK KUMAR,9648102514,hospital642@gov.up.in,NABH,FULL,,False,312,224,True,True,True,True,False,True,False,2026-02-27T15:58:11+05:30,2026-02-27T15:58:11+05:30
774e84f5-a11e-428d-a490-b6e026c3389e,UPHOSPREF000643,Dr. Srivastava Eye Hospital,Single,PRIVATE,Private,2009,Uttar Pradesh,UP,Jalaun,Jhansi,Jalaun Block 8,257009,30.185152,78.632503,DR. RAKESH KUMAR,9524941022,hospital643@pvt.up.in,NABH,,2028-02-29,False,184,138,True,True,True,True,True,True,True,2026-02-27T15:58:11+05:30,2026-02-27T15:58:11+05:30
169bd8af-394c-4bfd-9a8a-251a3680241d,UPHOSPREF000644,Zonal Hospital Balrampur,Single,PUBLIC,Civil Hospital,1980,Uttar Pradesh,UP,Balrampur,Devipatan,Balrampur Block 7,221870,27.253999,81.412624,DR. PRADEEP KUMAR,7518094260,hospital644@gov.up.in,,FULL,2029-04-17,False,217,183,True,True,True,True,False,True,True,2026-02-27T15:58:11+05:30,2026-02-27T15:58:11+05:30
44de4e75-8b0c-4958-a2cc-7fc3fa0c125a,UPHOSPREF000645,Medical College Hospital Azamgarh,Single,PUBLIC,PHC,1984,Uttar Pradesh,UP,Azamgarh,Azamgarh,Phulpur,225026,30.116504,78.101447,DR. RAMESH CHANDRA,7529978584,hospital645@gov.up.in,NABL,PRE,2029-02-15,False,6,4,False,False,False,True,False,False,True,2026-02-27T15:58:11+05:30,2026-02-27T15:58:11+05:30
e143eb48-9803-47ee-a528-afa11a065593,UPHOSPREF000646,Dr. Agarwal Orthopaedic Centre,Single,PRIVATE,Trust,1994,Uttar Pradesh,UP,Ambedkar Nagar,Ayodhya,Ambedkar Block 2,203169,25.572206,83.369186,DR. SHIV KUMAR,9860857678,hospital646@pvt.up.in,NABL,PRE,2029-06-04,False,245,191,True,False,True,True,False,True,True,2026-02-27T15:58:11+05:30,2026-02-27T15:58:11+05:30
886e768d-710b-4ab0-be65-8fbaa25b0e6d,UPHOSPREF000647,Dr. Verma Orthopaedic Centre,Single,PRIVATE,Private,2003,Uttar Pradesh,UP,Banda,Chitrakoot,Banda Block 6,246965,27.401963,83.428682,DR. ARVIND KUMAR,7858981537,hospital647@pvt.up.in,NABL,,,False,255,234,True,True,True,True,False,True,True,2026-02-27T15:58:11+05:30,2026-02-27T15:58:11+05:30
787beee6-ff80-4a5b-aeca-4fd2756f0548,UPHOSPREF000648,District Hospital Pilibhit,Single,PUBLIC,Medical College,1994,Uttar Pradesh,UP,Pilibhit,Bareilly,Pilibhit Block 2,284555,23.964598,83.112882,DR. SHIV KUMAR YADAV,7832460939,hospital648@gov.up.in,NABH,,,False,362,329,False,False,True,True,False,True,False,2026-02-27T15:58:11+05:30,2026-02-27T15:58:11+05:30
ce7867d2-5635-49cc-a736-9403134aac2e,UPHOSPREF000649,Primary Health Centre Rampur Block 8,Single,PUBLIC,District Hospital,1995,Uttar Pradesh,UP,Rampur,Moradabad,Rampur Block 8,245373,29.508345,80.07742,DR. GUDDU KUMAR,7023619790,hospital649@gov.up.in,NABH,FULL,2028-08-14,False,21,18,True,False,False,True,False,True,False,2026-02-27T15:58:11+05:30,2026-02-27T15:58:11+05:30
76d53435-2f53-44c7-977f-fa63dbddef70,UPHOSPREF000650,Primary Health Centre Chirgaon,Single,PUBLIC,Civil Hospital,1985,Uttar Pradesh,UP,Jhansi,Jhansi,Chirgaon,279463,27.324813,77.216928,DR. SURESH KUMAR,8065960220,hospital650@gov.up.in,NABL,,2027-10-21,False,60,52,True,False,True,True,False,True,True,2026-02-27T15:58:11+05:30,2026-02-27T15:58:11+05:30
0309f1cb-d6cd-472f-ba10-6903794d92f9,UPHOSPREF000651,Medical College Hospital Shamli,Single,PUBLIC,Civil Hospital,1976,Uttar Pradesh,UP,Shamli,Saharanpur,Shamli Block 8,232904,27.507654,82.704507,DR. SUSHIL KUMAR,9725510333,hospital651@gov.up.in,NABH,PRE,2028-06-30,False,35,28,True,False,True,True,False,True,False,2026-02-27T15:58:11+05:30,2026-02-27T15:58:11+05:30
0a85f16e-2b22-4dca-a10d-5b92201b4906,UPHOSPREF000652,Trauma Centre Siddharthnagar Block 5,Single,PUBLIC,CHC,1991,Uttar Pradesh,UP,Siddharthnagar,Basti,Siddharthnagar Block 5,258784,29.980866,83.225265,DR. JAGDISH PRASAD,8136671528,hospital652@gov.up.in,NABH,,2030-03-20,False,45,35,True,False,True,True,False,True,True,2026-02-27T15:58:11+05:30,2026-02-27T15:58:11+05:30
82f0c635-e239-4173-a652-e5c58ab0a63e,UPHOSPREF000653,District Hospital Mathura,Single,PUBLIC,Civil Hospital,1971,Uttar Pradesh,UP,Mathura,Agra,Raya,260541,24.55528,77.998174,DR. VIRENDRA SINGH PANDEY,9434883648,hospital653@gov.up.in,,PRE,,False,339,241,True,False,True,True,False,True,True,2026-02-27T15:58:11+05:30,2026-02-27T15:58:11+05:30
f6dbadc9-6b8d-41f4-8648-d12113ee3815,UPHOSPREF000654,Primary Health Centre Bulandshahr Block 2,Single,PUBLIC,Medical College,1959,Uttar Pradesh,UP,Bulandshahr,Meerut,Bulandshahr Block 2,299661,26.866233,84.286946,DR. SUSHIL KUMAR,9811449376,hospital654@gov.up.in,,PRE,2029-05-02,False,70,59,True,True,True,True,False,True,False,2026-02-27T15:58:11+05:30,2026-02-27T15:58:11+05:30
dc0137f9-20fe-4a85-bfdd-45cf9d56fa5f,UPHOSPREF000655,Sub-District Hospital Basti,Single,PUBLIC,Civil Hospital,1961,Uttar Pradesh,UP,Basti,Basti,Basti Block 7,291483,29.964176,82.486458,DR. MUKESH KUMAR,7699451200,hospital655@gov.up.in,NABH,PRE,,False,384,351,False,True,True,True,True,True,True,2026-02-27T15:58:11+05:30,2026-02-27T15:58:11+05:30
acf7cc6d-d2d5-450c-8ea2-2e4c3aab8048,UPHOSPREF000656,Dr. Pandey Orthopaedic Centre,Single,PRIVATE,Trust,2002,Uttar Pradesh,UP,Hapur,Meerut,Hapur Block 3,203445,26.526943,82.491197,DR. SURESH KUMAR CHAUHAN,7671128441,hospital656@pvt.up.in,,,,False,82,76,True,False,True,True,False,True,True,2026-02-27T15:58:11+05:30,2026-02-27T15:58:11+05:30
36514112-6034-4d11-bcc2-83c07762bea0,UPHOSPREF000657,Dr. Pandey Orthopaedic Centre,Single,PRIVATE,Private,2022,Uttar Pradesh,UP,Mau,Azamgarh,Mau Block 3,282777,29.661941,81.620183,DR. MUKESH KUMAR,9614526297,hospital657@pvt.up.in,NABH,FULL,,False,82,70,True,True,True,True,False,True,False,2026-02-27T15:58:11+05:30,2026-02-27T15:58:11+05:30
cbc9e3ca-7d76-4729-8f89-a5d408538b50,UPHOSPREF000658,Shiv Cancer Institute,Single,PRIVATE,NGO,1998,Uttar Pradesh,UP,Kaushambi,Prayagraj,Kaushambi Block 8,255861,27.040239,77.052816,DR. AMIT KUMAR,7953763343,hospital658@pvt.up.in,NABH,FULL,,False,123,109,True,True,True,True,True,True,True,2026-02-27T15:58:11+05:30,2026-02-27T15:58:11+05:30
e050b7f7-ff26-49fc-bcdb-4d99402a8a0e,UPHOSPREF000659,Dr. Agarwal Orthopaedic Centre,Single,PRIVATE,NGO,2005,Uttar Pradesh,UP,Lucknow,Lucknow,Mohanlalganj,276151,29.027455,83.378959,DR. SUSHIL KUMAR VERMA,8075819823,hospital659@pvt.up.in,,FULL,,False,259,207,True,True,True,True,False,True,True,2026-02-27T15:58:11+05:30,2026-02-27T15:58:11+05:30
0ac38087-8f1d-4bb3-91bc-b03fe5299f25,UPHOSPREF000660,District Hospital Kannauj,Single,PUBLIC,PHC,1994,Uttar Pradesh,UP,Kannauj,Kanpur,Kannauj Block 6,264508,27.537473,82.218222,DR. RAJESH KUMAR,9664270502,hospital660@gov.up.in,NABL,,,False,86,72,True,True,True,True,True,True,True,2026-02-27T15:58:11+05:30,2026-02-27T15:58:11+05:30
5c50a41c-8176-4534-acde-b156771df199,UPHOSPREF000661,Shakti Cancer Institute,Single,PRIVATE,NGO,2019,Uttar Pradesh,UP,Sonbhadra,Mirzapur,Sonbhadra Block 3,239494,26.461389,81.831346,DR. ROHIT KUMAR,7625142734,hospital661@pvt.up.in,,PRE,2028-08-13,False,47,41,True,False,True,True,False,True,True,2026-02-27T15:58:11+05:30,2026-02-27T15:58:11+05:30
f2f4c833-612c-47b0-b302-f236cb5beb19,UPHOSPREF000662,Zonal Hospital Lalitpur,Single,PUBLIC,CHC,1968,Uttar Pradesh,UP,Lalitpur,Jhansi,Lalitpur Block 5,274891,28.654107,79.436237,DR. NARESH KUMAR,9876961086,hospital662@gov.up.in,,PRE,,False,47,37,True,False,True,True,False,True,True,2026-02-27T15:58:11+05:30,2026-02-27T15:58:11+05:30
30a2635e-e25b-4493-b0d7-47d97e9b7905,UPHOSPREF000663,Dr. Sharma Hospital & Research Centre,Single,PRIVATE,Private,2007,Uttar Pradesh,UP,Prayagraj,Prayagraj,Phulpur,207688,29.192205,81.4405,DR. DINESH KUMAR KURMI,8086446353,hospital663@pvt.up.in,JCI,PRE,,False,288,211,True,True,True,True,False,True,False,2026-02-27T15:58:11+05:30,2026-02-27T15:58:11+05:30
c89a3cc0-2359-4619-a84c-0e6df2a3d623,UPHOSPREF000664,District Hospital Barabanki,Single,PUBLIC,Civil Hospital,1970,Uttar Pradesh,UP,Barabanki,Ayodhya,Barabanki Block 4,207097,28.189436,78.795454,DR. DEEPAK KUMAR VERMA,9717255206,hospital664@gov.up.in,NABH,PRE,2026-09-10,False,24,17,True,False,False,True,False,True,True,2026-02-27T15:58:11+05:30,2026-02-27T15:58:11+05:30
b608899e-7583-413b-bffe-0de2f1fba9b1,UPHOSPREF000665,Women Hospital Mau,Single,PUBLIC,CHC,1958,Uttar Pradesh,UP,Mau,Azamgarh,Mau Block 8,297698,28.847819,81.455818,DR. RAM PRASAD YADAV,8115376548,hospital665@gov.up.in,,FULL,,False,208,194,True,True,True,True,True,True,True,2026-02-27T15:58:11+05:30,2026-02-27T15:58:11+05:30
955003ac-10e8-425c-a740-d329e48f099b,UPHOSPREF000666,Laxmi Maternity & General Hospital,Single,PRIVATE,Private,2019,Uttar Pradesh,UP,Barabanki,Ayodhya,Barabanki Block 1,229647,25.056963,79.049111,DR. RAJESH KUMAR,9476814272,hospital666@pvt.up.in,JCI,,,False,90,82,True,True,True,True,False,True,True,2026-02-27T15:58:11+05:30,2026-02-27T15:58:11+05:30
c6367490-c7be-4c38-a755-57c180c83c74,UPHOSPREF000667,Shiv Medical Centre,Single,PRIVATE,Trust,2006,Uttar Pradesh,UP,Sant Kabir Nagar,Basti,Sant Block 1,210260,29.191295,77.200415,DR. DEVENDRA KUMAR PASI,9678577507,hospital667@pvt.up.in,JCI,,2030-04-11,False,157,119,True,True,True,True,False,True,True,2026-02-27T15:58:11+05:30,2026-02-27T15:58:11+05:30
f0a39b48-462c-4632-a2db-53e1f28fb0eb,UPHOSPREF000668,Urban Community Health Centre Inchauli,Single,PUBLIC,District Hospital,1960,Uttar Pradesh,UP,Meerut,Meerut,Inchauli,287477,27.786802,79.952179,DR. GUDDU KUMAR KORI,7092097257,hospital668@gov.up.in,NABH,PRE,2027-10-21,False,35,33,True,False,True,True,False,True,True,2026-02-27T15:58:11+05:30,2026-02-27T15:58:11+05:30
b7220b85-186d-4e82-a7e3-32b1f108eca1,UPHOSPREF000669,Urban Community Health Centre Muzaffarnagar Block 2,Single,PUBLIC,Medical College,1952,Uttar Pradesh,UP,Muzaffarnagar,Saharanpur,Muzaffarnagar Block 2,227362,25.873167,82.765412,DR. BABLU KUMAR,9492145211,hospital669@gov.up.in,NABH,PRE,2026-09-23,False,8,5,False,False,False,True,False,False,True,2026-02-27T15:58:11+05:30,2026-02-27T15:58:11+05:30
6bba99d2-742e-4c5a-8c79-ddbb7cd6f31d,UPHOSPREF000670,Urban Community Health Centre Raebareli Block 8,Single,PUBLIC,Civil Hospital,1952,Uttar Pradesh,UP,Raebareli,Lucknow,Raebareli Block 8,287686,24.922289,78.54697,DR. RAKESH KUMAR,7760507567,hospital670@gov.up.in,NABH,FULL,2030-11-26,False,24,19,True,False,False,True,False,True,False,2026-02-27T15:58:11+05:30,2026-02-27T15:58:11+05:30
e47ecee6-4e1d-49bf-ac89-2f3e0a26a2f0,UPHOSPREF000671,Women Hospital Gorakhpur,Single,PUBLIC,Civil Hospital,1993,Uttar Pradesh,UP,Gorakhpur,Gorakhpur,Chauri Chaura,276877,28.812455,84.445379,DR. SANTOSH KUMAR,7020977950,hospital671@gov.up.in,NABH,FULL,,False,79,62,True,False,True,True,False,True,True,2026-02-27T15:58:11+05:30,2026-02-27T15:58:11+05:30
7c74a3fe-c833-4480-bf77-3b2569feda4c,UPHOSPREF000672,District Hospital Varanasi,Single,PUBLIC,Civil Hospital,1958,Uttar Pradesh,UP,Varanasi,Varanasi,Sewapuri,269665,24.259963,78.837618,DR. VIRENDRA SINGH,9688322728,hospital672@gov.up.in,NABL,FULL,2030-05-19,False,74,51,True,False,True,True,False,True,False,2026-02-27T15:58:11+05:30,2026-02-27T15:58:11+05:30
f27404c5-a83c-4f51-aedf-ad940fceb7ac,UPHOSPREF000673,Verma & Mishra Children Hospital,Single,PRIVATE,Private,2016,Uttar Pradesh,UP,Sultanpur,Ayodhya,Sultanpur Block 5,206396,28.799057,82.979143,DR. SANTOSH KUMAR,7626560529,hospital673@pvt.up.in,,PRE,2028-08-09,False,269,231,True,False,True,True,False,True,True,2026-02-27T15:58:11+05:30,2026-02-27T15:58:11+05:30
49594842-eeda-440c-9d84-05d23688557a,UPHOSPREF000674,Zonal Hospital Gautam Buddha Nagar,Single,PUBLIC,District Hospital,1985,Uttar Pradesh,UP,Gautam Buddha Nagar,Meerut,Gautam Block 1,287320,24.279264,81.000151,DR. SUSHIL KUMAR,7911565915,hospital674@gov.up.in,NABL,PRE,,False,41,28,True,False,True,True,False,True,False,2026-02-27T15:58:11+05:30,2026-02-27T15:58:11+05:30
d4266dd8-633a-410f-80a4-c0fb72408134,UPHOSPREF000675,Women Hospital Chitrakoot,Single,PUBLIC,CHC,1979,Uttar Pradesh,UP,Chitrakoot,Chitrakoot,Chitrakoot Block 5,277229,26.28373,81.382335,DR. ANIL KUMAR,7609265806,hospital675@gov.up.in,,FULL,,False,33,30,True,False,True,True,False,True,False,2026-02-27T15:58:11+05:30,2026-02-27T15:58:11+05:30
bff61730-ce42-45ce-88dc-74143abbcbbf,UPHOSPREF000676,Zonal Hospital Kannauj,Single,PUBLIC,Medical College,1984,Uttar Pradesh,UP,Kannauj,Kanpur,Kannauj Block 3,260742,24.167826,78.673075,DR. ROHIT KUMAR MAURYA,7784639264,hospital676@gov.up.in,NABH,FULL,2028-01-09,False,204,165,True,False,True,True,False,True,True,2026-02-27T15:58:11+05:30,2026-02-27T15:58:11+05:30
7b64b485-6350-4f47-9c8a-5482a29027ae,UPHOSPREF000677,Women Hospital Mainpuri,Single,PUBLIC,Medical College,1960,Uttar Pradesh,UP,Mainpuri,Agra,Mainpuri Block 6,231081,25.416447,84.340563,DR. DEEPAK KUMAR,7548031043,hospital677@gov.up.in,,,,False,348,303,True,True,True,True,True,True,False,2026-02-27T15:58:11+05:30,2026-02-27T15:58:11+05:30
6e4e3210-9365-4047-962a-1969aeb236c7,UPHOSPREF000678,Combined Hospital Gorakhpur,Single,PUBLIC,PHC,1970,Uttar Pradesh,UP,Gorakhpur,Gorakhpur,Chargawan,272380,27.008139,77.497965,DR. ANIL KUMAR KORI,9510239520,hospital678@gov.up.in,JCI,FULL,,False,16,13,False,False,False,True,False,True,True,2026-02-27T15:58:11+05:30,2026-02-27T15:58:11+05:30
c4828875-f675-42b4-8993-217ba936e17a,UPHOSPREF000679,Trauma Centre Siddharthnagar Block 5,Single,PUBLIC,CHC,1976,Uttar Pradesh,UP,Siddharthnagar,Basti,Siddharthnagar Block 5,229068,24.918426,81.316841,DR. RAJU YADAV,7573662166,hospital679@gov.up.in,NABH,FULL,,False,88,73,False,False,True,True,False,True,False,2026-02-27T15:58:11+05:30,2026-02-27T15:58:11+05:30
85043c0c-6419-4b00-91e3-b23106776f95,UPHOSPREF000680,Community Health Centre Pratapgarh Block 4,Single,PUBLIC,CHC,1962,Uttar Pradesh,UP,Pratapgarh,Prayagraj,Pratapgarh Block 4,275087,26.867764,80.422012,DR. PREM SHANKAR,7944187238,hospital680@gov.up.in,JCI,PRE,2028-01-09,False,26,20,True,False,False,True,False,True,True,2026-02-27T15:58:11+05:30,2026-02-27T15:58:11+05:30
462870a7-d72c-437f-9859-06f5271cc205,UPHOSPREF000681,Trauma Centre Bulandshahr Block 1,Single,PUBLIC,CHC,1961,Uttar Pradesh,UP,Bulandshahr,Meerut,Bulandshahr Block 1,246628,23.82153,78.70176,DR. ROHIT KUMAR,9809907720,hospital681@gov.up.in,JCI,FULL,2028-04-30,False,7,6,False,False,False,True,False,False,False,2026-02-27T15:58:11+05:30,2026-02-27T15:58:11+05:30
fbf6d91e-85ce-4c17-a954-5d0e839a3c6b,UPHOSPREF000682,Combined Hospital Bijnor,Single,PUBLIC,District Hospital,1954,Uttar Pradesh,UP,Bijnor,Moradabad,Bijnor Block 7,260675,27.036689,81.223215,DR. RAMU KAKA,9532916589,hospital682@gov.up.in,NABH,FULL,,False,20,17,False,False,False,True,False,True,True,2026-02-27T15:58:11+05:30,2026-02-27T15:58:11+05:30
94a284dc-5cf1-4342-8a6f-4f64dedb0a1e,UPHOSPREF000683,Dr. Pandey Multispeciality Hospital,Single,PRIVATE,Trust,2010,Uttar Pradesh,UP,Raebareli,Lucknow,Raebareli Block 7,224702,24.108162,78.751786,DR. HARI OM,8061857552,hospital683@pvt.up.in,NABH,PRE,2027-07-30,False,282,231,True,True,True,True,False,True,True,2026-02-27T15:58:11+05:30,2026-02-27T15:58:11+05:30
a6a70022-e453-4de8-8ef6-bcb7c470235f,UPHOSPREF000684,Dr. Verma Hospital & Research Centre,Single,PRIVATE,NGO,2007,Uttar Pradesh,UP,Badaun,Bareilly,Badaun Block 8,238214,25.59179,81.931095,DR. RAKESH KUMAR,7906564417,hospital684@pvt.up.in,NABL,PRE,,False,55,40,True,True,True,True,True,True,True,2026-02-27T15:58:11+05:30,2026-02-27T15:58:11+05:30
45e682c8-1edd-43f5-9a9a-63ab65a4f6f5,UPHOSPREF000685,Dr. Verma Surgical Centre,Single,PRIVATE,Trust,2020,Uttar Pradesh,UP,Gonda,Devipatan,Gonda Block 3,249793,30.384841,80.590604,DR. SUSHIL KUMAR,8135321058,hospital685@pvt.up.in,JCI,FULL,,False,19,14,False,False,False,True,False,True,True,2026-02-27T15:58:11+05:30,2026-02-27T15:58:11+05:30
4a1932e9-a828-4e48-80e3-b73a3a88bdb5,UPHOSPREF000686,District Hospital Ballia,Single,PUBLIC,District Hospital,1994,Uttar Pradesh,UP,Ballia,Azamgarh,Ballia Block 2,289572,30.092901,81.60495,DR. RAJESH KUMAR,7555309186,hospital686@gov.up.in,,,,False,119,83,True,False,True,True,False,True,True,2026-02-27T15:58:11+05:30,2026-02-27T15:58:11+05:30
836a040a-d9d3-4aca-aea6-b7dceb825023,UPHOSPREF000687,Dr. Pandey Hospital & Research Centre,Single,PRIVATE,NGO,1999,Uttar Pradesh,UP,Rampur,Moradabad,Rampur Block 1,268203,27.134813,83.078232,DR. ASHOK KUMAR,7561446101,hospital687@pvt.up.in,,PRE,,False,82,69,True,True,True,True,True,True,False,2026-02-27T15:58:11+05:30,2026-02-27T15:58:11+05:30
a0ca67df-3619-4e3c-ba10-f0e214d3dd90,UPHOSPREF000688,Zonal Hospital Saharanpur,Single,PUBLIC,District Hospital,1979,Uttar Pradesh,UP,Saharanpur,Saharanpur,Saharanpur Block 1,209588,26.882131,79.708489,DR. VIRENDRA SINGH,7836636247,hospital688@gov.up.in,,FULL,,False,36,27,True,False,True,True,False,True,False,2026-02-27T15:58:11+05:30,2026-02-27T15:58:11+05:30
f6e59df6-7d53-4a43-be31-bc21ed824a40,UPHOSPREF000689,Primary Health Centre Lalitpur Block 1,Single,PUBLIC,PHC,1964,Uttar Pradesh,UP,Lalitpur,Jhansi,Lalitpur Block 1,246448,28.175211,79.500002,DR. RAMESH CHANDRA,9530254941,hospital689@gov.up.in,NABH,PRE,2028-12-30,False,393,280,True,True,True,True,True,True,False,2026-02-27T15:58:11+05:30,2026-02-27T15:58:11+05:30
984e0e77-c7d8-4c9e-b4c0-91cb3cfc45d4,UPHOSPREF000690,Dr. Srivastava Cancer Institute,Single,PRIVATE,NGO,2017,Uttar Pradesh,UP,Pratapgarh,Prayagraj,Pratapgarh Block 6,275822,30.230759,78.677063,DR. RAMU KAKA,7682529934,hospital690@pvt.up.in,NABL,FULL,,False,55,50,True,True,True,True,True,True,False,2026-02-27T15:58:11+05:30,2026-02-27T15:58:11+05:30
f8ab7fcc-9784-4745-b38a-1cfae3f2b9bc,UPHOSPREF000691,Dr. Verma Multispeciality Hospital,Single,PRIVATE,Trust,2010,Uttar Pradesh,UP,Kanpur Nagar,Kanpur,Ghatampur,219027,26.535923,79.450952,DR. BRIJESH KUMAR,7629614148,hospital691@pvt.up.in,NABL,PRE,2027-02-20,False,95,81,True,True,True,True,False,True,True,2026-02-27T15:58:11+05:30,2026-02-27T15:58:11+05:30
041b081f-9fbf-412a-936a-314f4fe17d9f,UPHOSPREF000692,Srivastava & Verma Heart Institute,Single,PRIVATE,NGO,2013,Uttar Pradesh,UP,Mirzapur,Mirzapur,Mirzapur Block 2,215304,28.281949,79.931596,DR. DEEPAK KUMAR JAISWAL,7571825189,hospital692@pvt.up.in,NABL,FULL,,False,216,170,False,True,True,True,True,True,False,2026-02-27T15:58:11+05:30,2026-02-27T15:58:11+05:30
a2b628b7-8f1d-46db-92b6-969042c93102,UPHOSPREF000693,Sub-District Hospital Varanasi,Single,PUBLIC,CHC,1970,Uttar Pradesh,UP,Varanasi,Varanasi,Pindra,205268,24.258615,80.083929,DR. ANIL KUMAR,7731149367,hospital693@gov.up.in,NABL,PRE,,False,298,238,True,True,True,True,True,True,True,2026-02-27T15:58:11+05:30,2026-02-27T15:58:11+05:30
cbb3f971-4539-4695-a240-b29207bc78eb,UPHOSPREF000694,Gupta & Verma Hospital & Research Centre,Single,PRIVATE,NGO,1995,Uttar Pradesh,UP,Mainpuri,Agra,Mainpuri Block 8,238058,27.704682,83.595108,DR. BABLU KUMAR,7097499413,hospital694@pvt.up.in,,FULL,,False,79,68,True,True,True,True,True,True,True,2026-02-27T15:58:11+05:30,2026-02-27T15:58:11+05:30
8325ecfe-0863-4a34-b714-c82d017a36e3,UPHOSPREF000695,Urban Community Health Centre Ballia Block 5,Single,PUBLIC,District Hospital,1975,Uttar Pradesh,UP,Ballia,Azamgarh,Ballia Block 5,247064,25.374389,77.827568,DR. MUKESH KUMAR LODHI,7017365809,hospital695@gov.up.in,,PRE,,False,45,41,True,False,True,True,False,True,False,2026-02-27T15:58:11+05:30,2026-02-27T15:58:11+05:30
4d3bc74a-40ab-4dcd-9294-f34fc3408d24,UPHOSPREF000696,Singh & Verma Multispeciality Hospital,Single,PRIVATE,NGO,2013,Uttar Pradesh,UP,Ghazipur,Varanasi,Ghazipur Block 5,260098,28.224272,83.39665,DR. HARI OM,9426372733,hospital696@pvt.up.in,NABL,,2028-10-17,False,85,72,True,True,True,True,False,True,True,2026-02-27T15:58:11+05:30,2026-02-27T15:58:11+05:30
975d2175-7e14-43de-86aa-003a47ce08f8,UPHOSPREF000697,Ram Maternity & General Hospital,Single,PRIVATE,NGO,1993,Uttar Pradesh,UP,Prayagraj,Prayagraj,Koraon,207136,29.4564,77.06059,DR. GUDDU KUMAR,7847187562,hospital697@pvt.up.in,JCI,FULL,2028-11-10,False,155,138,True,True,True,True,False,True,True,2026-02-27T15:58:11+05:30,2026-02-27T15:58:11+05:30
e0939087-ac41-4e0a-bf32-d82c22e257fa,UPHOSPREF000698,Shakti Children Hospital,Single,PRIVATE,Private,1996,Uttar Pradesh,UP,Gorakhpur,Gorakhpur,Khajani,264457,29.650081,78.359914,DR. SUSHIL KUMAR,7639406452,hospital698@pvt.up.in,NABL,PRE,,False,149,108,True,True,True,True,True,True,True,2026-02-27T15:58:11+05:30,2026-02-27T15:58:11+05:30
682a4a50-e514-46f8-88d2-90c351729b29,UPHOSPREF000699,Pandey & Gupta Orthopaedic Centre,Single,PRIVATE,Private,2002,Uttar Pradesh,UP,Basti,Basti,Basti Block 4,239618,29.482663,78.663121,DR. HARI OM,7923715284,hospital699@pvt.up.in,,FULL,,False,59,42,False,True,True,True,True,True,False,2026-02-27T15:58:11+05:30,2026-02-27T15:58:11+05:30
48aae692-87fe-4be9-9b8c-e08d4c44689d,UPHOSPREF000700,Trauma Centre Barabanki Block 8,Single,PUBLIC,District Hospital,1988,Uttar Pradesh,UP,Barabanki,Ayodhya,Barabanki Block 8,272081,30.467453,82.124607,DR. RAMESH CHANDRA,7089704729,hospital700@gov.up.in,JCI,,,False,30,23,True,False,False,True,False,True,True,2026-02-27T15:58:11+05:30,2026-02-27T15:58:11+05:30
933bac93-7b41-4ae5-84ff-7042c2e5ed5d,UPHOSPREF000701,Srivastava & Verma Children Hospital,Single,PRIVATE,Private,2002,Uttar Pradesh,UP,Mirzapur,Mirzapur,Mirzapur Block 3,200736,24.583487,82.686369,DR. SURESH KUMAR,7868523256,hospital701@pvt.up.in,NABL,,,False,234,183,True,True,True,True,True,True,False,2026-02-27T15:58:11+05:30,2026-02-27T15:58:11+05:30
bf5461ef-17c0-4e98-8b6f-bbb791b3adc5,UPHOSPREF000702,Women Hospital Lucknow,Single,PUBLIC,CHC,1981,Uttar Pradesh,UP,Lucknow,Lucknow,Sarojini Nagar,239555,28.336456,84.372069,DR. PREM SHANKAR,7610856499,hospital702@gov.up.in,NABL,FULL,2030-06-21,False,119,112,True,False,True,True,False,True,True,2026-02-27T15:58:11+05:30,2026-02-27T15:58:11+05:30
db3fdada-75d0-4a5d-b8d1-a53bbd4f446b,UPHOSPREF000703,Krishna Eye Hospital,Single,PRIVATE,NGO,2014,Uttar Pradesh,UP,Lucknow,Lucknow,Sardar Nagar,232710,24.755696,83.729006,DR. SURESH KUMAR,9584209913,hospital703@pvt.up.in,NABL,PRE,,False,164,118,True,True,True,True,True,True,True,2026-02-27T15:58:11+05:30,2026-02-27T15:58:11+05:30
396f282a-612c-4ce1-9dcf-9330f9dd8328,UPHOSPREF000704,Singh & Tiwari Medical Centre,Single,PRIVATE,Trust,2000,Uttar Pradesh,UP,Varanasi,Varanasi,Sewapuri,254157,26.036027,83.824128,DR. BABLU KUMAR RAJBHAR,7591690071,hospital704@pvt.up.in,JCI,FULL,,False,132,108,True,True,True,True,True,True,False,2026-02-27T15:58:11+05:30,2026-02-27T15:58:11+05:30
3157d0e1-190e-4ba7-b8f7-d292880a2840,UPHOSPREF000705,Primary Health Centre Unnao Block 6,Single,PUBLIC,Civil Hospital,1951,Uttar Pradesh,UP,Unnao,Lucknow,Unnao Block 6,205372,29.626509,77.51113,DR. DINESH KUMAR,9706201587,hospital705@gov.up.in,NABH,PRE,,False,400,294,False,True,True,True,True,True,True,2026-02-27T15:58:11+05:30,2026-02-27T15:58:11+05:30
c6b2aafc-03cc-4fa9-81ba-8ac203cfac70,UPHOSPREF000706,Community Health Centre Siddharthnagar Block 1,Single,PUBLIC,Civil Hospital,1985,Uttar Pradesh,UP,Siddharthnagar,Basti,Siddharthnagar Block 1,286704,29.617686,78.829282,DR. MANOJ KUMAR,7577469203,hospital706@gov.up.in,NABL,PRE,2028-05-14,False,14,12,False,False,False,True,False,True,True,2026-02-27T15:58:11+05:30,2026-02-27T15:58:11+05:30
d4a1cb66-9da9-4f16-a5ff-19110e8bc369,UPHOSPREF000707,Urban Community Health Centre Mohanlalganj,Single,PUBLIC,PHC,1970,Uttar Pradesh,UP,Lucknow,Lucknow,Mohanlalganj,212703,29.111236,78.006237,DR. BABLU KUMAR LODHI,9526887032,hospital707@gov.up.in,,FULL,,False,69,60,False,False,True,True,False,True,True,2026-02-27T15:58:11+05:30,2026-02-27T15:58:11+05:30
181a5e6e-e580-4b50-913b-db2a8bb6042e,UPHOSPREF000708,Zonal Hospital Jalaun,Single,PUBLIC,CHC,1989,Uttar Pradesh,UP,Jalaun,Jhansi,Jalaun Block 8,282936,30.163095,77.899822,DR. ARVIND KUMAR,7644512807,hospital708@gov.up.in,JCI,PRE,2030-03-07,False,30,26,True,False,False,True,False,True,False,2026-02-27T15:58:11+05:30,2026-02-27T15:58:11+05:30
cbcd707a-7433-4832-a55c-80fd25d1108f,UPHOSPREF000709,Women Hospital Badaun,Single,PUBLIC,Medical College,1955,Uttar Pradesh,UP,Badaun,Bareilly,Badaun Block 8,270684,26.354289,83.686405,DR. DEEPAK KUMAR,7768529869,hospital709@gov.up.in,,PRE,,False,9,7,False,False,False,True,False,False,True,2026-02-27T15:58:11+05:30,2026-02-27T15:58:11+05:30
229cad6b-6bc2-4cdb-bfeb-46db2e9d3c12,UPHOSPREF000710,Community Health Centre Moradabad Block 8,Single,PUBLIC,Medical College,1959,Uttar Pradesh,UP,Moradabad,Moradabad,Moradabad Block 8,288176,29.558667,81.58728,DR. RAJEEV KUMAR,9871519137,hospital710@gov.up.in,NABL,,,False,181,156,False,True,True,True,True,True,True,2026-02-27T15:58:11+05:30,2026-02-27T15:58:11+05:30
5451b3cc-7f2b-4346-a2c6-f12a0c8c1d29,UPHOSPREF000711,Agarwal & Tiwari Nursing Home,Single,PRIVATE,Trust,2006,Uttar Pradesh,UP,Gonda,Devipatan,Gonda Block 7,287551,27.616191,84.290794,DR. DEVENDRA KUMAR,7676388508,hospital711@pvt.up.in,NABL,PRE,,True,24,19,True,False,False,True,False,True,True,2026-02-27T15:58:11+05:30,2026-02-27T15:58:11+05:30
93d20d4c-ed7f-49f5-9a1c-e76c05f7996a,UPHOSPREF000712,District Hospital Balrampur,Single,PUBLIC,Civil Hospital,1974,Uttar Pradesh,UP,Balrampur,Devipatan,Balrampur Block 8,216640,28.82369,81.340115,DR. RAKESH KUMAR,9465613332,hospital712@gov.up.in,JCI,FULL,2030-03-03,False,382,310,False,True,True,True,False,True,True,2026-02-27T15:58:11+05:30,2026-02-27T15:58:11+05:30
bd150a8c-94d6-426c-bcd5-c8ae6821be3d,UPHOSPREF000713,Trauma Centre Badaun Block 3,Single,PUBLIC,Civil Hospital,1968,Uttar Pradesh,UP,Badaun,Bareilly,Badaun Block 3,245398,24.061276,78.166456,DR. RAMU KAKA,7502876090,hospital713@gov.up.in,NABL,FULL,,False,34,28,False,False,True,True,False,True,True,2026-02-27T15:58:11+05:30,2026-02-27T15:58:11+05:30
187df607-c713-420e-9ce7-c3d01f3db274,UPHOSPREF000714,Zonal Hospital Etah,Single,PUBLIC,PHC,1973,Uttar Pradesh,UP,Etah,Aligarh,Etah Block 7,275422,29.974969,77.56322,DR. LAKHAN LAL,7019548360,hospital714@gov.up.in,NABH,,2029-10-21,False,29,22,False,False,False,True,False,True,True,2026-02-27T15:58:11+05:30,2026-02-27T15:58:11+05:30
3bccff24-ff82-430d-a7b8-7f3b7501585c,UPHOSPREF000715,Community Health Centre Bijnor Block 8,Single,PUBLIC,Medical College,1995,Uttar Pradesh,UP,Bijnor,Moradabad,Bijnor Block 8,201109,26.653676,80.586226,DR. VIRENDRA SINGH,9657526732,hospital715@gov.up.in,,,,False,26,19,True,False,False,True,False,True,False,2026-02-27T15:58:11+05:30,2026-02-27T15:58:11+05:30
d1206565-bbf6-4ced-9d37-3a3f40a4f91d,UPHOSPREF000716,Srivastava & Mishra Heart Institute,Single,PRIVATE,Trust,2022,Uttar Pradesh,UP,Firozabad,Agra,Firozabad Block 8,295758,25.956809,83.562614,DR. HARI OM,7848872207,hospital716@pvt.up.in,NABL,FULL,,False,82,66,False,True,True,True,True,True,True,2026-02-27T15:58:11+05:30,2026-02-27T15:58:11+05:30
54747cb6-1cc7-4ffc-bcea-2801ae3d1c6d,UPHOSPREF000717,Verma & Mishra Hospital & Research Centre,Single,PRIVATE,NGO,2001,Uttar Pradesh,UP,Azamgarh,Azamgarh,Ateha,224098,28.784645,81.433446,DR. RAMU KAKA,8030357231,hospital717@pvt.up.in,NABH,,,False,93,68,False,True,True,True,True,True,True,2026-02-27T15:58:11+05:30,2026-02-27T15:58:11+05:30
3d69bf68-ccd0-45a6-a140-7900c8b813b9,UPHOSPREF000718,Gupta & Pandey Children Hospital,Single,PRIVATE,Private,1998,Uttar Pradesh,UP,Prayagraj,Prayagraj,Bahria,238807,29.371075,78.840978,DR. RAM PRASAD,9846530798,hospital718@pvt.up.in,NABL,,,False,140,120,True,True,True,True,True,True,True,2026-02-27T15:58:11+05:30,2026-02-27T15:58:11+05:30
b3960456-9c63-4f22-8565-50c8b69428ac,UPHOSPREF000719,Urban Community Health Centre Bahria,Single,PUBLIC,Civil Hospital,1984,Uttar Pradesh,UP,Prayagraj,Prayagraj,Bahria,207317,24.689182,78.198583,DR. BABLU KUMAR,9593926267,hospital719@gov.up.in,NABH,FULL,,False,7,4,False,False,False,True,False,False,True,2026-02-27T15:58:11+05:30,2026-02-27T15:58:11+05:30
0484a5b1-b318-42e6-99da-774cb419269c,UPHOSPREF000720,Sharma & Singh Nursing Home,Single,PRIVATE,Private,2012,Uttar Pradesh,UP,Bareilly,Bareilly,Ramnagar,287035,27.804481,81.094549,DR. GUDDU KUMAR,8081074700,hospital720@pvt.up.in,NABH,PRE,,False,24,20,True,False,False,True,False,True,False,2026-02-27T15:58:11+05:30,2026-02-27T15:58:11+05:30
4f91fae9-942a-4025-bbc0-0eaaf27cd4a8,UPHOSPREF000721,Singh & Singh Nursing Home,Single,PRIVATE,Trust,2021,Uttar Pradesh,UP,Unnao,Lucknow,Unnao Block 7,202271,25.228207,83.673066,DR. AMIT KUMAR,7580446966,hospital721@pvt.up.in,,FULL,,False,178,160,False,True,True,True,False,True,True,2026-02-27T15:58:11+05:30,2026-02-27T15:58:11+05:30
23a7f7dc-25a3-4300-8b49-9819b93a36d2,UPHOSPREF000722,Medical College Hospital Ghaziabad,Single,PUBLIC,District Hospital,1993,Uttar Pradesh,UP,Ghaziabad,Meerut,Tronica City,287537,25.256313,80.078179,DR. VIRENDRA SINGH,9659773400,hospital722@gov.up.in,,FULL,,False,29,26,True,False,False,True,False,True,True,2026-02-27T15:58:11+05:30,2026-02-27T15:58:11+05:30
1a5f4d32-d4b3-43a9-afa4-f4e69c80e375,UPHOSPREF000723,Srivastava & Singh Hospital & Research Centre,Single,PRIVATE,NGO,2011,Uttar Pradesh,UP,Lucknow,Lucknow,Malihabad,278170,27.748105,83.432336,DR. RAVINDRA NATH YADAV,7753223429,hospital723@pvt.up.in,,FULL,2029-03-29,False,187,176,True,True,True,True,True,True,True,2026-02-27T15:58:11+05:30,2026-02-27T15:58:11+05:30
83d7b479-72a0-4875-8dea-21791315c7b2,UPHOSPREF000724,Singh & Srivastava Nursing Home,Single,PRIVATE,NGO,2001,Uttar Pradesh,UP,Gorakhpur,Gorakhpur,Jungle Kaudiram,276359,30.022783,82.48873,DR. VIRENDRA SINGH MAURYA,7684041309,hospital724@pvt.up.in,,PRE,2029-02-18,False,197,170,False,True,True,True,True,True,True,2026-02-27T15:58:11+05:30,2026-02-27T15:58:11+05:30
25799b84-b7f3-48c3-ba9b-7013d7659d7f,UPHOSPREF000725,Dr. Agarwal Children Hospital,Single,PRIVATE,Private,1992,Uttar Pradesh,UP,Kasganj,Aligarh,Kasganj Block 8,273532,28.774706,81.993364,DR. ROHIT KUMAR,7063551773,hospital725@pvt.up.in,,PRE,2028-03-04,False,286,256,True,True,True,True,True,True,False,2026-02-27T15:58:11+05:30,2026-02-27T15:58:11+05:30
3be409f2-d45f-47c7-afef-1980af1813d9,UPHOSPREF000726,Dr. Pandey Hospital & Research Centre,Single,PRIVATE,Trust,1999,Uttar Pradesh,UP,Kaushambi,Prayagraj,Kaushambi Block 8,248671,25.333559,80.41126,DR. PRADEEP KUMAR RAJBHAR,9756899093,hospital726@pvt.up.in,NABH,FULL,,False,150,125,True,False,True,True,False,True,True,2026-02-27T15:58:11+05:30,2026-02-27T15:58:11+05:30
0a052797-9c5e-48ac-a914-ffde627d3be8,UPHOSPREF000727,Dr. Gupta Eye Hospital,Single,PRIVATE,NGO,2016,Uttar Pradesh,UP,Muzaffarnagar,Saharanpur,Muzaffarnagar Block 4,253970,24.817841,78.607875,DR. SUSHIL KUMAR BIND,7568309258,hospital727@pvt.up.in,JCI,PRE,,False,188,143,True,True,True,True,True,True,False,2026-02-27T15:58:11+05:30,2026-02-27T15:58:11+05:30
d605dc79-4141-4d2a-af33-5fe1f87608b4,UPHOSPREF000728,Zonal Hospital Hathras,Single,PUBLIC,District Hospital,1951,Uttar Pradesh,UP,Hathras,Aligarh,Hathras Block 5,247012,24.036112,83.370326,DR. RAKESH KUMAR,9772375110,hospital728@gov.up.in,JCI,PRE,,False,196,150,True,True,True,True,True,True,True,2026-02-27T15:58:11+05:30,2026-02-27T15:58:11+05:30
e0bfb9d3-454e-45e8-8433-855ca65814c6,UPHOSPREF000729,Zonal Hospital Saharanpur,Single,PUBLIC,CHC,1967,Uttar Pradesh,UP,Saharanpur,Saharanpur,Saharanpur Block 4,212395,26.172949,79.815598,DR. PRADEEP KUMAR,9583475954,hospital729@gov.up.in,JCI,,,False,93,82,True,True,True,True,False,True,True,2026-02-27T15:58:11+05:30,2026-02-27T15:58:11+05:30
51c29a49-2b12-4da2-a3c3-22ee900a9ed9,UPHOSPREF000730,Combined Hospital Hathras,Single,PUBLIC,District Hospital,1975,Uttar Pradesh,UP,Hathras,Aligarh,Hathras Block 5,232937,29.550455,82.581067,DR. HARI OM,9652069320,hospital730@gov.up.in,JCI,PRE,,False,77,55,False,True,True,True,False,True,True,2026-02-27T15:58:11+05:30,2026-02-27T15:58:11+05:30
8ad6e7c5-1134-4ca0-a5b6-d37ec3e89170,UPHOSPREF000731,Gupta & Tiwari Eye Hospital,Single,PRIVATE,Trust,1991,Uttar Pradesh,UP,Sant Kabir Nagar,Basti,Sant Block 7,200715,27.300151,78.364787,DR. RAMESH CHANDRA MISHRA,9733803890,hospital731@pvt.up.in,NABL,FULL,,False,30,25,True,False,False,True,False,True,False,2026-02-27T15:58:11+05:30,2026-02-27T15:58:11+05:30
20181e87-65d9-4517-94f7-4da4fde9a1dd,UPHOSPREF000732,District Hospital Amroha,Single,PUBLIC,PHC,1974,Uttar Pradesh,UP,Amroha,Moradabad,Amroha Block 5,280623,26.550244,78.724846,DR. RAM PRASAD,7931499958,hospital732@gov.up.in,JCI,,2026-07-21,False,13,9,False,False,False,True,False,True,False,2026-02-27T15:58:11+05:30,2026-02-27T15:58:11+05:30
197ee658-3480-43ac-8a97-85d30f089490,UPHOSPREF000733,Urban Community Health Centre Mainpuri Block 8,Single,PUBLIC,District Hospital,1993,Uttar Pradesh,UP,Mainpuri,Agra,Mainpuri Block 8,220832,30.369024,83.696549,DR. LAKHAN LAL,9801116387,hospital733@gov.up.in,,,2029-08-17,False,9,7,False,False,False,True,False,False,True,2026-02-27T15:58:11+05:30,2026-02-27T15:58:11+05:30
52affe87-361a-438a-8fc9-b836ff2f1b38,UPHOSPREF000734,Medical College Hospital Sambhal,Single,PUBLIC,Civil Hospital,1983,Uttar Pradesh,UP,Sambhal,Moradabad,Sambhal Block 2,225381,24.145371,79.202193,DR. NARESH KUMAR,7931440612,hospital734@gov.up.in,JCI,FULL,,False,24,22,True,False,False,True,False,True,True,2026-02-27T15:58:11+05:30,2026-02-27T15:58:11+05:30
1d42c146-7e60-4514-99de-a79dccd043b7,UPHOSPREF000735,Sub-District Hospital Ghaziabad,Single,PUBLIC,Civil Hospital,1978,Uttar Pradesh,UP,Ghaziabad,Meerut,Modinagar,248795,27.686383,83.590788,DR. ROHIT KUMAR,7556907546,hospital735@gov.up.in,NABH,FULL,,False,314,252,True,True,True,True,False,True,True,2026-02-27T15:58:11+05:30,2026-02-27T15:58:11+05:30
7c6b6b27-ca35-4d9a-a0e5-8ae998f279c7,UPHOSPREF000736,Community Health Centre Tronica City,Single,PUBLIC,Civil Hospital,1976,Uttar Pradesh,UP,Ghaziabad,Meerut,Tronica City,230259,24.991011,78.421881,DR. RAJESH KUMAR KURMI,7536057126,hospital736@gov.up.in,,PRE,2027-02-13,False,316,283,True,False,True,True,False,True,True,2026-02-27T15:58:11+05:30,2026-02-27T15:58:11+05:30
fdac01da-480c-4062-90cd-b13e007732d2,UPHOSPREF000737,Women Hospital Jhansi,Single,PUBLIC,District Hospital,1962,Uttar Pradesh,UP,Jhansi,Jhansi,Mauranipur,221235,27.945114,81.871694,DR. SANJAY KUMAR,7934410516,hospital737@gov.up.in,NABL,,,False,24,21,False,False,False,True,False,True,True,2026-02-27T15:58:11+05:30,2026-02-27T15:58:11+05:30
46ccfaf5-4624-4410-94b8-264a16c2cdec,UPHOSPREF000738,Women Hospital Mirzapur,Single,PUBLIC,Civil Hospital,1975,Uttar Pradesh,UP,Mirzapur,Mirzapur,Mirzapur Block 6,253163,27.454242,79.057974,DR. RAM PRASAD,7742936886,hospital738@gov.up.in,,FULL,2026-08-07,False,20,14,False,False,False,True,False,True,True,2026-02-27T15:58:11+05:30,2026-02-27T15:58:11+05:30
db99333a-caca-4124-bc31-482ab7eb0505,UPHOSPREF000739,Hanuman Heart Institute,Single,PRIVATE,Trust,2017,Uttar Pradesh,UP,Kushinagar,Gorakhpur,Kushinagar Block 3,236018,26.340723,81.854643,DR. SHIV KUMAR,7573257474,hospital739@pvt.up.in,,,,True,255,188,True,False,True,True,False,True,True,2026-02-27T15:58:11+05:30,2026-02-27T15:58:11+05:30
7ec361eb-8edf-48e1-b1c2-d2beff453f59,UPHOSPREF000740,Trauma Centre Chandauli Block 2,Single,PUBLIC,PHC,1986,Uttar Pradesh,UP,Chandauli,Varanasi,Chandauli Block 2,226434,25.583456,77.809973,DR. RAJESH KUMAR,7037810735,hospital740@gov.up.in,NABH,FULL,2027-01-24,False,65,48,True,True,True,True,False,True,False,2026-02-27T15:58:11+05:30,2026-02-27T15:58:11+05:30
a230b71c-8e95-4cca-a609-066eaac129c0,UPHOSPREF000741,Shakti Children Hospital,Single,PRIVATE,Private,1995,Uttar Pradesh,UP,Sitapur,Lucknow,Sitapur Block 3,262250,23.544082,81.663425,DR. SHIV KUMAR,7844112198,hospital741@pvt.up.in,NABH,,2026-11-22,False,156,125,True,True,True,True,False,True,True,2026-02-27T15:58:11+05:30,2026-02-27T15:58:11+05:30
f443afda-e2dd-42f3-b3ef-6b70ec530a99,UPHOSPREF000742,Shiv Maternity & General Hospital,Single,PRIVATE,Private,1993,Uttar Pradesh,UP,Auraiya,Kanpur,Auraiya Block 2,291535,29.888297,77.412852,DR. SHIV KUMAR,8153811685,hospital742@pvt.up.in,JCI,,2028-07-11,False,283,249,True,False,True,True,False,True,True,2026-02-27T15:58:11+05:30,2026-02-27T15:58:11+05:30
83115e24-f21e-45c0-8978-d571ef4a469d,UPHOSPREF000743,Medical College Hospital Basti,Single,PUBLIC,CHC,1954,Uttar Pradesh,UP,Basti,Basti,Basti Block 1,246048,28.355045,79.495179,DR. ARVIND KUMAR,7820656081,hospital743@gov.up.in,,PRE,2026-04-06,False,89,66,True,True,True,True,False,True,False,2026-02-27T15:58:11+05:30,2026-02-27T15:58:11+05:30
c7848bca-d54e-479c-bea7-df47ec8d6f77,UPHOSPREF000744,Krishna Nursing Home,Single,PRIVATE,Private,1991,Uttar Pradesh,UP,Siddharthnagar,Basti,Siddharthnagar Block 5,209282,30.305179,81.58796,DR. JAGDISH PRASAD KURMI,9774466549,hospital744@pvt.up.in,NABL,,2030-02-13,False,220,187,True,False,True,True,False,True,True,2026-02-27T15:58:11+05:30,2026-02-27T15:58:11+05:30
d2451065-829d-40bd-b02e-3d863fa995ec,UPHOSPREF000745,District Hospital Agra,Single,PUBLIC,CHC,1963,Uttar Pradesh,UP,Agra,Agra,Bichpuri,258568,24.766491,78.633317,DR. ARVIND KUMAR,9609629769,hospital745@gov.up.in,NABH,,,False,61,47,True,True,True,True,False,True,True,2026-02-27T15:58:11+05:30,2026-02-27T15:58:11+05:30
96305c82-d8ab-45b7-9c62-a81bfa46c417,UPHOSPREF000746,Medical College Hospital Bareilly,Single,PUBLIC,CHC,1958,Uttar Pradesh,UP,Bareilly,Bareilly,Fatehganj Purvi,280275,25.865773,83.103469,DR. MUKESH KUMAR,8177657686,hospital746@gov.up.in,JCI,FULL,,False,15,13,False,False,False,True,False,True,False,2026-02-27T15:58:11+05:30,2026-02-27T15:58:11+05:30
ad116e44-2c61-4564-ace0-da6afa66b3ba,UPHOSPREF000747,Zonal Hospital Lakhimpur Kheri,Single,PUBLIC,District Hospital,1954,Uttar Pradesh,UP,Lakhimpur Kheri,Lucknow,Lakhimpur Block 4,269583,23.747375,77.338584,DR. SURESH KUMAR,8082866691,hospital747@gov.up.in,NABL,,2028-11-07,True,51,45,True,True,True,True,False,True,True,2026-02-27T15:58:11+05:30,2026-02-27T15:58:11+05:30
567a2f84-a405-43c3-b225-0f407faf4d9b,UPHOSPREF000748,Dr. Tiwari Maternity & General Hospital,Single,PRIVATE,Private,2021,Uttar Pradesh,UP,Gautam Buddha Nagar,Meerut,Gautam Block 7,215309,26.647959,79.115687,DR. SHIV KUMAR,9856935452,hospital748@pvt.up.in,NABH,FULL,,False,128,119,False,False,True,True,False,True,True,2026-02-27T15:58:11+05:30,2026-02-27T15:58:11+05:30
10a9d67a-b10b-494a-9b94-1a3e8a21e629,UPHOSPREF000749,Singh & Srivastava Cancer Institute,Single,PRIVATE,Private,2000,Uttar Pradesh,UP,Ghazipur,Varanasi,Ghazipur Block 8,286972,27.523166,79.946855,DR. UMESH KUMAR,9651352659,hospital749@pvt.up.in,JCI,FULL,2028-05-27,False,27,24,False,False,False,True,False,True,True,2026-02-27T15:58:11+05:30,2026-02-27T15:58:11+05:30
3e62dcc9-83fe-468f-b3b1-0662ba5b31f8,UPHOSPREF000750,Sub-District Hospital Gorakhpur,Single,PUBLIC,Medical College,1950,Uttar Pradesh,UP,Gorakhpur,Gorakhpur,Jungle Kaudiram,253634,29.650861,77.984888,DR. DEEPAK KUMAR,8043118333,hospital750@gov.up.in,,PRE,2027-12-09,False,27,23,True,False,False,True,False,True,True,2026-02-27T15:58:11+05:30,2026-02-27T15:58:11+05:30
b8690143-950f-4ee7-a5d8-4ee70f60e750,UPHOSPREF000751,Medical College Hospital Bareilly,Single,PUBLIC,Medical College,1975,Uttar Pradesh,UP,Bareilly,Bareilly,Ramnagar,297451,25.557119,83.928239,DR. SURESH KUMAR,7656184051,hospital751@gov.up.in,NABL,FULL,,False,23,20,True,False,False,True,False,True,False,2026-02-27T15:58:11+05:30,2026-02-27T15:58:11+05:30
a48e3033-8056-4595-b32b-6d6740402864,UPHOSPREF000752,Medical College Hospital Auraiya,Single,PUBLIC,Medical College,1964,Uttar Pradesh,UP,Auraiya,Kanpur,Auraiya Block 3,235060,26.507644,83.555352,DR. VIRENDRA SINGH,9624381246,hospital752@gov.up.in,NABH,,2029-03-21,False,285,208,True,False,True,True,False,True,True,2026-02-27T15:58:11+05:30,2026-02-27T15:58:11+05:30
ef8c5d06-94f4-4ae4-a5a9-ce75a8d6bac6,UPHOSPREF000753,Women Hospital Barabanki,Single,PUBLIC,District Hospital,1979,Uttar Pradesh,UP,Barabanki,Ayodhya,Barabanki Block 6,288434,26.094831,77.260811,DR. ROHIT KUMAR,9573185302,hospital753@gov.up.in,NABL,,2028-04-22,False,12,10,False,False,False,True,False,True,False,2026-02-27T15:58:11+05:30,2026-02-27T15:58:11+05:30
ad536887-87c6-4a8f-a488-60e6dcf59bf2,UPHOSPREF000754,Women Hospital Siddharthnagar,Single,PUBLIC,PHC,1977,Uttar Pradesh,UP,Siddharthnagar,Basti,Siddharthnagar Block 7,217640,26.993936,81.97207,DR. SURESH KUMAR,7026779908,hospital754@gov.up.in,NABH,PRE,,False,31,23,True,False,True,True,False,True,False,2026-02-27T15:58:11+05:30,2026-02-27T15:58:11+05:30
c734e493-63c3-4ca2-92fc-a1815a246b47,UPHOSPREF000755,Primary Health Centre Mainpuri Block 1,Single,PUBLIC,Civil Hospital,1957,Uttar Pradesh,UP,Mainpuri,Agra,Mainpuri Block 1,273414,29.698718,77.621434,DR. SANJAY KUMAR,7760693067,hospital755@gov.up.in,,,,False,91,67,False,False,True,True,False,True,True,2026-02-27T15:58:11+05:30,2026-02-27T15:58:11+05:30
de763910-8db1-4875-af20-19665c35714d,UPHOSPREF000756,Dr. Srivastava Maternity & General Hospital,Single,PRIVATE,Private,2015,Uttar Pradesh,UP,Prayagraj,Prayagraj,Manda,241711,26.138228,82.346383,DR. BABLU KUMAR RAJBHAR,7020090200,hospital756@pvt.up.in,JCI,PRE,2027-12-30,False,114,106,True,False,True,True,False,True,True,2026-02-27T15:58:11+05:30,2026-02-27T15:58:11+05:30
8a971fb0-fa85-4836-b3f5-9622ba8af71e,UPHOSPREF000757,Medical College Hospital Lucknow,Single,PUBLIC,PHC,1966,Uttar Pradesh,UP,Lucknow,Lucknow,Bakshi Ka Talab,286969,24.739882,80.188829,DR. RAKESH KUMAR MISHRA,7544716854,hospital757@gov.up.in,NABL,,2027-03-12,False,91,64,True,False,True,True,False,True,False,2026-02-27T15:58:11+05:30,2026-02-27T15:58:11+05:30
9174ced4-f019-4246-8827-a065aa44eb01,UPHOSPREF000758,Dr. Tiwari Nursing Home,Single,PRIVATE,Private,2005,Uttar Pradesh,UP,Meerut,Meerut,Machhara,241336,29.051032,77.787365,DR. BRIJESH KUMAR,9791299169,hospital758@pvt.up.in,NABL,,,False,259,208,True,True,True,True,False,True,False,2026-02-27T15:58:11+05:30,2026-02-27T15:58:11+05:30
7f6e29aa-913b-44e9-8b13-d2da50c8faa6,UPHOSPREF000759,Women Hospital Balrampur,Single,PUBLIC,District Hospital,1973,Uttar Pradesh,UP,Balrampur,Devipatan,Balrampur Block 5,214789,23.801185,84.326162,DR. GUDDU KUMAR,9515221767,hospital759@gov.up.in,NABL,,2029-06-15,False,87,64,False,True,True,True,False,True,False,2026-02-27T15:58:11+05:30,2026-02-27T15:58:11+05:30
c038720e-e3e3-48a5-9cbf-445e2974968d,UPHOSPREF000760,Women Hospital Mirzapur,Single,PUBLIC,District Hospital,1953,Uttar Pradesh,UP,Mirzapur,Mirzapur,Mirzapur Block 4,203795,27.25165,79.657818,DR. HARI OM,7783417647,hospital760@gov.up.in,JCI,,,False,7,6,False,False,False,True,False,False,True,2026-02-27T15:58:11+05:30,2026-02-27T15:58:11+05:30
4ecaad2c-00a8-41f9-aefa-bfd837ff5171,UPHOSPREF000761,Tiwari & Pandey Eye Hospital,Single,PRIVATE,Trust,1997,Uttar Pradesh,UP,Hardoi,Lucknow,Hardoi Block 6,202015,29.007269,83.829762,DR. HEMANT KUMAR,9631934081,hospital761@pvt.up.in,JCI,,,False,188,164,True,True,True,True,False,True,False,2026-02-27T15:58:11+05:30,2026-02-27T15:58:11+05:30
73029354-bdeb-4153-bf97-41982cabaa29,UPHOSPREF000762,Community Health Centre Mohanlalganj,Single,PUBLIC,CHC,1960,Uttar Pradesh,UP,Lucknow,Lucknow,Mohanlalganj,252687,29.073529,81.527071,DR. RAM PRASAD,9432452543,hospital762@gov.up.in,NABH,FULL,2030-11-09,False,210,178,True,True,True,True,True,True,True,2026-02-27T15:58:11+05:30,2026-02-27T15:58:11+05:30
a1aa09e4-b67d-4082-8faa-b83940e779f8,UPHOSPREF000763,Primary Health Centre Shankargarh,Single,PUBLIC,Medical College,1985,Uttar Pradesh,UP,Prayagraj,Prayagraj,Shankargarh,280287,23.993868,79.136739,DR. BABLU KUMAR,9517123404,hospital763@gov.up.in,JCI,PRE,,False,99,80,True,True,True,True,False,True,True,2026-02-27T15:58:11+05:30,2026-02-27T15:58:11+05:30
8ae6a2f3-be22-4775-b473-81f5c37133f1,UPHOSPREF000764,District Hospital Chitrakoot,Single,PUBLIC,District Hospital,1993,Uttar Pradesh,UP,Chitrakoot,Chitrakoot,Chitrakoot Block 5,266368,24.538433,82.935188,DR. VIVEK KUMAR,7811896872,hospital764@gov.up.in,NABL,FULL,,False,24,19,True,False,False,True,False,True,True,2026-02-27T15:58:11+05:30,2026-02-27T15:58:11+05:30
797abff9-f90d-4ab6-b9d6-f9737b14ac1e,UPHOSPREF000765,Agarwal & Mishra Children Hospital,Single,PRIVATE,Private,2016,Uttar Pradesh,UP,Azamgarh,Azamgarh,Phulpur,298054,23.54446,82.010537,DR. ROHIT KUMAR RAJBHAR,9796151457,hospital765@pvt.up.in,,FULL,,False,14,11,False,False,False,True,False,True,True,2026-02-27T15:58:11+05:30,2026-02-27T15:58:11+05:30
7a917e17-ad91-49da-8aa0-3688c4992991,UPHOSPREF000766,District Hospital Ghaziabad,Single,PUBLIC,CHC,1994,Uttar Pradesh,UP,Ghaziabad,Meerut,Dadri,281968,27.434724,78.669733,DR. SANJAY KUMAR KORI,7955817511,hospital766@gov.up.in,NABH,,,False,178,137,False,True,True,True,False,True,True,2026-02-27T15:58:11+05:30,2026-02-27T15:58:11+05:30
7c354af0-50a7-4be2-b8dc-4888d6d30374,UPHOSPREF000767,Gupta & Tiwari Heart Institute,Single,PRIVATE,Private,2005,Uttar Pradesh,UP,Badaun,Bareilly,Badaun Block 8,237414,27.859666,79.539948,DR. VIRENDRA SINGH,9594008320,hospital767@pvt.up.in,NABH,FULL,,False,204,169,True,True,True,True,True,True,True,2026-02-27T15:58:11+05:30,2026-02-27T15:58:11+05:30
3bce3988-243e-4ade-8f58-92ce3d1e3285,UPHOSPREF000768,Combined Hospital Shahjahanpur,Single,PUBLIC,District Hospital,1970,Uttar Pradesh,UP,Shahjahanpur,Bareilly,Shahjahanpur Block 7,275840,29.608849,81.808203,DR. RAMESH CHANDRA,7525874602,hospital768@gov.up.in,JCI,FULL,,False,46,32,True,False,True,True,False,True,False,2026-02-27T15:58:11+05:30,2026-02-27T15:58:11+05:30
d4d95dd0-47d9-4ba9-a400-0ffe2332c143,UPHOSPREF000769,Trauma Centre Bahraich Block 8,Single,PUBLIC,PHC,1959,Uttar Pradesh,UP,Bahraich,Devipatan,Bahraich Block 8,230483,26.234678,79.41688,DR. RAMU KAKA RAJBHAR,9820830005,hospital769@gov.up.in,NABL,,,False,182,160,True,True,True,True,False,True,True,2026-02-27T15:58:11+05:30,2026-02-27T15:58:11+05:30
f17fae2a-5931-4ff9-ae7e-cfa624788501,UPHOSPREF000770,Community Health Centre Ballia Block 2,Single,PUBLIC,CHC,1983,Uttar Pradesh,UP,Ballia,Azamgarh,Ballia Block 2,253330,23.849217,78.209829,DR. HARI OM,7751962420,hospital770@gov.up.in,,,,False,86,69,True,True,True,True,True,True,True,2026-02-27T15:58:11+05:30,2026-02-27T15:58:11+05:30
7c85c491-a6e2-48d1-bed6-83d569e7c4ec,UPHOSPREF000771,Dr. Mishra Surgical Centre,Single,PRIVATE,Private,2017,Uttar Pradesh,UP,Agra,Agra,Fatehabad,239145,27.294804,79.446382,DR. AMIT KUMAR MISHRA,9505208562,hospital771@pvt.up.in,NABL,PRE,,False,132,119,True,True,True,True,False,True,True,2026-02-27T15:58:11+05:30,2026-02-27T15:58:11+05:30
b42f3d82-c77f-4b8e-a658-8d1cbadf10f2,UPHOSPREF000772,Primary Health Centre Kannauj Block 4,Single,PUBLIC,CHC,1955,Uttar Pradesh,UP,Kannauj,Kanpur,Kannauj Block 4,230473,23.663418,79.088857,DR. VIRENDRA SINGH,9633472523,hospital772@gov.up.in,NABH,,2026-06-09,False,277,223,True,True,True,True,True,True,True,2026-02-27T15:58:11+05:30,2026-02-27T15:58:11+05:30
8205c20a-c739-4130-940c-99739372b984,UPHOSPREF000773,Women Hospital Moradabad,Single,PUBLIC,Civil Hospital,1963,Uttar Pradesh,UP,Moradabad,Moradabad,Moradabad Block 6,298129,29.784265,84.383985,DR. DEVENDRA KUMAR,9849251546,hospital773@gov.up.in,,PRE,2028-08-21,False,21,15,True,False,False,True,False,True,True,2026-02-27T15:58:11+05:30,2026-02-27T15:58:11+05:30
174bfd7b-dc54-4970-bcbc-bee4aedffc05,UPHOSPREF000774,Urban Community Health Centre Kasganj Block 7,Single,PUBLIC,CHC,1958,Uttar Pradesh,UP,Kasganj,Aligarh,Kasganj Block 7,287452,29.654049,82.605703,DR. RAJEEV KUMAR,8085286197,hospital774@gov.up.in,NABL,,,False,190,140,True,True,True,True,True,True,False,2026-02-27T15:58:11+05:30,2026-02-27T15:58:11+05:30
d640cf60-5ba6-4230-bb61-c8deebdb6377,UPHOSPREF000775,Pandey & Sharma Nursing Home,Single,PRIVATE,Trust,1990,Uttar Pradesh,UP,Lakhimpur Kheri,Lucknow,Lakhimpur Block 8,286928,30.437741,81.725385,DR. RAMESH CHANDRA,9548780730,hospital775@pvt.up.in,JCI,,2027-06-24,False,139,125,False,False,True,True,False,True,False,2026-02-27T15:58:11+05:30,2026-02-27T15:58:11+05:30
50cc0f58-7482-4a76-a1da-c7ced84088d2,UPHOSPREF000776,Sub-District Hospital Agra,Single,PUBLIC,Civil Hospital,1963,Uttar Pradesh,UP,Agra,Agra,Akola,294848,29.67257,82.918846,DR. MUKESH KUMAR,7889893865,hospital776@gov.up.in,JCI,FULL,,False,152,117,False,True,True,True,True,True,True,2026-02-27T15:58:11+05:30,2026-02-27T15:58:11+05:30
7a8bc033-3325-4dd6-806c-1bfc49e276e0,UPHOSPREF000777,Durga Maternity & General Hospital,Single,PRIVATE,Trust,1997,Uttar Pradesh,UP,Bijnor,Moradabad,Bijnor Block 2,210792,23.837421,83.945373,DR. AMIT KUMAR MISHRA,7795331456,hospital777@pvt.up.in,NABH,,,False,37,34,True,False,True,True,False,True,True,2026-02-27T15:58:11+05:30,2026-02-27T15:58:11+05:30
1cd05726-e3c2-4312-af30-0cf760a021ca,UPHOSPREF000778,Krishna Surgical Centre,Single,PRIVATE,Private,2005,Uttar Pradesh,UP,Lucknow,Lucknow,Itaunja,291911,29.063734,83.458309,DR. SURESH KUMAR,8016555219,hospital778@pvt.up.in,JCI,PRE,2030-03-19,False,227,181,True,True,True,True,True,True,False,2026-02-27T15:58:11+05:30,2026-02-27T15:58:11+05:30
b71f78c9-b54c-438c-b9a0-f45c943d6101,UPHOSPREF000779,Zonal Hospital Gorakhpur,Single,PUBLIC,PHC,1964,Uttar Pradesh,UP,Gorakhpur,Gorakhpur,Khorabar,232628,24.729612,83.729046,DR. LAKHAN LAL,8062918422,hospital779@gov.up.in,JCI,FULL,,False,346,270,True,True,True,True,True,True,False,2026-02-27T15:58:11+05:30,2026-02-27T15:58:11+05:30
fcd30e45-1d96-4c5e-b614-657bd7d67c80,UPHOSPREF000780,Primary Health Centre Mau Block 8,Single,PUBLIC,CHC,1983,Uttar Pradesh,UP,Mau,Azamgarh,Mau Block 8,263097,28.85826,78.916706,DR. DINESH KUMAR,7596514300,hospital780@gov.up.in,NABH,,2026-10-08,False,99,83,False,True,True,True,False,True,False,2026-02-27T15:58:11+05:30,2026-02-27T15:58:11+05:30
66155c71-af84-45d5-8ea6-b73003e0abf3,UPHOSPREF000781,District Hospital Bareilly,Single,PUBLIC,CHC,1971,Uttar Pradesh,UP,Bareilly,Bareilly,Richha,242589,27.57848,82.379281,DR. RAMESH CHANDRA,9400830245,hospital781@gov.up.in,JCI,FULL,,False,88,64,True,True,True,True,False,True,True,2026-02-27T15:58:11+05:30,2026-02-27T15:58:11+05:30
bd2ee2be-fb07-45fb-bd79-d20378c11117,UPHOSPREF000782,Dr. Sharma Cancer Institute,Single,PRIVATE,Private,2002,Uttar Pradesh,UP,Kaushambi,Prayagraj,Kaushambi Block 5,243760,30.452167,78.722826,DR. SHIV KUMAR,7555605678,hospital782@pvt.up.in,NABL,FULL,,False,168,137,True,True,True,True,True,True,True,2026-02-27T15:58:11+05:30,2026-02-27T15:58:11+05:30
1cc6597e-1ba8-4ce3-9eff-d60c34bca131,UPHOSPREF000783,Shakti Medical Centre,Single,PRIVATE,Private,2011,Uttar Pradesh,UP,Sant Ravidas Nagar,Mirzapur,Sant Block 6,262663,24.510281,77.207984,DR. SANJAY KUMAR,7511200264,hospital783@pvt.up.in,,FULL,,False,40,31,True,False,True,True,False,True,True,2026-02-27T15:58:11+05:30,2026-02-27T15:58:11+05:30
ff474499-b2db-44f9-9d8b-a0f27e956680,UPHOSPREF000784,Combined Hospital Mathura,Single,PUBLIC,Medical College,1980,Uttar Pradesh,UP,Mathura,Agra,Baldeo,216416,28.024809,83.383091,DR. RAVINDRA NATH,7855008087,hospital784@gov.up.in,,,,False,349,287,True,True,True,True,True,True,False,2026-02-27T15:58:11+05:30,2026-02-27T15:58:11+05:30
4ae42283-66a2-4f6d-a8c4-8d9859d08b81,UPHOSPREF000785,Dr. Mishra Multispeciality Hospital,Single,PRIVATE,NGO,2000,Uttar Pradesh,UP,Bareilly,Bareilly,Faridpur,210439,29.674023,77.042573,DR. RAVI SHANKAR,9544638400,hospital785@pvt.up.in,,FULL,2028-11-28,False,78,73,True,False,True,True,False,True,True,2026-02-27T15:58:11+05:30,2026-02-27T15:58:11+05:30
f892830e-8560-4f93-8818-caf6dd5b284b,UPHOSPREF000786,Saraswati Multispeciality Hospital,Single,PRIVATE,Private,2019,Uttar Pradesh,UP,Sultanpur,Ayodhya,Sultanpur Block 3,200225,25.743443,79.723286,DR. MUKESH KUMAR,9688813824,hospital786@pvt.up.in,JCI,FULL,2028-11-26,False,196,151,True,True,True,True,False,True,False,2026-02-27T15:58:11+05:30,2026-02-27T15:58:11+05:30
97dcb20d-4eb6-47b6-93c4-8a4a779e0045,UPHOSPREF000787,Sub-District Hospital Unnao,Single,PUBLIC,Civil Hospital,1968,Uttar Pradesh,UP,Unnao,Lucknow,Unnao Block 6,213845,23.748649,78.581739,DR. BRIJESH KUMAR CHAUHAN,9582225865,hospital787@gov.up.in,NABL,,,False,96,89,True,True,True,True,True,True,False,2026-02-27T15:58:11+05:30,2026-02-27T15:58:11+05:30
758e531b-0cc1-4015-aaf2-0bb889c7a16d,UPHOSPREF000788,Women Hospital Gautam Buddha Nagar,Single,PUBLIC,PHC,1955,Uttar Pradesh,UP,Gautam Buddha Nagar,Meerut,Gautam Block 2,291835,28.039246,77.390465,DR. RAVI SHANKAR,7763786731,hospital788@gov.up.in,NABH,FULL,2030-11-30,False,34,30,True,False,True,True,False,True,True,2026-02-27T15:58:11+05:30,2026-02-27T15:58:11+05:30
4c51929c-ecbc-4d9b-98a2-f85f2f88e7ea,UPHOSPREF000789,Primary Health Centre Muzaffarnagar Block 5,Single,PUBLIC,CHC,1993,Uttar Pradesh,UP,Muzaffarnagar,Saharanpur,Muzaffarnagar Block 5,295113,26.93012,78.179642,DR. SHYAM LAL,9558742219,hospital789@gov.up.in,JCI,FULL,,False,97,74,True,True,True,True,True,True,False,2026-02-27T15:58:11+05:30,2026-02-27T15:58:11+05:30
7db8e352-3f79-4326-9bbd-942c6ae3210e,UPHOSPREF000790,Srivastava & Gupta Nursing Home,Single,PRIVATE,Trust,1992,Uttar Pradesh,UP,Meerut,Meerut,Sardhana,282938,24.914837,81.944719,DR. BRIJESH KUMAR,7515181464,hospital790@pvt.up.in,,,2030-06-23,True,279,209,True,True,True,True,True,True,True,2026-02-27T15:58:11+05:30,2026-02-27T15:58:11+05:30
8d104833-7669-4afb-adb6-cbdb1c33700d,UPHOSPREF000791,Saraswati Surgical Centre,Single,PRIVATE,Trust,2021,Uttar Pradesh,UP,Kannauj,Kanpur,Kannauj Block 4,271783,29.540213,83.63278,DR. PREM SHANKAR,9673708889,hospital791@pvt.up.in,NABH,,2030-03-10,False,243,183,True,True,True,True,True,True,True,2026-02-27T15:58:11+05:30,2026-02-27T15:58:11+05:30
692657c3-3813-422c-bb78-b387a75b029b,UPHOSPREF000792,Mishra & Gupta Medical Centre,Single,PRIVATE,Trust,2003,Uttar Pradesh,UP,Meerut,Meerut,Sardhana,267347,26.435688,79.899153,DR. MUKESH KUMAR DUBEY,7771042837,hospital792@pvt.up.in,NABL,,2029-09-08,False,162,118,True,True,True,True,False,True,True,2026-02-27T15:58:11+05:30,2026-02-27T15:58:11+05:30
e1d4116b-e654-48fa-b52e-b09f62dc0e81,UPHOSPREF000793,Agarwal & Gupta Eye Hospital,Single,PRIVATE,NGO,1997,Uttar Pradesh,UP,Firozabad,Agra,Firozabad Block 4,256621,24.800169,81.760169,DR. PAPPU YADAV SHARMA,8172108094,hospital793@pvt.up.in,,,,False,164,128,False,True,True,True,False,True,True,2026-02-27T15:58:11+05:30,2026-02-27T15:58:11+05:30
ccbff8d8-f02d-426d-a04e-afd0603f7dfc,UPHOSPREF000794,Primary Health Centre Pratapgarh Block 7,Single,PUBLIC,Medical College,1986,Uttar Pradesh,UP,Pratapgarh,Prayagraj,Pratapgarh Block 7,236516,26.998321,80.870731,DR. DEEPAK KUMAR VERMA,9462768711,hospital794@gov.up.in,,FULL,,False,76,64,True,True,True,True,False,True,True,2026-02-27T15:58:11+05:30,2026-02-27T15:58:11+05:30
80effd9c-cf91-4862-8951-24df3b811a6d,UPHOSPREF000795,Trauma Centre Moradabad Block 1,Single,PUBLIC,Civil Hospital,1973,Uttar Pradesh,UP,Moradabad,Moradabad,Moradabad Block 1,200586,24.657816,79.824959,DR. ANIL KUMAR,8122906633,hospital795@gov.up.in,JCI,PRE,2027-08-04,False,361,261,True,True,True,True,True,True,False,2026-02-27T15:58:11+05:30,2026-02-27T15:58:11+05:30
9d17a940-6381-4800-aeb5-06b692d8cfc4,UPHOSPREF000796,Trauma Centre Rasulabad,Single,PUBLIC,Civil Hospital,1986,Uttar Pradesh,UP,Kanpur Nagar,Kanpur,Rasulabad,271638,25.199195,82.56899,DR. VIRENDRA SINGH YADAV,7910742155,hospital796@gov.up.in,NABH,PRE,,False,82,63,True,True,True,True,False,True,True,2026-02-27T15:58:11+05:30,2026-02-27T15:58:11+05:30
778f9df5-9d72-4e82-a40e-e8a6175ce696,UPHOSPREF000797,Dr. Agarwal Eye Hospital,Single,PRIVATE,NGO,1992,Uttar Pradesh,UP,Kanpur Nagar,Kanpur,Maharajpur,209442,26.237597,83.306555,DR. VIVEK KUMAR MAURYA,9533052192,hospital797@pvt.up.in,,PRE,2030-02-05,False,162,143,True,True,True,True,True,True,True,2026-02-27T15:58:11+05:30,2026-02-27T15:58:11+05:30
841f2477-39c6-4da5-9c5b-351c6e8b3328,UPHOSPREF000798,Hanuman Children Hospital,Single,PRIVATE,NGO,2011,Uttar Pradesh,UP,Lakhimpur Kheri,Lucknow,Lakhimpur Block 5,285858,29.913929,78.530995,DR. RAVINDRA NATH PANDEY,7004886479,hospital798@pvt.up.in,,,2029-11-20,False,79,65,True,True,True,True,True,True,True,2026-02-27T15:58:11+05:30,2026-02-27T15:58:11+05:30
06c42dfc-acb0-4df4-9dcf-1636649e604c,UPHOSPREF000799,Combined Hospital Etawah,Single,PUBLIC,District Hospital,1951,Uttar Pradesh,UP,Etawah,Kanpur,Etawah Block 5,232079,24.405627,80.133365,DR. ROHIT KUMAR SHUKLA,7798395223,hospital799@gov.up.in,NABH,,2029-12-10,False,27,24,True,False,False,True,False,True,True,2026-02-27T15:58:11+05:30,2026-02-27T15:58:11+05:30
8a08772e-88df-4961-bee3-259ec79e1670,UPHOSPREF000800,Community Health Centre Bangra,Single,PUBLIC,PHC,1969,Uttar Pradesh,UP,Jhansi,Jhansi,Bangra,266165,26.551766,77.316913,DR. SURESH KUMAR,7651761803,hospital800@gov.up.in,NABH,,,False,344,297,True,False,True,True,False,True,True,2026-02-27T15:58:11+05:30,2026-02-27T15:58:11+05:30
