staff_id,hospital_id,name,registration_number,qualifications,phone,email,experience_years,role_type
60fbaeb5-a011-41c5-84a5-197c30f2f405,79212271-c452-4987-990b-2917f610086b,DR. PREM SHANKAR,REG_CVN8FT8K,MBBS MS,7095563544,,9.0,SURGEON
39e6d73a-3f87-4fa8-b464-1beb2bb6a248,79212271-c452-4987-990b-2917f610086b,DR. VIVEK KUMAR,REG_GX6SS5Y8,MBBS,9510820679,,6.5,ANAESTHETIST
d39a05c7-ce2f-48e3-910b-beef35f421eb,79212271-c452-4987-990b-2917f610086b,DR. ASHOK KUMAR CHAUHAN,REG_SS8NVHYX,MBBS,9562289056,,9.9,SURGEON
edaacdbc-4a2c-40da-970d-d01d7383a124,79212271-c452-4987-990b-2917f610086b,DR. PREM SHANKAR,REG_P0QPWRMH,MBBS,7512986306,,22.2,PRIMARY_CLINICIAN
9bff130e-9d83-481a-9dde-3e96125540ef,79212271-c452-4987-990b-2917f610086b,DR. BRIJESH KUMAR YADAV,REG_CUDH9QJM,MBBS,7576671844,,20.8,RADIOLOGIST
64467728-f5ff-4e7c-90ba-cffc8fad6a67,79212271-c452-4987-990b-2917f610086b,DR. BABLU KUMAR,REG_5YBH6VVA,MBBS,7845552108,,7.1,GYNAECOLOGIST
8634c09a-7901-434d-a76d-9be17ecc49a9,79212271-c452-4987-990b-2917f610086b,DR. MUKESH KUMAR GAUTAM,REG_DWOF0A65,MBBS MS,7705656256,,34.0,PRIMARY_CLINICIAN
e8c20c71-5915-4d35-b8ec-cb196f3d99ec,784ebc03-77b5-47d2-b590-bd52a5bb47d0,DR. PRADEEP KUMAR,REG_570AJQUL,MBBS DA,7688849276,,19.6,GYNAECOLOGIST
6c2c61e6-acb3-4fcc-86c0-0e3845129e75,784ebc03-77b5-47d2-b590-bd52a5bb47d0,DR. SHYAM LAL MAURYA,REG_HPR5YLL1,MBBS MS,7610044716,,29.1,GYNAECOLOGIST
3f3c7853-47aa-46e8-b722-db725aee7413,784ebc03-77b5-47d2-b590-bd52a5bb47d0,DR. SHIV KUMAR,REG_X8C42ND8,MBBS,8196848034,,20.1,PAEDIATRICIAN
508fd40a-5600-4ed8-bc57-d61add58c9a7,1561406f-edb3-4119-8917-d1a9f26b1447,DR. SHEELA DEVI,REG_IYXEHCE0,MBBS MD,9847522750,,30.7,PRIMARY_CLINICIAN
93e20668-795c-4691-8627-920d16664c7d,1561406f-edb3-4119-8917-d1a9f26b1447,DR. NIRMALA DEVI,REG_TVLZJ94M,MBBS MD DM,7085598459,,29.4,ANAESTHETIST
a4b71f18-34b3-494c-8d23-653f0904c957,1561406f-edb3-4119-8917-d1a9f26b1447,DR. SHYAM LAL,REG_X5N3DMWP,MBBS MS,7064279351,,13.3,PRIMARY_CLINICIAN
b88683d4-78c9-4f9e-8145-18690156ec69,1561406f-edb3-4119-8917-d1a9f26b1447,DR. NARESH KUMAR,REG_KM1DPSDN,MBBS MS MCh,7062212106,,12.3,RADIOLOGIST
58aad0e4-b19f-4780-ba3f-ca11d21dd161,1561406f-edb3-4119-8917-d1a9f26b1447,DR. MUKESH KUMAR,REG_BJNWI0MG,MBBS DA,8005030855,,6.1,ANAESTHETIST
a5b209fb-7f82-4209-a5ae-4b3760b14f4f,1561406f-edb3-4119-8917-d1a9f26b1447,DR. RAVINDRA NATH MAURYA,REG_PF8ZZOI3,MBBS MD DM,7945513329,,34.1,PRIMARY_CLINICIAN
5cb477c5-c35c-4fa6-a7c5-0e96477e8a22,1561406f-edb3-4119-8917-d1a9f26b1447,DR. GUDDU KUMAR,REG_EROTV2RQ,MBBS DNB,8188796275,,4.4,PRIMARY_CLINICIAN
b0b3797a-788b-4fd8-9017-baddaf63501d,1561406f-edb3-4119-8917-d1a9f26b1447,DR. RADHA DEVI,REG_BX96ASGS,MBBS MS,9765893096,,2.3,PAEDIATRICIAN
4ca9fdef-ac90-446c-8b00-8460563b10d6,f9a0b9af-663b-4b2c-b4a9-a8a56b99a8dd,DR. ROHIT KUMAR,REG_N6MWU2YT,MBBS,7046849581,,22.1,ANAESTHETIST
f1ff2b61-db24-4f5b-ac6d-bd02263a6191,f9a0b9af-663b-4b2c-b4a9-a8a56b99a8dd,DR. UMESH KUMAR,REG_0LCQFG3T,MBBS MD,7903596138,,24.1,PRIMARY_CLINICIAN
e7b465f5-b5b2-4428-aa8b-334517626b59,f9a0b9af-663b-4b2c-b4a9-a8a56b99a8dd,DR. VIVEK KUMAR,REG_A0686WSJ,MBBS MD,7713208535,,1.4,ANAESTHETIST
bf4048d2-7116-4f77-bd77-a2a7821d1deb,f9a0b9af-663b-4b2c-b4a9-a8a56b99a8dd,DR. SAROJ DEVI,REG_DTN1XWL6,MBBS MS MCh,7731784623,,24.2,RADIOLOGIST
e48c15a3-7b0b-4f14-90b4-33f87a37cafe,f9a0b9af-663b-4b2c-b4a9-a8a56b99a8dd,DR. DEVENDRA KUMAR,REG_3MEC3DUF,MBBS DNB,7843666111,,4.3,SURGEON
e069ac9e-1273-47c1-9f6b-e00bc5c4ad76,18aab093-844f-4b2b-81f0-34c936832cd4,DR. RAMU KAKA,REG_EZ8R7N5O,MBBS MD DM,7529039013,,14.4,RADIOLOGIST
a37514af-42ea-4eb9-ba10-e73a649489ae,18aab093-844f-4b2b-81f0-34c936832cd4,DR. DEEPAK KUMAR VERMA,REG_6EUBCA1S,MBBS DNB,9702629388,,17.8,SURGEON
1a189757-3f75-4a36-98ff-33cc925657e5,18aab093-844f-4b2b-81f0-34c936832cd4,DR. LEELA DEVI,REG_BUGE6UW5,MBBS,7831717537,,7.4,RADIOLOGIST
7a28ce17-c077-438e-9a15-1e4cfa9fb5e4,18aab093-844f-4b2b-81f0-34c936832cd4,DR. GUDDU KUMAR NISHAD,REG_ZDI5VB26,MBBS MS,7044432506,,16.2,GYNAECOLOGIST
474fa8fe-5eb5-435e-a9e2-7873c64fb4a3,6c68ced4-7801-48b9-9fd7-16063376ad14,DR. JAGDISH PRASAD,REG_7HQ2TBQX,MBBS DNB,8081096502,,22.1,ANAESTHETIST
3af84444-a7bb-44ca-9787-5e60750c1544,6c68ced4-7801-48b9-9fd7-16063376ad14,DR. SARASWATI DEVI,REG_ZZ70LU70,MBBS MD DM,7899319434,,21.4,SURGEON
7b58f62e-6da2-4711-abdc-6302c59c7ff8,6c68ced4-7801-48b9-9fd7-16063376ad14,DR. KIRAN DEVI,REG_B3YRNUBS,MBBS MD DM,7670297508,,22.1,ANAESTHETIST
4b9be2d1-ad4d-478c-9b64-c0b82100bac1,6c68ced4-7801-48b9-9fd7-16063376ad14,DR. SUMITRA DEVI,REG_KF0BMSZ8,MBBS MD,7728335085,,25.1,PAEDIATRICIAN
0bd35250-7630-4045-adf0-1d0aef82bce7,6c68ced4-7801-48b9-9fd7-16063376ad14,DR. URMILA DEVI,REG_WBT7UPQW,MBBS MS,8190552549,,21.5,SURGEON
79a2dca4-8e91-45ef-a7f2-41d62f342549,6c68ced4-7801-48b9-9fd7-16063376ad14,DR. LEELA DEVI,REG_UAONGPSC,MBBS MS MCh,8154453541,,9.3,RADIOLOGIST
21589395-da23-49f4-b995-8a8dd4035691,6c68ced4-7801-48b9-9fd7-16063376ad14,DR. SUSHILA DEVI,REG_UC126KWW,MBBS MS MCh,9831272262,,14.9,PAEDIATRICIAN
7b094ef5-63c1-45dd-bf55-d497825ecd44,6c68ced4-7801-48b9-9fd7-16063376ad14,DR. DRAUPADI DEVI,REG_KVQN1A59,MBBS MD DM,7052546862,,26.5,SURGEON
e2726905-62f4-41d9-88e2-12587db9240a,bc446fea-52b0-42fa-8703-a4ee5a3a5a90,DR. ANITA DEVI,REG_XYXNA9ZV,MBBS,9504117883,,15.3,RADIOLOGIST
ddc5adc1-258d-4bbe-b92a-591d3e5fb64c,bc446fea-52b0-42fa-8703-a4ee5a3a5a90,DR. SANTOSHI DEVI,REG_44UEQ787,MBBS MS MCh,9694717218,,22.4,ANAESTHETIST
06f6ceb3-a208-4ebc-a782-f45ea8009cd0,bc446fea-52b0-42fa-8703-a4ee5a3a5a90,DR. RANI DEVI,REG_F7N90AXH,MBBS MS MCh,7096075542,,34.4,ANAESTHETIST
6980926d-2ad4-478b-8339-798d38557265,bc446fea-52b0-42fa-8703-a4ee5a3a5a90,DR. KIRAN DEVI,REG_P9WCY0AM,MBBS DNB,7025306238,,2.8,GYNAECOLOGIST
665e12c8-1d6f-4122-9299-8ad7e2198a56,59a8efba-d5b6-4d65-a2f6-361f9965cae3,DR. JAGDISH PRASAD,REG_L7F5XYHT,MBBS MS,8089929825,,15.5,ANAESTHETIST
c68f564c-a425-4954-89da-0753ae7d58b5,59a8efba-d5b6-4d65-a2f6-361f9965cae3,DR. SURESH KUMAR GUPTA,REG_73AY21HC,MBBS MD DM,7981918745,,32.4,PRIMARY_CLINICIAN
25cf5ac3-efbb-4adb-b260-8add93a4c587,59a8efba-d5b6-4d65-a2f6-361f9965cae3,DR. ROHIT KUMAR,REG_F0NW0GSW,MBBS MD,9803333256,,13.1,ANAESTHETIST
c149c5bf-020e-4f27-b7f8-69b27b5f534a,59a8efba-d5b6-4d65-a2f6-361f9965cae3,DR. NIRMALA DEVI,REG_X9CBAL4C,MBBS,9767160162,,34.9,PRIMARY_CLINICIAN
40268efe-94ca-42ab-a710-ad7909f42414,59a8efba-d5b6-4d65-a2f6-361f9965cae3,DR. PUSHPA DEVI,REG_LHQTYVUT,MBBS MS,7844370241,,6.0,GYNAECOLOGIST
6f421cb2-0f5c-42da-beff-0b70abc7866e,59a8efba-d5b6-4d65-a2f6-361f9965cae3,DR. SUSHILA DEVI,REG_WFQ98URR,MBBS DA,7663525030,,11.4,PAEDIATRICIAN
8ecef476-cccf-47a8-acc0-e6da19a6426f,59a8efba-d5b6-4d65-a2f6-361f9965cae3,DR. UMESH KUMAR YADAV,REG_3IKYI0SB,MBBS DNB,7594530248,,23.0,GYNAECOLOGIST
4b7868ea-2926-4912-9848-823f198760d9,50f6ceec-8460-4167-8d6b-3b199d81525e,DR. SURESH KUMAR,REG_OZ2BPDKZ,MBBS MS MCh,7680641979,,11.2,GYNAECOLOGIST
e586fb7e-5571-429c-b1dc-3e1917f6cb88,50f6ceec-8460-4167-8d6b-3b199d81525e,DR. MUKESH KUMAR,REG_TK6SGXPA,MBBS MS,7509753300,,27.1,GYNAECOLOGIST
24ec9aa8-1bd8-49a9-b51d-518bdcd69ee7,50f6ceec-8460-4167-8d6b-3b199d81525e,DR. ARVIND KUMAR,REG_EZ6AVXM0,MBBS,9728547971,,31.2,PRIMARY_CLINICIAN
7d926e92-7201-489e-bc5f-466aac8c00ba,50f6ceec-8460-4167-8d6b-3b199d81525e,DR. LAXMI DEVI,REG_GGHJP4X1,MBBS DA,9672008881,,23.6,SURGEON
c6317090-fea6-4baf-a155-fb3560582bbe,50f6ceec-8460-4167-8d6b-3b199d81525e,DR. RAJU YADAV,REG_8NDZT6BA,MBBS MD,9785169404,,3.5,RADIOLOGIST
0fc9839e-56f4-4ae3-8fa6-f2aeb1e7b2e7,50f6ceec-8460-4167-8d6b-3b199d81525e,DR. RAJEEV KUMAR KUMAR,REG_XHQT57WV,MBBS MS MCh,7884036117,,21.0,SURGEON
ce7f37d7-c77f-44f3-8592-271b6994e1a0,50f6ceec-8460-4167-8d6b-3b199d81525e,DR. HEMANT KUMAR,REG_HVJ095UI,MBBS MS MCh,7531498583,,32.9,RADIOLOGIST
85cf7a30-b64b-44c4-8191-f39b0fa9c820,50f6ceec-8460-4167-8d6b-3b199d81525e,DR. BRIJESH KUMAR,REG_DZTGB473,MBBS,7818209410,,6.8,RADIOLOGIST
e0bac12f-b910-4ca4-aff1-159b17623739,87b65ca7-bf10-41ed-8229-7524f6b3a30d,DR. RAJESH KUMAR,REG_T6CTQQB0,MBBS DNB,7558805914,,24.5,PAEDIATRICIAN
ffbb9e50-be23-4467-84ee-f29e31147724,87b65ca7-bf10-41ed-8229-7524f6b3a30d,DR. MANJU DEVI,REG_ZHQLC28S,MBBS DNB,9772178848,,17.4,GYNAECOLOGIST
a3cbf31e-63c6-4587-96f0-78e6ab46d699,87b65ca7-bf10-41ed-8229-7524f6b3a30d,DR. URMILA DEVI,REG_GIDBM6FX,MBBS,9496168815,,11.7,ANAESTHETIST
6dd1fcec-b517-4ae4-8f39-dd26307bce13,87b65ca7-bf10-41ed-8229-7524f6b3a30d,DR. ANITA DEVI,REG_D3I77MV1,MBBS MS MCh,7691948416,,21.7,PRIMARY_CLINICIAN
6bc4cadd-c2f8-4ebe-9d29-f2712320c9f6,87b65ca7-bf10-41ed-8229-7524f6b3a30d,DR. REKHA DEVI,REG_JIK8987U,MBBS,9893368079,,11.9,PRIMARY_CLINICIAN
d0bb97d3-3bc1-4275-8dc9-6191526ecb38,87b65ca7-bf10-41ed-8229-7524f6b3a30d,DR. DEEPAK KUMAR,REG_KWUT66JA,MBBS DA,7038093028,,26.5,PRIMARY_CLINICIAN
64a78407-db37-40e1-a04c-4c18369aaca9,87b65ca7-bf10-41ed-8229-7524f6b3a30d,DR. ANIL KUMAR,REG_KIXCJXV9,MBBS MS,9850083082,,2.8,ANAESTHETIST
e37225b6-a6ba-4559-93d9-e695842a7e38,87b65ca7-bf10-41ed-8229-7524f6b3a30d,DR. RAVINDRA NATH,REG_8PZ3E4XL,MBBS DA,9483003529,,7.3,SURGEON
b9bb2be0-152f-4eed-b73e-600728a406a8,d31b4920-2059-47f5-83ab-ae5df3b24e6b,DR. NIRMALA DEVI,REG_ECVWBO0J,MBBS DNB,8139814814,,4.2,PAEDIATRICIAN
32f3f1ec-97de-4ea1-8710-7b0ced1fc3af,d31b4920-2059-47f5-83ab-ae5df3b24e6b,DR. RAMU KAKA NISHAD,REG_NFGPFVR9,MBBS DNB,7502065044,,24.6,RADIOLOGIST
a2b5c68a-eb1d-454a-9050-19aafc508c24,d31b4920-2059-47f5-83ab-ae5df3b24e6b,DR. LAKHAN LAL,REG_BTEGX32Y,MBBS DA,7080733916,,21.7,PAEDIATRICIAN
034f9a32-672d-478b-a503-7f2826cb2e73,2621e5d6-3fdd-4caa-b8a8-df10690bbe49,DR. SAROJ DEVI,REG_OTTUOUHK,MBBS MS MCh,9494406519,,18.9,PAEDIATRICIAN
37016b46-76fd-410c-86aa-db045b46aeeb,2621e5d6-3fdd-4caa-b8a8-df10690bbe49,DR. SUSHIL KUMAR,REG_7GMM4L8S,MBBS MD DM,9785190978,,26.3,SURGEON
cdcccbc7-7371-4e4f-b144-d73cb643ec10,2621e5d6-3fdd-4caa-b8a8-df10690bbe49,DR. KUSUM DEVI,REG_PHX2K5ZU,MBBS MS,7551769214,,30.5,ANAESTHETIST
766c8240-6efd-41ba-87ef-18c109ed56fd,2621e5d6-3fdd-4caa-b8a8-df10690bbe49,DR. PRIYA KUMARI,REG_X02DOPOI,MBBS,9686643259,,26.9,PAEDIATRICIAN
90b82d1b-47dc-4d87-9342-872c596871e3,2621e5d6-3fdd-4caa-b8a8-df10690bbe49,DR. NARESH KUMAR,REG_PP094L1H,MBBS MS,7666033489,,34.2,ANAESTHETIST
2b3dc837-0614-4518-ac04-c0874e81f464,95f235be-b1f5-44dd-bd72-e4ff493eed15,DR. CHAMELI DEVI,REG_78SWXXA1,MBBS DNB,9544484664,,12.9,PAEDIATRICIAN
1e9823ad-e032-48af-856c-6ace4f7c4b27,95f235be-b1f5-44dd-bd72-e4ff493eed15,DR. PRIYA KUMARI,REG_8HT2CUJW,MBBS MS MCh,7740317846,,28.1,RADIOLOGIST
c5048a33-aa36-48f3-ad22-3df194a96347,95f235be-b1f5-44dd-bd72-e4ff493eed15,DR. RAM PRASAD BIND,REG_FIAMJ3H9,MBBS MS,7669572753,,23.7,SURGEON
c165ad1e-ff3d-4e74-8a9c-63dbeee372c9,95f235be-b1f5-44dd-bd72-e4ff493eed15,DR. RAM PRASAD SHUKLA,REG_YC8AWF6N,MBBS DNB,9553607930,,27.7,GYNAECOLOGIST
77a572fa-ef12-4ae3-af07-d878e166b993,95f235be-b1f5-44dd-bd72-e4ff493eed15,DR. DRAUPADI DEVI,REG_S4SM9BU7,MBBS MD DM,7054060073,,28.1,GYNAECOLOGIST
7fc48891-4fb6-47e7-8e42-3467758e2030,95f235be-b1f5-44dd-bd72-e4ff493eed15,DR. SANTOSH KUMAR GAUTAM,REG_B0YFKEXX,MBBS,7994654344,,5.7,GYNAECOLOGIST
617258b9-8517-4b11-a09d-2336a4bdc726,24267565-7dcb-4f3b-b6cd-1c0f075379c0,DR. RAMU KAKA,REG_5NXVBIUD,MBBS MS,9862385342,,7.8,GYNAECOLOGIST
9c4f3606-c024-458e-99ed-305171a61f14,24267565-7dcb-4f3b-b6cd-1c0f075379c0,DR. RAJEEV KUMAR,REG_KHVQCSIQ,MBBS,9797934413,,31.9,PRIMARY_CLINICIAN
77691430-0202-4eb8-a5d3-b095e77c6f96,c278f54d-0390-47b6-bda2-b51aec673c31,DR. GEETA DEVI,REG_GKK2C7T3,MBBS DA,9636869950,,21.0,ANAESTHETIST
646134a6-8069-4b58-8c4d-bd81e6706cfa,c278f54d-0390-47b6-bda2-b51aec673c31,DR. SEEMA DEVI,REG_DFRHFH0W,MBBS DA,9767282102,,22.5,PRIMARY_CLINICIAN
166ed76a-e1e3-4679-9f51-cf0dce0e7765,c278f54d-0390-47b6-bda2-b51aec673c31,DR. DEEPAK KUMAR,REG_KGU4NJ56,MBBS MD DM,9458703692,,14.0,PAEDIATRICIAN
4d71e915-85b5-48c6-93cb-686ef8b6a43f,c278f54d-0390-47b6-bda2-b51aec673c31,DR. URMILA DEVI,REG_MO0YQH8I,MBBS MS MCh,7053612147,,5.2,GYNAECOLOGIST
e00c90df-d4d6-472e-93f0-9f5becd0464c,c278f54d-0390-47b6-bda2-b51aec673c31,DR. JAGDISH PRASAD,REG_YFOSOAJG,MBBS MS MCh,8105609144,,20.1,ANAESTHETIST
8cee9af7-8b26-4673-9c54-4f4368a4cba2,c278f54d-0390-47b6-bda2-b51aec673c31,DR. LAKHAN LAL,REG_S1S9DE5E,MBBS MS MCh,7690408687,,12.9,ANAESTHETIST
10cec46d-0b8e-4cb6-a55e-74804633cdfb,c278f54d-0390-47b6-bda2-b51aec673c31,DR. LAXMI DEVI,REG_JCA6WCJO,MBBS MD DM,9608120185,,11.3,PRIMARY_CLINICIAN
22d99f73-35c1-4442-984c-ff9a36099a1e,e7843a89-5bc2-4ede-aeb9-fd6e59d9481b,DR. RAJU YADAV,REG_HRICABBA,MBBS MD DM,9542978443,,28.8,PRIMARY_CLINICIAN
fa0b26fe-b101-4530-92dc-d47087882b50,e7843a89-5bc2-4ede-aeb9-fd6e59d9481b,DR. UMESH KUMAR,REG_2EIU5PV3,MBBS MS MCh,9444033191,,3.6,RADIOLOGIST
3efb274f-5aa8-41b4-b411-261dcb117ca0,e7843a89-5bc2-4ede-aeb9-fd6e59d9481b,DR. URMILA DEVI,REG_GMV4UT7S,MBBS MD DM,9408824580,,3.0,ANAESTHETIST
21547f74-6ed6-4375-8c89-45e63ae4b749,e7843a89-5bc2-4ede-aeb9-fd6e59d9481b,DR. RAMESH CHANDRA,REG_XH9EU3A4,MBBS MD DM,9449893973,,17.8,PAEDIATRICIAN
ba3b6792-e554-460f-8619-ecbc0c7920ba,e7843a89-5bc2-4ede-aeb9-fd6e59d9481b,DR. SUNITA DEVI,REG_AKXKVIPM,MBBS DA,7585927369,,32.3,SURGEON
e94c3315-8438-4e87-bdaa-bc81cbe5d1fb,e7843a89-5bc2-4ede-aeb9-fd6e59d9481b,DR. SAVITRI DEVI,REG_HD3BU4ZO,MBBS DNB,7004713684,,12.9,PRIMARY_CLINICIAN
67387a80-9a71-49fd-996b-d6803763aa5d,9878f087-5008-4e9a-91db-118ffc6d2f1e,DR. KALAWATI DEVI,REG_5SCF7720,MBBS MD DM,7957681060,,21.3,RADIOLOGIST
da755e1e-34a4-4019-974a-d269360539a3,9878f087-5008-4e9a-91db-118ffc6d2f1e,DR. RAJU YADAV,REG_6P5A8C1K,MBBS MD DM,7758927300,,23.5,GYNAECOLOGIST
5da7b0f1-ea21-4743-a4ac-92563c4d7ef2,9878f087-5008-4e9a-91db-118ffc6d2f1e,DR. AMIT KUMAR,REG_M0T33TF2,MBBS MD DM,7838907219,,16.6,PRIMARY_CLINICIAN
b8c84f60-44de-4dbb-8b9a-8e4afbba37a3,9878f087-5008-4e9a-91db-118ffc6d2f1e,DR. PRIYA KUMARI,REG_XI9ISA5N,MBBS MS MCh,7521032377,,22.7,PAEDIATRICIAN
a64a7041-0cdf-4642-9ad8-2b7867ac9c20,9878f087-5008-4e9a-91db-118ffc6d2f1e,DR. MUKESH KUMAR,REG_SV7G6E7O,MBBS MS,9615265396,,13.4,SURGEON
59498aa3-2063-41d7-bcba-9bf3914f277f,9878f087-5008-4e9a-91db-118ffc6d2f1e,DR. SANTOSH KUMAR,REG_YIKAR5JJ,MBBS,9826648181,,3.8,SURGEON
50944acf-d9fa-4523-9149-ce6985a2b8f5,9878f087-5008-4e9a-91db-118ffc6d2f1e,DR. LAKHAN LAL,REG_9OCLVBWA,MBBS DA,8157878835,,17.2,RADIOLOGIST
be12979c-63f2-4071-b71f-91ed58fa61cb,485db366-f036-4f19-ad67-c51b84a49903,DR. GEETA DEVI,REG_M0628458,MBBS MS,9790063742,,32.9,GYNAECOLOGIST
edfc02f8-0157-4a10-a318-1084e84f2a1a,485db366-f036-4f19-ad67-c51b84a49903,DR. DEEPAK KUMAR,REG_GZFM3JRP,MBBS MS MCh,9524876618,,24.8,GYNAECOLOGIST
dea96b3b-7c39-4b5c-a696-2298f9b26aa5,485db366-f036-4f19-ad67-c51b84a49903,DR. MEENA DEVI,REG_4CC0M8QC,MBBS,9576688571,,5.2,RADIOLOGIST
1aa7ef18-f0dd-48a0-9f85-4694595ead77,973c72b6-a78b-45a8-b525-868353af84ea,DR. SEEMA DEVI,REG_3SZVBPEE,MBBS DA,8160652640,,31.9,GYNAECOLOGIST
946415ca-5e37-4e16-87e8-10a45f0c5235,973c72b6-a78b-45a8-b525-868353af84ea,DR. RAVINDRA NATH,REG_1UY2X3YN,MBBS MS MCh,7891149618,,5.2,RADIOLOGIST
334aa32b-52e0-4b84-b443-67e9518eafc7,973c72b6-a78b-45a8-b525-868353af84ea,DR. SHANTI DEVI,REG_3TQKHE8S,MBBS MS,7925352962,,2.6,RADIOLOGIST
8ba4bfca-d026-4e3f-b821-1f881e403b05,058fe129-afd7-4499-9973-cdcad110e8a3,DR. KUSUM DEVI,REG_9BSPTP1C,MBBS MD,8055561261,,31.0,ANAESTHETIST
3c849b47-000d-4a18-b1bd-fe6e10761125,058fe129-afd7-4499-9973-cdcad110e8a3,DR. SHYAM LAL,REG_YJM4ZMWU,MBBS MS MCh,9781938739,,17.8,RADIOLOGIST
05f6d984-29fc-4956-bdd0-b5520ae4fdd0,058fe129-afd7-4499-9973-cdcad110e8a3,DR. CHAMELI DEVI,REG_S0RARKLZ,MBBS MS MCh,8133241697,,31.1,PAEDIATRICIAN
3c6fac4a-482a-4449-80dc-d9ba06024b16,058fe129-afd7-4499-9973-cdcad110e8a3,DR. KALAWATI DEVI,REG_B3SDHIX9,MBBS,9528197109,,28.7,PAEDIATRICIAN
f9e4d6ad-2d10-4fa5-9e4e-1105f58aead5,058fe129-afd7-4499-9973-cdcad110e8a3,DR. MUNNI DEVI,REG_425BR70V,MBBS MS MCh,7914292490,,2.0,SURGEON
059fc1fc-5b09-498c-ba3c-2bf9c3b5ac7c,7517a147-10ac-4547-a6e5-398e0aec8db6,DR. RAM PRASAD,REG_71GOTJDK,MBBS DA,8171459443,,30.3,PRIMARY_CLINICIAN
9240720a-f75c-4b08-849b-988545fb1337,7517a147-10ac-4547-a6e5-398e0aec8db6,DR. SHIV KUMAR,REG_RGLOK67H,MBBS MD DM,8151897801,,32.7,SURGEON
2ee59597-9ec6-4738-b532-3d99d22b3090,7517a147-10ac-4547-a6e5-398e0aec8db6,DR. SUSHILA DEVI,REG_PTAD4KIH,MBBS DNB,9476078521,,21.5,SURGEON
b2d9164d-04b8-4de0-b3a1-7e3c494e6537,7517a147-10ac-4547-a6e5-398e0aec8db6,DR. RAKESH KUMAR,REG_9BXN185P,MBBS DNB,8054416214,,23.9,RADIOLOGIST
3950d24c-6cd8-4ca0-a2b1-98ef6f1840c7,7517a147-10ac-4547-a6e5-398e0aec8db6,DR. RANI DEVI,REG_JH78XYIH,MBBS DA,9744072391,,16.7,RADIOLOGIST
3ab2f5be-7fb1-4566-888d-fff883d261e7,7517a147-10ac-4547-a6e5-398e0aec8db6,DR. GEETA DEVI,REG_4N17INJU,MBBS MS MCh,9715238686,,33.4,ANAESTHETIST
e9346fc3-574d-4a07-9231-d766a176f38f,7517a147-10ac-4547-a6e5-398e0aec8db6,DR. MEENA DEVI,REG_B6QJVUSZ,MBBS DA,8041526575,,34.4,RADIOLOGIST
c71d8f64-37b1-4814-80f0-691c32be4219,be9655cd-9695-463d-a93c-4ee77f4c34e6,DR. RAMESH CHANDRA,REG_IDD5P7X6,MBBS DNB,9704012486,,5.4,PRIMARY_CLINICIAN
fd9259b5-9dcb-4663-bb9c-e6be4c37d437,be9655cd-9695-463d-a93c-4ee77f4c34e6,DR. ANITA DEVI,REG_MNTUULKH,MBBS MD DM,7923844836,,18.3,SURGEON
e9ff69b4-a21a-4de2-b43d-2d1ac513fac9,be9655cd-9695-463d-a93c-4ee77f4c34e6,DR. RAVI SHANKAR,REG_KY2YE4I5,MBBS MD,9510801103,,26.7,ANAESTHETIST
a011e5af-031d-4aaa-967d-bcfa72f536ee,be9655cd-9695-463d-a93c-4ee77f4c34e6,DR. PHOOL KUMARI,REG_W818GFR0,MBBS MS MCh,9788652912,,21.8,SURGEON
3ad7a663-1447-4839-9b8f-4d75f3a6efd6,be9655cd-9695-463d-a93c-4ee77f4c34e6,DR. MEENA DEVI,REG_ZFVABJO8,MBBS MS MCh,9442183991,,13.3,SURGEON
a3d4f923-e5ee-4897-8de2-e50e2e41e01a,be9655cd-9695-463d-a93c-4ee77f4c34e6,DR. SHEELA DEVI,REG_84DYNITH,MBBS,9842067047,,24.0,PRIMARY_CLINICIAN
a10e4d06-0266-4c65-84ef-8cd0c1519baf,91f99c76-03d3-4e2a-82f0-e10b815f00b9,DR. JAGDISH PRASAD,REG_C1J3BK3U,MBBS MD DM,8077134061,,26.1,SURGEON
36d3c70e-04bb-4750-bade-456061e6f04a,91f99c76-03d3-4e2a-82f0-e10b815f00b9,DR. HEMANT KUMAR,REG_IVKUIM6X,MBBS DNB,7000823549,,13.3,ANAESTHETIST
cea1d682-fc8f-4570-83e4-0704abefeab0,91f99c76-03d3-4e2a-82f0-e10b815f00b9,DR. SUNITA DEVI,REG_1X11E9L0,MBBS MD DM,9736155173,,20.6,RADIOLOGIST
b07cfe2f-1617-454f-a3e5-b5a46fc905a8,20439481-0474-4d67-b71e-4556ab11eec7,DR. RAVI SHANKAR,REG_CE6DDYYZ,MBBS DA,8135882278,,34.1,PRIMARY_CLINICIAN
41cfec1d-dc93-4265-bfda-bd3cdffbf838,20439481-0474-4d67-b71e-4556ab11eec7,DR. SUSHILA DEVI,REG_HA8IM1DE,MBBS MS MCh,8164168151,,18.6,RADIOLOGIST
7c1f893a-c163-4b5f-bb3a-8e95ee467364,20439481-0474-4d67-b71e-4556ab11eec7,DR. PUSHPA DEVI,REG_5PLI6TND,MBBS DNB,9773730498,,15.3,PAEDIATRICIAN
7647e106-9685-4ede-9dcb-f0265a383e2d,20439481-0474-4d67-b71e-4556ab11eec7,DR. RADHA DEVI,REG_TI4QAMQZ,MBBS MS MCh,9675554720,,6.6,SURGEON
1b1849f8-c537-41ee-a5f2-f9f4ced88276,20439481-0474-4d67-b71e-4556ab11eec7,DR. SANTOSHI DEVI,REG_KWGX13PL,MBBS,7726579899,,5.9,PAEDIATRICIAN
8a88fcbf-5d64-454b-8bf2-a32a8aa6ec8a,f42e3415-07e8-4f42-8fde-494bab346766,DR. ROHIT KUMAR,REG_O8LOQM1P,MBBS MS,9792831388,,2.8,PRIMARY_CLINICIAN
a410bbf4-a975-4a1c-a402-d47ab8a01e2e,f42e3415-07e8-4f42-8fde-494bab346766,DR. POONAM DEVI,REG_YL3FW8R9,MBBS MD,8016077098,,16.9,GYNAECOLOGIST
df9c6725-b365-4c5a-8aa7-9b130c31810a,f42e3415-07e8-4f42-8fde-494bab346766,DR. BABLU KUMAR,REG_039JMMLA,MBBS MS,8083543119,,28.9,PAEDIATRICIAN
f46e3f24-18db-4b6a-a7c5-031ca1a32b49,824bb4d8-1753-491b-b8c1-0e2edc738286,DR. ASHOK KUMAR DUBEY,REG_678GCP8I,MBBS MS MCh,8177431319,,31.4,GYNAECOLOGIST
8e8d667c-3bf6-4781-ba60-eef5ac63ae9a,824bb4d8-1753-491b-b8c1-0e2edc738286,DR. JAGDISH PRASAD,REG_X8R7FILI,MBBS MS,9612126579,,13.1,SURGEON
eb5fe951-1995-4707-98d8-a28820c4474e,824bb4d8-1753-491b-b8c1-0e2edc738286,DR. SARASWATI DEVI,REG_7YJNTXOV,MBBS DNB,7785277671,,20.5,PAEDIATRICIAN
018b7afd-4809-44a9-949a-207ce4d1daed,f9cf7cc9-66f4-4e4d-9eb2-c42e95a2cf4d,DR. PHOOL KUMARI,REG_EZ9509ME,MBBS,7560885517,,5.1,RADIOLOGIST
fd80a988-55de-4a10-a125-42ff1dd491c4,f9cf7cc9-66f4-4e4d-9eb2-c42e95a2cf4d,DR. ANITA DEVI,REG_RWXCH72K,MBBS MD,7816214697,,3.9,ANAESTHETIST
372a47fc-93bf-47f2-831a-cf7935b250c1,f9cf7cc9-66f4-4e4d-9eb2-c42e95a2cf4d,DR. CHAMELI DEVI,REG_9XVDVFLS,MBBS MD DM,9432569774,,11.5,PRIMARY_CLINICIAN
d26ea6d3-1c59-4fc1-85d5-293929873d2b,f9cf7cc9-66f4-4e4d-9eb2-c42e95a2cf4d,DR. PAPPU YADAV JAISWAL,REG_6S3XE9YR,MBBS MD,7747159788,,25.5,GYNAECOLOGIST
cbfa6060-3563-4d79-8079-dd22c78a802b,a4af1771-116a-403f-976a-2598d16ab6d5,DR. JAGDISH PRASAD KORI,REG_K4AFO9EY,MBBS DA,9500920546,,1.3,PRIMARY_CLINICIAN
4a20e18f-20ed-4c61-b8ed-8d44c6493392,a4af1771-116a-403f-976a-2598d16ab6d5,DR. SUMITRA DEVI,REG_WR0PHJZH,MBBS MD DM,7529789050,,31.2,RADIOLOGIST
5cee5f63-4e69-4979-aa52-3b72475e2999,383efd30-cbe2-4006-a0d0-f5e8d18e4a7e,DR. SARASWATI DEVI,REG_LQI4F4DR,MBBS DNB,7609321266,,21.3,SURGEON
11e47028-afc9-40c3-84bf-f7e79ba58271,383efd30-cbe2-4006-a0d0-f5e8d18e4a7e,DR. PAPPU YADAV,REG_JY974US9,MBBS,9569818905,,24.5,PAEDIATRICIAN
65251b54-56f0-45d7-9cf8-d66dab49a7a7,383efd30-cbe2-4006-a0d0-f5e8d18e4a7e,DR. PRADEEP KUMAR,REG_G1IAOVUZ,MBBS MS MCh,9410940668,,10.9,PAEDIATRICIAN
44139cc5-ab7c-413d-8a94-8148984874ef,383efd30-cbe2-4006-a0d0-f5e8d18e4a7e,DR. DRAUPADI DEVI,REG_O62PWBK2,MBBS MS,7754612859,,23.4,ANAESTHETIST
6ff483be-fe4a-4d49-a087-95840981ca39,beab9dec-94ad-4cb1-95ca-dde775efb204,DR. JAGDISH PRASAD SHUKLA,REG_J2Z247J8,MBBS MD DM,7772352820,,16.3,PRIMARY_CLINICIAN
b03256e2-6efa-4ede-ad1e-39e54fd65529,beab9dec-94ad-4cb1-95ca-dde775efb204,DR. LEELA DEVI,REG_QZJ2FQF0,MBBS MD,9782276988,,25.3,PAEDIATRICIAN
437e2e95-5a52-459e-a69f-e513cbae19b5,beab9dec-94ad-4cb1-95ca-dde775efb204,DR. SUSHILA DEVI,REG_CUAOLA68,MBBS,8129658993,,26.0,PRIMARY_CLINICIAN
8f952a5b-97bd-4601-bc67-5c8cbe4659e5,beab9dec-94ad-4cb1-95ca-dde775efb204,DR. KALAWATI DEVI,REG_S9O8D3FM,MBBS DA,9690616172,,21.5,RADIOLOGIST
dd1efd2d-85cf-4dfb-abe0-427e3d69211e,beab9dec-94ad-4cb1-95ca-dde775efb204,DR. DEEPAK KUMAR,REG_Y6N7X9YP,MBBS MS MCh,9746627373,,22.9,PAEDIATRICIAN
cf733c28-e4e4-4a1b-bd37-909eb05cca97,beab9dec-94ad-4cb1-95ca-dde775efb204,DR. HARI OM RAJBHAR,REG_J8PGIPTR,MBBS MD DM,7901154624,,17.9,SURGEON
5fe570ed-5fdb-438e-8307-fa0f85a30314,7edeb341-4f12-4e75-b43e-a189b9d38f28,DR. ASHOK KUMAR,REG_46EKYE0N,MBBS DA,9432582230,,13.8,GYNAECOLOGIST
ba2d77ae-8384-4c0e-a96c-5cdaf97c1d7a,7edeb341-4f12-4e75-b43e-a189b9d38f28,DR. ARVIND KUMAR PATEL,REG_H22Y3HQ3,MBBS MD,7927535652,,27.2,ANAESTHETIST
6dcac22b-2c02-490b-a035-67b84bc28c33,7edeb341-4f12-4e75-b43e-a189b9d38f28,DR. GULABO DEVI,REG_Y89GGYY1,MBBS MS MCh,9504944728,,4.3,RADIOLOGIST
ece77d1a-0d7c-4499-af25-8a474f39e1c6,7edeb341-4f12-4e75-b43e-a189b9d38f28,DR. RAM PRASAD,REG_SRXXY7HQ,MBBS DA,7966738611,,16.7,GYNAECOLOGIST
e566dda6-cbbd-4105-a39a-b6782fae0fba,7edeb341-4f12-4e75-b43e-a189b9d38f28,DR. LEELA DEVI,REG_DYHFJSH3,MBBS DNB,9476060313,,15.1,PRIMARY_CLINICIAN
a9028fe6-d5cc-4f92-8aa4-47e331f9ef55,7edeb341-4f12-4e75-b43e-a189b9d38f28,DR. KIRAN DEVI,REG_YFB97AL7,MBBS MS MCh,7695868007,,10.9,RADIOLOGIST
c347cc3d-b352-48f6-895b-63315cf09969,cbbb28b2-f37d-43a6-a2a5-fc6e95c2e9df,DR. KALAWATI DEVI,REG_A4798VJ2,MBBS,9774033580,,2.5,RADIOLOGIST
d8c11ea7-68eb-42cd-a63b-bfcd49d904d5,cbbb28b2-f37d-43a6-a2a5-fc6e95c2e9df,DR. HEMANT KUMAR,REG_D4R2REKU,MBBS DNB,7998571380,,18.6,PAEDIATRICIAN
5a6fd7ff-6b16-4faa-9d73-09c3b6cd59ea,cbbb28b2-f37d-43a6-a2a5-fc6e95c2e9df,DR. KALAWATI DEVI,REG_E6H7FCLZ,MBBS DA,9402318018,,20.0,RADIOLOGIST
54b84f16-ae1f-4eaf-95c9-249187223d48,cbbb28b2-f37d-43a6-a2a5-fc6e95c2e9df,DR. JAGDISH PRASAD NISHAD,REG_J1IYNEFL,MBBS DA,8161892550,,17.3,PAEDIATRICIAN
c44e9e1d-2424-4712-aeca-499897e01e83,cbbb28b2-f37d-43a6-a2a5-fc6e95c2e9df,DR. RAKESH KUMAR,REG_XUZWZPZM,MBBS MS,7523687308,,1.7,PRIMARY_CLINICIAN
337667eb-c37f-431d-a9c8-b33b026bb711,cbbb28b2-f37d-43a6-a2a5-fc6e95c2e9df,DR. VIJAY KUMAR KURMI,REG_H40UI5CD,MBBS MS MCh,9545976928,,5.5,PAEDIATRICIAN
62ebcbf2-bf0e-4a82-864d-fc950c8d75f6,6370ad26-6d44-4337-9ee9-dd0dc9f87a18,DR. RAVI SHANKAR,REG_P2CO4L0K,MBBS MD DM,7797398012,,13.4,PAEDIATRICIAN
0d8373b5-c183-4ca7-b65e-dad1e2eb4507,6370ad26-6d44-4337-9ee9-dd0dc9f87a18,DR. MANJU DEVI,REG_9IQDERUS,MBBS DNB,8078584223,,18.5,SURGEON
527e881f-1040-4fea-9124-b56d8a0c9ae9,6370ad26-6d44-4337-9ee9-dd0dc9f87a18,DR. GULABO DEVI,REG_SL8TWXPA,MBBS MS MCh,9418000417,,29.9,GYNAECOLOGIST
740e1fd8-3e57-4f92-8dd5-ce5e2cf33eef,6370ad26-6d44-4337-9ee9-dd0dc9f87a18,DR. SUMITRA DEVI,REG_3D733YV0,MBBS MS MCh,7611215862,,24.9,PRIMARY_CLINICIAN
d5219719-ca15-472e-a2fe-7d2186c5f23d,d99ed17c-5b07-41ee-926d-ee4d1a0db132,DR. PRIYA KUMARI,REG_NK2FIVTD,MBBS MS MCh,7859231926,,16.0,PAEDIATRICIAN
55a31682-81f9-4257-899b-6a9ebd2ee1a8,d99ed17c-5b07-41ee-926d-ee4d1a0db132,DR. RAMU KAKA KURMI,REG_72DIKQEA,MBBS MD,9565116516,,9.6,SURGEON
532dfdae-a92e-4f31-be7b-a5a99297d6b1,d99ed17c-5b07-41ee-926d-ee4d1a0db132,DR. MUNNI DEVI,REG_0JS2SUQI,MBBS MS,9507756666,,17.0,PAEDIATRICIAN
a8a9fa01-34eb-4333-9da4-9cee809818b3,b3131489-f06b-425d-9ccd-467eb7e1d542,DR. MUKESH KUMAR,REG_7H6990ON,MBBS,7065831079,,9.9,SURGEON
2064e324-89f8-4266-beff-5602b16974d3,b3131489-f06b-425d-9ccd-467eb7e1d542,DR. REKHA DEVI,REG_QDX5CMXG,MBBS MS,7878398664,,24.7,ANAESTHETIST
73c7e17d-97c9-4cc1-aa6c-1aa232cac132,b3131489-f06b-425d-9ccd-467eb7e1d542,DR. RAJESH KUMAR,REG_N0V88876,MBBS MS MCh,9660540528,,18.5,ANAESTHETIST
e5270fa2-d578-4f73-90f9-0d0e8d859076,b3131489-f06b-425d-9ccd-467eb7e1d542,DR. BABLU KUMAR LODHI,REG_SI5C078C,MBBS MS,9491887871,,8.7,PAEDIATRICIAN
fd46d18a-b4c3-42d0-99b8-11860e4e85a7,b3131489-f06b-425d-9ccd-467eb7e1d542,DR. VIVEK KUMAR PANDEY,REG_V49JCXJN,MBBS MD,7870149582,,34.0,ANAESTHETIST
ec2dfcd7-ebbd-4007-96ef-f21a59ef74f7,b3131489-f06b-425d-9ccd-467eb7e1d542,DR. GULABO DEVI,REG_NVSWNHZD,MBBS,7975555728,,14.5,ANAESTHETIST
c1d6c805-dcbc-4872-821d-28f71942f028,92a4daba-b6b6-45e5-9f77-f852770dcb99,DR. RAM PRASAD VERMA,REG_0J1OYG5P,MBBS MD,7974877035,,1.7,ANAESTHETIST
978b8922-7c70-4941-b72b-68bd4dfbf58f,92a4daba-b6b6-45e5-9f77-f852770dcb99,DR. URMILA DEVI,REG_9ALBYJ24,MBBS,9635723956,,23.2,GYNAECOLOGIST
d83b7a78-f153-481a-a179-59030848dc45,92a4daba-b6b6-45e5-9f77-f852770dcb99,DR. UMESH KUMAR,REG_AA08WW2N,MBBS,7527968629,,19.6,GYNAECOLOGIST
cb590c54-78d2-4c04-8e73-42aca8819b77,92a4daba-b6b6-45e5-9f77-f852770dcb99,DR. SHANTI DEVI,REG_QD1S69VF,MBBS DNB,9677543981,,29.3,PAEDIATRICIAN
f3e3918c-ff5f-4abf-a5b4-d92d22db6307,d7935ac2-8820-4c6e-9ece-961b1da38c93,DR. KALAWATI DEVI,REG_R6VGKQ1T,MBBS DNB,9632851697,,28.6,GYNAECOLOGIST
b8541c9f-0027-443d-8c29-b0f5a3ca707b,d7935ac2-8820-4c6e-9ece-961b1da38c93,DR. ASHOK KUMAR CHAUHAN,REG_461LNXMQ,MBBS MS MCh,7997184438,,17.4,ANAESTHETIST
193fc9ce-bd86-4a4a-9bc7-9b63d7fa91fc,d7935ac2-8820-4c6e-9ece-961b1da38c93,DR. DINESH KUMAR,REG_7TLDOP2O,MBBS DA,9401891679,,10.3,RADIOLOGIST
5e2e8930-0e5c-448d-8847-1bff1963ed11,d7935ac2-8820-4c6e-9ece-961b1da38c93,DR. JAGDISH PRASAD,REG_8QM2ZN9K,MBBS MD DM,7985859977,,19.1,SURGEON
949c97af-429b-4142-b353-d6260fc649a5,d7935ac2-8820-4c6e-9ece-961b1da38c93,DR. PHOOL KUMARI,REG_3B812IB8,MBBS DNB,8112695835,,10.0,GYNAECOLOGIST
d2b3a52d-0b97-42bc-91ce-b6180642762c,d7935ac2-8820-4c6e-9ece-961b1da38c93,DR. DINESH KUMAR,REG_C7CJRMI6,MBBS MS,7826665700,,25.5,RADIOLOGIST
62e7a179-bd91-4247-a1e7-64b25e315015,d7935ac2-8820-4c6e-9ece-961b1da38c93,DR. CHAMELI DEVI,REG_49DF0PVC,MBBS MS MCh,8181325772,,1.6,GYNAECOLOGIST
038d8566-4faa-4f30-abca-27371c3593a4,b8e2b260-4f55-4d4e-9246-3cd376a42856,DR. BABLU KUMAR,REG_RTPO8EK1,MBBS,7589633742,,12.1,SURGEON
60b76aed-43bb-4ae1-9330-4177191d6c08,b8e2b260-4f55-4d4e-9246-3cd376a42856,DR. GULABO DEVI,REG_4SJFAPKK,MBBS DNB,8139277172,,12.8,RADIOLOGIST
38c70c89-7730-4292-ac82-f156731d1613,b8e2b260-4f55-4d4e-9246-3cd376a42856,DR. SARASWATI DEVI,REG_95Z3SU98,MBBS DNB,8044120116,,32.8,RADIOLOGIST
f655e786-e16a-4df9-a170-ed69a2e50d3c,b8e2b260-4f55-4d4e-9246-3cd376a42856,DR. RAKESH KUMAR BIND,REG_9BNU5KUM,MBBS MS MCh,8025459503,,32.6,RADIOLOGIST
775aa95a-ee60-4b06-b239-4c761f746228,b8e2b260-4f55-4d4e-9246-3cd376a42856,DR. DEVENDRA KUMAR,REG_B6ZNKEZ7,MBBS MD DM,9681052072,,3.9,RADIOLOGIST
ccf74f28-f52a-48f0-b5a0-566830ab5e81,b8e2b260-4f55-4d4e-9246-3cd376a42856,DR. NARESH KUMAR PANDEY,REG_MM30WE4Q,MBBS DA,8180746473,,9.4,RADIOLOGIST
3e3f5c16-4584-4a51-8cd8-3e7f6659d394,b8e2b260-4f55-4d4e-9246-3cd376a42856,DR. SHYAM LAL,REG_WOW0Z2UT,MBBS MS MCh,8103926918,,16.8,PRIMARY_CLINICIAN
72147410-55b4-4001-bb26-abd0aacd66ac,b8e2b260-4f55-4d4e-9246-3cd376a42856,DR. LEELA DEVI,REG_QGB2HK0B,MBBS MS,9490045489,,16.9,PAEDIATRICIAN
5ce418be-7bab-4d17-a409-db596d8bb46e,b123c7ac-cb54-4042-ba26-b405b5c62baa,DR. KALAWATI DEVI,REG_RZC46X5H,MBBS DA,7508043043,,26.4,PAEDIATRICIAN
ce8b3fa7-64dd-43fa-876e-3489be981b89,b123c7ac-cb54-4042-ba26-b405b5c62baa,DR. REKHA DEVI,REG_RNVKOQRM,MBBS DNB,7686648802,,8.0,RADIOLOGIST
febf7bb6-063c-4afa-bbad-8a3c0e797124,b123c7ac-cb54-4042-ba26-b405b5c62baa,DR. RAM PRASAD YADAV,REG_8V5BC3NR,MBBS MD,9850502819,,29.1,ANAESTHETIST
debd9a56-5dc0-4954-9e13-cecd3e946803,b123c7ac-cb54-4042-ba26-b405b5c62baa,DR. NARESH KUMAR PANDEY,REG_GVHSCJ80,MBBS DNB,8047788747,,12.2,RADIOLOGIST
b2cced20-e4d0-4b63-b8b2-14ace3edf153,b123c7ac-cb54-4042-ba26-b405b5c62baa,DR. GUDDU KUMAR,REG_NO2CI3SA,MBBS DA,7041186742,,9.6,RADIOLOGIST
a90d53c9-b98d-4967-8dbf-a78142b5727d,b123c7ac-cb54-4042-ba26-b405b5c62baa,DR. ASHOK KUMAR,REG_RTHS72G2,MBBS DA,9572571544,,3.0,GYNAECOLOGIST
478955b0-913a-43a9-8550-f5bb4bf4c370,b026ca22-e993-4dd3-b76c-295589021af4,DR. PRIYA KUMARI,REG_LTT05GGY,MBBS DNB,9574780315,,4.0,RADIOLOGIST
bae92c66-057f-48be-bac9-5518db88bdac,b026ca22-e993-4dd3-b76c-295589021af4,DR. SANTOSHI DEVI,REG_SMCHG9EV,MBBS MS MCh,9529749681,,25.2,RADIOLOGIST
f2ca5053-0f03-420f-b45c-906dd86c0550,b026ca22-e993-4dd3-b76c-295589021af4,DR. PRIYA KUMARI,REG_XJSF0JN8,MBBS MD DM,7686998833,,29.1,PAEDIATRICIAN
48b8c49d-39fa-4dc6-b006-74a9032436f9,b026ca22-e993-4dd3-b76c-295589021af4,DR. BABLU KUMAR,REG_HGEV4Z64,MBBS DA,9534608404,,3.4,RADIOLOGIST
fa4e8652-deab-4830-9a5e-9a58eb6759c6,b026ca22-e993-4dd3-b76c-295589021af4,DR. SHYAM LAL,REG_ATWQQLY9,MBBS DA,9499749606,,31.5,RADIOLOGIST
86f3e79b-8836-4715-9c88-7822e7c3c3bb,b026ca22-e993-4dd3-b76c-295589021af4,DR. GULABO DEVI,REG_XLSJE8F8,MBBS DA,7799173742,,24.6,PRIMARY_CLINICIAN
b34f2f85-6892-4060-b82a-d355c6ef0bf8,b026ca22-e993-4dd3-b76c-295589021af4,DR. NIRMALA DEVI,REG_LM6NYYTH,MBBS MD,9449410195,,31.6,PAEDIATRICIAN
976dfcd3-b37c-4832-913c-49039b883d5f,b026ca22-e993-4dd3-b76c-295589021af4,DR. HEMANT KUMAR KORI,REG_6PRHJAHL,MBBS,7781087090,,26.3,GYNAECOLOGIST
798c14d3-087a-40b6-99d0-b1b32c5ebc59,0645da7f-f79d-4890-a1e0-a51a7a9cf6e7,DR. AMIT KUMAR,REG_E0D694AW,MBBS MD DM,8197688020,,24.7,RADIOLOGIST
f0718419-aec9-43bd-afb5-a81cb9de4773,0645da7f-f79d-4890-a1e0-a51a7a9cf6e7,DR. SUMITRA DEVI,REG_WBDZDWIE,MBBS MS,9719412351,,28.5,SURGEON
24e0c9fe-b5bc-4870-ac40-1a11322ca519,0645da7f-f79d-4890-a1e0-a51a7a9cf6e7,DR. SAVITRI DEVI,REG_HJYCZTTA,MBBS MS MCh,8126094787,,26.4,RADIOLOGIST
3008c9a3-0539-4f55-83ac-8a83d4ddb1d8,0645da7f-f79d-4890-a1e0-a51a7a9cf6e7,DR. GEETA DEVI,REG_01QRK70M,MBBS MS,9609183421,,7.6,PRIMARY_CLINICIAN
7e9765ba-8b48-47d9-a7da-5b64ebb3aef5,0645da7f-f79d-4890-a1e0-a51a7a9cf6e7,DR. PHOOL KUMARI,REG_EMF25OMA,MBBS,7973100474,,7.7,GYNAECOLOGIST
138dafdf-3f1c-4fd4-9b20-5c0810f568d5,0645da7f-f79d-4890-a1e0-a51a7a9cf6e7,DR. JAGDISH PRASAD TIWARI,REG_2QNIEOCB,MBBS MS,9457861892,,8.9,ANAESTHETIST
128f34a3-9f6e-4a8b-b514-e1424cd11e8c,0645da7f-f79d-4890-a1e0-a51a7a9cf6e7,DR. SEEMA DEVI,REG_JW2FEU70,MBBS DA,9445918022,,13.5,ANAESTHETIST
19517424-2a77-4488-b028-27433650d239,2527c1b6-82d8-470e-9ca0-8e06deb23ed0,DR. LEELA DEVI,REG_ODOXFCKN,MBBS MD,9467974173,,19.7,ANAESTHETIST
a73154b9-1c92-4872-83d6-66072e92e649,2527c1b6-82d8-470e-9ca0-8e06deb23ed0,DR. RAKESH KUMAR,REG_Q7H0G3NV,MBBS MD DM,7871720746,,15.6,SURGEON
a822f554-2412-470b-bcf7-a762709be1e3,08fc1f3d-a6f1-4ea0-90e5-580a39dd2baf,DR. GULABO DEVI,REG_WKHD7LHQ,MBBS MD DM,8085061432,,17.0,SURGEON
83070086-5f31-4356-9dd0-a686244d6d7a,08fc1f3d-a6f1-4ea0-90e5-580a39dd2baf,DR. SURESH KUMAR,REG_UFA5IIBI,MBBS DNB,9590318993,,14.7,RADIOLOGIST
1ea6d224-f1fd-4396-9b5b-c872f86b6582,ced61793-a093-460c-b537-afcf03865341,DR. DINESH KUMAR,REG_ZL6PCPCJ,MBBS MS MCh,7641178722,,20.0,RADIOLOGIST
7117b5df-4af7-40da-8850-cf74dabd1bf0,ced61793-a093-460c-b537-afcf03865341,DR. AMIT KUMAR,REG_QNB65GW5,MBBS MS,9802974151,,25.7,RADIOLOGIST
af1f8dea-0507-4ecb-bd87-a50c90918816,b715add2-8aa2-44b1-a656-5fd5923104bc,DR. RAKESH KUMAR,REG_5D10H6LV,MBBS DNB,9414439976,,20.5,PAEDIATRICIAN
89ddb209-8a47-4dfc-8dfe-5c95cf9e6dff,b715add2-8aa2-44b1-a656-5fd5923104bc,DR. RADHA DEVI,REG_LBR9SANR,MBBS,7043886952,,32.5,GYNAECOLOGIST
449c2419-06d0-4536-af86-63744232e9ae,b715add2-8aa2-44b1-a656-5fd5923104bc,DR. BABLU KUMAR,REG_UF2BTL9E,MBBS,7658977577,,26.2,SURGEON
55fd6dc1-156d-4ed3-b3fd-9c4451ab4ed8,b715add2-8aa2-44b1-a656-5fd5923104bc,DR. SEEMA DEVI,REG_O528V15G,MBBS,7744332340,,1.8,SURGEON
4f3a376e-0d3d-4862-8459-c8dec708731c,b715add2-8aa2-44b1-a656-5fd5923104bc,DR. SUMITRA DEVI,REG_M2TT8TZA,MBBS MD DM,8051166119,,32.0,ANAESTHETIST
92247249-1f69-483d-942c-a705148cb54b,b715add2-8aa2-44b1-a656-5fd5923104bc,DR. JAGDISH PRASAD,REG_7WA1GO0C,MBBS MS MCh,7688460828,,32.4,GYNAECOLOGIST
40f46179-a46d-4ea9-aad6-bcef58d803e4,b715add2-8aa2-44b1-a656-5fd5923104bc,DR. SAVITRI DEVI,REG_UZ1ZJXP4,MBBS DA,7704584581,,5.3,PAEDIATRICIAN
e8035f4b-82d1-4b9e-a291-bbb2de137690,1671be92-42b2-455e-b48c-cbaf29a378cb,DR. VIRENDRA SINGH,REG_OA0NQOL8,MBBS DA,9448624000,,22.3,PRIMARY_CLINICIAN
38247141-db7f-478a-b32b-81fbf213a040,1671be92-42b2-455e-b48c-cbaf29a378cb,DR. REKHA DEVI,REG_Q6WDPU4A,MBBS MS,9605677575,,2.4,GYNAECOLOGIST
00f83c75-2466-4457-b494-6c25ab221983,1671be92-42b2-455e-b48c-cbaf29a378cb,DR. SHANTI DEVI,REG_BWM21RAO,MBBS MD,8117824215,,15.0,ANAESTHETIST
601bb33f-9b05-4cd6-bb00-25d3885447bb,1671be92-42b2-455e-b48c-cbaf29a378cb,DR. SUNITA DEVI,REG_EQF16VLI,MBBS MS,7019572914,,6.2,SURGEON
488a9a78-7177-477b-a4d6-62286141dbc9,1671be92-42b2-455e-b48c-cbaf29a378cb,DR. DRAUPADI DEVI,REG_79GSMS1M,MBBS DNB,7554149562,,6.6,RADIOLOGIST
e5622edf-a698-41d7-83df-c814055a6af8,310c286a-875d-456f-b815-37edfb352216,DR. MUNNI DEVI,REG_FU0OX2HE,MBBS MD,7527021619,,5.5,PAEDIATRICIAN
f20e6eb4-afc7-435e-b488-75560843abb5,310c286a-875d-456f-b815-37edfb352216,DR. DEEPAK KUMAR,REG_WBQJ0UK6,MBBS MD DM,7840769519,,1.6,SURGEON
bf3e4c4a-cc8d-4036-8e6c-6abc689a201c,310c286a-875d-456f-b815-37edfb352216,DR. ANITA DEVI,REG_8HLH9LGN,MBBS MD DM,8023968812,,23.4,GYNAECOLOGIST
0bf84ed8-2c2c-41b6-92e5-32f883f636c3,310c286a-875d-456f-b815-37edfb352216,DR. ANITA DEVI,REG_FM19YTIM,MBBS DNB,9452162253,,31.7,PAEDIATRICIAN
ada96af5-3666-4ddf-9d6f-b3e5a7abea9f,310c286a-875d-456f-b815-37edfb352216,DR. SHEELA DEVI,REG_NT1IT8YQ,MBBS MS,7066267228,,1.3,GYNAECOLOGIST
4bf7c8e6-b547-46d9-b4bf-a7a32e544517,4dbc8e1d-62ce-4605-81f1-8497ff07e2f4,DR. SANTOSH KUMAR,REG_ZJ6U4QWZ,MBBS,7675617976,,26.5,RADIOLOGIST
962d4fc9-ff6e-4cb6-baac-8ed8a2b65b1d,4dbc8e1d-62ce-4605-81f1-8497ff07e2f4,DR. REENA DEVI,REG_0U1SL2QP,MBBS DNB,9622359693,,3.8,SURGEON
acb50661-77d4-4b58-b48a-0f7ca98a70d4,4dbc8e1d-62ce-4605-81f1-8497ff07e2f4,DR. UMESH KUMAR,REG_NURGTA3A,MBBS DNB,7632629927,,12.6,PAEDIATRICIAN
b3673fa6-b3ef-4ee5-b044-a2aa56022695,4dbc8e1d-62ce-4605-81f1-8497ff07e2f4,DR. ANIL KUMAR SINGH,REG_J4X8VEHT,MBBS MD DM,9448710713,,19.9,PAEDIATRICIAN
f5f4fc6d-4741-49a2-9710-ed17ce0a37d3,4dbc8e1d-62ce-4605-81f1-8497ff07e2f4,DR. MANJU DEVI,REG_4ZMY8KP8,MBBS DNB,7096259637,,1.1,RADIOLOGIST
46bdb7d8-6f9a-4315-816f-685e01b532f6,4dbc8e1d-62ce-4605-81f1-8497ff07e2f4,DR. MANJU DEVI,REG_DMCZ7GZC,MBBS MD DM,9641344105,,2.5,RADIOLOGIST
03f63acb-9608-485b-88cc-d4b58086a20c,4dbc8e1d-62ce-4605-81f1-8497ff07e2f4,DR. NIRMALA DEVI,REG_9I7UAA0K,MBBS MD,9622599518,,14.7,RADIOLOGIST
addc8012-18a1-44ea-b544-d77f60b3482e,1c09b438-b333-46b6-bc80-2db6ea3cc378,DR. GEETA DEVI,REG_63Y26WCM,MBBS DA,7708975896,,20.8,SURGEON
5e4568f7-0f83-42d9-a840-4c6e5ba443aa,1c09b438-b333-46b6-bc80-2db6ea3cc378,DR. PHOOL KUMARI,REG_KFDTY2KC,MBBS MS MCh,9600955342,,23.4,GYNAECOLOGIST
2046b429-c5f9-4ffa-a6e0-ecba6fde7185,1c09b438-b333-46b6-bc80-2db6ea3cc378,DR. SHANTI DEVI,REG_XVDCEQ4R,MBBS,8015683965,,14.7,PAEDIATRICIAN
88b93848-ea6a-4e73-80fe-c3bf29531f7b,1c09b438-b333-46b6-bc80-2db6ea3cc378,DR. DRAUPADI DEVI,REG_CP2XIPA5,MBBS DNB,8097697846,,31.8,SURGEON
c5411b9c-c3dd-4dcc-8dd8-59c0509cc60d,1c09b438-b333-46b6-bc80-2db6ea3cc378,DR. SUSHIL KUMAR,REG_5YX3P2X5,MBBS MD DM,8043643750,,21.5,SURGEON
0c4260b4-5d17-4759-9335-80272ea852a1,1c09b438-b333-46b6-bc80-2db6ea3cc378,DR. SUSHILA DEVI,REG_608TV0IF,MBBS MD,7029603810,,31.0,RADIOLOGIST
a789387d-35f6-48ee-88e5-0f7ef06c2599,1c09b438-b333-46b6-bc80-2db6ea3cc378,DR. USHA DEVI,REG_I0F8KKO5,MBBS,8093943775,,7.9,SURGEON
d82d3f5c-a06d-461d-93ea-19d8e19c26da,37a7248b-0a18-4b56-b333-4f11d5643ec8,DR. RANI DEVI,REG_HFCPVDCY,MBBS MD,7887085426,,23.5,GYNAECOLOGIST
556baa9e-3588-40f6-aaa6-e673271822a6,37a7248b-0a18-4b56-b333-4f11d5643ec8,DR. SHEELA DEVI,REG_QGN3W4DH,MBBS MD,8128889147,,18.1,ANAESTHETIST
d84d4220-de62-4dc3-8a5f-4f6d19355ee8,37a7248b-0a18-4b56-b333-4f11d5643ec8,DR. ROHIT KUMAR SHARMA,REG_EGVQ4GK9,MBBS MS MCh,7049635234,,7.1,ANAESTHETIST
bd5253c8-c291-45e4-8b72-7454e5b8dce8,37a7248b-0a18-4b56-b333-4f11d5643ec8,DR. SHEELA DEVI,REG_U01I7O9F,MBBS MD DM,9613058574,,5.0,RADIOLOGIST
7b10449d-7e3f-49a3-9de0-632d173a9cb9,37a7248b-0a18-4b56-b333-4f11d5643ec8,DR. RAMESH CHANDRA,REG_NSQ8K2Y7,MBBS MD,7037006562,,10.3,GYNAECOLOGIST
76d3a5b7-2042-40bc-a644-d10f8f5520e2,86a5dc96-32d0-4859-ae22-c8b3841132d4,DR. RAJU YADAV,REG_N3Z77KUK,MBBS MD,7009177551,,5.6,SURGEON
b6fb5a18-e4b5-4125-9628-fa44478b83d7,86a5dc96-32d0-4859-ae22-c8b3841132d4,DR. CHAMELI DEVI,REG_CKOGF7Z4,MBBS DA,7992385483,,23.7,ANAESTHETIST
62ca98a5-4e26-403e-9284-fd380284da2f,86a5dc96-32d0-4859-ae22-c8b3841132d4,DR. RAMESH CHANDRA,REG_04GIN44R,MBBS,8008224078,,27.9,ANAESTHETIST
fd1722a9-46b7-45f0-94b8-7fd69b8ff7b4,86a5dc96-32d0-4859-ae22-c8b3841132d4,DR. RAJEEV KUMAR,REG_LAKUN003,MBBS DNB,7645050685,,32.3,SURGEON
a4cb04fb-2965-4b4e-bf76-8f5644f19d46,86a5dc96-32d0-4859-ae22-c8b3841132d4,DR. RAJESH KUMAR,REG_57KP21LT,MBBS DA,7712841821,,14.0,ANAESTHETIST
e834863a-8bb3-46f1-afc1-05b17d7e6991,86a5dc96-32d0-4859-ae22-c8b3841132d4,DR. DEEPAK KUMAR,REG_PNW9GF0Q,MBBS DA,7534631949,,29.1,PRIMARY_CLINICIAN
96523833-25dc-4ab5-80fe-a35cf77ba4d8,86a5dc96-32d0-4859-ae22-c8b3841132d4,DR. SHEELA DEVI,REG_O6KZ93CT,MBBS MS MCh,7684169843,,8.6,GYNAECOLOGIST
91801733-0afd-445c-9756-4111fd52c72d,86a5dc96-32d0-4859-ae22-c8b3841132d4,DR. PAPPU YADAV,REG_KPQA8F0X,MBBS DNB,7658011421,,16.4,SURGEON
f1b11300-f83f-43eb-8c29-a239f9349bc3,2b6476b1-abcf-4e12-a7ab-c43ea29f80ad,DR. LAKHAN LAL,REG_L9D4ZXGT,MBBS MD DM,9696574551,,3.7,RADIOLOGIST
1288ad8e-9b29-4ea4-b0d5-a5c1df431ea9,2b6476b1-abcf-4e12-a7ab-c43ea29f80ad,DR. SARASWATI DEVI,REG_W0M34CDG,MBBS,7649206934,,20.9,RADIOLOGIST
cb4cbb64-6d22-4a2a-b3cb-9a624ba2575c,2b6476b1-abcf-4e12-a7ab-c43ea29f80ad,DR. SAROJ DEVI,REG_6G26YWZ5,MBBS MS,9863887194,,18.1,SURGEON
dd76b8e8-8b1e-4b7e-b8ec-9676fd7548c9,2b6476b1-abcf-4e12-a7ab-c43ea29f80ad,DR. GUDDU KUMAR KORI,REG_Z1FKUE31,MBBS MD,7725500819,,13.3,GYNAECOLOGIST
66134ff9-ce5a-4749-b2f1-2fd4e138c9f5,2b6476b1-abcf-4e12-a7ab-c43ea29f80ad,DR. JAGDISH PRASAD,REG_LKSQHMA7,MBBS MS,9536837869,,18.5,PRIMARY_CLINICIAN
28c33163-88f7-4d76-9fb0-ff5a258eff2c,2b6476b1-abcf-4e12-a7ab-c43ea29f80ad,DR. BABLU KUMAR,REG_XI9YIWG5,MBBS,7998455651,,26.3,SURGEON
fc53fd6d-6fed-4dcb-91d9-ba6bf29116a3,2b6476b1-abcf-4e12-a7ab-c43ea29f80ad,DR. URMILA DEVI,REG_G1I0REGH,MBBS MS MCh,8041360774,,3.3,RADIOLOGIST
aa133011-6860-4b96-986f-f30535409808,40cd2163-9c7f-4bd9-8a9d-7a5d870c2fc9,DR. ARVIND KUMAR,REG_UP1CQD6L,MBBS,7933178314,,8.4,PRIMARY_CLINICIAN
bca52b10-675c-42b4-b25c-8ee0781e88e0,40cd2163-9c7f-4bd9-8a9d-7a5d870c2fc9,DR. RADHA DEVI,REG_FA4Z5E40,MBBS MS MCh,9565972554,,29.6,PRIMARY_CLINICIAN
6a14a5a3-90ce-4181-9b71-d5e4d45461c0,40cd2163-9c7f-4bd9-8a9d-7a5d870c2fc9,DR. SUMITRA DEVI,REG_1252FJJ4,MBBS DA,8086315639,,5.9,PRIMARY_CLINICIAN
6147a31d-e38f-42b2-b54b-3df45afe9e82,40cd2163-9c7f-4bd9-8a9d-7a5d870c2fc9,DR. SUSHILA DEVI,REG_P53FM7OZ,MBBS MS,9536230127,,5.4,ANAESTHETIST
7b80de01-e05c-4206-b97f-c1f88fd4fc0b,40cd2163-9c7f-4bd9-8a9d-7a5d870c2fc9,DR. RANI DEVI,REG_GPPVFQ81,MBBS DNB,9503094518,,18.5,PRIMARY_CLINICIAN
c8fb55b7-a9e5-421b-b64e-a0994862daa8,40cd2163-9c7f-4bd9-8a9d-7a5d870c2fc9,DR. BABLU KUMAR,REG_DNACF3L6,MBBS MD,9443943842,,12.2,PRIMARY_CLINICIAN
be16550c-b53a-42a2-b035-e6bf5bb06bb5,40cd2163-9c7f-4bd9-8a9d-7a5d870c2fc9,DR. PUSHPA DEVI,REG_BVNS5QEE,MBBS DNB,9861775141,,6.4,PAEDIATRICIAN
2cd81152-4b7b-4f06-85c6-7b5e678ad0d2,eed44eec-432d-4fdb-860a-a82d9acee039,DR. NARESH KUMAR,REG_WU9JQY63,MBBS DNB,8150424968,,23.3,PAEDIATRICIAN
d8721acf-d6ce-44c9-b00e-d7fbfd49b6ed,eed44eec-432d-4fdb-860a-a82d9acee039,DR. SUSHIL KUMAR,REG_YMK2CX9K,MBBS DA,9601228280,,29.7,ANAESTHETIST
de534cfc-b56e-4641-8fde-133341b7af38,eed44eec-432d-4fdb-860a-a82d9acee039,DR. GULABO DEVI,REG_IT094SXC,MBBS DNB,8038055417,,27.8,RADIOLOGIST
b9eeb102-c923-4e69-90a3-60784e9059ab,eed44eec-432d-4fdb-860a-a82d9acee039,DR. SEEMA DEVI,REG_6LPER1YL,MBBS MD,9528412256,,8.0,ANAESTHETIST
3f714fff-4ea3-4afc-9141-59a4c3bf798e,eed44eec-432d-4fdb-860a-a82d9acee039,DR. PRIYA KUMARI,REG_1QTFAMJT,MBBS,9603900035,,5.3,ANAESTHETIST
bbaf9593-b0b8-4365-9d30-fbe03d6b2a91,eed44eec-432d-4fdb-860a-a82d9acee039,DR. AMIT KUMAR,REG_7SEAY6K7,MBBS MD DM,7061359874,,30.3,PRIMARY_CLINICIAN
ea1e304e-a861-4a07-b20b-9c49612980bd,af8efed9-e4cb-4d10-93f2-5771c0e8dfa5,DR. SANJAY KUMAR KUMAR,REG_HF4TLQJS,MBBS MD,7685788576,,21.1,PRIMARY_CLINICIAN
d724fddc-8db7-47fe-bba4-ec696a698ad7,af8efed9-e4cb-4d10-93f2-5771c0e8dfa5,DR. PREM SHANKAR,REG_WXFPUMRY,MBBS MS MCh,9894366806,,7.6,PRIMARY_CLINICIAN
32ff2324-b876-4574-98cc-e2789e37bdbb,af8efed9-e4cb-4d10-93f2-5771c0e8dfa5,DR. PUSHPA DEVI,REG_GCFYRL9S,MBBS,9516700544,,14.8,PAEDIATRICIAN
d8b54f3f-86fa-4c95-89af-8369d7aceebb,af8efed9-e4cb-4d10-93f2-5771c0e8dfa5,DR. URMILA DEVI,REG_NXOI08E3,MBBS MD DM,9742760279,,17.5,RADIOLOGIST
e7e9188d-d99a-41a4-abb6-45ba5f5e6a61,af8efed9-e4cb-4d10-93f2-5771c0e8dfa5,DR. DINESH KUMAR MISHRA,REG_2ZNXB3GQ,MBBS MS,8181754475,,4.5,PRIMARY_CLINICIAN
5d52616f-9613-4e35-8765-5818b3e3eed6,b16b2e13-7767-4898-b98d-289acf8aad62,DR. SEEMA DEVI,REG_DPI4Y8CP,MBBS MD,9744904357,,10.1,RADIOLOGIST
4162eeea-0cd4-45dd-9da9-a90faafe8ac4,b16b2e13-7767-4898-b98d-289acf8aad62,DR. URMILA DEVI,REG_CGIV6DO6,MBBS MS MCh,9674384681,,24.0,PRIMARY_CLINICIAN
f7336dcd-f003-4f0e-8b2d-fcf4009a7111,b16b2e13-7767-4898-b98d-289acf8aad62,DR. ANITA DEVI,REG_DWO3E9BN,MBBS MD DM,9747169710,,18.5,ANAESTHETIST
dcf59301-32a5-40bc-aa9d-3453281c78a9,b16b2e13-7767-4898-b98d-289acf8aad62,DR. RAJEEV KUMAR,REG_U1Z4710X,MBBS MD,7564832368,,5.5,SURGEON
e50ec1e5-6d7f-4c7e-ab5e-976ad8608b15,b16b2e13-7767-4898-b98d-289acf8aad62,DR. PRIYA KUMARI,REG_FIY0CGMD,MBBS MD DM,9844507573,,30.2,PAEDIATRICIAN
555164aa-7de4-43c4-83d0-b24c5bd5b08f,b16b2e13-7767-4898-b98d-289acf8aad62,DR. AMIT KUMAR,REG_7R7JKUXL,MBBS DNB,9702359248,,27.8,ANAESTHETIST
7d6018f6-96ba-417f-9e5c-2fc0aed64669,b16b2e13-7767-4898-b98d-289acf8aad62,DR. SARASWATI DEVI,REG_7LV7MKU0,MBBS MS MCh,9750366408,,14.6,SURGEON
d02d6564-7cdb-498b-b55d-33f37c538795,b16b2e13-7767-4898-b98d-289acf8aad62,DR. SEEMA DEVI,REG_6A3T8NMK,MBBS DNB,9537383530,,3.5,RADIOLOGIST
8402f4ec-db71-4506-b20d-25944a01ca33,b313cb2c-8092-45e6-a324-01f2adcba66b,DR. RAM PRASAD,REG_X6JSBYAJ,MBBS DNB,9443098788,,32.4,ANAESTHETIST
e317e584-6da5-45f0-b4e8-6def0592756a,b313cb2c-8092-45e6-a324-01f2adcba66b,DR. SARASWATI DEVI,REG_U6UCXSDM,MBBS,9593303508,,27.5,ANAESTHETIST
3b40534a-6b76-4077-8627-c65854c142af,b313cb2c-8092-45e6-a324-01f2adcba66b,DR. REENA DEVI,REG_DSS2MYLE,MBBS MS MCh,9795819795,,33.3,SURGEON
79cbb5d3-6054-4222-bd31-5f436300a2e1,b313cb2c-8092-45e6-a324-01f2adcba66b,DR. KUSUM DEVI,REG_I9E3LVT8,MBBS MS MCh,9599107935,,4.4,SURGEON
97dcbdec-1e86-4b1f-bd38-356dc7e26c56,f6eb9bab-f267-4baf-a395-a2ce070960ef,DR. GULABO DEVI,REG_PK95QWU0,MBBS MD DM,7670293275,,31.4,PRIMARY_CLINICIAN
002b575c-97d5-46f4-bf9b-27bb5002ae8d,f6eb9bab-f267-4baf-a395-a2ce070960ef,DR. PUSHPA DEVI,REG_4YWIO35Z,MBBS MD DM,9454432129,,19.2,PAEDIATRICIAN
2ccb39cd-48b9-4773-bf7c-0e14bb256a37,f6eb9bab-f267-4baf-a395-a2ce070960ef,DR. LAXMI DEVI,REG_RDQTBCHW,MBBS MS MCh,8006513978,,17.9,PRIMARY_CLINICIAN
e4be339b-4278-493b-ba84-76234ed584cd,f6eb9bab-f267-4baf-a395-a2ce070960ef,DR. DEVENDRA KUMAR,REG_18WB5OI9,MBBS,9435908659,,17.4,RADIOLOGIST
c57a3f2d-b47c-47fa-a5a1-798ff01d2c71,87d075c8-0a84-4cac-b249-a7d144a620b8,DR. PRADEEP KUMAR,REG_VODDY8MT,MBBS MS MCh,7064146500,,26.5,PAEDIATRICIAN
4c5c6018-1ecd-4e34-b9dc-77879284c130,87d075c8-0a84-4cac-b249-a7d144a620b8,DR. URMILA DEVI,REG_U51VQ385,MBBS MD,7536681318,,12.1,SURGEON
cd0293eb-cea7-4fd5-9ed3-e7fe4941cbee,87d075c8-0a84-4cac-b249-a7d144a620b8,DR. LAXMI DEVI,REG_A44DZX6B,MBBS DA,8191761089,,32.4,RADIOLOGIST
a3e044f6-7589-4310-8f04-1f8aa49ff1db,87d075c8-0a84-4cac-b249-a7d144a620b8,DR. GEETA DEVI,REG_1GN7MZTS,MBBS MD DM,9712723005,,18.0,PAEDIATRICIAN
684cb7c3-f89f-413c-9d87-34d8fce1a765,87d075c8-0a84-4cac-b249-a7d144a620b8,DR. KIRAN DEVI,REG_FU1CPDKO,MBBS DNB,7941520016,,18.1,ANAESTHETIST
47be0b2d-c79d-4355-a221-e9147a3fc66e,87d075c8-0a84-4cac-b249-a7d144a620b8,DR. SANTOSHI DEVI,REG_MNFMXAD9,MBBS MD DM,9472289538,,32.8,SURGEON
095209a9-597e-478b-982f-f831d4bbe142,87d075c8-0a84-4cac-b249-a7d144a620b8,DR. SAVITRI DEVI,REG_G9PBWDX3,MBBS MS MCh,8065266921,,32.6,PAEDIATRICIAN
f4e13714-726f-482f-a95a-705b1ac3bec4,4aa43dd6-19ca-4612-ad28-04e82c2e6585,DR. MANJU DEVI,REG_NQ8Q4ILH,MBBS MS,7028937823,,8.8,PAEDIATRICIAN
e608ff38-35d8-46dd-a9b8-164258ccbc69,4aa43dd6-19ca-4612-ad28-04e82c2e6585,DR. MUNNI DEVI,REG_3RR8DZYY,MBBS DA,9587240264,,31.7,GYNAECOLOGIST
1c96ded3-a90e-4887-b034-b4be426022fb,168f0e25-0776-4872-a1c1-5ba7491a3910,DR. RANI DEVI,REG_FMBOJURR,MBBS MD,7653942308,,32.7,PAEDIATRICIAN
6d556c14-151b-4f73-9dae-e4794f9eb556,168f0e25-0776-4872-a1c1-5ba7491a3910,DR. HEMANT KUMAR,REG_MQ148DFM,MBBS DA,8049247577,,34.3,PRIMARY_CLINICIAN
ebbc9580-f1ae-4b31-8be9-326f80de7be9,168f0e25-0776-4872-a1c1-5ba7491a3910,DR. ROHIT KUMAR KUMAR,REG_UWNOP56X,MBBS MS MCh,9500514725,,26.5,GYNAECOLOGIST
2da5c845-81b3-4364-8ba9-c8b3c68c4e26,168f0e25-0776-4872-a1c1-5ba7491a3910,DR. LAKHAN LAL,REG_FUUUK62G,MBBS MD DM,9748343923,,10.4,PAEDIATRICIAN
ed3397a7-fd29-410d-9254-4c8e7f774012,168f0e25-0776-4872-a1c1-5ba7491a3910,DR. SUNITA DEVI,REG_PLW00GYE,MBBS DA,7908030265,,20.9,ANAESTHETIST
e8ecd6b9-272f-4ee7-a6d3-76a515974d85,9aad09cb-c280-49cf-a789-776d88414bc0,DR. ROHIT KUMAR,REG_Y882X9IA,MBBS,7926898651,,27.0,GYNAECOLOGIST
9cd9d78e-4472-49d6-bb94-9ebe845a8cf8,9aad09cb-c280-49cf-a789-776d88414bc0,DR. RAJU YADAV,REG_RSMTU51E,MBBS MD,7557498309,,34.0,PRIMARY_CLINICIAN
a9d162e7-919d-46e9-bfed-e2e8f277ca01,9aad09cb-c280-49cf-a789-776d88414bc0,DR. SANTOSHI DEVI,REG_H8CXK8B8,MBBS MD DM,9755323227,,26.8,PAEDIATRICIAN
ce693afa-4c87-4df9-845e-e567fa358e66,9aad09cb-c280-49cf-a789-776d88414bc0,DR. RADHA DEVI,REG_L1DLR6PN,MBBS MS,9899375631,,15.6,ANAESTHETIST
dbee85e0-c520-496c-961a-c25dd7d7d349,5f336a30-f600-4b00-affb-c0c067ec58e7,DR. GUDDU KUMAR,REG_WB3UMEJE,MBBS MD DM,9405653019,,20.0,PAEDIATRICIAN
de9bb8a3-76b3-4356-93af-7eb478210c70,5f336a30-f600-4b00-affb-c0c067ec58e7,DR. JAGDISH PRASAD VERMA,REG_NCU4GEAS,MBBS DNB,8077357563,,4.3,PAEDIATRICIAN
e2482b12-8a4b-43fd-bbdf-6b5c226662d4,5f336a30-f600-4b00-affb-c0c067ec58e7,DR. HEMANT KUMAR,REG_NFVVTHEI,MBBS MS MCh,8172748921,,20.6,RADIOLOGIST
3c3a0b8c-eda2-491a-b2ea-d99fea36d20a,5f336a30-f600-4b00-affb-c0c067ec58e7,DR. LAKHAN LAL,REG_SCGLWEVT,MBBS DA,9874964088,,17.3,SURGEON
63c5cba6-873d-4002-b774-6806ae960673,5f336a30-f600-4b00-affb-c0c067ec58e7,DR. MEENA DEVI,REG_8OZFO4AQ,MBBS DA,8077494206,,29.7,ANAESTHETIST
678753a3-016c-4844-8dc9-ee32f55a4229,5f336a30-f600-4b00-affb-c0c067ec58e7,DR. ANIL KUMAR,REG_PIKAXXS4,MBBS MS MCh,9401206406,,19.8,RADIOLOGIST
654c5a22-5bf9-4ff7-b2bd-7835269a9266,7caf5089-aa04-4bd3-9ae5-9a9aac526376,DR. SANTOSH KUMAR,REG_Z6ERBUL9,MBBS DA,8171646212,,24.6,GYNAECOLOGIST
228de3f3-4a10-4e37-9d77-fa06bfb70afc,7caf5089-aa04-4bd3-9ae5-9a9aac526376,DR. SUSHIL KUMAR,REG_BGAX75XY,MBBS,9516054217,,34.5,GYNAECOLOGIST
a5d43ef1-e72a-4294-ad41-873a1358bfed,deb5187d-54f9-4098-80f1-7d1d43623d85,DR. MUKESH KUMAR,REG_CYUN8EPV,MBBS MS,7612780576,,7.6,PAEDIATRICIAN
23ab6c3a-6899-4cbf-bf34-af1627eb4646,deb5187d-54f9-4098-80f1-7d1d43623d85,DR. SANJAY KUMAR KORI,REG_62Y67WGO,MBBS MD,8118846733,,19.4,PAEDIATRICIAN
5072cd30-2637-4c6c-af11-5b8f7cb7c2c6,deb5187d-54f9-4098-80f1-7d1d43623d85,DR. REENA DEVI,REG_SM2IUIXE,MBBS,7847402232,,18.7,PRIMARY_CLINICIAN
e22c9b84-1c60-4bfd-95fe-db62678103f6,deb5187d-54f9-4098-80f1-7d1d43623d85,DR. BRIJESH KUMAR PANDEY,REG_NSTBKSB2,MBBS MD DM,7640229793,,34.9,ANAESTHETIST
9bfcac4b-62d4-4af3-8128-af12b800c37d,deb5187d-54f9-4098-80f1-7d1d43623d85,DR. RAJEEV KUMAR,REG_7ZM6QR0O,MBBS MS,9489365193,,3.1,RADIOLOGIST
ed620062-12da-4e6a-ba09-ba76fa19e62f,4a136301-a03a-44a0-8772-6eab6583e721,DR. HARI OM,REG_1C51T0YN,MBBS DNB,8120286139,,7.6,ANAESTHETIST
c09f63d6-87dc-4369-9f57-2704ee832a49,4a136301-a03a-44a0-8772-6eab6583e721,DR. REKHA DEVI,REG_NDA9JVB5,MBBS MS,8036556839,,25.5,GYNAECOLOGIST
14a41ba4-8b9b-45a2-938e-e1241b012445,4a136301-a03a-44a0-8772-6eab6583e721,DR. KAMLA DEVI,REG_271RK742,MBBS DNB,7633087346,,18.3,ANAESTHETIST
ee433c54-baa8-45d0-9b3c-aa78f1e71caa,4a136301-a03a-44a0-8772-6eab6583e721,DR. SANTOSHI DEVI,REG_V28G3RXE,MBBS MD DM,9486008005,,9.7,SURGEON
2f6445ed-692e-4d89-91cc-3fa618377998,59c718e7-cfa6-43c6-84d9-9fd9e47107f2,DR. ANIL KUMAR,REG_BM35Z4CC,MBBS MS,8171989986,,21.1,SURGEON
253da854-2308-4b5e-b4b6-f82fade8fd1f,59c718e7-cfa6-43c6-84d9-9fd9e47107f2,DR. GUDDU KUMAR,REG_LYD0QBBT,MBBS MS MCh,7668754082,,28.4,PRIMARY_CLINICIAN
b5ef990a-76ff-4a90-b9b1-d416af45ff50,59c718e7-cfa6-43c6-84d9-9fd9e47107f2,DR. NIRMALA DEVI,REG_660TGBFQ,MBBS DNB,8112709981,,32.0,PRIMARY_CLINICIAN
10669806-baba-4edf-9e3d-bf919f13d41a,59c718e7-cfa6-43c6-84d9-9fd9e47107f2,DR. MUNNI DEVI,REG_S8N62US7,MBBS MS,7053146664,,9.2,RADIOLOGIST
61a2fd1e-098e-468f-94fb-a917b542697b,59c718e7-cfa6-43c6-84d9-9fd9e47107f2,DR. VIJAY KUMAR,REG_ET16AFCF,MBBS MS,9688118130,,28.6,RADIOLOGIST
ec5e587d-8dd1-4543-9df4-93aa938e7044,1b12dcc2-fe8c-4394-a67a-bb50ff052226,DR. VIVEK KUMAR MAURYA,REG_405AU8CC,MBBS DNB,8110261307,,31.8,ANAESTHETIST
edabe945-14fb-4dc4-af9f-9f9be2aaedae,1b12dcc2-fe8c-4394-a67a-bb50ff052226,DR. SHIV KUMAR,REG_GGIEA7PA,MBBS DNB,8064692164,,26.5,PAEDIATRICIAN
dce17b41-15a5-4162-b613-5398077a875a,1b12dcc2-fe8c-4394-a67a-bb50ff052226,DR. DEVENDRA KUMAR,REG_YD4HWOEB,MBBS,7796174565,,30.9,PAEDIATRICIAN
d98c80df-a738-41c6-8c3d-d83458dec439,00582642-333b-45ec-9c60-e5b3aebe0577,DR. LAKHAN LAL,REG_72H1488J,MBBS MD,8004242250,,15.3,PAEDIATRICIAN
94e4a12f-7b4a-4488-b517-33127787093d,00582642-333b-45ec-9c60-e5b3aebe0577,DR. SANJAY KUMAR,REG_V7ZK6PBQ,MBBS MS,9837284234,,25.0,ANAESTHETIST
38a3a8ee-f812-4af2-82db-1e4a94b1b617,00582642-333b-45ec-9c60-e5b3aebe0577,DR. RAM PRASAD,REG_Z8DMG1RF,MBBS MS,9829634560,,31.7,GYNAECOLOGIST
3eeb93a2-6742-42a6-94ff-655ffff622f5,00582642-333b-45ec-9c60-e5b3aebe0577,DR. VIRENDRA SINGH,REG_VT2TZYZB,MBBS MD,7561097349,,24.6,GYNAECOLOGIST
2fa0add6-0851-4048-a8c5-ee3a49b44303,00582642-333b-45ec-9c60-e5b3aebe0577,DR. NARESH KUMAR GAUTAM,REG_IMF8Y7L9,MBBS DNB,9788013908,,5.4,SURGEON
32409e0e-6745-4467-946a-52cfa203f303,00582642-333b-45ec-9c60-e5b3aebe0577,DR. JAGDISH PRASAD,REG_6R77P1H3,MBBS MS,9439830248,,11.8,PAEDIATRICIAN
7fcf7cc9-3fe3-45e6-a224-a1ac5b572db2,00582642-333b-45ec-9c60-e5b3aebe0577,DR. MANOJ KUMAR PANDEY,REG_2GLB278B,MBBS MD,7098037527,,19.5,SURGEON
922244d0-a772-4660-bb12-b31c379e6f28,d781fc7e-e867-49ae-ad48-1a3babfece87,DR. PRADEEP KUMAR,REG_6LTHK1GZ,MBBS MS,7795572101,,3.9,ANAESTHETIST
63fa8c95-6c8f-4d7b-bb45-96cd0565a89f,d781fc7e-e867-49ae-ad48-1a3babfece87,DR. UMESH KUMAR LODHI,REG_AGEPLYMT,MBBS MD DM,9417029651,,25.5,PAEDIATRICIAN
298166e1-b27f-4e0b-90fd-8c8c22dacfe5,d781fc7e-e867-49ae-ad48-1a3babfece87,DR. RAVINDRA NATH,REG_RVV6DV46,MBBS,7877180111,,6.9,RADIOLOGIST
8c45347b-085d-432b-b472-e13b57297e83,d781fc7e-e867-49ae-ad48-1a3babfece87,DR. GEETA DEVI,REG_XTIMNW3M,MBBS DNB,7753192028,,12.9,PRIMARY_CLINICIAN
50afb132-c827-49b5-bf71-bcade36e4974,d781fc7e-e867-49ae-ad48-1a3babfece87,DR. VIRENDRA SINGH KORI,REG_K7HJSV5Q,MBBS MD,9458563152,,14.9,ANAESTHETIST
e3f3267f-7a85-4cf4-85c1-86c7729083ed,d781fc7e-e867-49ae-ad48-1a3babfece87,DR. SURESH KUMAR,REG_194ISEFS,MBBS MD,7734250375,,5.4,GYNAECOLOGIST
75333d26-371e-48b7-821e-06e36fd020d1,d781fc7e-e867-49ae-ad48-1a3babfece87,DR. SURESH KUMAR,REG_YQY85D8V,MBBS DNB,8082218960,,31.4,PRIMARY_CLINICIAN
57a52543-3a10-48a3-b847-c92021cce43b,6a5af65d-f9ac-4884-b719-f5a6d994348f,DR. MANOJ KUMAR,REG_96CE1NYH,MBBS MS,8113980857,,9.9,ANAESTHETIST
82769ff9-f886-4754-80d5-836e205c4f05,6a5af65d-f9ac-4884-b719-f5a6d994348f,DR. RAJESH KUMAR,REG_BTF2ULNO,MBBS DA,9840057382,,12.0,PAEDIATRICIAN
c94ddd58-76ec-4904-8d55-659210b79e5c,6a5af65d-f9ac-4884-b719-f5a6d994348f,DR. LEELA DEVI,REG_11O31XP7,MBBS MS,7862562970,,2.8,ANAESTHETIST
37b360b4-0d58-41aa-b3bc-3575aa26bdbc,6a5af65d-f9ac-4884-b719-f5a6d994348f,DR. RAVINDRA NATH,REG_8JLV33QU,MBBS,8160359455,,4.2,ANAESTHETIST
36fc8fd6-39d9-4d0f-935f-0a4b4a6256e9,6a5af65d-f9ac-4884-b719-f5a6d994348f,DR. DRAUPADI DEVI,REG_MHXN51OS,MBBS MD,7540336568,,29.6,GYNAECOLOGIST
6f4a050a-798a-4eb9-8c7b-f8f932b36483,6a5af65d-f9ac-4884-b719-f5a6d994348f,DR. REENA DEVI,REG_5RYJYIFV,MBBS DA,9854545929,,34.0,SURGEON
773be722-2d27-445a-9c49-f2fcf96add7d,6a5af65d-f9ac-4884-b719-f5a6d994348f,DR. SARASWATI DEVI,REG_N3EWCV7Z,MBBS,7541481074,,31.3,SURGEON
31e3814e-e7c6-4b37-8449-ddf8475a54dc,309707bb-cb0b-41ba-b1cc-dc8c1807a945,DR. REKHA DEVI,REG_QP66D9GG,MBBS MS,9520792658,,3.6,PAEDIATRICIAN
8274999a-a240-442b-aad4-15055845b3a4,309707bb-cb0b-41ba-b1cc-dc8c1807a945,DR. REKHA DEVI,REG_PFNE7VNI,MBBS MS,7045928599,,6.2,SURGEON
5eebecca-0947-4409-9a77-19248de6d995,309707bb-cb0b-41ba-b1cc-dc8c1807a945,DR. SURESH KUMAR,REG_EBT0XQ6P,MBBS DNB,9509824173,,8.7,SURGEON
3c6ebcd8-6d46-4ddc-931b-c6f5be96ce92,309707bb-cb0b-41ba-b1cc-dc8c1807a945,DR. BRIJESH KUMAR MISHRA,REG_99SWWEP0,MBBS DNB,8107781134,,8.8,GYNAECOLOGIST
b10470b3-798f-4e10-b496-47640e1e2c47,309707bb-cb0b-41ba-b1cc-dc8c1807a945,DR. SAROJ DEVI,REG_IBG848P5,MBBS,7017462869,,24.4,RADIOLOGIST
0462c1d1-3873-4fe1-a1c2-39e614deb3cf,309707bb-cb0b-41ba-b1cc-dc8c1807a945,DR. SAROJ DEVI,REG_J2LKLLAF,MBBS MD DM,7669012028,,30.1,ANAESTHETIST
2622c44e-a7b5-4bad-a459-0a8b2ae538f0,309707bb-cb0b-41ba-b1cc-dc8c1807a945,DR. JAGDISH PRASAD,REG_3QGQ6684,MBBS MS,8134006709,,28.5,GYNAECOLOGIST
893b4f75-5fba-49c9-8195-850e9da82708,309707bb-cb0b-41ba-b1cc-dc8c1807a945,DR. SUMITRA DEVI,REG_KGBZBU0Q,MBBS MS,7504526081,,24.3,GYNAECOLOGIST
b01f7dcc-04d8-4756-b944-121e3dd86e9f,3efb1b56-6fbf-49d4-ba7f-909feb0b898b,DR. SANTOSHI DEVI,REG_D1OKX1CG,MBBS MS MCh,9678963275,,12.1,ANAESTHETIST
a2b71aab-a5e7-4a5e-87c1-a278f04a5681,3efb1b56-6fbf-49d4-ba7f-909feb0b898b,DR. BRIJESH KUMAR MISHRA,REG_N8QJ7Y4T,MBBS MS,7591120822,,4.4,PRIMARY_CLINICIAN
5b8387b1-69a8-457f-bda8-ab1b9efcc56e,3efb1b56-6fbf-49d4-ba7f-909feb0b898b,DR. SUNITA DEVI,REG_QZ27TRM0,MBBS DNB,7908705171,,18.8,SURGEON
b6d5d860-787b-492a-a2f9-26a86b0ce0f0,3efb1b56-6fbf-49d4-ba7f-909feb0b898b,DR. ASHOK KUMAR,REG_DOY2RF6Q,MBBS MS,9433097504,,28.1,PAEDIATRICIAN
6b118c71-fb62-4a4f-bdf5-5b09e0fd56c0,23ee16c7-d2bb-42e0-aee3-4f9ce3e9e2b6,DR. MUNNI DEVI,REG_N9RMXL65,MBBS,7856457089,,17.7,SURGEON
2e4148be-e345-4710-b085-95b4c190e8ce,23ee16c7-d2bb-42e0-aee3-4f9ce3e9e2b6,DR. RAM PRASAD,REG_PX7B2SCJ,MBBS MD,8071362678,,5.5,PAEDIATRICIAN
967b7fd3-31e1-4c4e-b895-51a256547af3,23ee16c7-d2bb-42e0-aee3-4f9ce3e9e2b6,DR. ANITA DEVI,REG_4J70PT25,MBBS MD DM,9860714927,,25.3,GYNAECOLOGIST
23680933-a3a3-44d5-9f4a-11bef1b6863a,23ee16c7-d2bb-42e0-aee3-4f9ce3e9e2b6,DR. KIRAN DEVI,REG_6NM946PC,MBBS MD,9470601185,,3.0,GYNAECOLOGIST
f52e9ee2-c26b-49d8-b7d8-1ef748243e07,23ee16c7-d2bb-42e0-aee3-4f9ce3e9e2b6,DR. USHA DEVI,REG_J29735E1,MBBS MS MCh,7015789519,,31.1,RADIOLOGIST
e165ba1a-b19b-497e-8fc7-1ccd53f0e56f,23ee16c7-d2bb-42e0-aee3-4f9ce3e9e2b6,DR. LAKHAN LAL,REG_PVCZ00CS,MBBS MS,7978432423,,23.0,SURGEON
3f710dfb-c685-430d-84a3-39110d693ba6,23ee16c7-d2bb-42e0-aee3-4f9ce3e9e2b6,DR. GULABO DEVI,REG_O1T72RSH,MBBS MD,7793608069,,19.7,PAEDIATRICIAN
f207a2fc-759f-49bf-bee5-4297545ec567,eb2cc5e3-174a-44f9-9b61-bf7dbb550701,DR. URMILA DEVI,REG_DUW4YG3G,MBBS DA,8164326970,,13.6,PAEDIATRICIAN
15cbcbef-cbaf-49ed-bb37-83deb607dc22,eb2cc5e3-174a-44f9-9b61-bf7dbb550701,DR. NARESH KUMAR,REG_R3U52MMQ,MBBS MD DM,7849529375,,11.0,RADIOLOGIST
1badf007-5360-4280-a459-bd52603f6374,eb2cc5e3-174a-44f9-9b61-bf7dbb550701,DR. VIJAY KUMAR,REG_Z5GGPEMT,MBBS MS,7516917391,,15.6,GYNAECOLOGIST
f91b5757-e981-4026-8240-c2e20b1f67ec,652f43d6-de19-471a-aa92-bf89906ef03c,DR. VIJAY KUMAR,REG_ADEOWZ4U,MBBS DA,8007178527,,14.8,GYNAECOLOGIST
8fcbe24e-16f9-45a3-acc1-2f3f7a66ba73,652f43d6-de19-471a-aa92-bf89906ef03c,DR. HEMANT KUMAR KORI,REG_RZ8AOPZQ,MBBS MS,7768491040,,28.5,GYNAECOLOGIST
40207b5b-12ba-4145-bf45-2eea14d7221b,652f43d6-de19-471a-aa92-bf89906ef03c,DR. PRADEEP KUMAR,REG_3LHDB3DA,MBBS DNB,7716695382,,10.8,ANAESTHETIST
9c5c8b36-0195-499c-a5d4-9dc79826a232,652f43d6-de19-471a-aa92-bf89906ef03c,DR. SAROJ DEVI,REG_6PFUIP20,MBBS DNB,9636892988,,3.9,PAEDIATRICIAN
8bc52ad3-ff7b-40bb-a561-6420d7f4636d,652f43d6-de19-471a-aa92-bf89906ef03c,DR. SARASWATI DEVI,REG_HNEQ3FSW,MBBS DA,7719038358,,11.0,SURGEON
af564afc-410b-454b-9e4d-954fe256a029,652f43d6-de19-471a-aa92-bf89906ef03c,DR. KALAWATI DEVI,REG_ZPKZPZPC,MBBS MD DM,7592872063,,27.0,PRIMARY_CLINICIAN
f72773ce-7aa4-4db7-b97d-2cdfb7cd7cf4,652f43d6-de19-471a-aa92-bf89906ef03c,DR. MANJU DEVI,REG_MQSAVA90,MBBS,7535980706,,10.9,RADIOLOGIST
d83a3dc2-2ac4-47c8-990c-ab923c5334f1,652f43d6-de19-471a-aa92-bf89906ef03c,DR. ROHIT KUMAR,REG_1F45K73V,MBBS MS,9634015427,,9.4,ANAESTHETIST
a5c2a677-b042-41d3-8161-0852251d21d0,0be6a73e-7fdf-43f1-918d-d73356870c23,DR. DEVENDRA KUMAR,REG_WHLTUIA4,MBBS MS,7686735905,,11.0,RADIOLOGIST
863f697a-f102-4548-83c2-64a717844b2d,0be6a73e-7fdf-43f1-918d-d73356870c23,DR. SURESH KUMAR PANDEY,REG_T97WZMRR,MBBS MS MCh,7993682038,,9.4,GYNAECOLOGIST
5f37b1ff-65cd-4950-94a5-b40165e2260a,0be6a73e-7fdf-43f1-918d-d73356870c23,DR. SAROJ DEVI,REG_NZ19UAF8,MBBS MS MCh,7544293207,,28.7,ANAESTHETIST
7ea777be-1705-4f16-8236-455f24ec9dce,0be6a73e-7fdf-43f1-918d-d73356870c23,DR. RAJEEV KUMAR,REG_UYUGLWLC,MBBS MS,9502336025,,7.0,SURGEON
20333b9e-06c0-4bd7-a86c-7d760a9f1267,0be6a73e-7fdf-43f1-918d-d73356870c23,DR. LEELA DEVI,REG_TMWGFR01,MBBS MD,9470709581,,10.9,ANAESTHETIST
94f3c2c6-9bac-49d3-9f3f-5b0c96d002c6,0be6a73e-7fdf-43f1-918d-d73356870c23,DR. RAMU KAKA,REG_D7L1D6RA,MBBS MS,7608616264,,7.0,PAEDIATRICIAN
32e4da02-3496-43f1-bc74-99192bad2d09,0be6a73e-7fdf-43f1-918d-d73356870c23,DR. RAJU YADAV,REG_1CRS9KFG,MBBS DNB,9400486256,,8.8,ANAESTHETIST
51c05167-fee6-4d18-8d7d-d8b446c9a835,0be6a73e-7fdf-43f1-918d-d73356870c23,DR. MUKESH KUMAR,REG_6IP4OYX3,MBBS DA,8146276951,,26.1,ANAESTHETIST
c7a4a98d-0bdc-4662-abb5-a79b3b2c72b9,96a65710-3273-498b-97c7-fa3615b7aaac,DR. UMESH KUMAR,REG_3C60ERX0,MBBS MS MCh,7677192401,,15.3,GYNAECOLOGIST
c0235afa-0b55-46d2-85d1-f36d6bd64f2d,96a65710-3273-498b-97c7-fa3615b7aaac,DR. PAPPU YADAV,REG_YPQ1L42J,MBBS MD DM,7776075401,,28.5,ANAESTHETIST
567586ff-be32-4d5a-8cbd-4d7a5233e6d1,96a65710-3273-498b-97c7-fa3615b7aaac,DR. ASHOK KUMAR PATEL,REG_SACZYBTD,MBBS MS,8113529628,,27.6,PRIMARY_CLINICIAN
1096a075-87a8-4e78-94b3-5f79e4e02b53,927da465-917a-4740-a92b-683e25a2aa74,DR. CHAMELI DEVI,REG_VM3VXN14,MBBS MD DM,7065800593,,17.9,SURGEON
33dac1d3-4c3a-4a70-b137-5f75b0a5409d,927da465-917a-4740-a92b-683e25a2aa74,DR. PHOOL KUMARI,REG_ZNBUDWM3,MBBS,8073648627,,2.4,PAEDIATRICIAN
2af3852c-6e6f-4926-befe-a2a85ae137ef,927da465-917a-4740-a92b-683e25a2aa74,DR. SUSHIL KUMAR,REG_FDL1FUR5,MBBS MD DM,7585586231,,19.4,ANAESTHETIST
8e25d0ad-cb16-4eb5-bbe6-fb548f8689a8,927da465-917a-4740-a92b-683e25a2aa74,DR. DEVENDRA KUMAR,REG_FVZIBKVV,MBBS DNB,7963663494,,32.6,PRIMARY_CLINICIAN
f23e0dec-c9ea-4b49-bd4f-636e62d927f0,927da465-917a-4740-a92b-683e25a2aa74,DR. VIRENDRA SINGH LODHI,REG_GQELLKY4,MBBS MS,7985429190,,32.5,SURGEON
d939d200-caab-474d-9b25-4d8d405f3268,927da465-917a-4740-a92b-683e25a2aa74,DR. RAKESH KUMAR,REG_ASQIL9W8,MBBS MD DM,7867480770,,23.1,PRIMARY_CLINICIAN
3ade452d-30d8-4b92-8660-567ff0ab47a9,927da465-917a-4740-a92b-683e25a2aa74,DR. CHAMELI DEVI,REG_2MMOGLRJ,MBBS,7906073255,,34.3,ANAESTHETIST
cf864b5e-8f85-4e50-be24-73b796d9330d,927da465-917a-4740-a92b-683e25a2aa74,DR. RAJESH KUMAR,REG_XHIGIAQ2,MBBS DNB,7817259156,,24.9,PRIMARY_CLINICIAN
93bb9000-f671-48e2-a263-a085834929e7,6fd6afb1-c990-4fb6-a3dd-c67e7a81926d,DR. SAROJ DEVI,REG_WYWFRTPT,MBBS MS MCh,9880457059,,5.3,PAEDIATRICIAN
3340685d-8a79-489c-963e-2122e5a56c1f,6fd6afb1-c990-4fb6-a3dd-c67e7a81926d,DR. KIRAN DEVI,REG_FEMEU3PB,MBBS DNB,9712247310,,4.4,SURGEON
44be8dc0-2d46-4571-be32-7a4518628bf1,6fd6afb1-c990-4fb6-a3dd-c67e7a81926d,DR. SAROJ DEVI,REG_JFJXFFFC,MBBS MD DM,7085837778,,22.9,PAEDIATRICIAN
c1dd197b-82c6-47f7-9534-c88d18dccd7f,6fd6afb1-c990-4fb6-a3dd-c67e7a81926d,DR. ANITA DEVI,REG_AITB5PI8,MBBS DA,7809105728,,17.1,PRIMARY_CLINICIAN
05f93ab0-f658-4b42-9fed-72837033e496,6fd6afb1-c990-4fb6-a3dd-c67e7a81926d,DR. SARASWATI DEVI,REG_IX6P0H5G,MBBS MD DM,7783117554,,22.3,PRIMARY_CLINICIAN
672c405a-b602-4ffe-9832-ef5b52f5503f,6fd6afb1-c990-4fb6-a3dd-c67e7a81926d,DR. SHANTI DEVI,REG_FAOJJ2PV,MBBS MS,7534120258,,7.3,SURGEON
84465f5d-9a43-463f-a955-ff09db324aec,46cd8169-1b4a-4fe2-b419-6c34bba1f11a,DR. RAMESH CHANDRA,REG_GA4TEYQV,MBBS MD,7094455217,,22.6,PAEDIATRICIAN
f6e47192-24e4-4b6b-a473-732e66db6bf2,46cd8169-1b4a-4fe2-b419-6c34bba1f11a,DR. BRIJESH KUMAR KORI,REG_E0O5C1XD,MBBS MD,8079166341,,20.2,GYNAECOLOGIST
5b5c846c-f2a6-47ec-a689-778287c5fdfa,ddf4e038-eee1-4aad-bf3c-340501d42a3b,DR. ARVIND KUMAR GUPTA,REG_LVZV2R65,MBBS DA,9559482775,,7.2,PRIMARY_CLINICIAN
e075531a-5c85-42ce-9413-958f8f739c29,ddf4e038-eee1-4aad-bf3c-340501d42a3b,DR. GUDDU KUMAR,REG_W91T38CG,MBBS MS,8115414719,,7.4,ANAESTHETIST
1eca40b5-50c8-4875-bc9f-0fbaeaa8ca56,ddf4e038-eee1-4aad-bf3c-340501d42a3b,DR. USHA DEVI,REG_17332UF8,MBBS MS,9565128360,,20.7,RADIOLOGIST
bab082c9-52ee-413b-b7e6-66c0b3cf972b,6026e193-5b9a-42fd-a78f-91ab822c513d,DR. REKHA DEVI,REG_1D7SXU87,MBBS MS MCh,8110344079,,28.7,PAEDIATRICIAN
e984f87f-6af6-4d20-bfed-dbef12172193,6026e193-5b9a-42fd-a78f-91ab822c513d,DR. SANTOSH KUMAR,REG_4QEUA93V,MBBS DA,7795445703,,34.1,GYNAECOLOGIST
4e11b6d2-2de9-4118-a7e2-bc770bda2dbc,07a052b6-d2b1-4437-860e-65dde31e467e,DR. MUNNI DEVI,REG_ZGB51457,MBBS,9751550276,,24.1,PRIMARY_CLINICIAN
fe7560de-53f7-40d1-93fb-49cf255f174b,07a052b6-d2b1-4437-860e-65dde31e467e,DR. UMESH KUMAR,REG_N0NSAJP0,MBBS MD,9532348382,,22.9,PAEDIATRICIAN
c8b095de-bd19-49eb-81fe-c4f195f322c7,07a052b6-d2b1-4437-860e-65dde31e467e,DR. SAROJ DEVI,REG_ZHKQMT46,MBBS MS,9453680600,,33.6,PAEDIATRICIAN
4bff293f-c328-4ea6-a454-0d7f83a4953c,07a052b6-d2b1-4437-860e-65dde31e467e,DR. URMILA DEVI,REG_N59EEO8W,MBBS MD,9600101759,,11.7,GYNAECOLOGIST
d8b554a1-f2a9-407c-a42c-7f134b9f1e3b,07a052b6-d2b1-4437-860e-65dde31e467e,DR. RAKESH KUMAR MAURYA,REG_90GRV8YU,MBBS MS MCh,7910460369,,20.6,SURGEON
e7f26a06-0196-4ee2-9734-fd5f8b79eebf,07a052b6-d2b1-4437-860e-65dde31e467e,DR. SARASWATI DEVI,REG_NNCRAET8,MBBS,9729411671,,29.9,PRIMARY_CLINICIAN
22b8cf7e-fece-41a4-88ee-1e41e1de2d04,07a052b6-d2b1-4437-860e-65dde31e467e,DR. SUSHILA DEVI,REG_K15HORY7,MBBS MS MCh,7852325026,,18.9,PAEDIATRICIAN
2ead0ff7-2723-4789-9a1c-81981add4be2,5c727695-ed4c-4f29-b909-7d1af1979889,DR. LAXMI DEVI,REG_YK2QM58N,MBBS DNB,7600925328,,21.5,SURGEON
b0813ead-bf55-4fcc-8125-8738420576f3,5c727695-ed4c-4f29-b909-7d1af1979889,DR. SAROJ DEVI,REG_1CO9HW6H,MBBS MD DM,7095638931,,22.6,ANAESTHETIST
f3a4b8ff-0a4f-4855-9978-a9cc350b59dd,5c727695-ed4c-4f29-b909-7d1af1979889,DR. SAROJ DEVI,REG_L06BMTJT,MBBS DNB,7959257175,,32.6,PRIMARY_CLINICIAN
416d284b-c35a-423a-8612-0343fa39d520,5c727695-ed4c-4f29-b909-7d1af1979889,DR. VIRENDRA SINGH VERMA,REG_MT4DP507,MBBS MS,8005392540,,1.9,GYNAECOLOGIST
f7aeefb5-2b7e-41f7-ac44-7c46a58bd286,5c727695-ed4c-4f29-b909-7d1af1979889,DR. ASHOK KUMAR PANDEY,REG_S7B4BAJU,MBBS DNB,9571647642,,21.8,RADIOLOGIST
add4dacd-506e-42a7-a7b2-9293953d439c,5c727695-ed4c-4f29-b909-7d1af1979889,DR. MEENA DEVI,REG_V1TJZ26O,MBBS DNB,9801338793,,21.5,SURGEON
9303d55c-1580-4a72-8090-d8c9ec81dc5c,5c727695-ed4c-4f29-b909-7d1af1979889,DR. NIRMALA DEVI,REG_07OH2V7A,MBBS MD DM,7540171379,,31.1,PAEDIATRICIAN
29b478d7-8769-448e-afee-1b3a825d42a9,47125a51-149b-47ee-9cbf-ae6720705295,DR. SHIV KUMAR,REG_S7N2BAGC,MBBS MS,8004675034,,26.2,PRIMARY_CLINICIAN
d4844a78-7941-472f-8f26-bfd1ce3dc2e8,47125a51-149b-47ee-9cbf-ae6720705295,DR. SUSHILA DEVI,REG_AS7C8SK2,MBBS DNB,9551619760,,29.6,RADIOLOGIST
73633ecb-a2da-4793-b2d4-a017fcd7f76c,47125a51-149b-47ee-9cbf-ae6720705295,DR. KAMLA DEVI,REG_SAM04B8O,MBBS MD DM,9799662751,,10.1,SURGEON
cb9d226e-8990-4923-8fae-137fe6d5f642,8908553e-a57b-4755-81e4-7004f49e51f1,DR. SAVITRI DEVI,REG_RL72X0KX,MBBS MD DM,7528462290,,8.4,ANAESTHETIST
9365e0bc-07b5-40c9-b312-2222abc8fc87,8908553e-a57b-4755-81e4-7004f49e51f1,DR. LAKHAN LAL,REG_YC9DLKKO,MBBS MS MCh,9886220324,,16.3,RADIOLOGIST
a62b5def-2363-49d0-9ead-1e1024b8cb5e,8908553e-a57b-4755-81e4-7004f49e51f1,DR. SAROJ DEVI,REG_YLU5XLOP,MBBS,7502943579,,18.3,SURGEON
690816eb-cbb4-4d72-90b0-47872e7bea47,8908553e-a57b-4755-81e4-7004f49e51f1,DR. BRIJESH KUMAR,REG_RJLS8SVR,MBBS DNB,9899971139,,12.2,ANAESTHETIST
16a43fb9-f988-4a3f-8f2f-00a4ca57ff1e,8908553e-a57b-4755-81e4-7004f49e51f1,DR. POONAM DEVI,REG_ANBVIVXW,MBBS MS MCh,7636571665,,19.2,GYNAECOLOGIST
fa304064-351c-47eb-b022-8cec4e9f87b6,8a2d1075-4c99-4e9f-b320-50d5c4a91f4a,DR. MANJU DEVI,REG_5XVEB8YC,MBBS DNB,7029824064,,14.3,GYNAECOLOGIST
61a304f9-5cea-4ead-8b69-6dde2cc29307,8a2d1075-4c99-4e9f-b320-50d5c4a91f4a,DR. PRADEEP KUMAR,REG_0XTIH28H,MBBS,9625790043,,28.6,PRIMARY_CLINICIAN
b0286e56-a4ac-4c99-9d39-171982c0f933,8a2d1075-4c99-4e9f-b320-50d5c4a91f4a,DR. SUMITRA DEVI,REG_96RXY3JD,MBBS DA,9410894197,,31.0,ANAESTHETIST
91c4de8e-685d-4917-ad6c-18e8a6555733,8a2d1075-4c99-4e9f-b320-50d5c4a91f4a,DR. RAKESH KUMAR,REG_0DCSTC40,MBBS MS MCh,9608568232,,32.2,RADIOLOGIST
164c07af-ecfc-4678-9e75-fd3335065021,8a2d1075-4c99-4e9f-b320-50d5c4a91f4a,DR. SEEMA DEVI,REG_QPB8C5P3,MBBS MD DM,9692635834,,19.7,GYNAECOLOGIST
f3d8dc84-ed60-4bed-b111-2b845f291020,df5917a9-32ee-43e2-82ef-87eb5dd91e82,DR. UMESH KUMAR,REG_1H11YXVZ,MBBS DNB,9659939922,,8.6,ANAESTHETIST
aacb2050-4812-4a4b-b351-21f09be90c58,df5917a9-32ee-43e2-82ef-87eb5dd91e82,DR. RAMESH CHANDRA,REG_P0G8XK0V,MBBS MS MCh,7866099202,,25.1,SURGEON
bcc8e5fc-cb45-4f7e-93dd-fc6e568fb688,df5917a9-32ee-43e2-82ef-87eb5dd91e82,DR. SUMITRA DEVI,REG_NAJYYWG5,MBBS DA,7631800368,,33.6,GYNAECOLOGIST
c5ad78d2-6ae6-40f3-a654-bcdafc2be10e,df5917a9-32ee-43e2-82ef-87eb5dd91e82,DR. SHYAM LAL,REG_KGTPYOAL,MBBS MS,7508432326,,32.2,RADIOLOGIST
7f674425-2ad9-4b66-ac15-0b8140f6fe7c,df5917a9-32ee-43e2-82ef-87eb5dd91e82,DR. PHOOL KUMARI,REG_6Q3S0XD4,MBBS DNB,7715712388,,28.1,GYNAECOLOGIST
3c588f55-2547-4a7e-994e-d5e34aff3346,df5917a9-32ee-43e2-82ef-87eb5dd91e82,DR. RADHA DEVI,REG_62Y15L7A,MBBS DA,7008263032,,34.6,RADIOLOGIST
cafb1f05-77ea-4da1-975f-94ed40466588,df5917a9-32ee-43e2-82ef-87eb5dd91e82,DR. SURESH KUMAR YADAV,REG_8OC7OG9F,MBBS DNB,9754130030,,16.7,RADIOLOGIST
fc09656b-8d37-4fd3-a54f-688ead4209fc,2e6c7540-d36e-4602-9a66-c1c11e0c1a77,DR. POONAM DEVI,REG_R2M4F7RO,MBBS DNB,7587250205,,20.1,SURGEON
ed0a393e-85f4-48e3-b92a-07b236cd8fb6,2e6c7540-d36e-4602-9a66-c1c11e0c1a77,DR. MANJU DEVI,REG_6R34NSWS,MBBS MD,9457790210,,13.8,PAEDIATRICIAN
a8b0033c-1756-4151-848e-677b8bd3aca0,2e6c7540-d36e-4602-9a66-c1c11e0c1a77,DR. SHEELA DEVI,REG_VSUYYEUP,MBBS MS MCh,8137427996,,21.9,SURGEON
2319707d-2ccb-4f40-88a5-59f44ca2f89c,2e6c7540-d36e-4602-9a66-c1c11e0c1a77,DR. SURESH KUMAR RAJBHAR,REG_2RA1FLKL,MBBS,7877884636,,21.8,RADIOLOGIST
a40f7e53-30fb-49e4-a39a-53d7385d54df,2e6c7540-d36e-4602-9a66-c1c11e0c1a77,DR. RAVINDRA NATH KURMI,REG_PHOPVY2N,MBBS MD DM,7762856707,,6.3,ANAESTHETIST
11e0df08-efd4-4706-8d85-43ea2522b3e6,2e6c7540-d36e-4602-9a66-c1c11e0c1a77,DR. RAVI SHANKAR,REG_MP8TVDIK,MBBS DNB,7552232793,,27.5,PAEDIATRICIAN
f76631cd-34cb-46d1-be34-dae86787199f,b0e846eb-f1ac-4d53-8a36-7dfb7eedd2ab,DR. SAVITRI DEVI,REG_T8SC8R55,MBBS MD DM,9456441427,,34.6,PAEDIATRICIAN
5dbc34a1-f071-4d63-bec1-80f5e94bb061,b0e846eb-f1ac-4d53-8a36-7dfb7eedd2ab,DR. DRAUPADI DEVI,REG_CE7805NO,MBBS MD DM,9721472113,,33.4,RADIOLOGIST
38af060b-1fcf-4359-96ee-15ec809943e8,b0e846eb-f1ac-4d53-8a36-7dfb7eedd2ab,DR. DEVENDRA KUMAR CHAUHAN,REG_OPEBGWA5,MBBS MS MCh,9705510176,,7.0,RADIOLOGIST
ceb893b9-5bc4-401f-8814-754c88a6ef96,b0e846eb-f1ac-4d53-8a36-7dfb7eedd2ab,DR. RANI DEVI,REG_75VYR2HS,MBBS MD,9678490271,,24.4,PAEDIATRICIAN
4f04b5c9-1842-4419-bfec-763f1ff89cc9,b0e846eb-f1ac-4d53-8a36-7dfb7eedd2ab,DR. PUSHPA DEVI,REG_VYOEXKRU,MBBS DNB,9431699202,,29.3,PAEDIATRICIAN
c007ea2c-65ea-439d-b14a-07031faaf633,6b5b9eb1-a8cb-4dcc-a3ed-c810f07feac5,DR. SHANTI DEVI,REG_QCRJL2ZV,MBBS DA,7701877139,,26.4,GYNAECOLOGIST
250044d7-bde6-4b26-8854-be08ae7d486a,6b5b9eb1-a8cb-4dcc-a3ed-c810f07feac5,DR. SANTOSHI DEVI,REG_VR3DJA10,MBBS MD DM,7919185954,,20.8,GYNAECOLOGIST
9e6f4bd1-cd21-4bdd-ab01-40ea94427376,6b5b9eb1-a8cb-4dcc-a3ed-c810f07feac5,DR. DEVENDRA KUMAR TIWARI,REG_1BSG4BEE,MBBS MS MCh,7745204309,,29.6,RADIOLOGIST
6930eeb9-9c24-4665-bf2a-f9c57b62e7b3,809ff073-96e2-4170-ac65-c8e1906d329f,DR. RAKESH KUMAR SINGH,REG_JUE7AJO7,MBBS MS,7771982476,,3.9,PAEDIATRICIAN
e5d3ebc5-e980-4b77-a41f-4c6bb9cd4a48,809ff073-96e2-4170-ac65-c8e1906d329f,DR. SHEELA DEVI,REG_43XT73OC,MBBS MS MCh,8134348976,,10.1,PAEDIATRICIAN
8e2c7d64-77a6-4b09-9e81-a561f6787fee,809ff073-96e2-4170-ac65-c8e1906d329f,DR. SHIV KUMAR,REG_LAQV38J3,MBBS MD,7912841258,,16.1,ANAESTHETIST
62e05d15-683a-4d54-88af-7e250f87c6df,809ff073-96e2-4170-ac65-c8e1906d329f,DR. SAVITRI DEVI,REG_D1JN0SGO,MBBS MS MCh,9553607937,,25.1,SURGEON
2ed4617d-340d-4b2b-8d49-8478ad7a8bbc,809ff073-96e2-4170-ac65-c8e1906d329f,DR. POONAM DEVI,REG_WPXLBUGD,MBBS MS MCh,9764723380,,14.8,PAEDIATRICIAN
24d8d162-ced6-411e-9a6f-0006e41a55bd,809ff073-96e2-4170-ac65-c8e1906d329f,DR. NIRMALA DEVI,REG_DYLDO2PW,MBBS DA,9751116059,,17.0,ANAESTHETIST
8f82e92d-110e-4559-b2ed-307361fdea93,809ff073-96e2-4170-ac65-c8e1906d329f,DR. DEVENDRA KUMAR YADAV,REG_P0HGUYEH,MBBS MS,9757944886,,7.9,PAEDIATRICIAN
318e0d98-15ea-4b71-a9de-d3d0d3e0820c,809ff073-96e2-4170-ac65-c8e1906d329f,DR. CHAMELI DEVI,REG_G9O4IYCN,MBBS MD DM,8091079751,,12.2,PAEDIATRICIAN
4d5bf1da-9cad-4320-9282-21e6c7d2c214,c07802b7-0e29-4a50-bb6c-404c4becd9f4,DR. SHIV KUMAR,REG_X9KMCSRC,MBBS,7809573583,,18.9,GYNAECOLOGIST
3c2a056d-56bc-4562-a54e-5dac6fe1bb0f,c07802b7-0e29-4a50-bb6c-404c4becd9f4,DR. AMIT KUMAR DUBEY,REG_UOOE29T6,MBBS MD,7997144052,,1.5,PAEDIATRICIAN
e8459ce8-0d5d-4378-9193-215f03145244,c07802b7-0e29-4a50-bb6c-404c4becd9f4,DR. REENA DEVI,REG_CYLSZ971,MBBS,7000507135,,6.5,PAEDIATRICIAN
fec88775-b52f-48ee-86f8-fec8ba1c5040,c07802b7-0e29-4a50-bb6c-404c4becd9f4,DR. SHANTI DEVI,REG_WQP1CWO0,MBBS DA,8083223467,,15.1,ANAESTHETIST
14492e0d-67e3-47c1-b929-39d49b8c07a3,8c28e7b6-bbce-4f3e-b496-0b5d11471805,DR. VIJAY KUMAR,REG_TCLKV4OS,MBBS,9644159750,,20.5,PAEDIATRICIAN
87f62755-fb98-4dec-8ada-74d2a7f0079d,8c28e7b6-bbce-4f3e-b496-0b5d11471805,DR. SUNITA DEVI,REG_E25VRH5H,MBBS MS MCh,7021883794,,26.3,ANAESTHETIST
a507cbb2-2f59-43e5-94f8-e69722d5be8d,8c28e7b6-bbce-4f3e-b496-0b5d11471805,DR. POONAM DEVI,REG_HC1CH6WN,MBBS DA,7898115201,,4.3,RADIOLOGIST
103d7f4f-fe6a-4aa4-a688-1307f79043e4,8c28e7b6-bbce-4f3e-b496-0b5d11471805,DR. ANITA DEVI,REG_Z6XQFV8K,MBBS MS,7711737705,,8.6,GYNAECOLOGIST
aa63c99c-80fb-41fd-b47c-0359ac95a10c,8c28e7b6-bbce-4f3e-b496-0b5d11471805,DR. UMESH KUMAR,REG_0L2L0ST8,MBBS MD DM,9403247939,,32.4,PRIMARY_CLINICIAN
6c7d2591-2098-416f-b50f-aafe33b99dde,3c9da9cb-ea34-42ec-a054-f09e6f21177a,DR. KIRAN DEVI,REG_RE3XK08B,MBBS DA,7998519728,,20.8,ANAESTHETIST
6cbf1577-9163-4da3-9fb6-531893e28e50,3c9da9cb-ea34-42ec-a054-f09e6f21177a,DR. RAKESH KUMAR,REG_BQJRNFY3,MBBS MS MCh,7043550131,,23.1,ANAESTHETIST
79f5b6fa-cb1e-45d8-9dcb-fe5cf98e7851,3c9da9cb-ea34-42ec-a054-f09e6f21177a,DR. RAKESH KUMAR,REG_FBMSNOW3,MBBS,8050130228,,3.2,RADIOLOGIST
543ffdca-ed87-4171-a95d-0b2cd00639e6,3c9da9cb-ea34-42ec-a054-f09e6f21177a,DR. RAM PRASAD KURMI,REG_PH9RJEFR,MBBS DNB,7874033230,,12.1,PRIMARY_CLINICIAN
5dba6867-bb1c-4538-ac63-5ece96fb70a5,3c9da9cb-ea34-42ec-a054-f09e6f21177a,DR. SAVITRI DEVI,REG_R7DFO50E,MBBS,7055220860,,34.7,GYNAECOLOGIST
b83e859a-fd1c-4da1-8efc-976aab717031,3c9da9cb-ea34-42ec-a054-f09e6f21177a,DR. JAGDISH PRASAD,REG_TGRRPTYD,MBBS,7949574212,,29.0,SURGEON
41b24c7c-e266-41d4-8921-b9ff031f8b9d,3c9da9cb-ea34-42ec-a054-f09e6f21177a,DR. SAVITRI DEVI,REG_A8G4X1Q3,MBBS MD,7546046478,,2.7,RADIOLOGIST
d2be1e25-c0f7-4c8b-bc2c-f99510e34d5e,3c9da9cb-ea34-42ec-a054-f09e6f21177a,DR. CHAMELI DEVI,REG_RTZQEFER,MBBS MS,7709055110,,22.5,PRIMARY_CLINICIAN
1428d4d4-e8ef-4502-a8de-a84d9e3636d7,f459efc7-a94b-4fcd-a1b8-cfde96de1283,DR. RAMESH CHANDRA,REG_EC4Y8DP0,MBBS,9815065462,,7.1,ANAESTHETIST
9a6316b3-2cc1-4136-a465-06e149b10ac1,f459efc7-a94b-4fcd-a1b8-cfde96de1283,DR. USHA DEVI,REG_VY66KOLP,MBBS MS MCh,7687384404,,9.4,PRIMARY_CLINICIAN
cba98f20-c2e5-47f7-9c4a-d5f1ed937875,f459efc7-a94b-4fcd-a1b8-cfde96de1283,DR. LAKHAN LAL,REG_C0D8AIHR,MBBS MD,7935765548,,5.2,GYNAECOLOGIST
4162dda3-5fdb-4ab0-8e9f-1c68496d7b8c,f459efc7-a94b-4fcd-a1b8-cfde96de1283,DR. RAMESH CHANDRA SHUKLA,REG_11N1OK0M,MBBS MD DM,7652887996,,20.1,SURGEON
cd191ff1-f30b-44a5-b0e2-9be62903cc67,f459efc7-a94b-4fcd-a1b8-cfde96de1283,DR. RAJESH KUMAR,REG_SOUY0MX5,MBBS MD DM,9769261966,,7.0,PRIMARY_CLINICIAN
85f7dccc-f437-4acc-b2e4-1140e4b7551e,5cd21b7d-188f-4966-b23c-d377c153a291,DR. PHOOL KUMARI,REG_3TC6DC46,MBBS MD DM,9666401061,,33.3,ANAESTHETIST
2e698551-e93e-46b2-b991-96545125fc56,5cd21b7d-188f-4966-b23c-d377c153a291,DR. LEELA DEVI,REG_HI0AQ6IQ,MBBS MD DM,8046038176,,8.8,PAEDIATRICIAN
a1a49f0b-e6b8-4be5-895e-cfbc6f8a9dc7,5cd21b7d-188f-4966-b23c-d377c153a291,DR. SURESH KUMAR,REG_L5RHQC8P,MBBS DNB,9472579044,,3.0,PRIMARY_CLINICIAN
3eea97e1-dab7-4e3e-9282-f11af3be3caf,5cd21b7d-188f-4966-b23c-d377c153a291,DR. RAJESH KUMAR,REG_RJ3NL7AL,MBBS DA,8054835027,,25.3,GYNAECOLOGIST
b9522340-c904-4c33-a0b6-beb258d670e6,5cd21b7d-188f-4966-b23c-d377c153a291,DR. SUMITRA DEVI,REG_3WSQ8I43,MBBS MS,7676640077,,6.6,ANAESTHETIST
0bb233df-6c16-4a11-9173-62a462795f9c,add41731-c1ec-4042-ba9c-e962f7bdc5bf,DR. GEETA DEVI,REG_BLES2XLM,MBBS DA,9799662581,,13.0,ANAESTHETIST
5dbfe627-e02f-4606-b6d5-09d427b009bc,add41731-c1ec-4042-ba9c-e962f7bdc5bf,DR. GULABO DEVI,REG_OC3164DZ,MBBS MS MCh,9827789771,,25.0,PRIMARY_CLINICIAN
aa8506fa-853b-45f5-8522-f00657eba9eb,62e1ce57-4241-4364-92cb-7637c17b5c01,DR. SHANTI DEVI,REG_DY1GEK1U,MBBS DNB,9889642716,,34.9,SURGEON
44fa4265-98c8-4c49-a0e7-cede87c464bc,62e1ce57-4241-4364-92cb-7637c17b5c01,DR. AMIT KUMAR,REG_NNPQKVBN,MBBS MS MCh,7532738869,,20.9,RADIOLOGIST
fee51d0f-2c4c-4145-a9fc-9c21dadaab37,62e1ce57-4241-4364-92cb-7637c17b5c01,DR. SUMITRA DEVI,REG_BEYGTQK3,MBBS MD,9659912159,,27.2,SURGEON
8df04f99-f043-4ab7-8839-342d62ae18e4,62e1ce57-4241-4364-92cb-7637c17b5c01,DR. RAMU KAKA,REG_06ORW0EB,MBBS MD,8196290431,,16.1,RADIOLOGIST
fa0f2675-df6d-4f14-8e82-a1aea6e21f5c,62e1ce57-4241-4364-92cb-7637c17b5c01,DR. RAMU KAKA,REG_UIELK8Q6,MBBS DNB,8074133222,,11.2,PRIMARY_CLINICIAN
5f01be2e-4d6e-47a9-a522-ead14d6fba71,62e1ce57-4241-4364-92cb-7637c17b5c01,DR. GEETA DEVI,REG_G1RA5P8W,MBBS MS,9552331627,,17.8,PAEDIATRICIAN
7f392ddb-4b56-42e0-8283-5162d3f80a3c,62e1ce57-4241-4364-92cb-7637c17b5c01,DR. URMILA DEVI,REG_XBSVQO89,MBBS MD DM,7789689167,,21.0,SURGEON
75bcfb7f-4893-48c5-9a92-60f689775424,6321512d-78a5-425f-8038-d29cd7a8473a,DR. ARVIND KUMAR,REG_TCT197F6,MBBS MD,7019035919,,2.7,RADIOLOGIST
c3e6f4a9-eb8e-4a4a-85e6-c184686793fb,6321512d-78a5-425f-8038-d29cd7a8473a,DR. RAKESH KUMAR,REG_RJESS27T,MBBS MS,7020531530,,2.7,RADIOLOGIST
04cde26a-3f79-46df-8017-2c8df8bf1ec8,6321512d-78a5-425f-8038-d29cd7a8473a,DR. NIRMALA DEVI,REG_ZWGVY7PK,MBBS MS MCh,7531923423,,11.7,PRIMARY_CLINICIAN
7f5f2737-a49c-44fd-b459-8a563bd6f3da,6321512d-78a5-425f-8038-d29cd7a8473a,DR. MANOJ KUMAR LODHI,REG_6C9A1Y85,MBBS DA,7088622000,,15.9,GYNAECOLOGIST
06fbb1e0-41d8-4b75-b418-dd5c494f3802,6321512d-78a5-425f-8038-d29cd7a8473a,DR. SANJAY KUMAR GAUTAM,REG_767AMAPO,MBBS MS,7802678696,,20.4,SURGEON
fb28d32c-2b2b-4be3-bc88-ce5bf5e801fd,f526b874-7f37-4702-9f00-e29cfcb4ab96,DR. PUSHPA DEVI,REG_S2YVJMI7,MBBS MD,8002622847,,27.1,SURGEON
5829c706-9d2e-4f39-a31e-4071aa6226e6,f526b874-7f37-4702-9f00-e29cfcb4ab96,DR. URMILA DEVI,REG_CTMUMRZK,MBBS DA,7788244045,,22.3,PRIMARY_CLINICIAN
09b347da-bb9f-4102-913b-a8b3468756d5,f526b874-7f37-4702-9f00-e29cfcb4ab96,DR. BRIJESH KUMAR,REG_LMXX8DE2,MBBS DA,9624773463,,32.4,RADIOLOGIST
78d5c183-4b0e-4ccb-93aa-6709cfa03984,f526b874-7f37-4702-9f00-e29cfcb4ab96,DR. SUSHIL KUMAR GAUTAM,REG_Z6SXEVOT,MBBS DNB,7578603605,,30.6,GYNAECOLOGIST
ed7e6d85-fe83-4fab-90a2-e033c3df73a3,f526b874-7f37-4702-9f00-e29cfcb4ab96,DR. DRAUPADI DEVI,REG_DNDISN0O,MBBS MD,7829427628,,32.9,SURGEON
28ae5f26-638c-42a0-849b-d82765cf2317,f526b874-7f37-4702-9f00-e29cfcb4ab96,DR. KIRAN DEVI,REG_TW3KEP62,MBBS,7954881953,,33.7,GYNAECOLOGIST
2ef2c911-2c95-4753-8811-c4cd6137c278,f526b874-7f37-4702-9f00-e29cfcb4ab96,DR. MANOJ KUMAR,REG_OM3NHASQ,MBBS DNB,9584966696,,1.5,PRIMARY_CLINICIAN
02dba381-185a-4165-8b58-1f3a16470a86,8dd88ab8-586d-4275-9334-22ec58d9d619,DR. KAMLA DEVI,REG_VTJ1A222,MBBS DNB,7742986307,,4.3,PRIMARY_CLINICIAN
45220c6d-8cc5-4554-9a84-2f22dffb77e5,8dd88ab8-586d-4275-9334-22ec58d9d619,DR. JAGDISH PRASAD RAJBHAR,REG_GJR61T03,MBBS MD,9654703084,,33.5,SURGEON
ec1398de-8f2f-4f1b-8cf6-1dc379596f58,8dd88ab8-586d-4275-9334-22ec58d9d619,DR. SHANTI DEVI,REG_96Y3T7L9,MBBS MD,9468019133,,17.3,SURGEON
72ca760f-cd57-4614-b81c-1e6a0d1b5d77,4d56d6b6-a141-4fc8-92df-d45f140de17f,DR. VIVEK KUMAR,REG_GH9RNLWY,MBBS MD DM,7890690923,,6.2,PRIMARY_CLINICIAN
4bff729e-82eb-409e-bbe9-2d92a957b416,4d56d6b6-a141-4fc8-92df-d45f140de17f,DR. DINESH KUMAR,REG_QWR55KW8,MBBS MD DM,7763636822,,22.1,PAEDIATRICIAN
ad657fd1-faa3-4f9c-bd79-c265b6c99d4c,4d56d6b6-a141-4fc8-92df-d45f140de17f,DR. SANJAY KUMAR,REG_IVFJPCEV,MBBS MD DM,7649556619,,23.8,ANAESTHETIST
378adef5-818d-4e33-b3b9-9c5a8360af73,5280d74c-6d65-4538-abc9-bd70711ec5c2,DR. REKHA DEVI,REG_D7OT4JGJ,MBBS DA,9527288746,,8.0,PRIMARY_CLINICIAN
6a1689cd-4ae9-4f9f-bbf8-ea1d2c5dd2b5,5280d74c-6d65-4538-abc9-bd70711ec5c2,DR. PUSHPA DEVI,REG_WFM4TRTR,MBBS DA,7087364194,,16.4,PAEDIATRICIAN
fdb0ad01-8419-427b-94cb-7a29a2e88704,5280d74c-6d65-4538-abc9-bd70711ec5c2,DR. RAJU YADAV,REG_IIJKKJQ7,MBBS DA,9698138486,,13.6,GYNAECOLOGIST
4adf9005-e5e9-46af-a29f-8a3b2549125f,5280d74c-6d65-4538-abc9-bd70711ec5c2,DR. KAMLA DEVI,REG_94XCYTWH,MBBS MS MCh,9429769596,,7.9,SURGEON
6b299b27-2c55-4b5a-8f2f-b9126da09558,5280d74c-6d65-4538-abc9-bd70711ec5c2,DR. VIVEK KUMAR,REG_ZF12Q3BD,MBBS DA,7683076205,,7.6,PAEDIATRICIAN
26c6c057-8d07-49ce-a922-f6e6684b259b,5280d74c-6d65-4538-abc9-bd70711ec5c2,DR. SAVITRI DEVI,REG_7I37YXNW,MBBS DA,9781236457,,1.8,SURGEON
3f011e79-c678-4563-85e9-fb6e1f48d231,5280d74c-6d65-4538-abc9-bd70711ec5c2,DR. USHA DEVI,REG_Y667SMLB,MBBS DA,9443591321,,7.9,ANAESTHETIST
d0492a1c-74f2-43fa-af40-047f2a9edcd8,5280d74c-6d65-4538-abc9-bd70711ec5c2,DR. RAJEEV KUMAR NISHAD,REG_DNP4IKGY,MBBS,8009873293,,33.9,RADIOLOGIST
192ba4e6-f774-4860-ab6d-2349630b7b6d,4f95535a-c061-42c5-847a-64846c9e8a33,DR. RAMU KAKA,REG_A1E9Y9QL,MBBS DNB,9701931492,,13.6,SURGEON
56a668ed-2765-4896-a8ea-76d8e7d6815b,4f95535a-c061-42c5-847a-64846c9e8a33,DR. NIRMALA DEVI,REG_IRRKI5ZG,MBBS,7031295832,,1.7,PAEDIATRICIAN
39b3bb81-ce38-47cc-8b9e-a69986cce442,4f95535a-c061-42c5-847a-64846c9e8a33,DR. JAGDISH PRASAD,REG_KGYMVPFF,MBBS MD,7807636843,,32.9,PAEDIATRICIAN
27d6e94a-c355-4784-bd16-e218a0f8f0bc,6ce061b1-33a7-4aa9-bdac-4dacbc2438c0,DR. PREM SHANKAR,REG_DYEHZU04,MBBS DA,7856717332,,3.1,PRIMARY_CLINICIAN
95db09c8-1be0-40bd-a443-fb029dba3c70,6ce061b1-33a7-4aa9-bdac-4dacbc2438c0,DR. MUKESH KUMAR,REG_ZAFCZPOB,MBBS DNB,9853165073,,10.4,PAEDIATRICIAN
d5c007f9-820a-4462-93b5-f0a623d3c806,6ce061b1-33a7-4aa9-bdac-4dacbc2438c0,DR. SANTOSH KUMAR SHUKLA,REG_GFRLWYJY,MBBS DA,7006974916,,21.0,PAEDIATRICIAN
7486884d-ccac-48d8-8ddf-9d0c5e9942f6,6ce061b1-33a7-4aa9-bdac-4dacbc2438c0,DR. ARVIND KUMAR YADAV,REG_80XJKOPR,MBBS DNB,7906132904,,32.5,SURGEON
81e7703d-4260-4deb-ab60-bc606d87a84d,6ce061b1-33a7-4aa9-bdac-4dacbc2438c0,DR. REENA DEVI,REG_8WE7PF4H,MBBS MD DM,9405961290,,13.3,SURGEON
a312213e-ae6c-4a0a-8b2c-39899c9ff797,6ce061b1-33a7-4aa9-bdac-4dacbc2438c0,DR. SURESH KUMAR,REG_LQQGUG27,MBBS DNB,7727333521,,4.0,PRIMARY_CLINICIAN
8f9fa1c1-0e97-4ffb-91bb-16c9597fa017,6ce061b1-33a7-4aa9-bdac-4dacbc2438c0,DR. SUSHILA DEVI,REG_P58XOA9I,MBBS DA,7989854392,,32.0,PRIMARY_CLINICIAN
b0efddc1-3d01-449a-8f33-b61e89feaa0e,6ce061b1-33a7-4aa9-bdac-4dacbc2438c0,DR. RAJEEV KUMAR,REG_TISI6JF9,MBBS MS,7920343786,,6.8,PAEDIATRICIAN
e2447b4c-9b63-4c18-b43a-54aaebc8b925,0aaa24cd-1bbb-43a7-9436-41404a94c435,DR. SUSHIL KUMAR,REG_2MIX71CI,MBBS DNB,7070159633,,25.6,PAEDIATRICIAN
f559c1bb-072f-4161-854b-029771bf0c8b,0aaa24cd-1bbb-43a7-9436-41404a94c435,DR. KALAWATI DEVI,REG_IUQWRKQ7,MBBS MD,7533184393,,4.8,RADIOLOGIST
6e0f021b-8926-4bc5-ab8b-08b9ef4091db,0aaa24cd-1bbb-43a7-9436-41404a94c435,DR. SURESH KUMAR,REG_9TM158YX,MBBS MD DM,7512397075,,18.8,GYNAECOLOGIST
84384da2-4e0b-4c2f-8bc9-11b9c8d08101,0aaa24cd-1bbb-43a7-9436-41404a94c435,DR. GEETA DEVI,REG_2H4HMTZ4,MBBS,7068540878,,5.0,RADIOLOGIST
62355cf2-da63-45ac-a0e7-0d2ebb7030ca,0aaa24cd-1bbb-43a7-9436-41404a94c435,DR. LAKHAN LAL,REG_QM7HKVDP,MBBS MS MCh,8013118064,,19.0,ANAESTHETIST
c0264b52-78e9-4354-96fa-c961b9404f63,0aaa24cd-1bbb-43a7-9436-41404a94c435,DR. REKHA DEVI,REG_DCJL73OX,MBBS MS,9613184106,,20.4,RADIOLOGIST
f062b8d9-04ab-4b57-9049-d5c5fe5cf387,7df6476c-36e5-4b7f-b491-d544b865d70c,DR. VIVEK KUMAR,REG_58SF5SHS,MBBS,9702131065,,28.0,SURGEON
fc18ea50-5f69-4220-b582-c475534d6bd6,7df6476c-36e5-4b7f-b491-d544b865d70c,DR. POONAM DEVI,REG_L86472IH,MBBS DA,7729160167,,11.4,SURGEON
55529fc8-02bd-4f61-a87f-455233855d19,7df6476c-36e5-4b7f-b491-d544b865d70c,DR. VIRENDRA SINGH SHUKLA,REG_GMFB6Q8V,MBBS MD,9529902393,,8.9,ANAESTHETIST
1b9df630-80d4-4726-978c-57d4803fa803,7df6476c-36e5-4b7f-b491-d544b865d70c,DR. PHOOL KUMARI,REG_I4N53CE3,MBBS MD DM,7058966450,,30.2,PRIMARY_CLINICIAN
095543c6-69ff-41d3-a3e6-4429661cc0a9,7df6476c-36e5-4b7f-b491-d544b865d70c,DR. MANJU DEVI,REG_QB530VG9,MBBS DA,9401601202,,11.8,PAEDIATRICIAN
6472f998-f9aa-42ce-b25c-2f1f753a7b27,7df6476c-36e5-4b7f-b491-d544b865d70c,DR. SANTOSHI DEVI,REG_S69OPZ0Y,MBBS MD,8105361436,,28.6,SURGEON
4300f2ac-c55b-47d0-98b9-5c24d32029e4,7df6476c-36e5-4b7f-b491-d544b865d70c,DR. RAMU KAKA,REG_40F1FPAD,MBBS MD DM,9713929652,,23.0,SURGEON
6a00d949-ca58-48a6-b42e-9ad2ab598fdb,86558851-1882-453c-9ea1-67d2603900dc,DR. GULABO DEVI,REG_ACM6PTHU,MBBS MD DM,7503485038,,28.0,SURGEON
a3818c08-a5ec-468b-84e1-4e26732fa688,86558851-1882-453c-9ea1-67d2603900dc,DR. RAVI SHANKAR,REG_LY4W2SHX,MBBS DNB,9539961867,,7.0,SURGEON
ce72d40e-8796-40da-8d6f-239f5d13c13d,86558851-1882-453c-9ea1-67d2603900dc,DR. RAJEEV KUMAR,REG_Y4WX1Z7N,MBBS MD DM,7517523675,,34.5,ANAESTHETIST
90684fcc-55cf-4646-81a7-7429713fb357,0b493dcd-55d3-4b54-b522-8dfccbf41872,DR. RAMESH CHANDRA,REG_PDODOHDC,MBBS MD,7727593524,,3.7,PAEDIATRICIAN
a51d3f0f-a829-4604-9510-291c7a6bbfb8,0b493dcd-55d3-4b54-b522-8dfccbf41872,DR. SARASWATI DEVI,REG_JXPG9MPD,MBBS DNB,9669052022,,13.6,GYNAECOLOGIST
c6c127e1-6cbb-4765-9bad-02d295e1c8df,0b493dcd-55d3-4b54-b522-8dfccbf41872,DR. POONAM DEVI,REG_RJ2RTIYO,MBBS MS MCh,9417203740,,12.9,SURGEON
bc4eb819-75ed-474e-9204-a0a1ce25b216,0b493dcd-55d3-4b54-b522-8dfccbf41872,DR. JAGDISH PRASAD,REG_NIA6KILA,MBBS DNB,9799635059,,18.4,RADIOLOGIST
7f14ab49-7606-4696-8b4b-d784f031ee68,0b493dcd-55d3-4b54-b522-8dfccbf41872,DR. SEEMA DEVI,REG_EMDICPBU,MBBS MD DM,7506136925,,6.9,PRIMARY_CLINICIAN
b7e6503a-64e3-4a96-bee0-a66326495b72,0b493dcd-55d3-4b54-b522-8dfccbf41872,DR. LAKHAN LAL,REG_E58K7F0Z,MBBS MS MCh,8146577581,,24.7,GYNAECOLOGIST
47731c52-ce6f-4da3-945e-94a4c8f8fdae,0b493dcd-55d3-4b54-b522-8dfccbf41872,DR. JAGDISH PRASAD BIND,REG_TFK1G8O4,MBBS MS MCh,9555781496,,1.1,PAEDIATRICIAN
b277940a-dc44-4290-ae3c-999588560e0f,5a00f0f2-b63b-413a-80b4-85459ec37495,DR. RAJESH KUMAR,REG_ZJJ9V2YH,MBBS MD,9732570659,,8.1,PRIMARY_CLINICIAN
cf839287-cdee-473e-a171-f09adb6c7492,5a00f0f2-b63b-413a-80b4-85459ec37495,DR. SEEMA DEVI,REG_66VAU71F,MBBS MD DM,9850554566,,33.0,PAEDIATRICIAN
48edbd36-4dee-4307-941e-7b17816467b2,5a00f0f2-b63b-413a-80b4-85459ec37495,DR. GEETA DEVI,REG_HB714FAF,MBBS DNB,9726419908,,11.8,SURGEON
1aa2b903-4c68-4de7-94fc-c6772f3ba0a5,5a00f0f2-b63b-413a-80b4-85459ec37495,DR. PAPPU YADAV,REG_UOE2YMNB,MBBS,9558493139,,15.5,SURGEON
9aaf5b1f-2f10-40e6-8f92-4f7937165866,b3e3bc01-458c-4c2c-84c6-f008c0086c48,DR. HARI OM,REG_FQT063EC,MBBS MD DM,8031274107,,10.3,RADIOLOGIST
5747c634-3f8f-472d-a172-ae717d545aed,b3e3bc01-458c-4c2c-84c6-f008c0086c48,DR. URMILA DEVI,REG_UP7ZMQDR,MBBS MD DM,9651645630,,28.1,ANAESTHETIST
e0abe9d4-587a-421f-8f03-db22fad0b92e,b3e3bc01-458c-4c2c-84c6-f008c0086c48,DR. ARVIND KUMAR,REG_EE69GHUZ,MBBS MS MCh,9597892135,,21.8,GYNAECOLOGIST
07d8aabd-6177-45e6-8ce4-0168836294eb,b3e3bc01-458c-4c2c-84c6-f008c0086c48,DR. MANOJ KUMAR,REG_Q1MMSZFP,MBBS MD DM,7978735672,,13.0,GYNAECOLOGIST
b23b1932-fa17-4bbf-bf81-80eb51537151,b3e3bc01-458c-4c2c-84c6-f008c0086c48,DR. BRIJESH KUMAR,REG_O0PEUHWG,MBBS MD DM,8183373078,,1.4,PRIMARY_CLINICIAN
54a9be41-4587-4413-8324-055fb9104390,b3e3bc01-458c-4c2c-84c6-f008c0086c48,DR. RAVINDRA NATH,REG_COU9RQ3W,MBBS MS MCh,7918654866,,27.5,PRIMARY_CLINICIAN
bf7a45fd-6d74-4606-ba78-bdea1dad4a86,17ce9a4b-a046-4323-ac24-e42df9a0588d,DR. SARASWATI DEVI,REG_C60Y00ZL,MBBS,8176161719,,24.6,PAEDIATRICIAN
79b96946-e146-4abe-95a7-76ce31ab7cb9,17ce9a4b-a046-4323-ac24-e42df9a0588d,DR. SEEMA DEVI,REG_PNN3ZG42,MBBS DNB,8108872694,,28.3,PAEDIATRICIAN
c5cfbc14-bfd6-466e-a78f-8d63bab11523,17ce9a4b-a046-4323-ac24-e42df9a0588d,DR. VIJAY KUMAR KURMI,REG_TP1JXME2,MBBS MD DM,7032114611,,15.1,PRIMARY_CLINICIAN
eb6c2d60-9cda-4ebe-8b89-81949c252e48,17ce9a4b-a046-4323-ac24-e42df9a0588d,DR. GULABO DEVI,REG_RZ0I3NG1,MBBS MS,7878939104,,32.5,GYNAECOLOGIST
185aa1bb-ebb8-44f7-bdb5-133ddf9f84ec,17ce9a4b-a046-4323-ac24-e42df9a0588d,DR. DEVENDRA KUMAR,REG_QHYEGGA1,MBBS MS,7510064786,,30.6,ANAESTHETIST
9b7e108f-ec52-421c-b736-6f2996e0fbdb,17ce9a4b-a046-4323-ac24-e42df9a0588d,DR. RAJU YADAV,REG_ODFAPGOG,MBBS,7725609961,,9.0,SURGEON
35a8e83b-a3b0-4e08-9f4e-b550514d3771,7cb7d8d0-5a14-4534-ac0d-b0cdb0b4cee8,DR. KIRAN DEVI,REG_03D1Y8AJ,MBBS MS MCh,9856467572,,28.1,ANAESTHETIST
c500b7c2-bb25-4e6c-af44-f8399b023328,7cb7d8d0-5a14-4534-ac0d-b0cdb0b4cee8,DR. SUNITA DEVI,REG_R5YJ0YDN,MBBS MD,8133164687,,10.1,GYNAECOLOGIST
2258eebf-b057-4ef5-8653-a5f9e599b8a6,7cb7d8d0-5a14-4534-ac0d-b0cdb0b4cee8,DR. NARESH KUMAR,REG_VHL0RX3W,MBBS MS MCh,7790673479,,28.1,GYNAECOLOGIST
b376b741-8fdc-4f40-8592-e9528e6bd2c7,7cb7d8d0-5a14-4534-ac0d-b0cdb0b4cee8,DR. RAVI SHANKAR,REG_A8MF3QZP,MBBS MS,9617051178,,20.0,GYNAECOLOGIST
37537a27-dfb6-438b-bbc3-db4919faf4fb,7cb7d8d0-5a14-4534-ac0d-b0cdb0b4cee8,DR. HEMANT KUMAR,REG_PFVAEQ4J,MBBS DNB,9410096644,,5.0,ANAESTHETIST
01bb2cbf-0820-4e55-ac38-76e38dd22475,7cb7d8d0-5a14-4534-ac0d-b0cdb0b4cee8,DR. URMILA DEVI,REG_K3IGN5VX,MBBS MD,7989316531,,30.7,GYNAECOLOGIST
aeaae3d9-691b-466d-b745-a5bbd4ce46d8,7cb7d8d0-5a14-4534-ac0d-b0cdb0b4cee8,DR. RAJEEV KUMAR,REG_U7O9NX3T,MBBS MS MCh,9736943875,,19.1,PRIMARY_CLINICIAN
7b637370-9215-4938-9c2e-f85755eb5454,7cb7d8d0-5a14-4534-ac0d-b0cdb0b4cee8,DR. GULABO DEVI,REG_PJXGHUR8,MBBS MD DM,9581186206,,8.1,ANAESTHETIST
c66f22d2-b515-4808-b369-448248f45b96,b79eae79-6919-4ab6-9461-71469bffe8f0,DR. URMILA DEVI,REG_KDM0JHJP,MBBS MD,8005064346,,5.2,SURGEON
dc003a9b-e912-436d-a351-5f660a61633a,b79eae79-6919-4ab6-9461-71469bffe8f0,DR. VIVEK KUMAR,REG_O32TDZ84,MBBS MS MCh,8051929931,,13.0,ANAESTHETIST
644cb621-bf7b-4a4c-920b-a499d4bb595b,b79eae79-6919-4ab6-9461-71469bffe8f0,DR. SANTOSHI DEVI,REG_8O47HNXP,MBBS DNB,7990570858,,31.4,GYNAECOLOGIST
e27fc034-6b2d-4db6-994e-e36be41fd8b6,3119e15b-f4c5-4a03-ab6e-7d7d3f74d54d,DR. MUKESH KUMAR,REG_YWWHR7LG,MBBS DNB,9777116356,,12.1,ANAESTHETIST
f9c49188-e1cf-4a91-9227-3199291736e0,3119e15b-f4c5-4a03-ab6e-7d7d3f74d54d,DR. SAROJ DEVI,REG_ME7K5U90,MBBS DNB,9771816863,,31.7,PRIMARY_CLINICIAN
af501fd2-2dc9-40f1-94d7-6f59f856ad94,3119e15b-f4c5-4a03-ab6e-7d7d3f74d54d,DR. MEENA DEVI,REG_2RUX056T,MBBS MD,8024760721,,17.8,RADIOLOGIST
356b5fc6-cb93-47c5-a5d9-3fe9cadf8db8,3119e15b-f4c5-4a03-ab6e-7d7d3f74d54d,DR. RAJEEV KUMAR,REG_3Y71Q7D1,MBBS MS,9482538248,,19.0,PAEDIATRICIAN
0821ff18-8b32-46ef-83f0-7ac5dc7b36a2,3119e15b-f4c5-4a03-ab6e-7d7d3f74d54d,DR. GUDDU KUMAR,REG_H73K7Z9I,MBBS MD DM,9877854251,,5.2,RADIOLOGIST
e9fd3226-f4f0-4cf3-ac8d-1f9581ce0b2b,3119e15b-f4c5-4a03-ab6e-7d7d3f74d54d,DR. DRAUPADI DEVI,REG_4D42KVM8,MBBS MD,9788904608,,17.8,SURGEON
c7fb3f34-4082-4f9f-8e8d-ffcb8e9505ba,3119e15b-f4c5-4a03-ab6e-7d7d3f74d54d,DR. VIRENDRA SINGH NISHAD,REG_5IEVBCOO,MBBS MS MCh,7743415661,,15.0,ANAESTHETIST
b0b6e5f6-875c-4a48-8cbe-082f1662e637,7f9c4249-b2f5-4ace-a88b-cdfa28a441b4,DR. RAVI SHANKAR,REG_VCRDPIX2,MBBS DA,8027733370,,17.9,PAEDIATRICIAN
183f8422-bcc5-44b0-96a7-365d51dc8416,7f9c4249-b2f5-4ace-a88b-cdfa28a441b4,DR. ARVIND KUMAR,REG_MUK815G1,MBBS MS,7037663040,,8.1,GYNAECOLOGIST
051b1011-c606-4beb-a6bf-fa55e0b9ba70,7f9c4249-b2f5-4ace-a88b-cdfa28a441b4,DR. SANJAY KUMAR GUPTA,REG_ISBB4IHR,MBBS DNB,8101421002,,15.4,PAEDIATRICIAN
f74b3601-8c69-4b8d-a416-c34d22d2f13c,7f9c4249-b2f5-4ace-a88b-cdfa28a441b4,DR. PAPPU YADAV,REG_F7B6S8EA,MBBS DNB,9814120371,,13.7,PRIMARY_CLINICIAN
bc3d115d-6a10-4b93-a428-90ed495ef835,7f9c4249-b2f5-4ace-a88b-cdfa28a441b4,DR. ANITA DEVI,REG_HXWA5GJU,MBBS,9549147579,,25.2,PAEDIATRICIAN
c1c10a0c-3843-4d62-b581-81b47dc5e73e,7f9c4249-b2f5-4ace-a88b-cdfa28a441b4,DR. GUDDU KUMAR,REG_PEY9KWT2,MBBS MS,7540156264,,11.6,RADIOLOGIST
24d977cf-6d88-40b8-98f2-cba3f74f8263,7f9c4249-b2f5-4ace-a88b-cdfa28a441b4,DR. SANJAY KUMAR,REG_P0VQ67AD,MBBS,8082608419,,27.0,SURGEON
0dc67cef-6602-4066-96e5-5cd66ff37e19,a320e738-29ac-4256-aadd-e2552664bcc8,DR. DINESH KUMAR,REG_LHQ028KO,MBBS DNB,8127559044,,18.1,RADIOLOGIST
fc79612d-6315-446e-a460-1af7a545a1b7,a320e738-29ac-4256-aadd-e2552664bcc8,DR. HEMANT KUMAR,REG_GGWEBE0C,MBBS DNB,9685903040,,27.5,PRIMARY_CLINICIAN
4a1d454b-c15a-4bf9-9958-538466655155,a320e738-29ac-4256-aadd-e2552664bcc8,DR. SUSHIL KUMAR,REG_GPBFY2GB,MBBS,9631172169,,5.8,RADIOLOGIST
286f54df-b20e-477a-8f58-c30f74c4ba01,a320e738-29ac-4256-aadd-e2552664bcc8,DR. LAKHAN LAL,REG_WCPEGRKD,MBBS DNB,8075372131,,21.4,PRIMARY_CLINICIAN
a0bc1dad-96d2-49bf-b235-82c0a7fd8e4f,a320e738-29ac-4256-aadd-e2552664bcc8,DR. USHA DEVI,REG_5W8JP4Y8,MBBS MD DM,9765888704,,17.0,GYNAECOLOGIST
5df0e2d6-32e8-417e-b57a-4c08f039c5eb,a320e738-29ac-4256-aadd-e2552664bcc8,DR. DRAUPADI DEVI,REG_52SJ32QX,MBBS MS,7567606873,,7.7,RADIOLOGIST
383f4320-c197-4c01-b4a7-aee7854e01d8,a320e738-29ac-4256-aadd-e2552664bcc8,DR. SUNITA DEVI,REG_VZY8ABLI,MBBS DNB,7600631840,,7.2,PAEDIATRICIAN
9626764d-cefe-43e9-be9d-0611d8c4e716,a320e738-29ac-4256-aadd-e2552664bcc8,DR. VIRENDRA SINGH,REG_30XC0ESV,MBBS,7700967115,,6.8,RADIOLOGIST
fcec40ea-400d-42dc-aa5d-dbf496e0397e,53ead09c-f759-4df0-afba-406cc5f961b3,DR. RAJESH KUMAR,REG_36A8TNWK,MBBS DNB,7766722800,,22.6,RADIOLOGIST
e35e9e95-c863-4a7f-9bbb-0ac8d1ba6cac,53ead09c-f759-4df0-afba-406cc5f961b3,DR. SAROJ DEVI,REG_H4H4BCT6,MBBS DNB,8041666573,,11.0,PRIMARY_CLINICIAN
a8303edc-e112-4135-999e-3031752e1aa2,53ead09c-f759-4df0-afba-406cc5f961b3,DR. RADHA DEVI,REG_50Q8JF6G,MBBS,8179022125,,23.6,RADIOLOGIST
3e5ecd79-5371-46d1-ba04-4a146242d9c1,b1aeb9da-52c6-4616-991a-527d6a3eed4d,DR. MUKESH KUMAR,REG_5ZMZCIGT,MBBS DNB,9507704148,,10.6,ANAESTHETIST
51bd0d97-70c2-4ce4-8cad-b60d20d689a9,b1aeb9da-52c6-4616-991a-527d6a3eed4d,DR. GULABO DEVI,REG_TXOG9KF6,MBBS DNB,8190774513,,17.4,ANAESTHETIST
4d5377f2-d8ee-4678-8e7f-ab999d73998d,b1aeb9da-52c6-4616-991a-527d6a3eed4d,DR. JAGDISH PRASAD RAJBHAR,REG_5NYTR6RI,MBBS MD,9557000569,,23.5,GYNAECOLOGIST
17c24096-6def-41e7-a61e-ff1106d3e5b2,b1aeb9da-52c6-4616-991a-527d6a3eed4d,DR. SAVITRI DEVI,REG_APFEMQIT,MBBS DA,9616620030,,23.4,PAEDIATRICIAN
566001bc-cc5e-426b-99b3-c9a7d63cad19,a54d6572-ec7c-4135-8180-cc668623d7fe,DR. PREM SHANKAR,REG_1PEGKNSU,MBBS MS,7937313067,,30.9,PRIMARY_CLINICIAN
76062e7f-056b-48a2-9088-05add28c49fa,a54d6572-ec7c-4135-8180-cc668623d7fe,DR. LEELA DEVI,REG_WRACZDAC,MBBS MS,7754675100,,16.5,PAEDIATRICIAN
3819ac78-1bd2-4671-a092-207614dcced0,a54d6572-ec7c-4135-8180-cc668623d7fe,DR. KIRAN DEVI,REG_BSVO5UB0,MBBS MS MCh,9713104112,,33.4,PRIMARY_CLINICIAN
fd13bb74-7f20-4ac6-914f-18031a88fc73,a54d6572-ec7c-4135-8180-cc668623d7fe,DR. KIRAN DEVI,REG_Z8PZIWMC,MBBS DA,9636441714,,17.2,ANAESTHETIST
7ee06bba-ad22-4a02-bdeb-65d422d22ab3,65729bca-d04c-4300-b365-1b42386327e8,DR. KUSUM DEVI,REG_0PPDZTOT,MBBS MS MCh,9438850360,,31.7,GYNAECOLOGIST
038b0470-ac28-43ee-9969-3927879da59b,65729bca-d04c-4300-b365-1b42386327e8,DR. SUSHILA DEVI,REG_WJ222GG3,MBBS MS MCh,9447718756,,32.8,PAEDIATRICIAN
21605fb2-ebb2-40ee-aac4-1c745c208afb,65729bca-d04c-4300-b365-1b42386327e8,DR. AMIT KUMAR,REG_QAPS1UXE,MBBS DA,7525582888,,11.3,PAEDIATRICIAN
e4ce83cb-12b6-4237-95f1-30b3cd60f3dc,bfa9e74b-32d6-48ce-be16-b19fc2bb025f,DR. PAPPU YADAV,REG_0LWM0J9N,MBBS MS,8199744335,,19.7,PRIMARY_CLINICIAN
ea08d768-13da-4d00-b9e5-40127d302b56,bfa9e74b-32d6-48ce-be16-b19fc2bb025f,DR. SAROJ DEVI,REG_GAFPZ83B,MBBS MD,9459280296,,18.4,ANAESTHETIST
7053998b-3522-45d9-87ce-cc65713a7afe,f9d49c0d-30a1-4fef-84ca-73db08a0d844,DR. SANJAY KUMAR PATEL,REG_N0TGL4EL,MBBS MS,9786583160,,29.7,PAEDIATRICIAN
d76c41a3-ad63-472b-b6a0-7e8017c9c836,f9d49c0d-30a1-4fef-84ca-73db08a0d844,DR. RAJU YADAV,REG_K71N5HC0,MBBS DA,9535146120,,34.0,PAEDIATRICIAN
fb6812c5-3182-49d2-bdcb-0cd21597f14c,f9d49c0d-30a1-4fef-84ca-73db08a0d844,DR. SUNITA DEVI,REG_HZNGY033,MBBS MS MCh,7712401962,,6.7,GYNAECOLOGIST
9a18bcfe-2125-4467-ba6c-59d570707d61,f9d49c0d-30a1-4fef-84ca-73db08a0d844,DR. PREM SHANKAR MAURYA,REG_TWRA33ZK,MBBS MS,8029495237,,4.1,GYNAECOLOGIST
d463a27c-df1c-4dbe-9648-33a3b26af371,f9d49c0d-30a1-4fef-84ca-73db08a0d844,DR. ASHOK KUMAR,REG_412YNRHK,MBBS MD DM,7985259529,,20.3,PRIMARY_CLINICIAN
dd35c0ff-92c4-4aac-814c-fd18d9193a32,f9d49c0d-30a1-4fef-84ca-73db08a0d844,DR. JAGDISH PRASAD PATEL,REG_8RXVIN0X,MBBS MS MCh,9714207070,,19.4,PAEDIATRICIAN
b593780f-2e9f-4d01-8507-d340b1958702,823975a1-876c-402d-9dd1-be395baf2ce5,DR. PUSHPA DEVI,REG_XNT0JNOM,MBBS MD,7004407837,,10.3,PAEDIATRICIAN
38217811-9914-4647-9a03-a63bc4494200,823975a1-876c-402d-9dd1-be395baf2ce5,DR. KIRAN DEVI,REG_WOQIQMO0,MBBS DA,7877098948,,24.6,ANAESTHETIST
5e06bfab-ee9d-4787-bd40-7f5d4d9bcddd,823975a1-876c-402d-9dd1-be395baf2ce5,DR. RADHA DEVI,REG_J0INICIZ,MBBS MS MCh,7589045673,,18.9,GYNAECOLOGIST
3b7642ed-407b-4ab6-bc27-6c0847e1a09c,823975a1-876c-402d-9dd1-be395baf2ce5,DR. RAVI SHANKAR YADAV,REG_Y9R54YH3,MBBS DA,9701278078,,20.3,SURGEON
0cbf2e17-8068-4767-af1e-a29514632c94,823975a1-876c-402d-9dd1-be395baf2ce5,DR. KUSUM DEVI,REG_FS34JBKE,MBBS MD DM,9885135993,,22.6,SURGEON
65888f16-ba75-454a-bce6-772ab9f6079b,823975a1-876c-402d-9dd1-be395baf2ce5,DR. RAM PRASAD,REG_9P0ZVER1,MBBS MS,9779615904,,7.4,ANAESTHETIST
a77e5574-80a6-46b3-aa00-7fc8ae04ebbd,823975a1-876c-402d-9dd1-be395baf2ce5,DR. URMILA DEVI,REG_EFB6Y9YM,MBBS DNB,7683107657,,2.1,SURGEON
9f9db2fe-fb51-4a61-873d-303c9d80ba8b,09446572-47bb-448a-be74-82f4a2a50d20,DR. GUDDU KUMAR,REG_AWUP333J,MBBS MS MCh,9540605890,,30.3,RADIOLOGIST
40466d84-6707-448a-a3f4-23a2d27087ba,09446572-47bb-448a-be74-82f4a2a50d20,DR. PHOOL KUMARI,REG_WJ76PORD,MBBS MS,8173901220,,13.6,SURGEON
ab28408e-600a-4768-b8ae-919247f9ac6a,09446572-47bb-448a-be74-82f4a2a50d20,DR. SAROJ DEVI,REG_TU8BZK00,MBBS MD,7076194047,,2.0,RADIOLOGIST
d7edb003-a0f2-4692-84e5-0a61d517ca26,09446572-47bb-448a-be74-82f4a2a50d20,DR. VIVEK KUMAR,REG_1EW0BGBC,MBBS MS,7906026917,,25.3,PAEDIATRICIAN
f57b9c5a-8fb4-4fa2-a893-a426488b5f31,09446572-47bb-448a-be74-82f4a2a50d20,DR. NARESH KUMAR,REG_HWZVB4L1,MBBS MD,7578165187,,29.1,PAEDIATRICIAN
fc0b40e1-33bd-4ecf-9b2b-492021d2b62c,09446572-47bb-448a-be74-82f4a2a50d20,DR. SUMITRA DEVI,REG_OLMRX18J,MBBS MD DM,8179099118,,8.7,PRIMARY_CLINICIAN
807eadef-a21a-4ea1-87f4-952343e6f534,4e1babf2-a4ee-4a12-8701-f213236daae5,DR. SHEELA DEVI,REG_4GY6R0ZR,MBBS MD,8186123544,,29.4,ANAESTHETIST
ad165db5-91db-4454-9678-d3172b7df0e7,4e1babf2-a4ee-4a12-8701-f213236daae5,DR. MANJU DEVI,REG_GP73H870,MBBS MD DM,9861250119,,33.4,RADIOLOGIST
59c40410-2d12-4281-bc85-0d993269551c,4e1babf2-a4ee-4a12-8701-f213236daae5,DR. MUNNI DEVI,REG_C296JV0P,MBBS MD,9739993032,,24.4,PRIMARY_CLINICIAN
c5fff32e-d65a-47dc-aea5-e0dd0ec9bd4e,4e1babf2-a4ee-4a12-8701-f213236daae5,DR. ANITA DEVI,REG_BLN58HMY,MBBS DNB,7614104864,,33.1,PAEDIATRICIAN
9546340f-5110-4f51-8e5a-fba198a845e7,451e702a-3890-467e-a7b6-f99915540ea2,DR. RAM PRASAD TIWARI,REG_7DFW7YOY,MBBS MS,8005055976,,5.7,GYNAECOLOGIST
3119d555-236a-4f3e-9f34-0990db022c3a,451e702a-3890-467e-a7b6-f99915540ea2,DR. SHEELA DEVI,REG_ZVLDE3KH,MBBS MS MCh,9850788305,,8.8,RADIOLOGIST
e502bc31-d954-4e4a-8132-c99ce4f14ae3,451e702a-3890-467e-a7b6-f99915540ea2,DR. SUMITRA DEVI,REG_77APFFU7,MBBS MS MCh,9654789329,,6.7,SURGEON
b64f8a70-4eea-479e-98d9-b465cc6d516d,451e702a-3890-467e-a7b6-f99915540ea2,DR. ARVIND KUMAR TIWARI,REG_WDPZJRVI,MBBS MS,7832078439,,27.4,GYNAECOLOGIST
f166edf7-e3aa-449d-ae17-997d6bd19c08,451e702a-3890-467e-a7b6-f99915540ea2,DR. NARESH KUMAR DUBEY,REG_400U4R45,MBBS MD DM,9897414008,,1.1,GYNAECOLOGIST
24a6ce6d-5756-4b42-9a2f-90c66f4a9b19,451e702a-3890-467e-a7b6-f99915540ea2,DR. ASHOK KUMAR,REG_JGTG98ZS,MBBS MD DM,9835172893,,24.7,ANAESTHETIST
4c8da0ac-41c9-4da5-8b1e-57523e30823c,451e702a-3890-467e-a7b6-f99915540ea2,DR. ANIL KUMAR SHUKLA,REG_UUL3R8ZS,MBBS MD DM,9402515947,,8.4,SURGEON
5382a82a-2625-4f2c-818b-42a6730fc830,451e702a-3890-467e-a7b6-f99915540ea2,DR. ARVIND KUMAR SINGH,REG_5AG9CMPV,MBBS MS MCh,9410413548,,2.9,ANAESTHETIST
471f704d-1456-4a1e-9157-7757f8fc9139,ada15fd7-ebe9-4bd5-950b-8a6f5b0e031e,DR. SANTOSH KUMAR,REG_MJWWULQK,MBBS MD,7541173031,,30.4,GYNAECOLOGIST
33f0b13a-6e76-4135-bbd1-7fc91c1ef89f,ada15fd7-ebe9-4bd5-950b-8a6f5b0e031e,DR. RAKESH KUMAR,REG_4ZI8SCER,MBBS DA,7652089730,,1.6,GYNAECOLOGIST
ace56960-b2b3-4438-889a-478455dcf846,ada15fd7-ebe9-4bd5-950b-8a6f5b0e031e,DR. RAVI SHANKAR,REG_IVUGW5LS,MBBS MS MCh,9494400633,,1.1,PAEDIATRICIAN
5a057994-0fff-4c8b-838a-56db3e6065c7,ada15fd7-ebe9-4bd5-950b-8a6f5b0e031e,DR. RAVI SHANKAR LODHI,REG_O5AD5GSH,MBBS MS MCh,7576593094,,2.6,ANAESTHETIST
a767b0c2-bdd9-47f7-8e34-ca39bddb2dad,ada15fd7-ebe9-4bd5-950b-8a6f5b0e031e,DR. ROHIT KUMAR PASI,REG_OY618GXA,MBBS MS,7752428459,,26.7,PAEDIATRICIAN
bc83e358-fa51-4a73-bcf3-1b9dbe4e410e,ada15fd7-ebe9-4bd5-950b-8a6f5b0e031e,DR. MUNNI DEVI,REG_XPSX8UOM,MBBS MS MCh,8190434022,,30.5,ANAESTHETIST
41691af2-29d6-4426-96b4-794f085ac54a,64332df1-0fd4-4153-950a-593efe09e1e1,DR. KAMLA DEVI,REG_6S5HMGGD,MBBS MS MCh,9609825552,,25.6,PAEDIATRICIAN
8f505784-e179-4861-98b8-e5dd82cf3409,64332df1-0fd4-4153-950a-593efe09e1e1,DR. HEMANT KUMAR TIWARI,REG_ITW5B5G5,MBBS,9795425999,,28.9,SURGEON
ad29b710-2fbe-47b8-a0eb-92674b4dccce,64332df1-0fd4-4153-950a-593efe09e1e1,DR. SUSHILA DEVI,REG_26VUI2S6,MBBS DNB,7573873198,,27.7,PAEDIATRICIAN
c3c57c5e-36e1-4627-bca8-dd99fa89f0b8,64332df1-0fd4-4153-950a-593efe09e1e1,DR. SUSHIL KUMAR,REG_HZ9J7NAX,MBBS,7584855240,,8.1,ANAESTHETIST
a3ab6c7d-07ab-49ec-897d-63fb48da470a,64332df1-0fd4-4153-950a-593efe09e1e1,DR. LEELA DEVI,REG_PVHKBQ9S,MBBS MD DM,9612052702,,6.8,ANAESTHETIST
6d90929d-a95d-453c-bd80-2a994d02dab1,fba472da-6c1e-4f56-bdf6-d3c15e72872f,DR. ANITA DEVI,REG_EW43TGBP,MBBS DA,9625111459,,12.5,PRIMARY_CLINICIAN
db821a46-5d61-4c7c-85ee-d0cde1677c8a,fba472da-6c1e-4f56-bdf6-d3c15e72872f,DR. RAJEEV KUMAR,REG_ADG227F6,MBBS MS,8102584491,,16.3,PRIMARY_CLINICIAN
bc35f70b-81c3-4335-a9a6-2fd905c54349,fba472da-6c1e-4f56-bdf6-d3c15e72872f,DR. LAKHAN LAL,REG_DVRWNCNW,MBBS DNB,7897145245,,4.7,RADIOLOGIST
101a1382-2f59-4cec-ac23-d02ed51b2bc1,fba472da-6c1e-4f56-bdf6-d3c15e72872f,DR. RAVI SHANKAR,REG_HDKN9CK7,MBBS MS MCh,9584309218,,9.4,GYNAECOLOGIST
0ed882ea-5781-4d51-aaf8-17cd62a0d107,fba472da-6c1e-4f56-bdf6-d3c15e72872f,DR. REENA DEVI,REG_DIJC190I,MBBS DA,7861559715,,14.2,SURGEON
4e1f6e04-82ea-439d-8d47-f9209f18a566,fba472da-6c1e-4f56-bdf6-d3c15e72872f,DR. SAROJ DEVI,REG_SX3IHJ2R,MBBS,7519797132,,12.0,PAEDIATRICIAN
a88a6bf6-2c09-4c79-a24c-2eca363bb08c,fba472da-6c1e-4f56-bdf6-d3c15e72872f,DR. SAROJ DEVI,REG_ZCPCX77S,MBBS MD DM,9553661249,,24.8,PAEDIATRICIAN
b5cf34d7-e73d-4c10-a441-b465cedec470,fba472da-6c1e-4f56-bdf6-d3c15e72872f,DR. SAVITRI DEVI,REG_0531B2MZ,MBBS DNB,7077039895,,4.7,RADIOLOGIST
9d60fc7b-a389-45c6-bf42-0a44867c24c5,3cd12cbf-cc19-45ec-ac8d-b2a68901a173,DR. DRAUPADI DEVI,REG_MEB3DZPY,MBBS MS MCh,7896281589,,7.7,RADIOLOGIST
9b9a2b52-96ac-4df7-860f-5e80c04ca713,3cd12cbf-cc19-45ec-ac8d-b2a68901a173,DR. MEENA DEVI,REG_P398H7QH,MBBS MS MCh,9683829272,,10.3,PAEDIATRICIAN
6165eabe-7fb0-45b6-b35d-301976208877,3cd12cbf-cc19-45ec-ac8d-b2a68901a173,DR. ASHOK KUMAR,REG_K2M9ID62,MBBS DNB,9623182909,,4.6,SURGEON
9a8eb18d-05d1-418c-89e9-53489f9f1af2,3cd12cbf-cc19-45ec-ac8d-b2a68901a173,DR. KUSUM DEVI,REG_1ZW21YYX,MBBS MD,9872862377,,28.3,SURGEON
c46d21af-7bda-49e4-9024-2e02998405f9,3cd12cbf-cc19-45ec-ac8d-b2a68901a173,DR. VIJAY KUMAR,REG_26KOD1W6,MBBS MS MCh,9772799844,,19.7,GYNAECOLOGIST
dd9a7e41-6c20-4e36-99cc-8523b352106f,9bbf9c2d-2037-4d42-9a7c-b6f4eb1e5c64,DR. ANIL KUMAR,REG_1IT15ISV,MBBS DNB,7828945633,,33.3,PRIMARY_CLINICIAN
3687789a-a3e1-42ae-ac48-ebcb70f9938a,9bbf9c2d-2037-4d42-9a7c-b6f4eb1e5c64,DR. USHA DEVI,REG_XVF7XWAE,MBBS MD DM,9738204980,,3.3,SURGEON
977ee924-07a8-438b-ab6e-6c4f78e3b03a,9bbf9c2d-2037-4d42-9a7c-b6f4eb1e5c64,DR. GUDDU KUMAR,REG_WYRDQ6TL,MBBS MS MCh,7823239793,,8.3,ANAESTHETIST
29c8f0e4-e3f7-46fc-893f-8f07e9db21eb,9bbf9c2d-2037-4d42-9a7c-b6f4eb1e5c64,DR. DEVENDRA KUMAR,REG_P5BVHD3F,MBBS DA,8119743284,,8.5,GYNAECOLOGIST
6d592319-3a1c-4b9c-ba11-b239d515b657,9bbf9c2d-2037-4d42-9a7c-b6f4eb1e5c64,DR. CHAMELI DEVI,REG_IIFDCZ27,MBBS,7873901578,,8.1,PAEDIATRICIAN
1ca41641-555f-4f84-9888-3134ee868636,aa5bacad-5830-42fe-80e5-d3dd9c2ed424,DR. GUDDU KUMAR,REG_BFHEI92H,MBBS MD,9845344470,,25.4,PRIMARY_CLINICIAN
9e5af126-2c6b-43ac-980d-f4f9d7a70238,aa5bacad-5830-42fe-80e5-d3dd9c2ed424,DR. NIRMALA DEVI,REG_J09DCX2J,MBBS MD,7728424607,,13.8,PRIMARY_CLINICIAN
f3a9bce8-3554-4f54-bb05-8e0dfe1c2780,aa5bacad-5830-42fe-80e5-d3dd9c2ed424,DR. DINESH KUMAR,REG_Y8UL2N7W,MBBS DNB,7083596052,,33.4,SURGEON
7f61a7c8-a732-4dc9-81ad-45cbf0d96554,aa5bacad-5830-42fe-80e5-d3dd9c2ed424,DR. VIRENDRA SINGH,REG_AH4OOFEW,MBBS MD,9721877224,,14.1,PAEDIATRICIAN
ef4fffb7-941a-446c-ba6e-ea688c391cfb,aa5bacad-5830-42fe-80e5-d3dd9c2ed424,DR. UMESH KUMAR,REG_0O9ALDPL,MBBS,7650615549,,16.1,PAEDIATRICIAN
e87badb6-aaa0-406c-a3d1-61d1b7afd975,aa5bacad-5830-42fe-80e5-d3dd9c2ed424,DR. PHOOL KUMARI,REG_WTJEIMD7,MBBS DNB,7747301775,,12.1,GYNAECOLOGIST
363d5d82-45d7-427f-957d-25ca1a29e15f,a35db00a-d1b5-4e90-9b52-5af75ce38efe,DR. SUSHILA DEVI,REG_ZHPYYAII,MBBS MS,7565287398,,4.3,SURGEON
59f7e735-a888-4425-ae62-237bf4332097,a35db00a-d1b5-4e90-9b52-5af75ce38efe,DR. ANIL KUMAR SINGH,REG_JWO401ZX,MBBS DA,7597587215,,30.9,RADIOLOGIST
152d56da-79b3-4855-a0f5-0337b4320b82,a35db00a-d1b5-4e90-9b52-5af75ce38efe,DR. PRADEEP KUMAR SHUKLA,REG_A6CEUVEP,MBBS MS,7804559349,,29.5,ANAESTHETIST
e8302343-d93b-4843-b735-141f72738d05,a35db00a-d1b5-4e90-9b52-5af75ce38efe,DR. SEEMA DEVI,REG_IP0ZJQ4I,MBBS,7544783410,,1.2,ANAESTHETIST
db7f5c09-99da-4860-bbe9-9947ea3beef8,a35db00a-d1b5-4e90-9b52-5af75ce38efe,DR. RAJU YADAV,REG_BI7XDP00,MBBS MD DM,9571367897,,8.0,PAEDIATRICIAN
d7a36d5d-0cd1-485b-b08e-065ceff8edbd,a35db00a-d1b5-4e90-9b52-5af75ce38efe,DR. NARESH KUMAR,REG_UCO772S1,MBBS MD DM,9529619604,,19.1,PRIMARY_CLINICIAN
849c6301-bea4-4a49-a41a-6d2af985c669,a35db00a-d1b5-4e90-9b52-5af75ce38efe,DR. LAXMI DEVI,REG_KS4FPDW6,MBBS MS MCh,9562181574,,26.1,PAEDIATRICIAN
3f6824e2-8524-4d17-a852-66c2e426603b,3195b4fa-9765-4e14-a6cb-ee9578600c2b,DR. SEEMA DEVI,REG_24ODZN18,MBBS,9580978622,,16.5,RADIOLOGIST
b2caa10d-10ec-4382-a43e-f71de6d3defd,3195b4fa-9765-4e14-a6cb-ee9578600c2b,DR. KALAWATI DEVI,REG_I1JM7R0L,MBBS,9730837659,,25.0,PAEDIATRICIAN
86827ba6-39df-4db3-98ff-13e2c381ba1e,3195b4fa-9765-4e14-a6cb-ee9578600c2b,DR. SAROJ DEVI,REG_95MAUIC8,MBBS DNB,9627172264,,9.5,ANAESTHETIST
5c31b3aa-1dc9-452a-b032-e6da99e61cf4,3195b4fa-9765-4e14-a6cb-ee9578600c2b,DR. MANJU DEVI,REG_ER47X5KB,MBBS MS,9820830548,,21.1,RADIOLOGIST
f66a3a59-d728-4729-9dda-4c933044ddd5,3195b4fa-9765-4e14-a6cb-ee9578600c2b,DR. RAVI SHANKAR,REG_YVGAGKE7,MBBS MS,8111863363,,22.5,GYNAECOLOGIST
7f49b17d-d467-45d0-ae9a-96cb1a63da06,3195b4fa-9765-4e14-a6cb-ee9578600c2b,DR. AMIT KUMAR SHARMA,REG_4MWI0AT6,MBBS MS,9590227704,,26.2,PRIMARY_CLINICIAN
1355eb56-4a08-44e3-83f4-1560704d1e85,3195b4fa-9765-4e14-a6cb-ee9578600c2b,DR. PRADEEP KUMAR,REG_NQX9677A,MBBS MS MCh,7554473022,,20.9,RADIOLOGIST
fbe786b0-c443-4a0f-9f96-ce0b282b4fda,fbdc9d86-2ab9-4bc4-b67d-8d9445b85d85,DR. SUSHILA DEVI,REG_193KWM2U,MBBS MS MCh,9897123100,,19.0,PRIMARY_CLINICIAN
3468b7cf-d6c1-4eae-a9b1-6baf0007c6ce,fbdc9d86-2ab9-4bc4-b67d-8d9445b85d85,DR. DEVENDRA KUMAR,REG_LWVRM2DK,MBBS,7705944603,,4.6,PRIMARY_CLINICIAN
e068a99d-eae4-4a13-b8c4-f10e23c59d1a,fbdc9d86-2ab9-4bc4-b67d-8d9445b85d85,DR. DRAUPADI DEVI,REG_MVVHGJ1H,MBBS MD,9781036433,,13.2,PAEDIATRICIAN
d55fd9dd-5622-4a1d-8b36-f9e1a234106d,fbdc9d86-2ab9-4bc4-b67d-8d9445b85d85,DR. MANJU DEVI,REG_27UNALWH,MBBS MD,8016438242,,22.6,SURGEON
d9d8f975-9b7b-4b78-bde7-05a14962e636,fbdc9d86-2ab9-4bc4-b67d-8d9445b85d85,DR. BABLU KUMAR,REG_W7PFO8W7,MBBS MS MCh,7887046137,,13.0,GYNAECOLOGIST
52fc9cdc-e3ae-4807-bca5-65d134b14cdb,fbdc9d86-2ab9-4bc4-b67d-8d9445b85d85,DR. DRAUPADI DEVI,REG_XY412EIR,MBBS MD DM,8005115260,,19.5,RADIOLOGIST
c16217c2-4747-405d-b9ce-d1fdcc722e02,fbdc9d86-2ab9-4bc4-b67d-8d9445b85d85,DR. LEELA DEVI,REG_NIQE884R,MBBS MD,9753406587,,15.7,SURGEON
510a4380-68e2-40dd-a518-0d18cec793cb,fbdc9d86-2ab9-4bc4-b67d-8d9445b85d85,DR. REENA DEVI,REG_I2T1702I,MBBS MD DM,7897563405,,3.7,SURGEON
e46d016f-c029-4bcb-811d-b7b786f8b2e8,c921f284-89d0-414c-b884-0698cacb1ff4,DR. SARASWATI DEVI,REG_KU605WH6,MBBS MD DM,7715636236,,23.0,GYNAECOLOGIST
225edcc3-4552-496d-b92b-c3783106646a,c921f284-89d0-414c-b884-0698cacb1ff4,DR. RAKESH KUMAR KURMI,REG_QU40LFAH,MBBS MS,9425257747,,9.7,PRIMARY_CLINICIAN
902f457b-0b7d-4e06-a2c6-12d5facb77cd,c921f284-89d0-414c-b884-0698cacb1ff4,DR. PREM SHANKAR,REG_TUR98LNY,MBBS DA,7885647564,,6.8,ANAESTHETIST
9b822e44-b825-4a61-b535-651b020d7163,150964f5-2918-4ad6-a93d-e43125ccb674,DR. VIJAY KUMAR PASI,REG_G1D4SPVB,MBBS MS MCh,9590862159,,15.1,RADIOLOGIST
2d7c766e-b850-4d3a-946c-067055d31b75,150964f5-2918-4ad6-a93d-e43125ccb674,DR. SANTOSH KUMAR LODHI,REG_O98CWOFS,MBBS MD DM,9515057850,,8.6,RADIOLOGIST
67264a21-7260-4cd0-8563-f3d20f410add,150964f5-2918-4ad6-a93d-e43125ccb674,DR. SAROJ DEVI,REG_FJGLRVVL,MBBS MS,9449666119,,23.9,SURGEON
f9a5d68c-d798-4d33-a616-2af4cc7b14f7,150964f5-2918-4ad6-a93d-e43125ccb674,DR. BRIJESH KUMAR GAUTAM,REG_LBEANDOH,MBBS DNB,7535745839,,4.3,ANAESTHETIST
fc258a92-d36d-4a54-a877-fe853c78e072,150964f5-2918-4ad6-a93d-e43125ccb674,DR. SANTOSH KUMAR,REG_AIG053RP,MBBS MD,9711040341,,20.8,RADIOLOGIST
36bda614-8456-4638-8632-7c121959d945,150964f5-2918-4ad6-a93d-e43125ccb674,DR. SAVITRI DEVI,REG_HDWQ4IP1,MBBS DNB,9537597155,,28.7,PAEDIATRICIAN
560dcf3a-986e-427a-b7d8-1e55e5e63a4a,150964f5-2918-4ad6-a93d-e43125ccb674,DR. NIRMALA DEVI,REG_ZAQO2CPT,MBBS DNB,7911774512,,26.9,PRIMARY_CLINICIAN
eb2c2b51-a8be-4808-bbce-51832920f14f,150964f5-2918-4ad6-a93d-e43125ccb674,DR. VIJAY KUMAR,REG_EKSKJCX8,MBBS,7867805531,,24.1,ANAESTHETIST
dcbfec02-ca3f-422e-88e3-2dc4a5fb0729,944b0add-7df4-4a7b-b9fb-8552b629c7ea,DR. SANJAY KUMAR,REG_DCHJHGLR,MBBS DNB,7655347118,,15.5,PRIMARY_CLINICIAN
9a770247-059c-4972-ac13-3974c976b6be,944b0add-7df4-4a7b-b9fb-8552b629c7ea,DR. ROHIT KUMAR,REG_630ZHHU9,MBBS MS MCh,9433870256,,22.4,PAEDIATRICIAN
0178930a-9f24-41b7-a0f6-2525bb02cd4d,944b0add-7df4-4a7b-b9fb-8552b629c7ea,DR. PAPPU YADAV LODHI,REG_D0K0HXA0,MBBS MS MCh,9487304207,,31.2,PRIMARY_CLINICIAN
84af9012-60a8-4e05-91c2-2b0eda293438,944b0add-7df4-4a7b-b9fb-8552b629c7ea,DR. LAKHAN LAL JAISWAL,REG_VBJVSBWY,MBBS DA,9487799629,,31.5,PRIMARY_CLINICIAN
a3c52958-99ff-4803-9609-c14ba8382179,944b0add-7df4-4a7b-b9fb-8552b629c7ea,DR. LEELA DEVI,REG_KI7BZK7R,MBBS,7521018604,,34.1,RADIOLOGIST
861333ed-0e84-4e11-8d94-db7ae0f3ec22,944b0add-7df4-4a7b-b9fb-8552b629c7ea,DR. SARASWATI DEVI,REG_A8S2F82O,MBBS MS MCh,7087936852,,33.5,PRIMARY_CLINICIAN
fd49cf19-fae5-4f10-8431-2b66ef4417d0,604f77e0-867d-4f47-b005-035ccfe6eafe,DR. MUNNI DEVI,REG_NW1RTJQY,MBBS MS,8094035260,,6.5,SURGEON
67e23093-44dc-47e4-b318-b3a42b6cb0a2,604f77e0-867d-4f47-b005-035ccfe6eafe,DR. SARASWATI DEVI,REG_GTTSALHF,MBBS DA,9660614578,,19.8,PRIMARY_CLINICIAN
3037edb9-70d9-46cf-8007-8d1176053635,604f77e0-867d-4f47-b005-035ccfe6eafe,DR. GUDDU KUMAR,REG_0QM9WWDE,MBBS MS MCh,8103952412,,17.9,ANAESTHETIST
d4f8d833-1459-4049-bdc2-c080284c54a5,604f77e0-867d-4f47-b005-035ccfe6eafe,DR. DEVENDRA KUMAR TIWARI,REG_I1CVV75A,MBBS DA,9627434916,,15.0,SURGEON
d2e85d9d-7219-4858-b320-edd01675fdbb,604f77e0-867d-4f47-b005-035ccfe6eafe,DR. GULABO DEVI,REG_0665WKUX,MBBS MD DM,9534730296,,19.8,SURGEON
003d1b22-8ac1-4494-ac1a-0b8330cddc8d,604f77e0-867d-4f47-b005-035ccfe6eafe,DR. ASHOK KUMAR,REG_28QC5QHA,MBBS MS MCh,8161595685,,2.0,SURGEON
af565f89-a3e4-441b-bfbf-1ec9003cd14b,20de12a3-7dd8-442b-9626-29a6389fc66f,DR. MUKESH KUMAR,REG_TZC7M3BS,MBBS MD,7048137953,,26.6,PRIMARY_CLINICIAN
0c239967-33e1-49f9-8b3b-a679777888e8,20de12a3-7dd8-442b-9626-29a6389fc66f,DR. PRIYA KUMARI,REG_LQ3CKDTZ,MBBS MD DM,7993447015,,29.5,SURGEON
a188c559-696f-46c0-ab7d-ac55219fb37e,91143462-8c05-49cb-ac2f-8cb088470310,DR. SANTOSHI DEVI,REG_3X3W2IEM,MBBS,9504259185,,22.6,RADIOLOGIST
d7b3935e-2db8-4064-939b-356ad7105eb4,91143462-8c05-49cb-ac2f-8cb088470310,DR. SANTOSH KUMAR,REG_CX2PWHZG,MBBS MD DM,9605157418,,11.0,PAEDIATRICIAN
32de99c7-a526-4eb3-b059-acad82deb517,91143462-8c05-49cb-ac2f-8cb088470310,DR. ROHIT KUMAR JAISWAL,REG_VV9M19RW,MBBS,7542831241,,13.3,SURGEON
8670526a-57eb-4b85-af5e-e84408cd3259,91143462-8c05-49cb-ac2f-8cb088470310,DR. GULABO DEVI,REG_OY4IWNUZ,MBBS,9717575342,,32.9,GYNAECOLOGIST
3fb4f24a-30c6-4c55-86b0-3d786cc0ec8e,91143462-8c05-49cb-ac2f-8cb088470310,DR. RAMESH CHANDRA,REG_8U9376IW,MBBS MD,9807479297,,18.3,ANAESTHETIST
04571591-f335-44a6-8eb3-f2b9e2de6df9,e76e2d70-bae7-4f52-ba4d-f8bf3ba50dde,DR. MUNNI DEVI,REG_LK88OCAM,MBBS DNB,7036188299,,4.1,GYNAECOLOGIST
be38170b-64ce-4cb3-9830-f524c63efbfd,e76e2d70-bae7-4f52-ba4d-f8bf3ba50dde,DR. MANOJ KUMAR NISHAD,REG_L16GQL4L,MBBS MS MCh,9490424169,,17.8,ANAESTHETIST
26bb4bbb-6149-4dcc-9602-b759e3c3c209,e76e2d70-bae7-4f52-ba4d-f8bf3ba50dde,DR. DRAUPADI DEVI,REG_LM0CX5DD,MBBS MD,9848745103,,29.9,RADIOLOGIST
805e27e1-d14b-47b3-8405-96087704a734,e76e2d70-bae7-4f52-ba4d-f8bf3ba50dde,DR. RAVI SHANKAR,REG_2QMD9W02,MBBS MS,7715261840,,9.5,PAEDIATRICIAN
eb417fa3-2fac-40c6-8ddb-c9bd24411180,e76e2d70-bae7-4f52-ba4d-f8bf3ba50dde,DR. DEEPAK KUMAR,REG_0MDU8X3Z,MBBS DNB,9722072578,,10.2,GYNAECOLOGIST
aa9831e7-adcb-4acd-957e-02b86dce8c53,6f7f05c1-29a4-4a3b-9f1d-8ce43825e456,DR. MUKESH KUMAR,REG_DQ64FJI5,MBBS DNB,9699434934,,15.6,PAEDIATRICIAN
cce1c416-3610-4c8e-b097-1e1e0b15b025,6f7f05c1-29a4-4a3b-9f1d-8ce43825e456,DR. GUDDU KUMAR,REG_YSKU1ACC,MBBS MD DM,8164162162,,30.7,RADIOLOGIST
187cd8b5-ce06-40c1-a042-15241bda9984,6f7f05c1-29a4-4a3b-9f1d-8ce43825e456,DR. ANIL KUMAR,REG_QUSQZU8F,MBBS,7501409063,,18.0,PRIMARY_CLINICIAN
300bcd05-cce5-4415-820d-fe843c519e0e,6f7f05c1-29a4-4a3b-9f1d-8ce43825e456,DR. RAVINDRA NATH,REG_J4TLIB4V,MBBS MS MCh,9828874472,,16.6,PAEDIATRICIAN
dac3bf79-2b4a-41a1-a33e-78d484696d1f,6f7f05c1-29a4-4a3b-9f1d-8ce43825e456,DR. DEEPAK KUMAR,REG_OIV70HDB,MBBS MD DM,9703642572,,19.8,PAEDIATRICIAN
feb5b015-3b20-4c4a-b494-b5471f64f062,6f7f05c1-29a4-4a3b-9f1d-8ce43825e456,DR. GUDDU KUMAR,REG_KASLU6M4,MBBS,7726965051,,26.5,PRIMARY_CLINICIAN
7a5d5338-e61b-49b2-8ddc-3554eb0fd189,1984f2c7-b8f9-409a-82f1-2e0eca512cb0,DR. PREM SHANKAR,REG_W1XSZ2GA,MBBS MD,7000789213,,9.8,RADIOLOGIST
f8ab1056-5fad-4cd8-8556-3e6c81d283d7,1984f2c7-b8f9-409a-82f1-2e0eca512cb0,DR. RAJEEV KUMAR,REG_5AYG9ILE,MBBS MS MCh,8131345403,,1.1,ANAESTHETIST
1734a636-5b2a-4006-9965-dfa0ebcdfddd,1984f2c7-b8f9-409a-82f1-2e0eca512cb0,DR. MANJU DEVI,REG_14DA76YI,MBBS MS,9475320939,,24.1,SURGEON
bc93bcf8-589a-486d-b294-2eb02467ed52,1984f2c7-b8f9-409a-82f1-2e0eca512cb0,DR. SAVITRI DEVI,REG_2KE8QUMX,MBBS MD DM,7606182020,,29.4,PRIMARY_CLINICIAN
de949bc8-1778-4b3b-bf54-feb69f78ebf3,1984f2c7-b8f9-409a-82f1-2e0eca512cb0,DR. DINESH KUMAR,REG_M8SX88HN,MBBS MD DM,7685824154,,29.3,GYNAECOLOGIST
56948f3d-784f-470f-b09a-01518c4773f0,1984f2c7-b8f9-409a-82f1-2e0eca512cb0,DR. GULABO DEVI,REG_CRD1NMVK,MBBS MD DM,7801582686,,18.5,SURGEON
f07e7bcc-1752-4a91-b6f1-19ba6b0f2b7f,1984f2c7-b8f9-409a-82f1-2e0eca512cb0,DR. SAROJ DEVI,REG_957039YW,MBBS MD,8003115545,,16.8,PAEDIATRICIAN
b02fec81-8558-4c6b-94a0-52532120ad0d,dbbf8923-8a9c-4ff1-9dcb-cc4cddd986ab,DR. VIJAY KUMAR,REG_9N40ZT1Z,MBBS DA,7560057964,,5.4,ANAESTHETIST
c1aca73e-092a-4b67-aebb-204a449b12a9,dbbf8923-8a9c-4ff1-9dcb-cc4cddd986ab,DR. USHA DEVI,REG_BIE55TD5,MBBS MS MCh,8143559438,,29.3,RADIOLOGIST
8859e826-0afe-485c-9032-1674fce1f44a,dbbf8923-8a9c-4ff1-9dcb-cc4cddd986ab,DR. RAVI SHANKAR,REG_R2QCTCYR,MBBS MD DM,7793050638,,4.0,RADIOLOGIST
8ea715fb-dabe-4eaa-bc23-a6ab8576a6c1,dbbf8923-8a9c-4ff1-9dcb-cc4cddd986ab,DR. SANTOSHI DEVI,REG_R4FQAUKD,MBBS MS,7585191771,,22.9,GYNAECOLOGIST
b7c44fbd-6839-45a7-ab1d-2c5512176eca,49db68b9-3223-46a9-8bd3-1d8f7674eaa5,DR. PRIYA KUMARI,REG_JZ9MNYOK,MBBS MD DM,9610272574,,25.5,ANAESTHETIST
a0f55971-b004-4822-b96c-7f987f2cb162,49db68b9-3223-46a9-8bd3-1d8f7674eaa5,DR. PAPPU YADAV,REG_H4E1KQ1O,MBBS DNB,7741901440,,7.8,RADIOLOGIST
426d20ed-b9e9-45f6-a8bd-1966b9a66fd7,49db68b9-3223-46a9-8bd3-1d8f7674eaa5,DR. JAGDISH PRASAD,REG_3FX6PL04,MBBS MD DM,8006395044,,15.2,PAEDIATRICIAN
5c5895a3-6633-4579-ba7c-c12857409234,82d1e6ad-438a-4a16-8ecc-e03e8526342c,DR. SHEELA DEVI,REG_8T77QYCI,MBBS DNB,7004165080,,28.8,GYNAECOLOGIST
0ee05c6f-a5d2-4a1f-8182-c81a9534b7ea,82d1e6ad-438a-4a16-8ecc-e03e8526342c,DR. RAM PRASAD SINGH,REG_V2WXXYPD,MBBS MD,8147703878,,29.4,RADIOLOGIST
da06aeb3-69cf-425a-aecd-087b736d8719,82d1e6ad-438a-4a16-8ecc-e03e8526342c,DR. DINESH KUMAR MAURYA,REG_OJGYE082,MBBS DNB,7677371112,,30.3,SURGEON
166e1289-d049-45f6-b5c1-27c9a43ca7a5,82d1e6ad-438a-4a16-8ecc-e03e8526342c,DR. VIRENDRA SINGH,REG_C92MAIVH,MBBS DNB,9678274019,,17.5,RADIOLOGIST
93922b48-29dd-4719-b84f-5cfd88331a11,82d1e6ad-438a-4a16-8ecc-e03e8526342c,DR. GUDDU KUMAR,REG_PUXMG8GM,MBBS MD,7927935066,,14.2,ANAESTHETIST
2852e5ca-a600-4f11-8e3d-e6a796e883c9,82d1e6ad-438a-4a16-8ecc-e03e8526342c,DR. GULABO DEVI,REG_QVUIFG4G,MBBS MD DM,7623240599,,13.2,SURGEON
17c58690-9b02-4979-985f-0d173e19cec8,82d1e6ad-438a-4a16-8ecc-e03e8526342c,DR. POONAM DEVI,REG_1PHDJJZB,MBBS MS MCh,7505011841,,2.2,RADIOLOGIST
4046cad2-9625-40ab-a677-eaf9ce058167,e2a93f01-18b0-45e6-b874-423881ce819e,DR. HARI OM,REG_M14UP3HS,MBBS DNB,9704726688,,24.8,PAEDIATRICIAN
83bbbae9-8025-4f68-9001-6ad727f52d78,e2a93f01-18b0-45e6-b874-423881ce819e,DR. RAJU YADAV,REG_JJC9OFH7,MBBS MD DM,9723385867,,4.4,GYNAECOLOGIST
9b499324-b890-4e9a-a3b3-7e98e482af03,e2a93f01-18b0-45e6-b874-423881ce819e,DR. RAJESH KUMAR,REG_4LL0FAGM,MBBS,7684964369,,25.9,PAEDIATRICIAN
cf3fa899-2003-43e6-a437-39ac587d0e75,e2a93f01-18b0-45e6-b874-423881ce819e,DR. CHAMELI DEVI,REG_34F142O2,MBBS MS MCh,9729114223,,12.4,RADIOLOGIST
a2f2421e-53a4-4ee5-9cb9-193cae188387,e2a93f01-18b0-45e6-b874-423881ce819e,DR. SHYAM LAL,REG_12F5E9CP,MBBS DA,7896711326,,5.5,PAEDIATRICIAN
5f4684a1-bbde-4a0b-ab7f-0d913919732c,e2a93f01-18b0-45e6-b874-423881ce819e,DR. RAKESH KUMAR,REG_3K2I9S9V,MBBS MD,8106197366,,3.5,GYNAECOLOGIST
491dba3c-d8cb-44b3-9b1f-b860b2355349,c2e2a4f7-dd0c-4b9d-b9ef-cfa2d6f71875,DR. PUSHPA DEVI,REG_EPXSVDIH,MBBS MS MCh,8077676278,,5.3,SURGEON
6a2c706c-f37f-4654-b538-c54ee555b5e6,c2e2a4f7-dd0c-4b9d-b9ef-cfa2d6f71875,DR. PRADEEP KUMAR DUBEY,REG_X3QLRHR6,MBBS MS,9887281503,,28.8,GYNAECOLOGIST
afa1e778-7976-430f-b9d3-019bc9d5a06f,c2e2a4f7-dd0c-4b9d-b9ef-cfa2d6f71875,DR. VIRENDRA SINGH KORI,REG_Y0XNOLD9,MBBS MD,7986594119,,8.7,GYNAECOLOGIST
5bcaf6ad-e05b-4812-864a-b6c5e5ed5ea6,c2e2a4f7-dd0c-4b9d-b9ef-cfa2d6f71875,DR. KALAWATI DEVI,REG_B2DSP4GA,MBBS MS,9529332778,,26.5,RADIOLOGIST
4aa6af88-31cb-4e75-b51b-b3498f557f40,c2e2a4f7-dd0c-4b9d-b9ef-cfa2d6f71875,DR. JAGDISH PRASAD SHUKLA,REG_6GTCQ0RH,MBBS DA,7531681994,,15.4,PAEDIATRICIAN
26ae4ff1-e39d-438d-ab56-36ed955ac1d3,c2e2a4f7-dd0c-4b9d-b9ef-cfa2d6f71875,DR. SUNITA DEVI,REG_A9T7UPLP,MBBS DA,7651921844,,15.2,RADIOLOGIST
a81e6f95-4d04-420b-99a2-5b52c926b4d8,37f8d188-6fb6-403e-bdc9-409b6a860db1,DR. POONAM DEVI,REG_71JIXZTB,MBBS MS,9747273506,,8.1,PAEDIATRICIAN
afe20ce7-ead6-4023-8045-2610bf93caef,37f8d188-6fb6-403e-bdc9-409b6a860db1,DR. SAROJ DEVI,REG_DNMA6QVJ,MBBS,7590368448,,10.2,ANAESTHETIST
4373bfe0-5567-436a-b3c0-c9ac667ecafd,f754a303-30fa-4752-8aa1-7bf5d8e745df,DR. SHIV KUMAR,REG_WAXV7PMQ,MBBS,8196463068,,12.0,RADIOLOGIST
34038bab-e0ca-4c31-8778-d0dda254e2bf,f754a303-30fa-4752-8aa1-7bf5d8e745df,DR. SANTOSH KUMAR TIWARI,REG_5YNYZFVN,MBBS,9492485061,,25.3,SURGEON
b54832a2-fe5e-4b58-951f-2a97ff620cef,e552a21d-d3e8-4f48-b58f-a41bb6a0351c,DR. LEELA DEVI,REG_FEPNHMCE,MBBS DNB,7629549584,,4.9,ANAESTHETIST
a7748605-a089-4537-b30b-0d8cfa8bce93,e552a21d-d3e8-4f48-b58f-a41bb6a0351c,DR. SANTOSH KUMAR,REG_TR1ERWIV,MBBS DA,8076438428,,22.9,GYNAECOLOGIST
bca7d444-ecb7-4a4c-b472-3ffc0390ff8a,d4291d82-6767-43db-add6-acdccea508e7,DR. VIJAY KUMAR LODHI,REG_FE87B94S,MBBS DNB,8033278536,,22.6,RADIOLOGIST
a2f71437-f41d-42cb-b373-dff889ec0869,d4291d82-6767-43db-add6-acdccea508e7,DR. NARESH KUMAR,REG_7ZYWKTJC,MBBS,7911544874,,20.9,PRIMARY_CLINICIAN
d253b7ec-9863-49d9-aa20-f39fc6c77ebd,d4291d82-6767-43db-add6-acdccea508e7,DR. GULABO DEVI,REG_6WIS2F6O,MBBS,9657682874,,9.5,PAEDIATRICIAN
3517e2f4-fc95-4b50-ab5a-b3d9a7e65ce7,ca12a5ce-276e-4c62-a9cb-5dea3878d2e3,DR. ASHOK KUMAR,REG_6G3FV7XY,MBBS,7098482745,,19.1,PRIMARY_CLINICIAN
2d613d56-7fb6-4fa0-b29a-0f17667b119b,ca12a5ce-276e-4c62-a9cb-5dea3878d2e3,DR. SUSHIL KUMAR SHUKLA,REG_6KBV0AIC,MBBS MD DM,7665607636,,17.3,ANAESTHETIST
385a7723-f22d-4201-82a6-524555138706,ca12a5ce-276e-4c62-a9cb-5dea3878d2e3,DR. DEEPAK KUMAR PASI,REG_HGCQNV4P,MBBS MS,9611393554,,2.5,SURGEON
c8534a51-6129-4e1d-90b1-f71341995e5a,ca12a5ce-276e-4c62-a9cb-5dea3878d2e3,DR. RAJEEV KUMAR,REG_7HF75XRR,MBBS DNB,7988313196,,8.3,PAEDIATRICIAN
5e149cd8-358e-415a-961a-0d0d5623f1b0,ca12a5ce-276e-4c62-a9cb-5dea3878d2e3,DR. GEETA DEVI,REG_D6FGOXMR,MBBS DA,9478508277,,11.0,GYNAECOLOGIST
3497adbe-2d9a-4de1-a4ce-f3b82bd68c79,ca12a5ce-276e-4c62-a9cb-5dea3878d2e3,DR. BABLU KUMAR,REG_H3KLMUAP,MBBS DNB,9766510797,,10.2,PAEDIATRICIAN
87d7961b-0631-41e7-94b4-86dc3b924163,420e4cba-1468-4bc7-b980-d35a71071515,DR. REENA DEVI,REG_AKY4RVRX,MBBS,8183299384,,34.7,ANAESTHETIST
f1d51609-788e-444a-94c5-f09f5a24565f,420e4cba-1468-4bc7-b980-d35a71071515,DR. PREM SHANKAR,REG_FVCW4BWD,MBBS DA,8111422964,,32.1,RADIOLOGIST
a56b816b-7268-4754-b1f0-a99fb32bfb21,2445f348-8d9f-449e-9d43-5672fe4f8930,DR. UMESH KUMAR SHARMA,REG_M7JSFOJX,MBBS DNB,9685120663,,6.5,ANAESTHETIST
c4f5f39e-c28d-426b-ae87-c15eeed1373f,2445f348-8d9f-449e-9d43-5672fe4f8930,DR. KIRAN DEVI,REG_PD4KIV28,MBBS MD,7906711625,,22.1,PRIMARY_CLINICIAN
4010fe3e-cd06-4977-a883-b262c29c032a,2445f348-8d9f-449e-9d43-5672fe4f8930,DR. DRAUPADI DEVI,REG_TQNORIQ6,MBBS DNB,9511300972,,6.9,PRIMARY_CLINICIAN
beb139cf-b733-4444-b0fb-dabd230c4e3b,2445f348-8d9f-449e-9d43-5672fe4f8930,DR. SARASWATI DEVI,REG_HR480NRN,MBBS MD DM,8079343810,,28.6,RADIOLOGIST
dfede028-d435-4d57-9427-9ca63ecd1f20,2445f348-8d9f-449e-9d43-5672fe4f8930,DR. NARESH KUMAR PATEL,REG_P7LTVYQ4,MBBS DNB,7615999550,,32.4,RADIOLOGIST
17d1d038-d531-4679-9f4b-b94656a48df5,2445f348-8d9f-449e-9d43-5672fe4f8930,DR. LAKHAN LAL KUMAR,REG_4CHK4N86,MBBS DA,9742501419,,28.2,ANAESTHETIST
2256bbaa-9a41-470d-a874-7056023b8720,2445f348-8d9f-449e-9d43-5672fe4f8930,DR. RAMU KAKA PANDEY,REG_RF16VMVU,MBBS MD DM,8070153259,,25.3,PAEDIATRICIAN
938dfe61-a409-44d8-81b1-15828d283ae3,2445f348-8d9f-449e-9d43-5672fe4f8930,DR. ANITA DEVI,REG_7MOX0NUW,MBBS,8142457865,,22.8,PAEDIATRICIAN
3fe53fc8-0582-4ee7-907e-f27beab746d2,18eeee38-9b25-44e2-b392-d988c640078d,DR. VIVEK KUMAR,REG_U971X0O5,MBBS MS MCh,7536647664,,33.7,PAEDIATRICIAN
b0376390-4a2d-44cf-ae93-7b720c46df8d,18eeee38-9b25-44e2-b392-d988c640078d,DR. RAJEEV KUMAR,REG_HB1G75JO,MBBS,8091582674,,24.2,ANAESTHETIST
7ce0530d-f80d-4f5c-9df2-9666b18926ea,18eeee38-9b25-44e2-b392-d988c640078d,DR. SANTOSHI DEVI,REG_O93YVWNG,MBBS,9792948942,,29.5,ANAESTHETIST
397def0a-7306-4296-950c-ee6cce0e8363,18eeee38-9b25-44e2-b392-d988c640078d,DR. BABLU KUMAR,REG_EEE9VVXA,MBBS MS,9541776141,,2.3,PAEDIATRICIAN
62e2bcff-b2f0-45cf-9524-c1faebbd81d3,18eeee38-9b25-44e2-b392-d988c640078d,DR. SAVITRI DEVI,REG_W4P6P0SY,MBBS DA,9470105994,,14.7,SURGEON
42f8ad2e-7b07-4be0-9ef3-32a313e429f3,18eeee38-9b25-44e2-b392-d988c640078d,DR. KUSUM DEVI,REG_OS7V3ZNI,MBBS MS,7672428814,,2.0,PAEDIATRICIAN
7984d700-efc4-4f41-9f9c-456d99d68417,18eeee38-9b25-44e2-b392-d988c640078d,DR. SEEMA DEVI,REG_IPPN8QZG,MBBS MS,9649118357,,8.8,RADIOLOGIST
e6afac0f-86f5-4cfd-93c8-ca8beacb9f5f,2b855e3e-e7a1-4dbd-b1a9-6b9e49850376,DR. DEVENDRA KUMAR,REG_H5JRLJA1,MBBS DNB,7780656481,,9.4,SURGEON
b7c63969-0de5-4c3b-bc87-777055af9bfd,2b855e3e-e7a1-4dbd-b1a9-6b9e49850376,DR. KUSUM DEVI,REG_JZQVS3A3,MBBS MS,7779896564,,6.3,ANAESTHETIST
b2a76b05-48be-47b5-8d64-de07e8260827,2b855e3e-e7a1-4dbd-b1a9-6b9e49850376,DR. RAKESH KUMAR,REG_SE12FJP1,MBBS DNB,9405296934,,26.3,PAEDIATRICIAN
507620a6-3023-48ac-993e-706f065593f4,2b855e3e-e7a1-4dbd-b1a9-6b9e49850376,DR. PREM SHANKAR PANDEY,REG_1T8WET86,MBBS MS,9899948847,,15.3,PRIMARY_CLINICIAN
cfda8a64-df77-4b62-bc6c-8736024c40b2,2b855e3e-e7a1-4dbd-b1a9-6b9e49850376,DR. SAVITRI DEVI,REG_8LARR2WK,MBBS DNB,8016120061,,34.8,GYNAECOLOGIST
928f6255-61b4-41af-82bb-e47c20f60c5d,2b855e3e-e7a1-4dbd-b1a9-6b9e49850376,DR. ROHIT KUMAR PATEL,REG_V453GKE6,MBBS,9894116269,,21.4,RADIOLOGIST
c2ca4369-550d-4083-8130-2ff8c8fea875,2b855e3e-e7a1-4dbd-b1a9-6b9e49850376,DR. ROHIT KUMAR,REG_N4S7H0B5,MBBS MD DM,8014124961,,24.4,GYNAECOLOGIST
fcb37a74-5289-4ee8-8a95-85525744a7bc,26eba5c0-c3c0-4d49-8580-d5487713c307,DR. POONAM DEVI,REG_NLCVW3LF,MBBS,7015856588,,22.9,PAEDIATRICIAN
29bab18b-e6f4-41fe-909a-603113301e35,26eba5c0-c3c0-4d49-8580-d5487713c307,DR. SHEELA DEVI,REG_1R4PJXU0,MBBS DA,7063360802,,30.2,PAEDIATRICIAN
cffc1439-a9dc-4580-8bde-cc7fc427da13,26eba5c0-c3c0-4d49-8580-d5487713c307,DR. JAGDISH PRASAD,REG_VMGGTIOR,MBBS MS,9669879084,,13.0,ANAESTHETIST
e0cbca83-8b48-45a6-b9a2-c3cd2016a32b,26eba5c0-c3c0-4d49-8580-d5487713c307,DR. MEENA DEVI,REG_73PTYYTI,MBBS MD DM,8169798926,,27.7,SURGEON
24849f58-fb57-48ec-a5ac-28f8c00f0e31,26eba5c0-c3c0-4d49-8580-d5487713c307,DR. DRAUPADI DEVI,REG_OKOKW8TQ,MBBS,7641054947,,6.2,PAEDIATRICIAN
53138760-9a13-46c9-b3cb-18bfb74b1c82,26eba5c0-c3c0-4d49-8580-d5487713c307,DR. SANTOSHI DEVI,REG_OBX074NJ,MBBS MS,8103390482,,14.9,RADIOLOGIST
bab0c79e-8b7d-445d-b3e5-427284a1eb97,ed9b5ded-be2d-49a0-bbe7-c416eefbe753,DR. SHANTI DEVI,REG_64VA1ELZ,MBBS MD DM,9547375538,,17.5,GYNAECOLOGIST
2f544a35-ef64-4fed-859a-bcf972ac54d2,ed9b5ded-be2d-49a0-bbe7-c416eefbe753,DR. DEEPAK KUMAR,REG_VO6O27PE,MBBS,9463524911,,25.2,ANAESTHETIST
93fd2ad5-83b0-4729-a865-bf64cedea4aa,ed9b5ded-be2d-49a0-bbe7-c416eefbe753,DR. GUDDU KUMAR SHUKLA,REG_ME2SL4Z4,MBBS,7742951326,,4.6,PRIMARY_CLINICIAN
5c94ae3b-2658-4e14-9bc6-f413a9e627b2,ed9b5ded-be2d-49a0-bbe7-c416eefbe753,DR. ANIL KUMAR,REG_UMOSM7MR,MBBS MD,8045986076,,13.0,GYNAECOLOGIST
276f6a2a-2fe9-45d2-92bd-7762a4cce8fc,ed9b5ded-be2d-49a0-bbe7-c416eefbe753,DR. GUDDU KUMAR,REG_MPJTS2NQ,MBBS MD,9532389979,,15.1,SURGEON
32a221bb-f166-48c6-9367-904eeabb7717,ed9b5ded-be2d-49a0-bbe7-c416eefbe753,DR. RAJU YADAV SHARMA,REG_PGBOQUHG,MBBS MS,9419075758,,9.5,RADIOLOGIST
bef844b7-3d96-4683-ac08-9fbd768ac77a,ed9b5ded-be2d-49a0-bbe7-c416eefbe753,DR. BRIJESH KUMAR GAUTAM,REG_T0B6JXS1,MBBS MD,8144624216,,32.0,ANAESTHETIST
b3362e67-d662-4e1d-bacf-8eb7ab8df643,ed9b5ded-be2d-49a0-bbe7-c416eefbe753,DR. POONAM DEVI,REG_N9VJI8S8,MBBS MS MCh,8087264561,,16.0,PAEDIATRICIAN
7ea9fff0-25a6-4e46-a0d6-451bab4d5dd7,2eccdbdf-0bc5-4179-9e23-51eec32278fd,DR. KALAWATI DEVI,REG_44W8TP2S,MBBS,8153096736,,2.6,PAEDIATRICIAN
6e39b02b-dcbd-4863-85d6-f373291031ca,2eccdbdf-0bc5-4179-9e23-51eec32278fd,DR. GEETA DEVI,REG_9GD8F8XR,MBBS,9499812558,,31.0,PAEDIATRICIAN
fd17c311-b39e-4bd7-8b3a-870c23427424,2eccdbdf-0bc5-4179-9e23-51eec32278fd,DR. GUDDU KUMAR,REG_Y7DZ4B4X,MBBS MS MCh,9639677330,,22.7,PAEDIATRICIAN
a853fd1a-aaac-4e91-890c-8010245a1568,2eccdbdf-0bc5-4179-9e23-51eec32278fd,DR. VIJAY KUMAR,REG_JZPOO361,MBBS MS MCh,9815211949,,14.3,ANAESTHETIST
54cc3984-520d-4515-b503-19fa62ad55da,2eccdbdf-0bc5-4179-9e23-51eec32278fd,DR. ANIL KUMAR,REG_8L53TRUN,MBBS MS,9699249640,,24.9,ANAESTHETIST
c20dfb20-7f2b-426e-9349-c54a683be509,2eccdbdf-0bc5-4179-9e23-51eec32278fd,DR. SHEELA DEVI,REG_3G6G6V3B,MBBS,7619925937,,15.7,PRIMARY_CLINICIAN
aaeb5d1f-6d1c-4bf5-9d78-099105e0d599,561c6756-7503-4a21-98e9-5329e3f9fb03,DR. RAVINDRA NATH LODHI,REG_BXS77G6R,MBBS MS MCh,7799051829,,18.8,PAEDIATRICIAN
4a2bcfcf-4670-45f3-af4f-95bb2c0764ae,561c6756-7503-4a21-98e9-5329e3f9fb03,DR. DRAUPADI DEVI,REG_MSTKNS7I,MBBS,9636254948,,18.7,PAEDIATRICIAN
3d8dcaca-90d8-493e-8b62-51c43c6eaa06,561c6756-7503-4a21-98e9-5329e3f9fb03,DR. DRAUPADI DEVI,REG_XWJ6EWX0,MBBS DA,9427685373,,32.9,ANAESTHETIST
21df09c6-8538-4fb0-9317-6787b31c696b,561c6756-7503-4a21-98e9-5329e3f9fb03,DR. SHANTI DEVI,REG_S3UPC52T,MBBS DNB,9400668602,,8.4,RADIOLOGIST
eb27bc51-01ad-4c89-a673-c036b342782a,561c6756-7503-4a21-98e9-5329e3f9fb03,DR. SUSHIL KUMAR,REG_BSWADUDU,MBBS MD DM,7702937857,,32.1,SURGEON
a3716605-3bbf-40c5-b259-9a97c653763d,6db2e3d0-46ea-4f45-8fdb-d3992e7cb3c6,DR. ANITA DEVI,REG_U9P0XPW5,MBBS DA,7578642989,,19.7,PRIMARY_CLINICIAN
6ae2d168-3053-4ceb-b6e7-8d67b781f409,6db2e3d0-46ea-4f45-8fdb-d3992e7cb3c6,DR. RAMU KAKA DUBEY,REG_7RF26T4Z,MBBS MS MCh,7052206988,,1.8,ANAESTHETIST
c205b6b2-8648-42e8-ae7f-8c4f8c835482,6db2e3d0-46ea-4f45-8fdb-d3992e7cb3c6,DR. ASHOK KUMAR,REG_51LR7136,MBBS MD,7719163861,,26.2,PRIMARY_CLINICIAN
83258979-905c-44de-adac-e99351cf5257,6db2e3d0-46ea-4f45-8fdb-d3992e7cb3c6,DR. DRAUPADI DEVI,REG_13QSODBO,MBBS MS MCh,9829472143,,14.7,ANAESTHETIST
e654446c-c07b-4240-b506-18dbd6fa7f3c,ba53cc57-82f6-48ba-8036-2b938713af86,DR. SUNITA DEVI,REG_8IJKTNQK,MBBS DA,7825893322,,14.4,PAEDIATRICIAN
0e0c6d63-8010-461d-b28f-dee1b2a1108f,ba53cc57-82f6-48ba-8036-2b938713af86,DR. LAXMI DEVI,REG_0YFMEC9T,MBBS DNB,9734078400,,11.9,PRIMARY_CLINICIAN
ed34299f-f521-4606-9e16-a095be18ffbc,ba53cc57-82f6-48ba-8036-2b938713af86,DR. MUNNI DEVI,REG_16WTXR4G,MBBS DA,9744805704,,23.8,PRIMARY_CLINICIAN
4ef07ba9-1046-4466-939e-480da8c3ff69,ba53cc57-82f6-48ba-8036-2b938713af86,DR. BABLU KUMAR GUPTA,REG_6ULLDY5R,MBBS DNB,9702368962,,1.7,SURGEON
652776a9-abe0-422c-a29e-59b159676ca3,ba53cc57-82f6-48ba-8036-2b938713af86,DR. GEETA DEVI,REG_VEC340ZE,MBBS,7004464613,,5.7,GYNAECOLOGIST
ae38802d-c47c-496d-b754-b19a04f8d92d,ba53cc57-82f6-48ba-8036-2b938713af86,DR. HARI OM,REG_FXDK0EYU,MBBS,9884275391,,26.5,PRIMARY_CLINICIAN
43ebaa76-6650-4ce6-aecc-5052a875ab14,ba53cc57-82f6-48ba-8036-2b938713af86,DR. DEVENDRA KUMAR,REG_GL6ZP2HS,MBBS MS,9521449752,,22.0,RADIOLOGIST
3b16a0e7-3b4b-4cf4-97af-c7269bb41453,ba53cc57-82f6-48ba-8036-2b938713af86,DR. PREM SHANKAR,REG_SFYCC63D,MBBS,9797968930,,22.1,GYNAECOLOGIST
c23c4037-ac75-422b-9320-c69a343b5253,05ad7939-0c4c-4eda-ad82-1f0e7d34b9dc,DR. ANITA DEVI,REG_WBH9T444,MBBS,9491493762,,21.7,PRIMARY_CLINICIAN
9cfa75a4-d69c-4c64-85ef-4def4d42a352,05ad7939-0c4c-4eda-ad82-1f0e7d34b9dc,DR. MUNNI DEVI,REG_DQ9DQ04A,MBBS MD DM,9863803756,,13.0,SURGEON
a2e8e1af-f505-4f6e-833d-63114f087361,05ad7939-0c4c-4eda-ad82-1f0e7d34b9dc,DR. MUKESH KUMAR,REG_TVN9JTRB,MBBS MD DM,9584791494,,2.4,GYNAECOLOGIST
050f26b1-c9bd-43cd-a319-87b806d9dbd1,05ad7939-0c4c-4eda-ad82-1f0e7d34b9dc,DR. POONAM DEVI,REG_HBMVR6GJ,MBBS DNB,9417290130,,9.2,PAEDIATRICIAN
079174d6-3fbe-4b21-9658-53bf809e199a,05ad7939-0c4c-4eda-ad82-1f0e7d34b9dc,DR. BABLU KUMAR MISHRA,REG_UQ6BZUAX,MBBS MS MCh,9598742311,,6.5,GYNAECOLOGIST
00546db6-d40e-4071-a7ed-40b306593c16,05ad7939-0c4c-4eda-ad82-1f0e7d34b9dc,DR. SANJAY KUMAR PATEL,REG_2IJI4B49,MBBS MS,7052938644,,25.5,GYNAECOLOGIST
28515366-f6b2-4e17-af59-acd5db80aded,00f8442d-86d0-4541-9c00-058a2358230e,DR. SUNITA DEVI,REG_2PLX2HZ9,MBBS MS MCh,7098454964,,9.3,SURGEON
5a859fa5-4edc-4539-9a8f-144ac4327e53,00f8442d-86d0-4541-9c00-058a2358230e,DR. SAVITRI DEVI,REG_Z450CVSS,MBBS MD DM,8175682562,,5.9,PRIMARY_CLINICIAN
58ecb41d-0974-4c3b-b37f-6063249076b1,00f8442d-86d0-4541-9c00-058a2358230e,DR. RAM PRASAD,REG_OY93AHMD,MBBS DA,9468791959,,9.1,PAEDIATRICIAN
fc531989-6fd0-4889-bbf4-9a4a8b5dc453,496e204d-5705-48aa-a53d-97d1060242b0,DR. RAJEEV KUMAR,REG_PE7ECVEH,MBBS MD,9630718368,,18.7,SURGEON
e8c219de-b879-4fc0-969b-4ec292e0bdec,496e204d-5705-48aa-a53d-97d1060242b0,DR. GEETA DEVI,REG_N8XYD6K3,MBBS MS,9790961580,,5.0,ANAESTHETIST
02742a32-9548-4fd2-af3d-0a9a945b9fe9,496e204d-5705-48aa-a53d-97d1060242b0,DR. NIRMALA DEVI,REG_86G4QXCV,MBBS DNB,8192690119,,10.0,PRIMARY_CLINICIAN
b9a3cb05-ff8f-413f-b206-6b510db3769e,496e204d-5705-48aa-a53d-97d1060242b0,DR. SEEMA DEVI,REG_8AK1AZYK,MBBS,7855383654,,16.1,PRIMARY_CLINICIAN
bf2a1261-fc1d-4855-8689-9320a4eb38c5,5eb0fc61-eb72-4d50-9f5d-4c0353309b1e,DR. SHYAM LAL SINGH,REG_HJJA5ZO1,MBBS DA,8088315260,,13.5,ANAESTHETIST
f0ad1652-cdfa-44e5-8873-de58b5b3ebb4,5eb0fc61-eb72-4d50-9f5d-4c0353309b1e,DR. PRADEEP KUMAR,REG_RPJ4USLZ,MBBS,8197431553,,23.8,SURGEON
516a7f6b-f2e7-469f-b66a-ffc06cf94edd,5eb0fc61-eb72-4d50-9f5d-4c0353309b1e,DR. MANJU DEVI,REG_RLR8TOQC,MBBS MS MCh,7630386802,,28.5,GYNAECOLOGIST
9e25d0b8-1fc0-466f-9ae1-b58e2bcd494c,0b3525a2-042d-44f3-b887-e0bc4805045b,DR. BABLU KUMAR,REG_MQKSUC8Z,MBBS MD DM,7717964284,,28.7,PAEDIATRICIAN
6476d648-e0d6-4b6d-b64a-e347c215fd2f,0b3525a2-042d-44f3-b887-e0bc4805045b,DR. RAMESH CHANDRA,REG_B7VJD8WM,MBBS MS,8122397529,,26.7,PRIMARY_CLINICIAN
af57e2e0-1c87-4446-a911-26fc9af13b49,0b3525a2-042d-44f3-b887-e0bc4805045b,DR. MUNNI DEVI,REG_SJTPL7WW,MBBS,9456597941,,18.5,GYNAECOLOGIST
ca067e94-0bcc-4f7f-98b2-ba7ff0642e40,0b3525a2-042d-44f3-b887-e0bc4805045b,DR. VIJAY KUMAR MISHRA,REG_Z8814NJE,MBBS,9651406290,,22.3,PRIMARY_CLINICIAN
fc889956-e614-45e0-b64d-714626c6355c,0b3525a2-042d-44f3-b887-e0bc4805045b,DR. POONAM DEVI,REG_5H3WVVXJ,MBBS,9629618255,,34.7,SURGEON
3447f0d3-44d9-40dc-b279-363f8dd1e172,0b3525a2-042d-44f3-b887-e0bc4805045b,DR. PHOOL KUMARI,REG_VGD0TJFY,MBBS DA,9558529548,,8.6,PAEDIATRICIAN
8adf5c1b-eafb-4c00-a5ba-b8d1573dfa79,d5055393-65e4-45c4-b5ff-3ca4b7471a2f,DR. SHEELA DEVI,REG_3G8YAZ0R,MBBS MD,7942687834,,31.4,RADIOLOGIST
8e799595-a54f-4de7-888e-7d4990a56dc7,d5055393-65e4-45c4-b5ff-3ca4b7471a2f,DR. NIRMALA DEVI,REG_VZ17W9ZQ,MBBS MD DM,7549701595,,23.0,ANAESTHETIST
37b20609-dc96-4ed6-b7f2-74cd3632db9c,c4b48c32-d14b-4c07-bd08-287151034193,DR. HARI OM,REG_XG9E1F1C,MBBS DNB,7044269028,,32.8,SURGEON
96c7c68d-da5a-411d-9764-226ad900810d,c4b48c32-d14b-4c07-bd08-287151034193,DR. KAMLA DEVI,REG_IHE0E4H5,MBBS MD DM,9821232994,,10.8,ANAESTHETIST
f0359ce6-a8d8-4528-ab02-6c673a2df2aa,c4b48c32-d14b-4c07-bd08-287151034193,DR. DEEPAK KUMAR,REG_SB4JVB24,MBBS MD,9616418715,,7.1,RADIOLOGIST
82ce1bda-7ac6-4077-bab6-d3f633f44931,94bb3526-ed70-4e3a-a814-6323ad0d9e3a,DR. SUNITA DEVI,REG_QTWFBOVD,MBBS MS,7998018194,,21.5,PAEDIATRICIAN
ad0e13f7-fef8-42b6-a8d2-d9b18ad14468,94bb3526-ed70-4e3a-a814-6323ad0d9e3a,DR. SURESH KUMAR,REG_5MFCEIA5,MBBS,7883157600,,17.6,RADIOLOGIST
2ba58406-6545-4023-94eb-799aaf33b540,94bb3526-ed70-4e3a-a814-6323ad0d9e3a,DR. PRIYA KUMARI,REG_BYHZZ8AK,MBBS MD DM,9888173299,,25.2,SURGEON
02a56710-99f9-4152-a627-649a32b81aca,94bb3526-ed70-4e3a-a814-6323ad0d9e3a,DR. RAMU KAKA,REG_92E2ZMS5,MBBS MS MCh,9413758838,,7.0,SURGEON
58df4dc1-c99a-4824-aa96-beeb4cc2f7df,94bb3526-ed70-4e3a-a814-6323ad0d9e3a,DR. PRIYA KUMARI,REG_L4CTJOXU,MBBS DNB,7681852310,,20.7,ANAESTHETIST
191e64b8-3649-4a82-8a51-c9c33b170151,5387ea1a-cb1f-4458-a8f5-bfabdc6e906b,DR. ANITA DEVI,REG_A7WN2RFU,MBBS MD,7738715987,,16.4,SURGEON
c0f2af5a-1ed0-4639-9d7c-90566c1f345c,5387ea1a-cb1f-4458-a8f5-bfabdc6e906b,DR. SUNITA DEVI,REG_WH216HX7,MBBS DNB,7887283617,,33.3,SURGEON
d369516d-7b2b-4b6f-ab3b-56f3eea5a056,5387ea1a-cb1f-4458-a8f5-bfabdc6e906b,DR. USHA DEVI,REG_4AD868AC,MBBS MD,7846703888,,22.4,RADIOLOGIST
2c11197a-3549-4f21-8139-6e046bad60df,5387ea1a-cb1f-4458-a8f5-bfabdc6e906b,DR. MANJU DEVI,REG_SBLR4DHB,MBBS MS MCh,7906293396,,5.4,SURGEON
9962d84b-21b1-43af-bd25-f409ad0c4958,6cd2a30c-4e21-4b8b-9a50-0534c6dfde5a,DR. SANJAY KUMAR,REG_LKV191MV,MBBS DA,7055047407,,26.9,GYNAECOLOGIST
af39b360-56cd-4921-aa90-bc57f3725e86,6cd2a30c-4e21-4b8b-9a50-0534c6dfde5a,DR. SEEMA DEVI,REG_JP1W49YO,MBBS MS,7764401078,,2.7,ANAESTHETIST
f82c313b-24e6-44c2-b09f-e442d42d9310,6cd2a30c-4e21-4b8b-9a50-0534c6dfde5a,DR. ANIL KUMAR,REG_TQS6OC0E,MBBS MS MCh,9540435337,,27.7,PAEDIATRICIAN
74e23c4d-6730-4fcc-854f-8bd621c18e8f,6cd2a30c-4e21-4b8b-9a50-0534c6dfde5a,DR. SUSHIL KUMAR,REG_G7TRNHO6,MBBS MD,7682284673,,14.0,GYNAECOLOGIST
92a38a6e-9d67-4dc0-8315-c9de6bd1f537,6cd2a30c-4e21-4b8b-9a50-0534c6dfde5a,DR. RAVINDRA NATH,REG_HQ301L2M,MBBS MD DM,8195231890,,27.3,PAEDIATRICIAN
c728d6e2-d406-41ef-a375-2a92f8280cfc,eaa8a982-e287-46db-97da-0fcee066c814,DR. REENA DEVI,REG_HAYKETM4,MBBS MS MCh,7861716982,,21.7,PAEDIATRICIAN
2a28eb79-36fd-4433-a08f-6027ff741852,eaa8a982-e287-46db-97da-0fcee066c814,DR. CHAMELI DEVI,REG_VRZ89AO9,MBBS MS MCh,9504220660,,1.9,GYNAECOLOGIST
e84b218f-beb5-4886-a633-fbf8f9b391ba,eaa8a982-e287-46db-97da-0fcee066c814,DR. CHAMELI DEVI,REG_PECR30F4,MBBS,7569394733,,30.1,PAEDIATRICIAN
984e9c81-1d20-426e-a229-b5874eccf964,eaa8a982-e287-46db-97da-0fcee066c814,DR. MANOJ KUMAR,REG_CVFFF9B5,MBBS MS,7093946247,,17.8,RADIOLOGIST
910e08c8-28ed-49b5-894f-a98f54acd4a1,eaa8a982-e287-46db-97da-0fcee066c814,DR. MUNNI DEVI,REG_HH4J2TXK,MBBS DA,7620481293,,31.5,PRIMARY_CLINICIAN
c743d827-9ae3-44ee-8cd4-605abe7e55e1,eaa8a982-e287-46db-97da-0fcee066c814,DR. SHYAM LAL,REG_9OHBUWKD,MBBS MS MCh,7029879039,,19.7,PAEDIATRICIAN
79a05670-ee11-4906-9eaa-d7a5e1fa44c0,0484b4b0-be1a-47cf-af1f-988540649809,DR. UMESH KUMAR,REG_TH79Y36X,MBBS MD,9450783902,,13.2,ANAESTHETIST
df6aee9d-bf7a-4a2f-84ae-40686eaa940c,0484b4b0-be1a-47cf-af1f-988540649809,DR. RAVI SHANKAR,REG_14RVDUQY,MBBS MS,7775501954,,21.2,SURGEON
71c4b93e-d8d8-4649-9358-92ca040b7349,0484b4b0-be1a-47cf-af1f-988540649809,DR. HARI OM KUMAR,REG_EQTTTTDI,MBBS DA,9469304015,,18.3,ANAESTHETIST
e037e239-151f-4452-924b-700f9eae974f,0484b4b0-be1a-47cf-af1f-988540649809,DR. LAXMI DEVI,REG_P208L68G,MBBS MS,8185973526,,20.6,SURGEON
bd13bbfc-9b20-48d1-acb6-f384a412cb4e,0484b4b0-be1a-47cf-af1f-988540649809,DR. USHA DEVI,REG_IDRG1OUN,MBBS MS MCh,9671034960,,33.7,PAEDIATRICIAN
f814d430-a0ca-4576-b9e7-eae2bc05a5e7,0484b4b0-be1a-47cf-af1f-988540649809,DR. RADHA DEVI,REG_7ORF5RYH,MBBS DA,7791808177,,10.4,RADIOLOGIST
acd55cde-6dae-4c98-b17d-fd1da3857e92,0484b4b0-be1a-47cf-af1f-988540649809,DR. VIRENDRA SINGH,REG_D66J2HOH,MBBS MS MCh,9798956616,,19.0,SURGEON
be62df51-6ff8-4167-b6fc-ba9a9964cf0b,b61d1047-5de7-4eab-bd9b-2d1b23b44a57,DR. ASHOK KUMAR,REG_L4VLJ7H8,MBBS,9851313184,,26.4,GYNAECOLOGIST
6b5765c7-691f-479b-afdd-9744df8362f0,b61d1047-5de7-4eab-bd9b-2d1b23b44a57,DR. RANI DEVI,REG_U6NH4RNG,MBBS MS MCh,7950341611,,21.6,GYNAECOLOGIST
e913cf3c-fe6f-4f91-9351-ad32b3669ae4,b61d1047-5de7-4eab-bd9b-2d1b23b44a57,DR. LAKHAN LAL PANDEY,REG_UVWWZHLT,MBBS MS MCh,8162226424,,27.1,GYNAECOLOGIST
b339b098-1400-4155-9a04-0dfd7b5e50e6,b61d1047-5de7-4eab-bd9b-2d1b23b44a57,DR. SEEMA DEVI,REG_DL89IS4H,MBBS DNB,8018839448,,22.3,ANAESTHETIST
9e87278d-6725-4473-b98d-e5e7e6bf8fb2,b61d1047-5de7-4eab-bd9b-2d1b23b44a57,DR. DINESH KUMAR,REG_4P2KU4CI,MBBS,9882937715,,15.7,ANAESTHETIST
e2fd01c6-5fa5-4fbc-829f-0fc7a35cc13e,b61d1047-5de7-4eab-bd9b-2d1b23b44a57,DR. LEELA DEVI,REG_HWJ32Q4P,MBBS MD,9850024234,,3.7,ANAESTHETIST
0ceec4dc-80f7-48cb-82dc-3bbd63b7660e,b61d1047-5de7-4eab-bd9b-2d1b23b44a57,DR. LAKHAN LAL,REG_QNPVLPAA,MBBS MD DM,9783633664,,27.6,SURGEON
5c256ab0-7d28-4c30-bc2b-54117a0af621,b61d1047-5de7-4eab-bd9b-2d1b23b44a57,DR. BRIJESH KUMAR,REG_MH2PCX6M,MBBS DA,7841061428,,15.4,PAEDIATRICIAN
793f1a8b-10d1-4bca-9b81-6f60f657ad3a,9114cd94-bb73-4868-98e5-e7921839d79f,DR. SUSHILA DEVI,REG_QSPMLNWC,MBBS MD,8147562347,,8.5,GYNAECOLOGIST
ee7b9fe6-a60e-43b2-8958-730543c43d68,9114cd94-bb73-4868-98e5-e7921839d79f,DR. MUKESH KUMAR JAISWAL,REG_DXJF8RXO,MBBS MD,9546134154,,34.2,PAEDIATRICIAN
8deae18a-75b2-4d0c-94a0-a5442b264255,89834b8c-a4e0-4700-8e5e-09ecc579955f,DR. UMESH KUMAR,REG_45UXXEEG,MBBS MD,7606224339,,12.7,PRIMARY_CLINICIAN
4dd0f2a4-d8ca-4adc-826a-bce21feec085,89834b8c-a4e0-4700-8e5e-09ecc579955f,DR. GEETA DEVI,REG_S0OQ4NXI,MBBS MD DM,7741347101,,34.6,PRIMARY_CLINICIAN
9cf3a5b0-3609-409c-92cc-7a16ea01c861,433f7571-593e-4b39-89c8-49115b68c702,DR. SUMITRA DEVI,REG_OZQHHLF1,MBBS DA,9854802820,,19.5,SURGEON
80c74158-545b-46a1-a9f0-47f3b2667290,433f7571-593e-4b39-89c8-49115b68c702,DR. PRADEEP KUMAR,REG_T8QRVYRU,MBBS MS MCh,8101563504,,27.3,PRIMARY_CLINICIAN
c3c3d885-82dc-43db-952d-651ed14424a1,433f7571-593e-4b39-89c8-49115b68c702,DR. MEENA DEVI,REG_93JQZ7NH,MBBS MS MCh,7932181066,,31.7,SURGEON
c4a35885-a4d9-4b55-a615-0b7f04b37559,433f7571-593e-4b39-89c8-49115b68c702,DR. REENA DEVI,REG_QFGP2GJK,MBBS,7039863718,,20.1,SURGEON
3d60fe34-8ae6-4b47-82d0-f265a9aefb19,433f7571-593e-4b39-89c8-49115b68c702,DR. RAM PRASAD,REG_VI3XLV0F,MBBS MS MCh,9590121496,,31.6,GYNAECOLOGIST
2b231a17-aaef-4074-b893-9c6a724361f3,a1752c7c-7223-4e9e-bd32-3f670ed10ae4,DR. KALAWATI DEVI,REG_L37HCRAZ,MBBS MD DM,8199561005,,8.4,RADIOLOGIST
7ce1dd2e-a6d0-4938-a9ef-8a9fb4bc306d,a1752c7c-7223-4e9e-bd32-3f670ed10ae4,DR. SUSHIL KUMAR JAISWAL,REG_WFMZYDHA,MBBS MD,7971193994,,5.7,PAEDIATRICIAN
e3d533f3-4f1c-42ad-ba7e-c0cc29e6c5d2,a1752c7c-7223-4e9e-bd32-3f670ed10ae4,DR. RAJU YADAV,REG_ZCSCFD5Q,MBBS DA,8104484697,,33.8,PRIMARY_CLINICIAN
48a51239-4deb-4969-8777-b6e855acebe2,a1752c7c-7223-4e9e-bd32-3f670ed10ae4,DR. USHA DEVI,REG_V1G6U18A,MBBS MS MCh,9552597582,,33.8,SURGEON
19dce460-938d-45bf-b08b-62c5c310ad22,a1752c7c-7223-4e9e-bd32-3f670ed10ae4,DR. PHOOL KUMARI,REG_73AKZ961,MBBS DA,9856569948,,2.5,PRIMARY_CLINICIAN
008623a4-ecd5-4713-bef6-05564b5f01ec,a1752c7c-7223-4e9e-bd32-3f670ed10ae4,DR. ANIL KUMAR,REG_CJHU1Z1Z,MBBS MD,8162641479,,6.7,SURGEON
83696471-d570-4bc0-b599-1b5ec0facb20,a1752c7c-7223-4e9e-bd32-3f670ed10ae4,DR. PRADEEP KUMAR,REG_JA0OFQZG,MBBS MD,8073208192,,13.8,ANAESTHETIST
a00fea6f-ca25-4fad-a48d-5dac9be4d135,de42d267-71ae-4a05-9d05-bd021a94ba07,DR. CHAMELI DEVI,REG_28XHBJSS,MBBS DA,9896239954,,7.8,SURGEON
ada12591-0d34-48aa-a175-eea15f860aa1,de42d267-71ae-4a05-9d05-bd021a94ba07,DR. SUSHILA DEVI,REG_QZZQUFN7,MBBS MS MCh,7804622574,,27.7,SURGEON
f61c1dc3-950a-48a2-a411-0dedb2f7206f,de42d267-71ae-4a05-9d05-bd021a94ba07,DR. POONAM DEVI,REG_62A5VMMH,MBBS MD DM,9705892676,,31.6,PRIMARY_CLINICIAN
d9cda005-11a5-4a7c-8b52-5314df3d730a,de42d267-71ae-4a05-9d05-bd021a94ba07,DR. USHA DEVI,REG_E2Y7L2DM,MBBS MD,9746133540,,18.8,SURGEON
365ad166-c8d5-4782-b9f3-2ace6f1d2742,de42d267-71ae-4a05-9d05-bd021a94ba07,DR. SUSHILA DEVI,REG_081TP58P,MBBS MD,9522026846,,34.5,ANAESTHETIST
9256d9e9-12f7-41d7-b048-d81f61c405b5,de42d267-71ae-4a05-9d05-bd021a94ba07,DR. SUSHIL KUMAR,REG_38459YUP,MBBS MD,9849627809,,28.9,PRIMARY_CLINICIAN
1d13e73e-575e-4149-bb36-fd8d797611bd,de42d267-71ae-4a05-9d05-bd021a94ba07,DR. DRAUPADI DEVI,REG_UBJQKJAH,MBBS MS MCh,9496304309,,21.9,ANAESTHETIST
2b732ca7-6fc5-445f-8d27-e34e206ebb39,de42d267-71ae-4a05-9d05-bd021a94ba07,DR. SANTOSHI DEVI,REG_ELU3GGVM,MBBS,9431720000,,31.3,ANAESTHETIST
6116c2c5-ade8-4f63-bbe3-eece6fe73dae,86f87c6b-bbc9-4d7c-a22f-b605d4655338,DR. RADHA DEVI,REG_SU31GDKX,MBBS MD,7746379939,,3.5,RADIOLOGIST
80f9aecd-a97d-45f4-9ec3-aa2c81d68ab5,86f87c6b-bbc9-4d7c-a22f-b605d4655338,DR. SUSHIL KUMAR,REG_9TNGOFC7,MBBS MD,7533351832,,3.8,SURGEON
f4935fa7-3a37-43a5-aaaa-cc60b2c9614a,86f87c6b-bbc9-4d7c-a22f-b605d4655338,DR. SHYAM LAL,REG_UAG88OQ6,MBBS MS MCh,9471265955,,3.6,SURGEON
160aab48-1a81-4a35-8199-7b94c2a72766,86f87c6b-bbc9-4d7c-a22f-b605d4655338,DR. RAJU YADAV,REG_L4YTQ3Y3,MBBS DNB,9580244270,,11.1,ANAESTHETIST
e19f7f0a-5dd4-4814-b62d-343542a863d8,86f87c6b-bbc9-4d7c-a22f-b605d4655338,DR. CHAMELI DEVI,REG_KVOKBAJ9,MBBS MD,8076706522,,17.0,PRIMARY_CLINICIAN
f27d4b8f-f0e5-440e-8ed2-9b842d00680e,86f87c6b-bbc9-4d7c-a22f-b605d4655338,DR. SANTOSHI DEVI,REG_AJD5OEDE,MBBS MD DM,7090464788,,14.9,PAEDIATRICIAN
ce18761c-950f-4e99-8eef-9f6b55e40d19,86f87c6b-bbc9-4d7c-a22f-b605d4655338,DR. MEENA DEVI,REG_M4W1RQDQ,MBBS MD DM,9811648234,,2.7,PRIMARY_CLINICIAN
3d9c395b-b9e1-4bd7-873c-fadc842820e3,86f87c6b-bbc9-4d7c-a22f-b605d4655338,DR. RAMESH CHANDRA,REG_LHMJW1DK,MBBS DNB,7822702107,,20.4,ANAESTHETIST
537de10b-bf41-414b-9575-77ff9b879bbd,4e53eac0-1a87-48c6-a78e-cbd8142393f4,DR. RAVI SHANKAR,REG_8ZDG4RNO,MBBS MS,7544932465,,31.8,RADIOLOGIST
4be5b4b6-cc30-427e-bae7-9c9f79c2e40e,4e53eac0-1a87-48c6-a78e-cbd8142393f4,DR. VIVEK KUMAR,REG_72GS9E0F,MBBS MS,9710428442,,2.7,GYNAECOLOGIST
66a99ca4-c65e-4c98-8e18-61e102b50452,4e53eac0-1a87-48c6-a78e-cbd8142393f4,DR. RAJU YADAV,REG_S7LSWH9H,MBBS DA,7095814635,,30.6,PAEDIATRICIAN
3f7516b7-75cc-4a04-b8bc-09a1f396ad50,4e53eac0-1a87-48c6-a78e-cbd8142393f4,DR. PRADEEP KUMAR JAISWAL,REG_9JOG1MU7,MBBS DA,7554940365,,8.0,RADIOLOGIST
849a51ff-1293-4d03-93cd-c9aa1c705f37,4e53eac0-1a87-48c6-a78e-cbd8142393f4,DR. BRIJESH KUMAR,REG_4WV9T75C,MBBS MD DM,7047329616,,17.3,GYNAECOLOGIST
fa3e5e73-c2bd-424d-9e8f-5756502afc54,4e53eac0-1a87-48c6-a78e-cbd8142393f4,DR. DEEPAK KUMAR,REG_GK8HH87G,MBBS DA,9455976489,,13.8,PRIMARY_CLINICIAN
15baddb0-9207-4eb4-9bde-9b0d74a4fa61,4579ce56-d734-4c9a-882d-5b50dc705204,DR. MUNNI DEVI,REG_WADVRF44,MBBS,7060670871,,12.8,RADIOLOGIST
ad96a912-19b4-4d42-868a-7ad0d8152f9c,4579ce56-d734-4c9a-882d-5b50dc705204,DR. URMILA DEVI,REG_9CBW7NEP,MBBS DNB,7659377452,,32.4,RADIOLOGIST
b3cac4a4-2e71-480a-a820-4c440fabc279,4579ce56-d734-4c9a-882d-5b50dc705204,DR. KAMLA DEVI,REG_VM6UAYV6,MBBS MD DM,7596441885,,32.6,ANAESTHETIST
d6fb2390-73bb-46be-94f3-f4175eff70e2,4579ce56-d734-4c9a-882d-5b50dc705204,DR. MEENA DEVI,REG_AFJJHR0K,MBBS MS MCh,7742558477,,22.4,PRIMARY_CLINICIAN
dc406a61-cf82-4e58-bcdf-84bf1d6c79a6,4579ce56-d734-4c9a-882d-5b50dc705204,DR. ANITA DEVI,REG_936PPEB7,MBBS DNB,9687807597,,14.3,PRIMARY_CLINICIAN
179a1f02-5a1c-4ff0-831e-d6389024bdd2,4579ce56-d734-4c9a-882d-5b50dc705204,DR. URMILA DEVI,REG_M7XHMNJT,MBBS DA,9856965207,,32.7,ANAESTHETIST
ad656428-8838-4cae-91f8-926b7899c831,3234c76e-4303-4225-b839-9398cec4cdc7,DR. HARI OM,REG_ZNUT7L4F,MBBS MD DM,9714853359,,4.9,ANAESTHETIST
b4135be9-d527-4e5e-837e-e9d56bfa272b,3234c76e-4303-4225-b839-9398cec4cdc7,DR. MANOJ KUMAR PATEL,REG_85HIOCHD,MBBS DNB,7997386927,,16.6,PRIMARY_CLINICIAN
b16bc51c-20a6-4cd2-a4ab-fb999cb3afc0,3234c76e-4303-4225-b839-9398cec4cdc7,DR. GUDDU KUMAR MISHRA,REG_KAC6RUVO,MBBS DA,8020918623,,30.9,PRIMARY_CLINICIAN
b36d3374-87b5-410b-85c8-20fef33b26aa,3234c76e-4303-4225-b839-9398cec4cdc7,DR. DEEPAK KUMAR,REG_9KIKDEWG,MBBS DA,8187032752,,21.8,PRIMARY_CLINICIAN
a5664c99-6f3a-4700-882e-f737ccd533d4,3234c76e-4303-4225-b839-9398cec4cdc7,DR. VIRENDRA SINGH,REG_NJBW0C06,MBBS MD DM,8164928572,,33.3,PRIMARY_CLINICIAN
63e24442-08b7-455d-a9a7-91fec568908f,72926ebd-da37-49e2-ab3c-b839808859f6,DR. GULABO DEVI,REG_BDQIAK4P,MBBS MD DM,9741874300,,29.1,SURGEON
9119d106-ec56-4482-bf2f-5404d1723e88,72926ebd-da37-49e2-ab3c-b839808859f6,DR. GEETA DEVI,REG_2TI9MD8A,MBBS DA,7096990493,,27.5,SURGEON
e21c0669-dff6-4510-9b44-68114d565323,72926ebd-da37-49e2-ab3c-b839808859f6,DR. PUSHPA DEVI,REG_N9B7YUBQ,MBBS MS MCh,7637597071,,21.2,PAEDIATRICIAN
bbb0b298-9517-4f63-ae71-9f12de48b65a,72926ebd-da37-49e2-ab3c-b839808859f6,DR. LAKHAN LAL,REG_52TULIIM,MBBS DNB,9769328852,,33.7,ANAESTHETIST
df2ef5c4-be92-4df9-850a-05fc1cc50011,72926ebd-da37-49e2-ab3c-b839808859f6,DR. RADHA DEVI,REG_9CE4BQ1L,MBBS DA,7947138802,,7.9,GYNAECOLOGIST
2ee5a36c-0ce0-48c8-bd84-a993c0061f5d,72926ebd-da37-49e2-ab3c-b839808859f6,DR. CHAMELI DEVI,REG_PF9WWJ5L,MBBS MD DM,8127868172,,25.6,PAEDIATRICIAN
a0eddbfb-518d-4cc2-bd38-e2c583610e29,72926ebd-da37-49e2-ab3c-b839808859f6,DR. DINESH KUMAR,REG_8YCAX47F,MBBS MS,8065459399,,21.3,GYNAECOLOGIST
a6b083d7-7ab1-481f-870b-778b9d3a1c9f,e760e769-6a81-4473-b54e-25d937a168e6,DR. PREM SHANKAR,REG_8DZ3ZM35,MBBS DNB,9552650795,,14.3,ANAESTHETIST
6f3a50c6-da3f-44a5-a0d5-69f71cd9c512,e760e769-6a81-4473-b54e-25d937a168e6,DR. PHOOL KUMARI,REG_1DI1JVZR,MBBS MS,8036344134,,20.9,PAEDIATRICIAN
0ebc33b4-2d0a-4385-ae66-c3f9a1cec0c4,e760e769-6a81-4473-b54e-25d937a168e6,DR. SUNITA DEVI,REG_J838K4NA,MBBS MD,7566032864,,7.3,GYNAECOLOGIST
60522e4d-3617-4b73-8833-80cbcf07e248,e760e769-6a81-4473-b54e-25d937a168e6,DR. SUNITA DEVI,REG_QCYMGHOG,MBBS MD,7524470603,,31.6,SURGEON
fdd84a08-09d1-47ff-9992-eff5b1010781,e760e769-6a81-4473-b54e-25d937a168e6,DR. RAM PRASAD,REG_Y23AF0R5,MBBS DA,7596131532,,30.2,PRIMARY_CLINICIAN
4f3f3825-5aed-4c30-aed2-9b34595b9c2f,e760e769-6a81-4473-b54e-25d937a168e6,DR. RAKESH KUMAR,REG_CELO2S6R,MBBS MS,7659981753,,33.5,PAEDIATRICIAN
bf72a651-e31a-4b68-be1b-8c129113f29b,e2ff33c6-6b11-4a0e-9f82-74a0da350c86,DR. SHIV KUMAR,REG_8QTHDJ2F,MBBS MS,8120846009,,6.2,SURGEON
65f05c57-7784-448c-959b-581181b8e68a,e2ff33c6-6b11-4a0e-9f82-74a0da350c86,DR. RAJU YADAV,REG_MWEZJGJR,MBBS MD,7837379583,,19.2,PRIMARY_CLINICIAN
d882d054-e6bf-40a9-834d-05e075dd5e44,e2ff33c6-6b11-4a0e-9f82-74a0da350c86,DR. MANOJ KUMAR,REG_M2JNGKLN,MBBS MD DM,8165231570,,19.9,PAEDIATRICIAN
46f6bb0e-9c36-47ac-be93-6cfe17bec150,e2ff33c6-6b11-4a0e-9f82-74a0da350c86,DR. SHYAM LAL,REG_QBA6CBLR,MBBS DA,9621084261,,31.3,GYNAECOLOGIST
db16142d-199f-4017-9723-06c1cd076043,a8cf8709-3705-46ee-9b0b-5844ae8f8608,DR. SUSHILA DEVI,REG_SHZJA3CA,MBBS MD DM,7625001564,,30.6,RADIOLOGIST
77596a09-5ff3-4a0e-96bc-2a6aabc6cd41,a8cf8709-3705-46ee-9b0b-5844ae8f8608,DR. RAM PRASAD,REG_803NITIW,MBBS MS,7037109027,,9.8,PRIMARY_CLINICIAN
17622e2d-30cd-40b2-bbc5-2e9ec00bf4c5,a8cf8709-3705-46ee-9b0b-5844ae8f8608,DR. MANJU DEVI,REG_6ZS4VIXS,MBBS,9585468504,,33.9,PAEDIATRICIAN
ef158dc5-c224-44e1-89fe-24a741e3b6a8,a8cf8709-3705-46ee-9b0b-5844ae8f8608,DR. GULABO DEVI,REG_U41VODAT,MBBS MS,8034161791,,27.3,PAEDIATRICIAN
1a92c37c-eb76-409a-8986-8020cf20a40d,a8cf8709-3705-46ee-9b0b-5844ae8f8608,DR. MEENA DEVI,REG_BJS9SK1S,MBBS DNB,7826551187,,34.0,PRIMARY_CLINICIAN
7dab7137-afad-4295-9ab9-db01a07ac175,a8cf8709-3705-46ee-9b0b-5844ae8f8608,DR. DEVENDRA KUMAR NISHAD,REG_ZQCP5Y0K,MBBS MS MCh,7654877514,,5.1,ANAESTHETIST
5751944e-d664-48a6-9e9f-a1a7d6f1fe9e,a8cf8709-3705-46ee-9b0b-5844ae8f8608,DR. URMILA DEVI,REG_XBNV3XIF,MBBS MS,7712984965,,34.4,PRIMARY_CLINICIAN
8d07c745-31af-420d-b836-be9b54cf490c,a8cf8709-3705-46ee-9b0b-5844ae8f8608,DR. ANIL KUMAR KURMI,REG_1S3J84NN,MBBS MD,7914953417,,3.7,RADIOLOGIST
68061397-7415-4d38-895e-d3460286898f,04a9b909-4b22-4fc6-98e2-683bc8c848f9,DR. PREM SHANKAR,REG_X6HX1Q6R,MBBS,7528214388,,4.1,PAEDIATRICIAN
5d494501-2485-443e-a12f-21adf40eb28d,04a9b909-4b22-4fc6-98e2-683bc8c848f9,DR. SARASWATI DEVI,REG_D3SS7S6J,MBBS MS MCh,9701061767,,19.0,RADIOLOGIST
944ff9e8-676d-4efc-8321-10acb9ea2953,04a9b909-4b22-4fc6-98e2-683bc8c848f9,DR. URMILA DEVI,REG_NQFBFCBE,MBBS MD DM,9869533827,,14.8,SURGEON
4829da55-c8fc-4ea8-9128-3fb1e020f7eb,04a9b909-4b22-4fc6-98e2-683bc8c848f9,DR. RAMESH CHANDRA,REG_FX87VSWY,MBBS DNB,7043618741,,12.3,RADIOLOGIST
cf98966a-c845-411b-b245-6e7ae2607964,04a9b909-4b22-4fc6-98e2-683bc8c848f9,DR. NIRMALA DEVI,REG_0B5EKULU,MBBS MD,7532181025,,27.3,PRIMARY_CLINICIAN
87b42685-30b0-4f0e-83a3-121912b2f942,04a9b909-4b22-4fc6-98e2-683bc8c848f9,DR. SANTOSHI DEVI,REG_N0OZMMG0,MBBS MD DM,9735577670,,21.0,RADIOLOGIST
f615ce9d-d92d-4bf9-81b5-93279564f250,9f2f7283-1558-4ebe-84b5-2c48bf754ce3,DR. RAMESH CHANDRA,REG_RM2VST6Q,MBBS MS,8171818213,,13.9,RADIOLOGIST
ee26a2cf-acef-4cf4-9f46-dfd0e0fd21d8,9f2f7283-1558-4ebe-84b5-2c48bf754ce3,DR. RAVINDRA NATH KORI,REG_F7JF8HFS,MBBS MS,8154639057,,25.3,RADIOLOGIST
d49fe573-9e9b-41ba-b733-bea1f2730e17,9f2f7283-1558-4ebe-84b5-2c48bf754ce3,DR. SAROJ DEVI,REG_Z5JLMSN3,MBBS,7059194200,,8.4,SURGEON
3ae17181-f439-4127-be79-f9691a267f73,9f2f7283-1558-4ebe-84b5-2c48bf754ce3,DR. RADHA DEVI,REG_GLKZ7GKG,MBBS MS,7018928295,,31.1,ANAESTHETIST
72cb14a8-41c6-4c7c-9135-d5fa7aaa0a76,9f2f7283-1558-4ebe-84b5-2c48bf754ce3,DR. PREM SHANKAR KURMI,REG_S10CR9H6,MBBS MS,8079807622,,8.4,PRIMARY_CLINICIAN
9358f857-d948-4cd7-ad33-634d9e5e3246,9f2f7283-1558-4ebe-84b5-2c48bf754ce3,DR. LEELA DEVI,REG_1OEDAIG7,MBBS DA,9466314243,,17.4,GYNAECOLOGIST
c54e18da-55de-4872-bdc8-fa39f1f22211,9f2f7283-1558-4ebe-84b5-2c48bf754ce3,DR. GULABO DEVI,REG_RUP9FJG2,MBBS,9529905346,,30.0,GYNAECOLOGIST
dd9e24de-14db-4c94-983e-115f9247163a,5e61eaf4-4d9a-4bf5-ad2d-e905a8860727,DR. ROHIT KUMAR GUPTA,REG_Q12FTBH3,MBBS DA,9582143091,,15.8,RADIOLOGIST
cd2faa63-2af2-46b4-b611-1a8e7a4ef3c1,5e61eaf4-4d9a-4bf5-ad2d-e905a8860727,DR. KAMLA DEVI,REG_OP9P9VB3,MBBS MS MCh,7811131934,,33.3,ANAESTHETIST
c0e7d00b-30df-4939-aaf5-e5adbec6e366,5e61eaf4-4d9a-4bf5-ad2d-e905a8860727,DR. ASHOK KUMAR DUBEY,REG_PGB7Z3V2,MBBS MS MCh,7606788438,,27.8,PRIMARY_CLINICIAN
ec935e21-35d7-42a3-9912-314e2f854754,5e61eaf4-4d9a-4bf5-ad2d-e905a8860727,DR. PREM SHANKAR MAURYA,REG_Q44CHV7C,MBBS DNB,9752474058,,24.2,SURGEON
3fb22591-82d2-49b4-a241-f290fd74253f,5e61eaf4-4d9a-4bf5-ad2d-e905a8860727,DR. JAGDISH PRASAD,REG_6PI3L8V3,MBBS MS,9773725310,,25.5,PRIMARY_CLINICIAN
a2f7bedd-1561-4bd4-be38-5ca47bf474a2,5e61eaf4-4d9a-4bf5-ad2d-e905a8860727,DR. RAVINDRA NATH,REG_XJRWY2YO,MBBS MD DM,7575210967,,1.5,ANAESTHETIST
817f2674-d133-4564-a7c2-05d255dae4aa,5e61eaf4-4d9a-4bf5-ad2d-e905a8860727,DR. GEETA DEVI,REG_W0BT0IGH,MBBS MD DM,8046496910,,31.4,PRIMARY_CLINICIAN
c088e467-7d05-415d-86a9-d9de2cc6e565,5ddf7e87-91eb-4b43-9b6a-cee7be05af4b,DR. LEELA DEVI,REG_6KIMV96C,MBBS MS MCh,7780130675,,32.3,SURGEON
84ae23e6-401b-4914-be25-8db3f9bb1293,5ddf7e87-91eb-4b43-9b6a-cee7be05af4b,DR. RAJU YADAV,REG_G8S7N1CX,MBBS DA,9492208954,,6.0,GYNAECOLOGIST
33fadb90-6ed8-45a7-b8eb-87a416126241,5ddf7e87-91eb-4b43-9b6a-cee7be05af4b,DR. SUSHIL KUMAR,REG_K30GBWL6,MBBS DA,8056340010,,30.6,PAEDIATRICIAN
66ce9d6a-b5f6-4d51-8f46-433c0668c6b2,5ddf7e87-91eb-4b43-9b6a-cee7be05af4b,DR. DEEPAK KUMAR KUMAR,REG_QXQ4DE1P,MBBS DNB,9596138696,,33.5,GYNAECOLOGIST
cdbc4690-1489-46b5-b979-78a7dfda0986,183ddbc7-8a42-4100-b692-25b41d411a44,DR. KAMLA DEVI,REG_MNLPMAYM,MBBS DNB,7840800833,,23.6,GYNAECOLOGIST
e83db6d1-32cf-4195-a7a3-9cc0141e3e18,183ddbc7-8a42-4100-b692-25b41d411a44,DR. SUSHILA DEVI,REG_3YSU32B9,MBBS MS,9447236163,,29.1,PAEDIATRICIAN
eb89dc02-ea77-4235-b01e-5d0f950081ce,24411a34-0594-4ffa-bfda-178000be841c,DR. GUDDU KUMAR,REG_XJIG59RP,MBBS MD,8008694320,,21.0,SURGEON
f43edc13-07c8-4c20-99cc-3becc11fec68,24411a34-0594-4ffa-bfda-178000be841c,DR. POONAM DEVI,REG_UHXKYJN2,MBBS,7079926035,,33.0,PAEDIATRICIAN
1a1ccd24-4b59-4528-85cf-c06b6c5d099f,24411a34-0594-4ffa-bfda-178000be841c,DR. NIRMALA DEVI,REG_JO4O54X9,MBBS MD DM,7608423302,,30.5,ANAESTHETIST
9136208f-3e5d-4a77-8566-de9202bad8d2,24411a34-0594-4ffa-bfda-178000be841c,DR. GULABO DEVI,REG_D87CPMWZ,MBBS DA,7691545428,,6.1,ANAESTHETIST
ddad3c35-8689-4ecf-bcf1-bbd117c27dfe,24411a34-0594-4ffa-bfda-178000be841c,DR. VIVEK KUMAR,REG_AH6QI1NR,MBBS DNB,8130386134,,32.9,RADIOLOGIST
a2a2cddf-4560-429a-89a3-35408dc3be47,24411a34-0594-4ffa-bfda-178000be841c,DR. PRIYA KUMARI,REG_TKSVPA84,MBBS DA,8138254102,,5.8,PRIMARY_CLINICIAN
b993960f-6673-4b28-bbe6-a14e13de6797,24411a34-0594-4ffa-bfda-178000be841c,DR. VIRENDRA SINGH,REG_3GPLRTMD,MBBS MD,8096514385,,1.3,RADIOLOGIST
b55b80d0-3e13-47e2-b3ff-3d7c6b1fd751,71def1dc-e3a2-4d9f-b3b3-3a134ac38e5a,DR. RAVINDRA NATH KURMI,REG_TD6RNHD6,MBBS MS MCh,7008956236,,9.0,PRIMARY_CLINICIAN
ddb7d091-d03c-4d47-9aac-b14a7c91b226,71def1dc-e3a2-4d9f-b3b3-3a134ac38e5a,DR. ASHOK KUMAR,REG_BWP7K0LN,MBBS MD DM,7873037328,,10.5,SURGEON
9d37da05-863e-4082-88e0-aeaebdc0fd34,71def1dc-e3a2-4d9f-b3b3-3a134ac38e5a,DR. RAJEEV KUMAR DUBEY,REG_F277D7HP,MBBS DNB,9410930329,,1.3,RADIOLOGIST
78a93f55-3e16-4051-93ba-7b5eef620a44,71def1dc-e3a2-4d9f-b3b3-3a134ac38e5a,DR. RANI DEVI,REG_9G2QSJ8L,MBBS MS MCh,7563388039,,13.7,SURGEON
f05677fe-8c6a-48f1-bbf6-0aa645f2c777,71def1dc-e3a2-4d9f-b3b3-3a134ac38e5a,DR. JAGDISH PRASAD,REG_MSJ7BMZH,MBBS MD DM,7900815856,,22.6,RADIOLOGIST
55178a42-394d-4538-baf7-026d60c909e3,fc2d21cc-7648-4ebf-9a20-d6c993088189,DR. SUNITA DEVI,REG_63PO65O7,MBBS DNB,7834141148,,18.2,ANAESTHETIST
5f59b22e-125d-4442-9399-ae0eb23f83eb,fc2d21cc-7648-4ebf-9a20-d6c993088189,DR. RADHA DEVI,REG_PICTLOU7,MBBS MS MCh,8005715175,,24.6,GYNAECOLOGIST
153f4549-7f6a-4ee1-85e8-07fb42e9ae64,fc2d21cc-7648-4ebf-9a20-d6c993088189,DR. MANJU DEVI,REG_OOGIIIL6,MBBS MS,9513315895,,27.3,GYNAECOLOGIST
56c6300e-745a-4c69-9010-eb8188f3e11a,fc2d21cc-7648-4ebf-9a20-d6c993088189,DR. MANOJ KUMAR,REG_WNOMR47S,MBBS DA,7097743258,,34.8,PRIMARY_CLINICIAN
4230d814-12ae-421b-b874-db312b50d28a,fc2d21cc-7648-4ebf-9a20-d6c993088189,DR. RAMU KAKA,REG_QT8MKZW0,MBBS MS MCh,7018002763,,12.3,PAEDIATRICIAN
2318bae6-c90e-4004-956e-6a65970d2c03,fc2d21cc-7648-4ebf-9a20-d6c993088189,DR. CHAMELI DEVI,REG_1BCM0D5W,MBBS DA,8043505443,,19.0,ANAESTHETIST
77fcda32-58ba-478b-9c07-4df45b3e0811,fc2d21cc-7648-4ebf-9a20-d6c993088189,DR. BRIJESH KUMAR,REG_74HYRKDD,MBBS MS MCh,7047871864,,13.9,GYNAECOLOGIST
7eac9606-2fcb-4f61-b86a-5839b83ba46c,842d46e3-3d55-4b31-b26b-b9801a0918a8,DR. ANIL KUMAR,REG_ZBK8UIOL,MBBS,9497699559,,10.9,GYNAECOLOGIST
91e5c2ab-2725-4934-81b7-bd8ec0ceef03,842d46e3-3d55-4b31-b26b-b9801a0918a8,DR. REENA DEVI,REG_1ZGSPVG9,MBBS,9705821510,,28.0,PAEDIATRICIAN
61c2a612-ec8c-4c35-b166-017984a5648c,842d46e3-3d55-4b31-b26b-b9801a0918a8,DR. LAKHAN LAL,REG_OIQWP2J8,MBBS,7762845744,,31.3,PRIMARY_CLINICIAN
8179520b-0d14-4061-9113-351f410e7505,842d46e3-3d55-4b31-b26b-b9801a0918a8,DR. AMIT KUMAR YADAV,REG_C7NIGBLH,MBBS DA,9597000065,,33.6,GYNAECOLOGIST
ed3853d4-4d33-44ee-8b04-5b602eee200f,842d46e3-3d55-4b31-b26b-b9801a0918a8,DR. REKHA DEVI,REG_O6Y00UF1,MBBS MS MCh,9450932948,,24.1,RADIOLOGIST
11abb846-6419-44f3-804c-ee86a2cdb17a,842d46e3-3d55-4b31-b26b-b9801a0918a8,DR. REKHA DEVI,REG_ACVR6XCF,MBBS MS,8143611757,,20.3,PAEDIATRICIAN
fc007770-d856-479a-b1b0-80adcc72a66f,842d46e3-3d55-4b31-b26b-b9801a0918a8,DR. LEELA DEVI,REG_XA8H9OH4,MBBS MS,7756734531,,14.5,PRIMARY_CLINICIAN
865f789a-0e50-4eaa-af2a-0e275c6b67cd,889a8e3b-c080-4fd6-a51d-2a0f9a940daa,DR. KUSUM DEVI,REG_UVCN3XX2,MBBS MD,7931842948,,6.0,RADIOLOGIST
e7defb72-7606-4f7c-b0db-0f05c2e57cd6,889a8e3b-c080-4fd6-a51d-2a0f9a940daa,DR. USHA DEVI,REG_65G336JD,MBBS DA,9878469400,,14.5,PAEDIATRICIAN
bb3fbf54-5875-472a-8f12-f5aec6012864,889a8e3b-c080-4fd6-a51d-2a0f9a940daa,DR. NIRMALA DEVI,REG_22MBDX4S,MBBS DNB,7877228980,,6.6,PAEDIATRICIAN
6a469a59-45d4-4de2-a868-2b7d64001338,889a8e3b-c080-4fd6-a51d-2a0f9a940daa,DR. RAVI SHANKAR,REG_Q4EHSXG3,MBBS DNB,9846044586,,34.8,RADIOLOGIST
888d7899-beb9-48bd-8681-142cb4ac250c,889a8e3b-c080-4fd6-a51d-2a0f9a940daa,DR. POONAM DEVI,REG_TKKG6NXY,MBBS MS MCh,7849209244,,22.7,SURGEON
befddca4-dacf-4eae-92fa-97bd05cbcd72,889a8e3b-c080-4fd6-a51d-2a0f9a940daa,DR. RADHA DEVI,REG_IH9MNCF2,MBBS MD,8135488687,,6.9,GYNAECOLOGIST
fbd072d1-a4a9-4ff6-98b9-a79543e0e4ed,889a8e3b-c080-4fd6-a51d-2a0f9a940daa,DR. ANIL KUMAR,REG_5HB3FY3Q,MBBS DNB,9893299181,,10.6,PRIMARY_CLINICIAN
86305bdb-00da-4405-99c0-0f861f3e8e98,889a8e3b-c080-4fd6-a51d-2a0f9a940daa,DR. SANJAY KUMAR VERMA,REG_0C7M6GEK,MBBS MS MCh,7697496215,,1.2,ANAESTHETIST
20852cb3-f26e-4d50-83ac-a7a3b44cc264,bdfff4f6-d719-42e0-a099-2bc29e5af732,DR. LAKHAN LAL,REG_4UDJRT2U,MBBS MD,8044831667,,20.0,ANAESTHETIST
1f411ddf-2788-4421-8dd5-d0a9765bb1ee,bdfff4f6-d719-42e0-a099-2bc29e5af732,DR. NIRMALA DEVI,REG_7RI26KTA,MBBS MS MCh,7037028793,,16.1,PAEDIATRICIAN
567942fd-68f3-42d8-bed2-9f21739b4e94,bdfff4f6-d719-42e0-a099-2bc29e5af732,DR. DINESH KUMAR,REG_HCGNAE6N,MBBS MD,9602709120,,21.2,GYNAECOLOGIST
c86c473c-ead4-4abc-a131-e90078fec761,bdfff4f6-d719-42e0-a099-2bc29e5af732,DR. RAMESH CHANDRA PANDEY,REG_OD3D8143,MBBS DNB,9408900299,,18.0,PAEDIATRICIAN
4f303c91-8c0e-4e64-9017-f4af30f5744a,bdfff4f6-d719-42e0-a099-2bc29e5af732,DR. UMESH KUMAR DUBEY,REG_TKTAHLIC,MBBS MD,9601806316,,14.3,PRIMARY_CLINICIAN
31484979-ae44-47db-8d60-0758563f8260,bdfff4f6-d719-42e0-a099-2bc29e5af732,DR. GEETA DEVI,REG_VAYOBKZW,MBBS MD DM,9804417451,,32.5,PAEDIATRICIAN
14b592da-9b28-47bc-b365-a89ed56c9be2,2ec17cf7-15f7-4bc1-b24c-0fad95e318a1,DR. ROHIT KUMAR,REG_3YG6H54Q,MBBS MS MCh,7019171758,,6.7,ANAESTHETIST
bcd42808-5aaf-4366-8d70-655aa15bc736,2ec17cf7-15f7-4bc1-b24c-0fad95e318a1,DR. RAJU YADAV,REG_VNQEO65H,MBBS MD DM,9681578191,,12.1,PAEDIATRICIAN
c6c0ebf6-fbbb-4ba4-a16f-1acabd47c53e,2ec17cf7-15f7-4bc1-b24c-0fad95e318a1,DR. SAROJ DEVI,REG_CRNSFLD2,MBBS MS MCh,7650837135,,26.9,ANAESTHETIST
31881a7d-e300-499b-a7a2-0d4dae45e57f,2ec17cf7-15f7-4bc1-b24c-0fad95e318a1,DR. KUSUM DEVI,REG_WBNTLYYO,MBBS MS MCh,7970913117,,25.9,PRIMARY_CLINICIAN
696a2564-af0a-45d7-a4b1-0bcec16665c3,1cc54768-2d4a-4929-b71a-faadf9b03af5,DR. SARASWATI DEVI,REG_NFVF1FEQ,MBBS,9603590780,,8.6,PRIMARY_CLINICIAN
9e31ac3b-ef7d-40fa-9e8b-b575e26a3e4d,1cc54768-2d4a-4929-b71a-faadf9b03af5,DR. MANJU DEVI,REG_9FHNAMIC,MBBS DA,7859342505,,13.4,PAEDIATRICIAN
f9ded263-ba4a-464d-ab05-de71b54a0641,7469f721-a5c5-442b-8175-ba3e661ee28a,DR. GEETA DEVI,REG_JEPBLDUF,MBBS,9874632152,,31.1,SURGEON
b6d0e0af-a22e-4085-9ba6-ae05b479aca6,7469f721-a5c5-442b-8175-ba3e661ee28a,DR. RAM PRASAD,REG_OMYKDII9,MBBS,7087632384,,20.9,SURGEON
abfe7c26-f403-497a-8071-9403605aee45,7469f721-a5c5-442b-8175-ba3e661ee28a,DR. RAMU KAKA,REG_Z1P9ZR36,MBBS MD DM,9842936080,,26.2,PRIMARY_CLINICIAN
8a313826-b357-4f73-9c38-7794be19b8d8,7469f721-a5c5-442b-8175-ba3e661ee28a,DR. RAMU KAKA,REG_8LO38ZM1,MBBS DNB,7732995917,,9.7,PAEDIATRICIAN
24095a35-9477-4f59-8260-2ab44f084752,7469f721-a5c5-442b-8175-ba3e661ee28a,DR. PRADEEP KUMAR,REG_9MI6B457,MBBS MS MCh,8127187739,,26.2,ANAESTHETIST
dbd14480-1e83-4527-b0ae-83faf8ad755a,7469f721-a5c5-442b-8175-ba3e661ee28a,DR. NIRMALA DEVI,REG_LO3OLNAT,MBBS MS,7577445589,,23.9,RADIOLOGIST
ff5bc07f-68d4-48c4-ba2a-f7e740da0997,7469f721-a5c5-442b-8175-ba3e661ee28a,DR. SARASWATI DEVI,REG_419QDU0Q,MBBS MS MCh,7721624613,,7.9,PRIMARY_CLINICIAN
1bb6190e-f979-482e-b696-95b9ceb3bbc2,7469f721-a5c5-442b-8175-ba3e661ee28a,DR. RANI DEVI,REG_IXB22L3I,MBBS MD,7828710375,,25.4,RADIOLOGIST
5835ba00-59ad-4aa3-989f-8190789bdeaf,07493c1c-2032-4f04-a8be-01d65e5d0a51,DR. LEELA DEVI,REG_O3T04HXI,MBBS,7743073417,,10.4,GYNAECOLOGIST
78c49e85-07f2-49be-9ca7-04ace60492cb,07493c1c-2032-4f04-a8be-01d65e5d0a51,DR. LAXMI DEVI,REG_9L0BILDP,MBBS MS,7772477309,,23.3,RADIOLOGIST
beba087c-6066-46ea-bd22-58861ee6863c,07493c1c-2032-4f04-a8be-01d65e5d0a51,DR. SUSHILA DEVI,REG_QZNIJLAT,MBBS MD,9741360553,,12.4,GYNAECOLOGIST
c10e6892-b4f0-4e8f-9c79-d36735150bcf,07493c1c-2032-4f04-a8be-01d65e5d0a51,DR. SAVITRI DEVI,REG_O5WDNCOV,MBBS MD DM,9706934715,,11.2,PRIMARY_CLINICIAN
826502fd-484b-44f1-b93c-d7be352ae389,07493c1c-2032-4f04-a8be-01d65e5d0a51,DR. NARESH KUMAR,REG_LRKM6P1O,MBBS DA,7093979863,,31.5,GYNAECOLOGIST
e9a3c2bc-b2e2-438a-85b1-ced1a57d1037,07493c1c-2032-4f04-a8be-01d65e5d0a51,DR. GUDDU KUMAR,REG_LMACQWDG,MBBS MS,7573448171,,32.7,PAEDIATRICIAN
c6082ff6-8483-447b-b482-35d2b28bf180,758813dc-97a7-4005-8104-a90e216eacfc,DR. UMESH KUMAR,REG_CRL40XN5,MBBS,7069276590,,29.4,SURGEON
3066aafd-bd38-4d33-82c9-af5ea265abb8,758813dc-97a7-4005-8104-a90e216eacfc,DR. RAJESH KUMAR PASI,REG_DWJ3B779,MBBS DA,7804429534,,25.2,PAEDIATRICIAN
0a878917-31cd-40ae-b181-a22483b36793,b67f38fc-b061-4476-b9df-fa4782aa80b5,DR. GULABO DEVI,REG_0SIZVR7Y,MBBS MD,9633834863,,26.5,PRIMARY_CLINICIAN
0f1b845c-5cc1-483e-87bc-3203ee6809c4,b67f38fc-b061-4476-b9df-fa4782aa80b5,DR. PAPPU YADAV,REG_C11H92Y4,MBBS MD,9818807641,,28.1,GYNAECOLOGIST
20325452-50b1-4274-aaa6-39b071ec5d95,b67f38fc-b061-4476-b9df-fa4782aa80b5,DR. USHA DEVI,REG_FJZB6CTJ,MBBS DA,8031115847,,24.3,ANAESTHETIST
cc66cd9b-1b38-44b4-a934-0ebce23dfb4f,b67f38fc-b061-4476-b9df-fa4782aa80b5,DR. POONAM DEVI,REG_RE3MMP11,MBBS MS MCh,7865757167,,9.1,ANAESTHETIST
2d4e3050-26e5-48b3-9236-d14c169e6cf1,d69260e4-339a-4592-adcd-ab5e5fab0286,DR. RAM PRASAD,REG_HY7STAA2,MBBS MD,7764517136,,19.5,RADIOLOGIST
ea923bb2-eda8-47a0-bc0e-d58107a28f4d,d69260e4-339a-4592-adcd-ab5e5fab0286,DR. MEENA DEVI,REG_GUTRH01O,MBBS MD DM,9533463564,,14.8,PAEDIATRICIAN
9ad3a5ae-64ce-4b4e-9224-a3bb76584e03,d69260e4-339a-4592-adcd-ab5e5fab0286,DR. URMILA DEVI,REG_8YHGNWSU,MBBS DA,9536720565,,17.6,SURGEON
2c24d08e-6f5f-472e-850d-72ad36cf4c21,d69260e4-339a-4592-adcd-ab5e5fab0286,DR. DEVENDRA KUMAR SINGH,REG_RZCFINFG,MBBS MS MCh,7713805064,,9.6,PRIMARY_CLINICIAN
d8e62eae-5c3c-41b0-8253-7db1d75b779c,01b1ac9a-b279-4287-b7c9-672a9f739faf,DR. ARVIND KUMAR,REG_5P513YII,MBBS MS MCh,9527737026,,9.5,PAEDIATRICIAN
0141d8e7-06aa-4ee9-ac8b-a730080ebb1c,01b1ac9a-b279-4287-b7c9-672a9f739faf,DR. SUSHILA DEVI,REG_90VAXV43,MBBS,7573664124,,27.7,SURGEON
870d14a4-f60e-4ff2-a224-9a96289f5aa3,01b1ac9a-b279-4287-b7c9-672a9f739faf,DR. USHA DEVI,REG_1NX121J9,MBBS MS,9807478632,,26.9,PAEDIATRICIAN
92a10a03-9caa-49fd-98c1-553f358aa558,01b1ac9a-b279-4287-b7c9-672a9f739faf,DR. SAROJ DEVI,REG_MB2ZTESH,MBBS MD,9430527380,,7.4,GYNAECOLOGIST
271f1141-8dc9-485d-b183-aad491b53577,01b1ac9a-b279-4287-b7c9-672a9f739faf,DR. RAMU KAKA,REG_A4LOUUY2,MBBS DA,9654431996,,6.8,RADIOLOGIST
a7570891-6337-43c9-b1be-f7cb8a05a1ed,01b1ac9a-b279-4287-b7c9-672a9f739faf,DR. ANITA DEVI,REG_5OMME5B8,MBBS MD DM,9635752957,,21.5,ANAESTHETIST
9ac4dd8f-7eb6-40de-b0e3-6afc13a07dd6,01b1ac9a-b279-4287-b7c9-672a9f739faf,DR. USHA DEVI,REG_KW7P59PI,MBBS MD,7634534134,,22.7,PRIMARY_CLINICIAN
105cda13-e451-48c4-8163-af5a6ec0885e,01b1ac9a-b279-4287-b7c9-672a9f739faf,DR. SUSHILA DEVI,REG_F3A7JLTO,MBBS MD,8156449863,,23.2,SURGEON
9e566548-e5fd-4ba6-9ef0-cb27dc892290,2c47cf2f-06c6-439a-8bd4-b8057bc14e83,DR. SEEMA DEVI,REG_N70SJGCV,MBBS MD,9655875107,,26.8,GYNAECOLOGIST
25e60e8e-bbd1-426a-8fe4-8e8e44b84c4f,2c47cf2f-06c6-439a-8bd4-b8057bc14e83,DR. SANTOSH KUMAR,REG_GZES8S2I,MBBS MS,7895869905,,8.3,GYNAECOLOGIST
b2fb3d32-3100-4e0d-957e-c5da232eb8a5,2c47cf2f-06c6-439a-8bd4-b8057bc14e83,DR. SUSHIL KUMAR PASI,REG_LJP5NCXH,MBBS MS MCh,9817161793,,21.2,GYNAECOLOGIST
1d9ff99d-6108-4ebf-a9f3-840a12b54e08,2c47cf2f-06c6-439a-8bd4-b8057bc14e83,DR. MUNNI DEVI,REG_LT7I084F,MBBS DNB,9415248115,,21.7,GYNAECOLOGIST
4877a029-30da-4989-9c83-18281a15a006,2c47cf2f-06c6-439a-8bd4-b8057bc14e83,DR. SAVITRI DEVI,REG_JAKKIDFW,MBBS,9610815959,,20.1,ANAESTHETIST
5dd2989d-f712-431c-a5d8-74e283a91d42,2c47cf2f-06c6-439a-8bd4-b8057bc14e83,DR. SHIV KUMAR GUPTA,REG_8XD7ZLN9,MBBS MS MCh,9478744560,,5.1,GYNAECOLOGIST
119ebf48-a3b2-4130-9d24-4276eafa1c1a,3bfa5202-683d-4c96-b57e-d90f4e583b89,DR. RADHA DEVI,REG_XN3WR3EL,MBBS MD,7627036496,,30.6,RADIOLOGIST
07a95b4c-c9b6-4b6a-823a-d5826a18366b,3bfa5202-683d-4c96-b57e-d90f4e583b89,DR. PHOOL KUMARI,REG_PJLL3L37,MBBS DNB,7948664968,,4.9,ANAESTHETIST
2237ee91-9cd0-494a-b606-c95df0774913,3bfa5202-683d-4c96-b57e-d90f4e583b89,DR. MUNNI DEVI,REG_KI91BTMU,MBBS MD DM,9465718806,,3.0,ANAESTHETIST
331995bb-1c62-4dc1-9532-4048c19cc91f,3bfa5202-683d-4c96-b57e-d90f4e583b89,DR. SURESH KUMAR KURMI,REG_1PIAPXQ9,MBBS DA,9440723085,,23.3,ANAESTHETIST
c5802d7d-7c41-4f63-b8c7-429da586959d,3bfa5202-683d-4c96-b57e-d90f4e583b89,DR. HEMANT KUMAR DUBEY,REG_UDMKFRN9,MBBS DNB,7075241728,,29.0,PAEDIATRICIAN
50086a96-da20-4e66-88cd-f9f7ac6dda90,3bfa5202-683d-4c96-b57e-d90f4e583b89,DR. SARASWATI DEVI,REG_Y3DTFGHY,MBBS DA,7901013930,,16.2,PRIMARY_CLINICIAN
177e6804-9433-47a2-b623-ff030bdb6784,3bfa5202-683d-4c96-b57e-d90f4e583b89,DR. ROHIT KUMAR,REG_1U5HIQOH,MBBS DNB,7745096685,,24.6,GYNAECOLOGIST
41636c7c-41e2-434c-a1e7-4a755f98865a,3bfa5202-683d-4c96-b57e-d90f4e583b89,DR. SHIV KUMAR SHARMA,REG_ONIHLFLZ,MBBS MD DM,9456674854,,9.8,PRIMARY_CLINICIAN
9e314039-9188-4604-a505-fd020aeb3f38,7930b01e-fe60-4367-b07f-3ebc6726b6e3,DR. POONAM DEVI,REG_05G4VERC,MBBS DNB,9433196150,,34.3,SURGEON
fbb2c99c-4eb7-4ac6-9af5-0eafc3594ffd,7930b01e-fe60-4367-b07f-3ebc6726b6e3,DR. MANJU DEVI,REG_IE534D6F,MBBS MD,8162799660,,24.1,PAEDIATRICIAN
d1b124d9-cef1-44ac-a3a0-b85e9ce96401,7930b01e-fe60-4367-b07f-3ebc6726b6e3,DR. RADHA DEVI,REG_0P041TY7,MBBS,7643359036,,22.4,ANAESTHETIST
43d7beda-d3e6-4cc0-b352-986dc3e67d5c,7930b01e-fe60-4367-b07f-3ebc6726b6e3,DR. JAGDISH PRASAD,REG_K4FMK7Y8,MBBS MD DM,9686671518,,12.2,GYNAECOLOGIST
953f2283-6007-466c-b8b4-098e9ea73404,7930b01e-fe60-4367-b07f-3ebc6726b6e3,DR. MUNNI DEVI,REG_I2F1CX13,MBBS DA,7928074172,,11.6,ANAESTHETIST
9930d579-7c00-46d8-9127-5415c4060ce4,7930b01e-fe60-4367-b07f-3ebc6726b6e3,DR. PUSHPA DEVI,REG_I3I7ZV1O,MBBS MS,7913218754,,30.4,GYNAECOLOGIST
d82db13c-354f-4446-b4db-4d399cc30fab,7930b01e-fe60-4367-b07f-3ebc6726b6e3,DR. MUKESH KUMAR,REG_OSVLO1PQ,MBBS DA,9686360115,,26.5,PAEDIATRICIAN
150013c6-8766-4f50-8ad4-490661f881dc,7930b01e-fe60-4367-b07f-3ebc6726b6e3,DR. RAM PRASAD KUMAR,REG_1KDWR9F6,MBBS DA,9854969393,,18.4,PAEDIATRICIAN
4f0c905d-9524-4f8c-897c-256a55e4a785,ab7a702e-228b-4579-ae2a-65c150f833bf,DR. ROHIT KUMAR,REG_D1QC0M80,MBBS DNB,7563298917,,11.0,ANAESTHETIST
b36208f7-67d5-4fc9-96a9-d6eb9977c9d9,ab7a702e-228b-4579-ae2a-65c150f833bf,DR. RAJU YADAV,REG_HQYDPB4V,MBBS MS,9446444142,,9.8,PRIMARY_CLINICIAN
b9f4e093-4a06-4e32-a336-b0727e2c0af5,ab7a702e-228b-4579-ae2a-65c150f833bf,DR. MANJU DEVI,REG_1MFONH0Z,MBBS DA,7605784249,,11.3,GYNAECOLOGIST
599a2df8-a5b9-4337-8365-c26f1c7ffc8f,4829e973-f82f-4764-b305-7e52cf548e68,DR. RAJEEV KUMAR,REG_DYFP2DKX,MBBS MS MCh,7837620597,,17.2,ANAESTHETIST
40a557b6-d13c-40dd-a012-d98cb520b145,4829e973-f82f-4764-b305-7e52cf548e68,DR. MUNNI DEVI,REG_121IQBFR,MBBS,7998169273,,31.5,PRIMARY_CLINICIAN
e9d6a162-d4d9-4a23-8857-bf2fb0b96493,4829e973-f82f-4764-b305-7e52cf548e68,DR. SAVITRI DEVI,REG_QM79MEQA,MBBS MD,8009248633,,26.8,SURGEON
65f4388f-fe47-4efc-9b07-43499e1bf55e,4829e973-f82f-4764-b305-7e52cf548e68,DR. RAJESH KUMAR KURMI,REG_K8L3ZO22,MBBS MD DM,8040263026,,3.4,RADIOLOGIST
d77b35cf-41bf-430a-8337-51fb96126cee,4829e973-f82f-4764-b305-7e52cf548e68,DR. DINESH KUMAR TIWARI,REG_80F2BM2C,MBBS MS,9450169491,,24.0,ANAESTHETIST
38b5c51b-114a-4d01-8c7a-7e7dd248adc3,4829e973-f82f-4764-b305-7e52cf548e68,DR. DRAUPADI DEVI,REG_0UHC94TE,MBBS DA,9568587750,,13.5,PAEDIATRICIAN
03d782eb-2bec-409c-baee-6322a83117be,a8bca0d7-22da-4393-aa6e-c853ffe030e7,DR. ROHIT KUMAR BIND,REG_RPJTC44O,MBBS DA,7043175417,,11.0,ANAESTHETIST
e97d4f76-b1d8-4e0f-a605-fd2d09cd9612,a8bca0d7-22da-4393-aa6e-c853ffe030e7,DR. SUSHIL KUMAR,REG_3IXU4OSC,MBBS MD,7812366069,,31.6,ANAESTHETIST
6100fb9d-4f08-45c2-bd76-14c0aadb0fc3,a8bca0d7-22da-4393-aa6e-c853ffe030e7,DR. VIJAY KUMAR,REG_DUZWZERV,MBBS MD DM,9508151071,,32.1,GYNAECOLOGIST
6d1a920b-c940-4dfd-b919-74c581d4bc9a,a8bca0d7-22da-4393-aa6e-c853ffe030e7,DR. DRAUPADI DEVI,REG_W4OJTE06,MBBS DNB,7972070253,,32.1,GYNAECOLOGIST
73a3fd1f-f984-4701-8b8f-04ac55064859,a8bca0d7-22da-4393-aa6e-c853ffe030e7,DR. LAXMI DEVI,REG_MN46NF04,MBBS MD,7006726131,,27.9,PRIMARY_CLINICIAN
a6ee6621-4150-45e9-9d35-2f109087d381,a8bca0d7-22da-4393-aa6e-c853ffe030e7,DR. LEELA DEVI,REG_LDES1QSG,MBBS MS MCh,7645990930,,3.8,PAEDIATRICIAN
8c9fe32a-bd70-4d52-92d2-60fdff85427c,a8bca0d7-22da-4393-aa6e-c853ffe030e7,DR. URMILA DEVI,REG_4YWPP4B9,MBBS DNB,8060348671,,5.7,ANAESTHETIST
c51f10ed-8a70-4406-9eaf-d99db6d555b6,20f10240-070c-42f6-a7aa-4152217b8794,DR. AMIT KUMAR,REG_W4SPXC79,MBBS MD DM,9646151403,,1.2,SURGEON
aa187254-5bb3-4389-a442-1af560bb3fb8,20f10240-070c-42f6-a7aa-4152217b8794,DR. BRIJESH KUMAR,REG_CT415QA4,MBBS DNB,8060728343,,5.9,PRIMARY_CLINICIAN
4ed962ae-fc54-41ce-9e86-ee919a454065,20f10240-070c-42f6-a7aa-4152217b8794,DR. GULABO DEVI,REG_NY8IBLGF,MBBS MD,9734109255,,8.6,ANAESTHETIST
91d92b0a-69f1-4ee1-9591-f2ec2dbaf251,c0ac23d2-7ed2-48c4-be3c-67f131b622ea,DR. PUSHPA DEVI,REG_7CTHFHET,MBBS DNB,8185015003,,17.4,PRIMARY_CLINICIAN
4208e769-844f-434f-a14e-cca8670401b2,c0ac23d2-7ed2-48c4-be3c-67f131b622ea,DR. SAVITRI DEVI,REG_MSV30OSA,MBBS MS MCh,8029548682,,33.2,PAEDIATRICIAN
4e2d0037-4c03-4f5f-b2f3-e207591e3166,c0ac23d2-7ed2-48c4-be3c-67f131b622ea,DR. RANI DEVI,REG_IWFAMKUF,MBBS MS,7850597541,,16.5,ANAESTHETIST
b160871c-c5ba-473d-a688-daef1b76227c,c0ac23d2-7ed2-48c4-be3c-67f131b622ea,DR. DINESH KUMAR,REG_UQNPMV94,MBBS MS,9545094953,,4.9,PAEDIATRICIAN
dc7004e5-e3c5-4889-bc46-7b2a7233b4c3,14622dbc-3e07-4dfa-83e9-fee29cb49118,DR. KAMLA DEVI,REG_K02VWRJ5,MBBS MD,9777500514,,33.0,PAEDIATRICIAN
9fb0c5ff-3b16-4d80-828d-73e28a737cfe,14622dbc-3e07-4dfa-83e9-fee29cb49118,DR. RAMESH CHANDRA,REG_IRQ0JBB4,MBBS MS MCh,7528472104,,11.6,PAEDIATRICIAN
d9e49910-3d75-42b4-8b20-7fa8d1a35538,14622dbc-3e07-4dfa-83e9-fee29cb49118,DR. KALAWATI DEVI,REG_HPD14YZZ,MBBS MD DM,9731297628,,32.5,ANAESTHETIST
8d6ea1f8-c607-4118-b3cc-ec0034e14b60,14622dbc-3e07-4dfa-83e9-fee29cb49118,DR. ARVIND KUMAR,REG_11M3KJCL,MBBS DNB,7054794418,,29.8,PAEDIATRICIAN
895a5f83-acd6-4c31-8f9c-3eed0444040b,14622dbc-3e07-4dfa-83e9-fee29cb49118,DR. VIRENDRA SINGH,REG_5UTK1T5V,MBBS MS,9648784139,,21.3,GYNAECOLOGIST
f55a91c1-9302-44e2-8f51-9ea7e96d2f62,14622dbc-3e07-4dfa-83e9-fee29cb49118,DR. HEMANT KUMAR,REG_BSVZWAHF,MBBS DNB,7944438799,,3.9,GYNAECOLOGIST
edccb0df-86aa-45b0-b97d-3a3e98a59212,14622dbc-3e07-4dfa-83e9-fee29cb49118,DR. SHEELA DEVI,REG_F4HRDPRW,MBBS MD,7573854908,,31.9,PRIMARY_CLINICIAN
5a0268f1-fbb0-474f-a7c5-c8b854127e99,14622dbc-3e07-4dfa-83e9-fee29cb49118,DR. PREM SHANKAR,REG_B55S79JG,MBBS DA,8105792052,,8.7,RADIOLOGIST
a8add0ca-a1af-4cc4-a789-8591aa62487c,7874e354-349f-4c7f-afe1-cd8abcbf9343,DR. REENA DEVI,REG_EXC48JMK,MBBS MS MCh,7603019851,,12.1,PRIMARY_CLINICIAN
500c34ca-aef2-424a-a613-fc3e9e0adb87,7874e354-349f-4c7f-afe1-cd8abcbf9343,DR. SHEELA DEVI,REG_BOBYUJT9,MBBS DNB,9523869057,,15.8,GYNAECOLOGIST
2ba63193-dd38-4a3f-a9d9-12b36e2bc579,7874e354-349f-4c7f-afe1-cd8abcbf9343,DR. SUNITA DEVI,REG_1RTZLO2O,MBBS MS MCh,9694833047,,30.5,SURGEON
ca74b2a5-b02f-493b-8608-6c8ed48071ff,7874e354-349f-4c7f-afe1-cd8abcbf9343,DR. POONAM DEVI,REG_W6GTKEP5,MBBS MS,7684669287,,1.4,ANAESTHETIST
fe56f464-dfd1-4ddd-bf09-6bab1c85e711,7874e354-349f-4c7f-afe1-cd8abcbf9343,DR. DINESH KUMAR,REG_LO9SAM4D,MBBS MD,9779638748,,30.3,PAEDIATRICIAN
f1ce9b9a-4552-488d-a13e-64542a197f9a,7874e354-349f-4c7f-afe1-cd8abcbf9343,DR. SEEMA DEVI,REG_MO8B6V0W,MBBS,8099152416,,23.5,SURGEON
3b56cae5-6c87-4436-a29f-c6c0741f6761,415e594d-ec73-4fd4-b01a-0eae58bacad9,DR. DINESH KUMAR,REG_7TX12PK4,MBBS MS,9486290585,,17.6,PRIMARY_CLINICIAN
c04284f6-f5a4-41ce-9d14-2843319cf34d,415e594d-ec73-4fd4-b01a-0eae58bacad9,DR. ASHOK KUMAR KURMI,REG_1MJ2T935,MBBS DNB,9620675120,,6.8,PAEDIATRICIAN
53c683c9-f0a8-4c78-ac07-1d6d4f28ba3a,415e594d-ec73-4fd4-b01a-0eae58bacad9,DR. REKHA DEVI,REG_I0ACVV3V,MBBS DNB,8189883050,,10.0,PRIMARY_CLINICIAN
e1d5beff-97b7-4e48-8875-c8cb7a26ea40,415e594d-ec73-4fd4-b01a-0eae58bacad9,DR. RAJEEV KUMAR,REG_99JD0KTB,MBBS DA,7730896892,,23.7,PAEDIATRICIAN
a01d4e6d-ce27-4c59-b628-b84cd2535ea6,8b5dde1e-f33c-4840-9ed7-e11c9ef89c2d,DR. RAVINDRA NATH,REG_OLBRWZ4R,MBBS MD DM,9631100970,,6.8,PRIMARY_CLINICIAN
71965ccf-adf7-43e7-b1d6-1e9c34682716,8b5dde1e-f33c-4840-9ed7-e11c9ef89c2d,DR. KUSUM DEVI,REG_05NJFREG,MBBS MD DM,7999696420,,16.2,SURGEON
4306b5f2-f189-42d2-bb3c-ab894ccfa164,8b5dde1e-f33c-4840-9ed7-e11c9ef89c2d,DR. PUSHPA DEVI,REG_D93AL9SZ,MBBS,7973754015,,28.6,ANAESTHETIST
1195a2d9-8fed-4bbe-a951-76029765c887,8b5dde1e-f33c-4840-9ed7-e11c9ef89c2d,DR. PHOOL KUMARI,REG_5TLHRX6C,MBBS MS MCh,7860255059,,13.0,PAEDIATRICIAN
e2054266-f27b-4978-9134-f486683e4abe,8b5dde1e-f33c-4840-9ed7-e11c9ef89c2d,DR. PHOOL KUMARI,REG_3LMVZKHP,MBBS DNB,7856797765,,30.4,GYNAECOLOGIST
cdb711fd-c756-4538-a422-4296fbbaaa74,f7254784-38dd-420f-b5df-7b8d170d3452,DR. GUDDU KUMAR,REG_0B4K9WLA,MBBS,9806068235,,9.6,PAEDIATRICIAN
74278058-fd88-4acc-b456-8af85a62207f,f7254784-38dd-420f-b5df-7b8d170d3452,DR. GUDDU KUMAR,REG_D69HXVKZ,MBBS MS MCh,7670618164,,12.7,SURGEON
4ef897a0-5957-4069-8144-94e66058e4c9,f7254784-38dd-420f-b5df-7b8d170d3452,DR. MANJU DEVI,REG_UFCBO845,MBBS MS MCh,7725767427,,23.8,GYNAECOLOGIST
f92cf64d-7233-4c38-838a-648a887496fb,f7254784-38dd-420f-b5df-7b8d170d3452,DR. VIJAY KUMAR,REG_ETLTDQ4W,MBBS,7737087844,,17.2,SURGEON
0fd7ed6d-98fe-4c07-87c7-c8d3efdd6701,f7254784-38dd-420f-b5df-7b8d170d3452,DR. SUMITRA DEVI,REG_DWOCZ23Q,MBBS MS,8158773434,,17.1,PAEDIATRICIAN
b928e5b4-866f-4d83-bde2-5cba307f2a79,f7254784-38dd-420f-b5df-7b8d170d3452,DR. SHEELA DEVI,REG_GWZRPNRU,MBBS MD DM,7549479676,,33.2,PAEDIATRICIAN
6878f25d-18ef-47e1-843e-532c80e2f26d,f7254784-38dd-420f-b5df-7b8d170d3452,DR. DRAUPADI DEVI,REG_IMBMA8GT,MBBS,9681918273,,28.6,PRIMARY_CLINICIAN
459565b3-beb5-453d-9ae9-86769a7f9c0e,f7254784-38dd-420f-b5df-7b8d170d3452,DR. RADHA DEVI,REG_P60A3YVK,MBBS,9684661294,,7.2,GYNAECOLOGIST
b268e0be-b42b-4589-b1fb-6be798346e30,03980638-e27c-4ced-8df0-ecfead3b8496,DR. DEEPAK KUMAR,REG_4PVS5Z59,MBBS DNB,9700307799,,2.5,PAEDIATRICIAN
57f093e1-39fa-4238-a94e-b21ace7e8a33,03980638-e27c-4ced-8df0-ecfead3b8496,DR. SHEELA DEVI,REG_505DNZ35,MBBS MS MCh,7761973938,,28.0,PRIMARY_CLINICIAN
1778b36f-7197-4848-be50-ad2c37fc5c38,03980638-e27c-4ced-8df0-ecfead3b8496,DR. KAMLA DEVI,REG_SPF0H9VC,MBBS MD,9774433936,,6.7,SURGEON
976f9282-d5b8-416c-807c-4387dfec741f,03980638-e27c-4ced-8df0-ecfead3b8496,DR. SANTOSHI DEVI,REG_N6KR4HU1,MBBS DA,7607359313,,10.5,ANAESTHETIST
12a1544b-23b4-47ab-94e8-b6e7ddb486e5,03980638-e27c-4ced-8df0-ecfead3b8496,DR. UMESH KUMAR RAJBHAR,REG_8UPC5ZNW,MBBS MD DM,9864639470,,10.6,PRIMARY_CLINICIAN
7cf46c61-9e40-4ab2-bc73-36b7a43c6e34,fe6b0548-b615-4c70-acb7-dbf0b2167390,DR. SARASWATI DEVI,REG_SM1NZC2P,MBBS DA,8033285482,,24.3,SURGEON
56d8b163-1984-400c-96ff-e6375a542de0,fe6b0548-b615-4c70-acb7-dbf0b2167390,DR. NIRMALA DEVI,REG_9R3HN9BI,MBBS,7687914814,,28.8,PRIMARY_CLINICIAN
c2c2af69-9844-4017-99e7-73a2ad860d96,fe6b0548-b615-4c70-acb7-dbf0b2167390,DR. SHYAM LAL KUMAR,REG_3EJH9EJL,MBBS,7749289360,,33.9,PRIMARY_CLINICIAN
c8db8b7b-8f27-4f16-a9f9-a0d800de7c53,fe6b0548-b615-4c70-acb7-dbf0b2167390,DR. DINESH KUMAR,REG_YT7ALG3M,MBBS MD,9801600234,,11.0,SURGEON
8a70e649-69e0-4226-88a4-e83b0d40cae5,fe6b0548-b615-4c70-acb7-dbf0b2167390,DR. KIRAN DEVI,REG_1W3BYJZU,MBBS DNB,7847099722,,13.1,SURGEON
a75ce819-7dc2-44ba-a8ec-19a48f561a94,fe6b0548-b615-4c70-acb7-dbf0b2167390,DR. KALAWATI DEVI,REG_BJ1FTRSV,MBBS,9805970531,,4.3,PAEDIATRICIAN
e2fcfe97-fece-4ce9-a104-e0f2aefee5ac,85d41920-65fe-4bee-bc7b-77c3b478e92e,DR. RAJEEV KUMAR,REG_5ML3Y6R5,MBBS MD,9513428076,,6.3,PAEDIATRICIAN
4820fb33-7f22-43e8-97a0-96dd1da1a40d,85d41920-65fe-4bee-bc7b-77c3b478e92e,DR. KIRAN DEVI,REG_PT435WMI,MBBS MS MCh,8037020732,,22.7,ANAESTHETIST
1286bda0-5960-46ea-87d6-421a8a4e01cb,85d41920-65fe-4bee-bc7b-77c3b478e92e,DR. ANITA DEVI,REG_21JAL1FM,MBBS,7079186849,,24.8,PRIMARY_CLINICIAN
3079047d-d17a-41ba-80a4-c0b96b00ea4d,85d41920-65fe-4bee-bc7b-77c3b478e92e,DR. RAJEEV KUMAR,REG_TETVK7LW,MBBS MS,9825048296,,13.1,GYNAECOLOGIST
97ee949e-e21e-43e9-b419-24d357bddd31,85d41920-65fe-4bee-bc7b-77c3b478e92e,DR. SURESH KUMAR,REG_HXA3EL5X,MBBS MD DM,7692731917,,14.5,GYNAECOLOGIST
f935eae4-9d4b-4a26-9dc4-867c85e798d6,85d41920-65fe-4bee-bc7b-77c3b478e92e,DR. NARESH KUMAR,REG_X7FR11FI,MBBS,8127677403,,9.4,ANAESTHETIST
87d18363-7b73-4370-b874-f3cac4249121,85d41920-65fe-4bee-bc7b-77c3b478e92e,DR. RAM PRASAD,REG_VZEPVOQ7,MBBS,7834120651,,12.2,PRIMARY_CLINICIAN
6914f970-334f-4483-b51c-fc3ec67393ac,2bf50a3a-2318-4c54-ba0f-e5797d1825e9,DR. PHOOL KUMARI,REG_N8K9WTCM,MBBS MD DM,9675929793,,17.0,SURGEON
06faafbf-f123-401f-bf2b-e3c884e2ff62,2bf50a3a-2318-4c54-ba0f-e5797d1825e9,DR. SHANTI DEVI,REG_UYPU2IID,MBBS MD,9602490707,,15.3,PAEDIATRICIAN
33928832-2fa4-423a-89d0-77e273b1e2d1,2bf50a3a-2318-4c54-ba0f-e5797d1825e9,DR. MUKESH KUMAR,REG_2TDSZKES,MBBS,9481358113,,30.5,RADIOLOGIST
01ddbde9-24a3-4cea-a720-28279f6d1f7e,2bf50a3a-2318-4c54-ba0f-e5797d1825e9,DR. RAMESH CHANDRA,REG_41DI31OD,MBBS MS MCh,9540030494,,34.9,PAEDIATRICIAN
279fdd67-0ebb-4029-803b-d0bb4192bf85,55aec539-fde1-4ea1-8ae6-a6c140b652a3,DR. KAMLA DEVI,REG_SQTA6VOO,MBBS DA,7067739742,,17.8,PRIMARY_CLINICIAN
0203657c-9ef1-469e-9a14-ff1e2218fbe2,55aec539-fde1-4ea1-8ae6-a6c140b652a3,DR. LAKHAN LAL CHAUHAN,REG_JUZI7IGW,MBBS MD DM,7693603550,,15.9,PAEDIATRICIAN
e076b06a-374a-43cb-a7f7-070bb78787f9,55aec539-fde1-4ea1-8ae6-a6c140b652a3,DR. RAM PRASAD,REG_TV0RKAZB,MBBS MD,9623269537,,8.4,PRIMARY_CLINICIAN
a2a7be18-3ca9-4f11-86a9-906ea7baf4eb,678a9d99-f865-4498-9cdc-2793d64799e1,DR. UMESH KUMAR,REG_YHCRQZRO,MBBS,9641729425,,6.6,SURGEON
e36cf574-564a-4267-ac32-e5085e8f48d4,678a9d99-f865-4498-9cdc-2793d64799e1,DR. REENA DEVI,REG_XTIPKSJG,MBBS,9739852574,,7.6,ANAESTHETIST
e7edf355-f95f-4599-86f2-518df648ac3c,678a9d99-f865-4498-9cdc-2793d64799e1,DR. SUSHILA DEVI,REG_5NLD1UGE,MBBS,7740308009,,25.7,GYNAECOLOGIST
c479c7f6-e29a-4616-b449-e124c136c96b,678a9d99-f865-4498-9cdc-2793d64799e1,DR. SUSHILA DEVI,REG_21HVPIF4,MBBS MD,7845390359,,23.9,GYNAECOLOGIST
c3d3d990-b46c-4e00-8d96-fa5fbe60898c,678a9d99-f865-4498-9cdc-2793d64799e1,DR. JAGDISH PRASAD SINGH,REG_2D5OK8DE,MBBS MD,9798023905,,20.7,PRIMARY_CLINICIAN
8109e968-84be-450a-8151-dcbf09f49315,678a9d99-f865-4498-9cdc-2793d64799e1,DR. HEMANT KUMAR,REG_98FXFQ81,MBBS MD,7865284426,,16.8,PRIMARY_CLINICIAN
c9a7786e-1c6b-44a6-8e40-55a3b7645c81,60982dad-6a46-4042-8070-db1c1284ef78,DR. PRIYA KUMARI,REG_QZ6ELXMX,MBBS DNB,7974948650,,21.9,PRIMARY_CLINICIAN
705a1d8c-259a-4400-b042-ddccdbb14838,60982dad-6a46-4042-8070-db1c1284ef78,DR. PUSHPA DEVI,REG_5FWB8UN4,MBBS,7034754033,,5.5,PRIMARY_CLINICIAN
9b76b0ab-3a3f-49fb-abd0-a6955081bd1d,60982dad-6a46-4042-8070-db1c1284ef78,DR. PAPPU YADAV,REG_ESORB4Q7,MBBS MS MCh,7739435798,,21.9,ANAESTHETIST
fe969d40-4c49-4d12-85ab-0b4bb6be0e94,60982dad-6a46-4042-8070-db1c1284ef78,DR. SEEMA DEVI,REG_G47OD6Z1,MBBS,7604061271,,10.5,SURGEON
89c3ff2a-c76d-4c51-872e-1c8e5ce56c65,60982dad-6a46-4042-8070-db1c1284ef78,DR. UMESH KUMAR,REG_CWBEYSBT,MBBS MD,9568125625,,13.1,ANAESTHETIST
6184eadc-dbc9-432e-8fcb-285482c3d1df,60982dad-6a46-4042-8070-db1c1284ef78,DR. KAMLA DEVI,REG_W7YVWLEY,MBBS,7506585891,,9.3,PRIMARY_CLINICIAN
6e0d282d-38a0-444b-b113-aea734c88f27,60982dad-6a46-4042-8070-db1c1284ef78,DR. RAJU YADAV,REG_AJT62C6S,MBBS DNB,7572583089,,24.2,ANAESTHETIST
a785015f-58a8-45fd-8bd7-bf9967696812,369c4792-d860-46d9-9e91-928c88baf369,DR. PRIYA KUMARI,REG_6N27SVJK,MBBS DNB,7751013242,,13.9,PAEDIATRICIAN
62241ff1-f4ca-4e4a-8509-1b674d6e7506,369c4792-d860-46d9-9e91-928c88baf369,DR. RAKESH KUMAR,REG_WVYB2WZP,MBBS MS MCh,9590214114,,24.1,PAEDIATRICIAN
a3c9246d-194d-4778-8bea-ed01b3bd679d,369c4792-d860-46d9-9e91-928c88baf369,DR. HEMANT KUMAR,REG_I3T9WHZ7,MBBS MD DM,9898856134,,10.3,ANAESTHETIST
e9ba5812-135f-4d30-aecf-bd93b633ec57,369c4792-d860-46d9-9e91-928c88baf369,DR. SHANTI DEVI,REG_69KHZT96,MBBS DA,9659488416,,10.6,RADIOLOGIST
700157c2-2b6e-4324-8634-dba6ef7f21c5,6e6ec9a2-31f0-4e47-96bd-7c837cf0470f,DR. LAXMI DEVI,REG_7J76YU41,MBBS MD DM,9790771114,,24.8,RADIOLOGIST
3d201cdf-0a24-47f3-8fa3-44e75c8ba01e,6e6ec9a2-31f0-4e47-96bd-7c837cf0470f,DR. MEENA DEVI,REG_UW2MN2UE,MBBS DNB,7707687806,,18.7,PRIMARY_CLINICIAN
5175cc28-15b1-4496-8a9f-5ecac30cb54b,6e6ec9a2-31f0-4e47-96bd-7c837cf0470f,DR. MUNNI DEVI,REG_ZB3DG9OW,MBBS DNB,7667927728,,19.1,SURGEON
af64b8e5-e328-47fe-b628-f53c49c30441,6e6ec9a2-31f0-4e47-96bd-7c837cf0470f,DR. PHOOL KUMARI,REG_2OXQXCBF,MBBS MS,9438309286,,15.0,GYNAECOLOGIST
53b6ecfe-9e78-4be4-868a-ba9eda26e1ca,6e6ec9a2-31f0-4e47-96bd-7c837cf0470f,DR. SURESH KUMAR,REG_QMPLU3DW,MBBS MD,7898720088,,33.7,GYNAECOLOGIST
2351a8a4-05d8-42aa-990f-2a375fc2127b,6e6ec9a2-31f0-4e47-96bd-7c837cf0470f,DR. KAMLA DEVI,REG_GVBOVX22,MBBS,7880858081,,11.7,ANAESTHETIST
5f5f8b4f-d71d-46f6-8c50-8e03abb57b71,6e6ec9a2-31f0-4e47-96bd-7c837cf0470f,DR. MANOJ KUMAR TIWARI,REG_TF1KWDKB,MBBS MD,9797678779,,12.5,PAEDIATRICIAN
f89d0b7f-fb8b-4e94-bf34-62b261f18f3d,c16b7c0d-590b-4fb0-b2e7-3bb1c0f81008,DR. KIRAN DEVI,REG_3HB5SGAE,MBBS,7926455636,,16.7,RADIOLOGIST
fc537907-75f2-4f00-9aa6-7dda142e3db6,c16b7c0d-590b-4fb0-b2e7-3bb1c0f81008,DR. MANJU DEVI,REG_23IPZ0NQ,MBBS MS,9547089496,,7.2,PAEDIATRICIAN
8dc00341-9e86-41be-9d1c-60822ea46ddb,c16b7c0d-590b-4fb0-b2e7-3bb1c0f81008,DR. ASHOK KUMAR,REG_PAVU6IIV,MBBS MD,9424570772,,29.2,ANAESTHETIST
b6c073aa-d115-4ec0-919d-764ae5dda578,c16b7c0d-590b-4fb0-b2e7-3bb1c0f81008,DR. NARESH KUMAR BIND,REG_9HWW584N,MBBS DA,7726777998,,8.0,PAEDIATRICIAN
9b991ca7-13cb-4e61-8ea8-13b5902404ae,c16b7c0d-590b-4fb0-b2e7-3bb1c0f81008,DR. SANTOSH KUMAR CHAUHAN,REG_R07AL7A1,MBBS MD,7797853533,,10.4,SURGEON
3de460b9-a896-4ef0-9775-e770a5a527d9,1ea8738a-f517-427e-8744-9c7bcab365f0,DR. MEENA DEVI,REG_JX2WYC5T,MBBS DA,7823193981,,29.8,PRIMARY_CLINICIAN
e5f28cd2-62c7-436e-95b9-a8f5fd4cf362,1ea8738a-f517-427e-8744-9c7bcab365f0,DR. LAKHAN LAL SHARMA,REG_CVT12IGN,MBBS MD DM,7763393242,,17.9,ANAESTHETIST
83149e78-c640-4c3d-bac3-de97ebdce22e,1ea8738a-f517-427e-8744-9c7bcab365f0,DR. DINESH KUMAR,REG_L0R9ZNRZ,MBBS MD DM,7938714204,,30.1,ANAESTHETIST
b43426e5-1547-4c7d-9432-11c0f3f1b957,3ad4306b-33ba-495a-be38-434868832ac7,DR. AMIT KUMAR,REG_WH77LEBJ,MBBS MD,9481722704,,34.2,PAEDIATRICIAN
fb83151e-7c49-45ad-8ff0-cf12a34e12e3,3ad4306b-33ba-495a-be38-434868832ac7,DR. SHANTI DEVI,REG_6LBO49IZ,MBBS MS MCh,9638066883,,32.6,PRIMARY_CLINICIAN
c0f7531b-0397-45a0-90cd-2b1ef0c90b0c,3ad4306b-33ba-495a-be38-434868832ac7,DR. PREM SHANKAR,REG_XZG47S2N,MBBS DNB,9754662456,,13.3,GYNAECOLOGIST
2cbbf6af-39a0-4b83-8d92-d28046ceb04f,3ad4306b-33ba-495a-be38-434868832ac7,DR. MANJU DEVI,REG_4MMQ3TPE,MBBS MD,7862494326,,24.8,PAEDIATRICIAN
14974d0d-0607-455a-a13c-ec7bf2ad33e7,0eddfa85-d109-42c8-8fb8-739048a7a330,DR. SHEELA DEVI,REG_MSI8U4CO,MBBS DA,7088157356,,4.9,PAEDIATRICIAN
081a6b51-2942-483c-a620-fe934f94cb42,0eddfa85-d109-42c8-8fb8-739048a7a330,DR. ROHIT KUMAR,REG_1G00AHPO,MBBS MD,7772143823,,2.8,RADIOLOGIST
e5215e4f-fab7-48ed-8579-52d0253eb88f,0eddfa85-d109-42c8-8fb8-739048a7a330,DR. SAVITRI DEVI,REG_F4PSGJQQ,MBBS MS,9849184454,,16.9,PAEDIATRICIAN
28eb94d2-559a-496b-88e6-c09f6e062f0f,7f08db5a-758e-41ff-9702-28fa6d926ea2,DR. RAVI SHANKAR,REG_RHL0YNHJ,MBBS MD,9740099346,,9.4,PAEDIATRICIAN
dca5a26d-ad59-4ff4-87c1-c557e0de8fa9,7f08db5a-758e-41ff-9702-28fa6d926ea2,DR. RAVI SHANKAR,REG_PWVPV3JN,MBBS MD DM,8009966808,,32.7,ANAESTHETIST
21d95998-dc39-4e71-aa3d-3162e729990d,7f08db5a-758e-41ff-9702-28fa6d926ea2,DR. RAKESH KUMAR RAJBHAR,REG_YYOHJMTV,MBBS,7067339245,,5.8,GYNAECOLOGIST
daa02740-3a02-4235-bec4-9acdb7e7dd53,7f08db5a-758e-41ff-9702-28fa6d926ea2,DR. RAJESH KUMAR,REG_30OL1B2T,MBBS,7785887581,,13.3,ANAESTHETIST
146d1d3d-37cf-488f-a18e-7d0b9bb0918e,7f08db5a-758e-41ff-9702-28fa6d926ea2,DR. ANIL KUMAR,REG_W4INJCY3,MBBS MS,7993636349,,33.1,GYNAECOLOGIST
7242f883-b60e-4d26-8b1f-b270a2f339c8,27056224-0cc0-4751-97e8-82aa00a12121,DR. JAGDISH PRASAD MAURYA,REG_E14D9SNN,MBBS DNB,7589439686,,21.7,RADIOLOGIST
ff0e544d-17df-4af1-9a30-90caf8302a0a,27056224-0cc0-4751-97e8-82aa00a12121,DR. NIRMALA DEVI,REG_G4XQ3MOB,MBBS MD,7706894471,,6.6,PAEDIATRICIAN
aa320d2a-a22c-4ff8-862a-24bbe4c76407,27056224-0cc0-4751-97e8-82aa00a12121,DR. SANJAY KUMAR DUBEY,REG_SEL2NLTD,MBBS MD DM,7792556823,,8.2,ANAESTHETIST
c34aeb6b-d6c2-4d45-95c5-de8f397fcb94,27056224-0cc0-4751-97e8-82aa00a12121,DR. RANI DEVI,REG_W7DWSB0S,MBBS MD,9846365517,,12.5,GYNAECOLOGIST
5550000b-4edc-4539-8e5d-84593502e5c2,27056224-0cc0-4751-97e8-82aa00a12121,DR. SUNITA DEVI,REG_ELG4FYTN,MBBS MD DM,7019551343,,9.6,ANAESTHETIST
68b4a3b5-48f5-47d0-bb82-d9c7112de2b1,27056224-0cc0-4751-97e8-82aa00a12121,DR. LEELA DEVI,REG_SUKX5TNZ,MBBS DNB,9864903239,,23.3,RADIOLOGIST
2a2f7ad9-f18a-4277-a1a9-7ac7bf0a73a1,27056224-0cc0-4751-97e8-82aa00a12121,DR. MUKESH KUMAR TIWARI,REG_P7C84SRD,MBBS MS MCh,7086849218,,34.8,SURGEON
ea4c033b-3992-48d2-8472-e886a155ef68,27056224-0cc0-4751-97e8-82aa00a12121,DR. SUMITRA DEVI,REG_RRRGNAXB,MBBS MS MCh,8166709265,,31.2,ANAESTHETIST
c0dff5a5-e420-428d-a713-2f3acbfdbdb1,b5f97da6-b51c-4684-ae37-09d8fc8ac3a5,DR. UMESH KUMAR,REG_WNK86UAB,MBBS MD,7504891084,,23.9,ANAESTHETIST
2d1017ed-6412-4f9b-bfc1-835e9f720900,b5f97da6-b51c-4684-ae37-09d8fc8ac3a5,DR. LAXMI DEVI,REG_APNM8SPS,MBBS DNB,8070090741,,31.6,RADIOLOGIST
796b0a33-a548-4c9d-a7eb-baef02c309fb,b5f97da6-b51c-4684-ae37-09d8fc8ac3a5,DR. RAJESH KUMAR KORI,REG_04W873LJ,MBBS MS MCh,9630249141,,23.8,PRIMARY_CLINICIAN
bfee7f00-4c71-4b63-973e-5a3fac4481f2,b5f97da6-b51c-4684-ae37-09d8fc8ac3a5,DR. SANTOSHI DEVI,REG_07NUFV55,MBBS MD,9413443599,,8.3,ANAESTHETIST
08af27f7-2808-465f-a31f-5fb330db4e23,ba6ac79b-a4da-4811-a342-a7749e9b06d5,DR. RAMU KAKA,REG_ZM4STFV7,MBBS MS,9638461285,,23.9,PRIMARY_CLINICIAN
52e2ac94-a608-45e5-8d6e-ed54bb1f46b5,ba6ac79b-a4da-4811-a342-a7749e9b06d5,DR. VIJAY KUMAR,REG_G5Z1BC2H,MBBS,9489925517,,33.4,GYNAECOLOGIST
52c1aa0b-faac-47e6-912b-be51db7f54ec,37c2029e-65e3-4f0a-8c71-cb31a2f88e56,DR. SANTOSH KUMAR,REG_JFC4OOPW,MBBS MS MCh,7852638785,,8.4,RADIOLOGIST
238a46b2-a4ee-4ef9-a9f9-01e559b95740,37c2029e-65e3-4f0a-8c71-cb31a2f88e56,DR. MANOJ KUMAR,REG_O1IHZOUT,MBBS,7596112045,,24.3,ANAESTHETIST
b2cbd580-d42d-4165-904c-6dc2e32cf40e,24a8ccd5-ac48-4d76-b7d1-46ad5da7d5a2,DR. SHANTI DEVI,REG_RHC2LBPA,MBBS MD DM,9603886573,,12.3,RADIOLOGIST
0976b0f0-6099-4ade-bb98-f744c3043c26,24a8ccd5-ac48-4d76-b7d1-46ad5da7d5a2,DR. LAKHAN LAL RAJBHAR,REG_OILTM4XV,MBBS MS,9597346982,,8.6,GYNAECOLOGIST
98f1671d-4fcf-4c11-bcea-6932b52ad7e0,24a8ccd5-ac48-4d76-b7d1-46ad5da7d5a2,DR. ANIL KUMAR,REG_0CZXUMQY,MBBS DA,9401902531,,34.6,PRIMARY_CLINICIAN
6b97ce54-f564-4632-8264-8fb4f2b7482c,9c7f91cf-ca53-474b-8fa4-fa52c1f46601,DR. RADHA DEVI,REG_RDKI27DB,MBBS DA,7627386502,,11.8,GYNAECOLOGIST
4b06ea61-67ed-4f84-8193-e6ed2ddba1e4,9c7f91cf-ca53-474b-8fa4-fa52c1f46601,DR. NARESH KUMAR,REG_F0VCBIIF,MBBS,7750157344,,20.4,ANAESTHETIST
6683632e-05de-482d-a1b7-50ee673c42e8,9c7f91cf-ca53-474b-8fa4-fa52c1f46601,DR. AMIT KUMAR,REG_7JZFDSAU,MBBS,7960599115,,24.9,RADIOLOGIST
5f344879-6f12-4ff1-a2e6-a1f593effd64,9c7f91cf-ca53-474b-8fa4-fa52c1f46601,DR. GUDDU KUMAR,REG_250FKJBJ,MBBS MD DM,9841707854,,18.7,GYNAECOLOGIST
d6feee21-3624-4979-b818-03954321654e,9c7f91cf-ca53-474b-8fa4-fa52c1f46601,DR. PUSHPA DEVI,REG_UL74IS7A,MBBS MS MCh,9649440190,,4.0,RADIOLOGIST
cb47a902-d553-459d-a625-e13f0d75c88a,9c7f91cf-ca53-474b-8fa4-fa52c1f46601,DR. DRAUPADI DEVI,REG_QJAW48HS,MBBS,7571257541,,23.5,RADIOLOGIST
eaaa82fd-e907-4a6b-8b60-6860e8610bf9,9c7f91cf-ca53-474b-8fa4-fa52c1f46601,DR. RANI DEVI,REG_7SYVJIUQ,MBBS DNB,7793517528,,5.6,PAEDIATRICIAN
1532a801-b6be-4fd7-81a8-ae6fd0ea41d2,9c7f91cf-ca53-474b-8fa4-fa52c1f46601,DR. RAMESH CHANDRA,REG_WHNE6OOD,MBBS MS,7857257656,,7.9,ANAESTHETIST
7a8ae55d-6986-4907-a5a6-c0b0cc563fc7,84cb3c64-3ecc-4541-b8e8-f057bdb261b5,DR. POONAM DEVI,REG_WK680S3H,MBBS DNB,7966017856,,32.9,RADIOLOGIST
494c939d-9c38-4778-b9b0-27b34a7a55bf,84cb3c64-3ecc-4541-b8e8-f057bdb261b5,DR. VIRENDRA SINGH,REG_GYH3657H,MBBS MD,7768174728,,8.1,PAEDIATRICIAN
670e0c1a-e3b9-4b73-b3d6-2be6ed9f47c0,dd570872-afe8-481b-a77b-40b538abea65,DR. USHA DEVI,REG_LVOQVOO0,MBBS MD,7099862116,,9.6,ANAESTHETIST
10ca5347-55b0-40a6-9e1e-190a4e463739,dd570872-afe8-481b-a77b-40b538abea65,DR. ASHOK KUMAR PATEL,REG_57VRPEZR,MBBS DNB,7542925932,,23.1,RADIOLOGIST
4a5ec0f5-e304-46c1-9aaa-58ddfeca27da,dd570872-afe8-481b-a77b-40b538abea65,DR. SANJAY KUMAR,REG_UNRHTNFQ,MBBS,9694634223,,5.5,ANAESTHETIST
b5c2ef2c-e2be-4491-9ad2-7b25c2ba4e81,dd570872-afe8-481b-a77b-40b538abea65,DR. DRAUPADI DEVI,REG_EQJ0WHDA,MBBS MS MCh,7887389325,,30.7,PAEDIATRICIAN
87c590bc-7ea2-41d8-bbe3-3f63a96e3766,dd570872-afe8-481b-a77b-40b538abea65,DR. MUKESH KUMAR,REG_GQBZFCEL,MBBS MD DM,7530366137,,31.4,ANAESTHETIST
96f1781e-5676-43ec-8a78-57c69274fcdb,dd570872-afe8-481b-a77b-40b538abea65,DR. MUKESH KUMAR,REG_YP1L8TLS,MBBS MS,9688229659,,27.0,PAEDIATRICIAN
e491026e-aaae-44d0-b3f5-d3e343c19e35,537c7ad0-ba00-4d6b-84f9-77004e5657af,DR. REKHA DEVI,REG_KM17BY98,MBBS,9592483459,,27.9,PAEDIATRICIAN
860a0b20-82ff-494e-bd7f-ff2b71e3ee07,537c7ad0-ba00-4d6b-84f9-77004e5657af,DR. RAMU KAKA PATEL,REG_G2JB6H90,MBBS MS,7520659727,,18.3,PAEDIATRICIAN
034c8bd0-5fc0-4b44-9dc6-f6f46de96068,537c7ad0-ba00-4d6b-84f9-77004e5657af,DR. MUNNI DEVI,REG_UCNQZNU6,MBBS MS,7512997676,,4.4,RADIOLOGIST
ccf4efbe-e58a-4ad1-9501-a0033a523282,537c7ad0-ba00-4d6b-84f9-77004e5657af,DR. POONAM DEVI,REG_U7CVELRQ,MBBS MD,7048425475,,12.8,PAEDIATRICIAN
19615e98-4491-4c33-b01b-4ee5142fe7c9,537c7ad0-ba00-4d6b-84f9-77004e5657af,DR. SAROJ DEVI,REG_2780LTOA,MBBS DA,9515887241,,11.7,PRIMARY_CLINICIAN
09ecba62-4f21-4500-96bf-c49a52e7301b,537c7ad0-ba00-4d6b-84f9-77004e5657af,DR. RAMU KAKA,REG_S7PJR9YN,MBBS,9756499882,,31.8,PAEDIATRICIAN
e6dec7e8-391a-41b3-ae58-62589d5ce475,537c7ad0-ba00-4d6b-84f9-77004e5657af,DR. SHIV KUMAR,REG_E7U49XFR,MBBS,7937841482,,17.4,SURGEON
43ff550b-3461-4720-bfd3-f028c53da5ce,af0c2126-411f-4ebf-a509-5b165c8e064d,DR. SAROJ DEVI,REG_QG9FG550,MBBS,7728194622,,22.5,ANAESTHETIST
0d0d6f4f-5f2a-4244-928e-cf1b05a14266,af0c2126-411f-4ebf-a509-5b165c8e064d,DR. SUMITRA DEVI,REG_YRCVIDXY,MBBS,9864116969,,5.8,ANAESTHETIST
4b2ec96d-72ea-4bf8-b964-eb2224be610f,af0c2126-411f-4ebf-a509-5b165c8e064d,DR. SHEELA DEVI,REG_HZ8RTYX0,MBBS DNB,7748472862,,25.2,GYNAECOLOGIST
5ee4aed5-c966-442c-a3c5-3182a124a8be,af0c2126-411f-4ebf-a509-5b165c8e064d,DR. PUSHPA DEVI,REG_EQIKD9NS,MBBS MD,7078587749,,25.5,SURGEON
885d3c86-1076-47c2-83b6-e728b994d5c1,af0c2126-411f-4ebf-a509-5b165c8e064d,DR. SURESH KUMAR,REG_89H646OP,MBBS DNB,7540102023,,8.6,RADIOLOGIST
6ab7f85f-f5e1-45f8-b5dc-4fd7dde7eed9,af0c2126-411f-4ebf-a509-5b165c8e064d,DR. RAMU KAKA NISHAD,REG_ECKIHIUX,MBBS,8071931907,,27.3,PRIMARY_CLINICIAN
2ca18a4c-a865-488f-a237-f32fc34387d8,ab9584e4-0dd5-4187-a760-7dfa89cb6e08,DR. REKHA DEVI,REG_22R5RN0E,MBBS DNB,9795753830,,19.1,SURGEON
f3177774-37a5-4014-94d8-513248d3903d,ab9584e4-0dd5-4187-a760-7dfa89cb6e08,DR. SUNITA DEVI,REG_9AFBYTK5,MBBS,7054410040,,34.4,PAEDIATRICIAN
803af54e-fe6a-464a-a9ab-57ed3e41d3d4,ab9584e4-0dd5-4187-a760-7dfa89cb6e08,DR. SHYAM LAL,REG_ZDMRMMPH,MBBS MD DM,9470691371,,31.8,PRIMARY_CLINICIAN
b0f825fd-40f4-4863-842d-16f6fef3910e,ab9584e4-0dd5-4187-a760-7dfa89cb6e08,DR. AMIT KUMAR,REG_F67R9A8B,MBBS MD DM,7533791556,,14.4,PRIMARY_CLINICIAN
e52bbb66-f3e7-476a-b5c2-3551d8cfb5ae,ab9584e4-0dd5-4187-a760-7dfa89cb6e08,DR. MUKESH KUMAR,REG_YIWPZ8LX,MBBS,7003198778,,29.0,SURGEON
dfdcb58d-6156-4e7c-938c-fbd40498a9a4,ab9584e4-0dd5-4187-a760-7dfa89cb6e08,DR. RAVI SHANKAR,REG_SYOADO2A,MBBS,9707630893,,19.5,PAEDIATRICIAN
dfa692a8-d17f-4b48-9518-f1f0d1eaa5ef,ab9584e4-0dd5-4187-a760-7dfa89cb6e08,DR. PREM SHANKAR MAURYA,REG_WQZ2GDOP,MBBS MS MCh,8175169011,,17.8,GYNAECOLOGIST
9a09ff58-4a10-4f30-8abc-3ece5efe0a1f,d9e9beab-32ba-47c7-b316-8c2019c2f0b6,DR. DEEPAK KUMAR MISHRA,REG_J8U7EN11,MBBS MD DM,7867679266,,32.7,SURGEON
c4859b85-92ec-480f-8a90-c64f6b7244dd,d9e9beab-32ba-47c7-b316-8c2019c2f0b6,DR. HARI OM,REG_XUROLUQ5,MBBS MS MCh,8159666217,,19.7,SURGEON
05b26ca9-f1b1-4b9e-9689-22a53ccc2bed,d9e9beab-32ba-47c7-b316-8c2019c2f0b6,DR. SHEELA DEVI,REG_A6465Y3Z,MBBS DA,7533045619,,13.5,PRIMARY_CLINICIAN
ad06153c-4b50-4870-8818-f79b37f88073,d9e9beab-32ba-47c7-b316-8c2019c2f0b6,DR. RAMESH CHANDRA KUMAR,REG_8TZV7CJO,MBBS,9725710574,,19.8,SURGEON
19bdfd21-3c38-445f-8a5e-bc5c277e64cb,d9e9beab-32ba-47c7-b316-8c2019c2f0b6,DR. DRAUPADI DEVI,REG_GJPERST3,MBBS MS MCh,9528919801,,22.6,PRIMARY_CLINICIAN
921e6c53-1891-4b08-a2a1-bfee9cb764a5,d9e9beab-32ba-47c7-b316-8c2019c2f0b6,DR. ROHIT KUMAR,REG_7KVP7GH3,MBBS DNB,7589622501,,8.2,GYNAECOLOGIST
e8c9ca6a-48c4-4375-8c9e-a01ab9782298,d9e9beab-32ba-47c7-b316-8c2019c2f0b6,DR. PUSHPA DEVI,REG_AUW2DGLA,MBBS MS MCh,7926329033,,1.4,PAEDIATRICIAN
7ec85de1-8677-4738-8d0f-ed52a27abe59,d9e9beab-32ba-47c7-b316-8c2019c2f0b6,DR. MANJU DEVI,REG_YWD5YOFH,MBBS MD,7019760847,,33.1,GYNAECOLOGIST
e6b64302-67fc-4c9b-b623-1de80c905833,0c26b695-3200-4bf1-a4ae-9b9d48b07d79,DR. RAVINDRA NATH,REG_3KZ3O9BP,MBBS DNB,7961508230,,9.5,RADIOLOGIST
45833b2b-6ad0-4625-a564-1742c1cd08f2,0c26b695-3200-4bf1-a4ae-9b9d48b07d79,DR. SUSHIL KUMAR,REG_HBTBJNJV,MBBS DA,8148381020,,1.5,RADIOLOGIST
b8c7bf0d-bf72-4e22-9c2d-88028580a0c6,0c26b695-3200-4bf1-a4ae-9b9d48b07d79,DR. SUSHILA DEVI,REG_J6ZVKZR0,MBBS MS,7080678944,,21.0,ANAESTHETIST
b67ed311-c808-4e0a-932a-092355d22f4b,0c26b695-3200-4bf1-a4ae-9b9d48b07d79,DR. LAXMI DEVI,REG_TJH5TFMI,MBBS MD,7557750047,,12.6,PAEDIATRICIAN
46f97984-ca17-4a4a-80a0-e88021499305,0c26b695-3200-4bf1-a4ae-9b9d48b07d79,DR. RANI DEVI,REG_AR09R7K7,MBBS MD DM,9628059957,,23.0,PAEDIATRICIAN
73335bca-61c5-4175-aec7-3518933e92c9,0c26b695-3200-4bf1-a4ae-9b9d48b07d79,DR. JAGDISH PRASAD,REG_WXMY9S7P,MBBS,7762477769,,20.3,RADIOLOGIST
d79fb01e-520e-4b82-b97d-219bd6d1ce33,0c26b695-3200-4bf1-a4ae-9b9d48b07d79,DR. RADHA DEVI,REG_T9WNM5R5,MBBS MS MCh,9778537070,,15.2,PAEDIATRICIAN
f328630c-c094-4b1c-8252-18c22df9463e,0c26b695-3200-4bf1-a4ae-9b9d48b07d79,DR. MEENA DEVI,REG_TCT7SOI7,MBBS MS,7512755428,,10.6,SURGEON
35fb8a5f-8640-4460-9cac-8c8dabc7febe,35d13594-7d71-4af5-b9a4-593c846ee525,DR. CHAMELI DEVI,REG_1GPQ2O0E,MBBS MS MCh,7568644223,,11.4,PAEDIATRICIAN
6a995536-081b-4692-80b4-70d500f40e0d,35d13594-7d71-4af5-b9a4-593c846ee525,DR. ANIL KUMAR KURMI,REG_1WI4T2ZW,MBBS DNB,9722469695,,34.2,SURGEON
58bfc7d4-0e1e-465f-b4e8-35adbe1ed2e8,35d13594-7d71-4af5-b9a4-593c846ee525,DR. PRADEEP KUMAR,REG_0QAI0EF2,MBBS,9752805810,,1.8,RADIOLOGIST
908ea943-ab91-4991-90a8-7ad7f3a02252,35d13594-7d71-4af5-b9a4-593c846ee525,DR. RAKESH KUMAR,REG_HTBD00B1,MBBS MS,9537658955,,4.6,ANAESTHETIST
2432630f-118c-442b-843f-26e501e3de02,dac7e629-3879-4271-8080-e2d19d7abe61,DR. GEETA DEVI,REG_GZ2D6NIY,MBBS DA,9815438209,,21.9,ANAESTHETIST
0b83e816-eb4d-4a7b-a299-0c2c57d0793f,dac7e629-3879-4271-8080-e2d19d7abe61,DR. PHOOL KUMARI,REG_42310FM6,MBBS MS MCh,8081072478,,28.7,RADIOLOGIST
7beb4295-ce24-4dd9-b264-37526787e6b9,b0f66a2c-793a-4064-8e9b-af17984a259f,DR. LAKHAN LAL SHARMA,REG_YQ1H3G9F,MBBS MD,9698299711,,21.0,SURGEON
881d220b-918d-4700-b308-32d15a01573b,b0f66a2c-793a-4064-8e9b-af17984a259f,DR. MEENA DEVI,REG_630L0RAT,MBBS,7579156563,,10.9,GYNAECOLOGIST
285c8888-98a6-4cd2-8c09-5dc20fe0c49e,b0f66a2c-793a-4064-8e9b-af17984a259f,DR. KUSUM DEVI,REG_Z4165HX7,MBBS MS,9448814663,,4.6,ANAESTHETIST
14cd9971-2383-459d-8608-3f8863aa9d4c,b0f66a2c-793a-4064-8e9b-af17984a259f,DR. KUSUM DEVI,REG_O8LZR4JJ,MBBS DA,7857309851,,12.1,RADIOLOGIST
252b967a-e617-432a-bbad-67b20bf677f7,b0f66a2c-793a-4064-8e9b-af17984a259f,DR. RAJESH KUMAR PASI,REG_CW2AKLH9,MBBS DNB,7775315076,,34.8,PRIMARY_CLINICIAN
6eab31e3-28af-4f97-8062-d1966a205980,f797271d-dc74-4cfe-b2d4-6f8490b5a758,DR. USHA DEVI,REG_0FG87O91,MBBS,8014746395,,17.0,GYNAECOLOGIST
fba6a0e0-6b00-48cc-b5f0-bdbc8b8f47f0,f797271d-dc74-4cfe-b2d4-6f8490b5a758,DR. SUMITRA DEVI,REG_1YDA2C0F,MBBS MS,7968376031,,4.8,ANAESTHETIST
47e8e918-ef65-48e6-9a5a-f39d03a0099f,f797271d-dc74-4cfe-b2d4-6f8490b5a758,DR. PREM SHANKAR,REG_N6N97SJG,MBBS MS MCh,8034706220,,11.2,RADIOLOGIST
4ca46299-7833-4f7f-8140-61be210d4677,f797271d-dc74-4cfe-b2d4-6f8490b5a758,DR. USHA DEVI,REG_GUW8MSYK,MBBS,9726619036,,6.8,RADIOLOGIST
690076ae-20e7-4b4f-9e43-f46f5fd20b67,f797271d-dc74-4cfe-b2d4-6f8490b5a758,DR. PRADEEP KUMAR JAISWAL,REG_01AF2NX2,MBBS MS MCh,7840934948,,25.5,ANAESTHETIST
06ff81c8-1fb0-459c-bba7-c3d4d19b4460,f797271d-dc74-4cfe-b2d4-6f8490b5a758,DR. NARESH KUMAR,REG_XUJSW344,MBBS MD DM,9740296355,,17.6,PAEDIATRICIAN
4d7420ef-9c06-4890-b123-9d9ece1d2a84,f797271d-dc74-4cfe-b2d4-6f8490b5a758,DR. PREM SHANKAR,REG_QQQFQGLI,MBBS MD,8139002330,,18.3,RADIOLOGIST
bbc7488d-1480-4e07-95f5-a2e4eb27a376,f797271d-dc74-4cfe-b2d4-6f8490b5a758,DR. HEMANT KUMAR DUBEY,REG_I2CDWIHD,MBBS DNB,7681821587,,19.8,PAEDIATRICIAN
b96ada70-3b89-4745-b0a9-1e9fa968d492,d3bcd033-d541-46a7-b8ec-8b8160691de0,DR. RAJESH KUMAR,REG_5Q1I23T6,MBBS DNB,7009112862,,28.9,SURGEON
c91a4224-6828-4c48-a520-bcb355dfd4b7,d3bcd033-d541-46a7-b8ec-8b8160691de0,DR. REENA DEVI,REG_HQRZ532P,MBBS MD,8191894430,,21.9,RADIOLOGIST
4426ad48-f2d4-445b-95c1-ea197a6eaa80,d3bcd033-d541-46a7-b8ec-8b8160691de0,DR. VIVEK KUMAR PANDEY,REG_ARHHXCDY,MBBS MS MCh,8105761594,,9.4,GYNAECOLOGIST
320dedf7-0c60-4177-9622-6d8e67b29a7e,d3bcd033-d541-46a7-b8ec-8b8160691de0,DR. SARASWATI DEVI,REG_VSGX84L6,MBBS MS,7961966887,,32.4,GYNAECOLOGIST
740b71a1-1b18-4312-a9dd-494ab0e7b3e7,b342c6dc-22fb-44bd-b333-9db0f6d69463,DR. REKHA DEVI,REG_Q1YQEFRB,MBBS MD DM,7061797364,,11.5,PRIMARY_CLINICIAN
c57d9a8b-5836-4297-b681-3671fd891e51,b342c6dc-22fb-44bd-b333-9db0f6d69463,DR. VIRENDRA SINGH,REG_ZTN3L3OI,MBBS MS MCh,9732165083,,32.1,SURGEON
5d408db3-ae3d-431d-8c66-c30a2dde1bec,b342c6dc-22fb-44bd-b333-9db0f6d69463,DR. RADHA DEVI,REG_PJ0KT3RP,MBBS DNB,7648321414,,5.9,GYNAECOLOGIST
76d3e08c-9b69-499c-a7ba-d24daf94ecbd,b342c6dc-22fb-44bd-b333-9db0f6d69463,DR. SANJAY KUMAR SINGH,REG_AWR0OV8Z,MBBS MD DM,9520714613,,12.9,RADIOLOGIST
a7d880b1-2691-460a-a9bf-de360ecfc10d,b342c6dc-22fb-44bd-b333-9db0f6d69463,DR. SUNITA DEVI,REG_3YYN8NZ4,MBBS DNB,9415710962,,32.4,PRIMARY_CLINICIAN
f176f4f6-f594-47bd-bad4-1ac5601433d1,b342c6dc-22fb-44bd-b333-9db0f6d69463,DR. DEEPAK KUMAR,REG_32SFVH5G,MBBS DA,9776226529,,3.0,SURGEON
6426bc9c-5100-431a-b5cf-e2fd092ed25c,9643f308-b07f-45ab-8906-08a9e8b27e58,DR. RAJESH KUMAR,REG_HLPDMBWX,MBBS MD,9671228502,,15.5,ANAESTHETIST
a3cb53ad-972a-4e69-90dd-ee4d3e049ab7,9643f308-b07f-45ab-8906-08a9e8b27e58,DR. KUSUM DEVI,REG_GXCE6LNP,MBBS DNB,7532290442,,32.9,GYNAECOLOGIST
e9f971fb-d376-4a49-9256-6f5129f22cf3,9643f308-b07f-45ab-8906-08a9e8b27e58,DR. BRIJESH KUMAR,REG_0YER118H,MBBS MD,8138017743,,9.7,GYNAECOLOGIST
eb9eeb7b-2ded-4949-9768-cb9c088a5f30,9643f308-b07f-45ab-8906-08a9e8b27e58,DR. POONAM DEVI,REG_ZTWTMGBY,MBBS MS,9525350717,,5.2,PRIMARY_CLINICIAN
e785585a-1290-4aca-aeba-5c546ac840e9,9643f308-b07f-45ab-8906-08a9e8b27e58,DR. SARASWATI DEVI,REG_LE8O8UVP,MBBS MD,8189907146,,23.2,ANAESTHETIST
9340ce51-5e72-431b-9a80-97d42732ec01,c40bea65-5718-446f-ac83-17c68116b849,DR. REENA DEVI,REG_S346AMIQ,MBBS MS MCh,9519560838,,12.0,GYNAECOLOGIST
fc3fc048-2cf1-43d7-a977-52e539a5edd8,c40bea65-5718-446f-ac83-17c68116b849,DR. LAKHAN LAL,REG_9XODZPHA,MBBS DNB,7050418698,,1.9,RADIOLOGIST
3bdcf44f-c50c-478b-8456-4e53d92fcd3e,c40bea65-5718-446f-ac83-17c68116b849,DR. RAJESH KUMAR KUMAR,REG_UCJ09OWX,MBBS,8079535115,,9.1,RADIOLOGIST
13344771-910a-4c3c-9364-daf38a72bb7c,0306bb9f-3644-4d8b-ab42-d532c54439c3,DR. MUNNI DEVI,REG_SO5V3GSO,MBBS MD,7830291907,,24.1,SURGEON
d108b449-0ae3-49b4-8adc-c30953ce2543,0306bb9f-3644-4d8b-ab42-d532c54439c3,DR. RAJU YADAV,REG_NJQBVAV1,MBBS DNB,9777116525,,17.1,PAEDIATRICIAN
8cf95c7c-ff1f-4ddb-873f-990994bfd6b9,0306bb9f-3644-4d8b-ab42-d532c54439c3,DR. RAKESH KUMAR,REG_JFU0V4YK,MBBS DNB,7884522998,,6.7,PAEDIATRICIAN
8f0451ed-b003-455e-8a3b-9fcc64d77732,0306bb9f-3644-4d8b-ab42-d532c54439c3,DR. SUMITRA DEVI,REG_NFL0DG26,MBBS MD DM,7013433362,,16.1,ANAESTHETIST
f8de4c00-67a1-4a08-adaf-d76bf3a0f98e,0306bb9f-3644-4d8b-ab42-d532c54439c3,DR. SHIV KUMAR,REG_X1R3WK9T,MBBS MS MCh,7032332834,,9.6,RADIOLOGIST
13c5260d-0830-4a1c-8afa-fe626f81ea53,0306bb9f-3644-4d8b-ab42-d532c54439c3,DR. MUNNI DEVI,REG_A0G464EX,MBBS MS,7968690149,,5.3,SURGEON
42bc7efe-75e0-430e-815f-1f8aee277182,0306bb9f-3644-4d8b-ab42-d532c54439c3,DR. RANI DEVI,REG_8FKOTFG5,MBBS,7535762344,,12.0,PRIMARY_CLINICIAN
28611559-ba59-4447-939b-a1134e72a810,0306bb9f-3644-4d8b-ab42-d532c54439c3,DR. PAPPU YADAV,REG_SRW463YM,MBBS,8137780526,,32.4,RADIOLOGIST
9d92d57c-814a-4151-82c9-fb07ce36b9dd,826bb3c7-e3a4-46d7-a157-b370dc2e7ec0,DR. ANIL KUMAR RAJBHAR,REG_WUBNHYG1,MBBS MD,7090509149,,3.1,RADIOLOGIST
e31335b4-cd98-447d-b126-f2af03703342,826bb3c7-e3a4-46d7-a157-b370dc2e7ec0,DR. KIRAN DEVI,REG_EDNFJB7Y,MBBS,8149776504,,6.0,PRIMARY_CLINICIAN
d9c264df-6104-4456-997f-fe18defc989d,1ab89dc0-9656-4e5d-be4c-cb4af81cb6ca,DR. KALAWATI DEVI,REG_PUZ1S3VE,MBBS MS,9849716225,,9.1,RADIOLOGIST
f64186c7-cb61-48c2-8384-46013f0cb502,1ab89dc0-9656-4e5d-be4c-cb4af81cb6ca,DR. RAM PRASAD,REG_FQ4SFWYD,MBBS MS MCh,7968013328,,22.8,PAEDIATRICIAN
e87f2a6f-8012-4494-a61d-297c7a24c995,1ab89dc0-9656-4e5d-be4c-cb4af81cb6ca,DR. POONAM DEVI,REG_SQAEVN7P,MBBS MD DM,9490754504,,2.0,PAEDIATRICIAN
82af7155-5de5-4faf-885d-ec95d2e76ab1,1ab89dc0-9656-4e5d-be4c-cb4af81cb6ca,DR. RAM PRASAD,REG_EEBNS4IR,MBBS DA,9645774944,,33.5,PAEDIATRICIAN
6f4df095-2f1b-4757-84eb-435ba5b584c5,1ab89dc0-9656-4e5d-be4c-cb4af81cb6ca,DR. REKHA DEVI,REG_B96GIVON,MBBS DNB,9408440646,,11.8,ANAESTHETIST
1758a802-c14e-4eb8-9238-3ffb919cd650,1ab89dc0-9656-4e5d-be4c-cb4af81cb6ca,DR. PUSHPA DEVI,REG_FEIA7RR2,MBBS DA,9417306841,,30.0,PRIMARY_CLINICIAN
074f56bc-a643-4591-82c9-fc183f905e37,1ab89dc0-9656-4e5d-be4c-cb4af81cb6ca,DR. SUNITA DEVI,REG_D1L74WE9,MBBS DNB,7966791860,,28.7,PRIMARY_CLINICIAN
59b24656-e0f8-4886-8553-f961d3cf6b74,1ab89dc0-9656-4e5d-be4c-cb4af81cb6ca,DR. SHANTI DEVI,REG_ZMB9N1RE,MBBS MD,9782417309,,5.7,SURGEON
a46a8376-23d8-4597-be4f-e04d3ace67a5,95b396b3-a7b5-4ead-950a-344bb0e2e82d,DR. MEENA DEVI,REG_JYHOEY7Y,MBBS MD DM,7763013914,,32.2,SURGEON
9b4d8299-6852-4ef5-99c7-0be98de084f1,95b396b3-a7b5-4ead-950a-344bb0e2e82d,DR. UMESH KUMAR,REG_60C77ISR,MBBS,7534105682,,32.2,GYNAECOLOGIST
8df3a476-dcb8-4a31-af0e-72641f4c0a17,95b396b3-a7b5-4ead-950a-344bb0e2e82d,DR. RADHA DEVI,REG_F4PXOG97,MBBS MS,9430780375,,28.9,PAEDIATRICIAN
e8d36233-c80a-4dde-8c91-42f74a91cb14,95b396b3-a7b5-4ead-950a-344bb0e2e82d,DR. JAGDISH PRASAD,REG_68HB36X6,MBBS MD,9786473259,,30.2,GYNAECOLOGIST
243f9fa0-e577-4f81-bfb1-e60b9a1d0b39,95b396b3-a7b5-4ead-950a-344bb0e2e82d,DR. MANOJ KUMAR,REG_T39K8ESH,MBBS MS,9486048333,,32.4,GYNAECOLOGIST
114fd4e7-2221-45aa-bdbd-24ee4ab742c5,95b396b3-a7b5-4ead-950a-344bb0e2e82d,DR. CHAMELI DEVI,REG_1M308M79,MBBS MS,9799064443,,10.2,RADIOLOGIST
fad8688b-745f-4fc4-8388-baa8705d9f04,95b396b3-a7b5-4ead-950a-344bb0e2e82d,DR. SUSHIL KUMAR,REG_TTDPZ9HS,MBBS DNB,8108670754,,24.8,ANAESTHETIST
19296be2-587e-43ea-a0b1-063338f619ff,e82a7601-d470-48ca-9608-5019c046d880,DR. SARASWATI DEVI,REG_KCG6MJKV,MBBS MS MCh,9448737700,,12.0,GYNAECOLOGIST
39880599-a2f2-41f9-97be-96f0c5446332,e82a7601-d470-48ca-9608-5019c046d880,DR. SARASWATI DEVI,REG_70IJ4349,MBBS MD,7583732635,,9.0,RADIOLOGIST
36645b40-6a43-4cc2-9aba-3d92b658bc29,e82a7601-d470-48ca-9608-5019c046d880,DR. MEENA DEVI,REG_FHFB7A0Z,MBBS MD,7553907699,,22.5,ANAESTHETIST
8b18a7cb-a6bc-436f-999c-565e54394e33,e82a7601-d470-48ca-9608-5019c046d880,DR. PREM SHANKAR,REG_8IRH8VIP,MBBS,9581782804,,7.9,GYNAECOLOGIST
33bbe612-8e01-4347-af0a-9ded0e169631,d2d71c15-213b-466d-89a0-cf8cd46262dd,DR. HARI OM,REG_WD4434EO,MBBS MD DM,7917407346,,26.4,GYNAECOLOGIST
768e7d95-5612-4d37-b8ee-3ffe8e2224e4,d2d71c15-213b-466d-89a0-cf8cd46262dd,DR. RAJEEV KUMAR,REG_0KYINQSV,MBBS MD DM,7763471554,,30.6,SURGEON
1d01f9d9-f3e2-4998-8bda-3f601b5935b9,d2d71c15-213b-466d-89a0-cf8cd46262dd,DR. SANTOSH KUMAR RAJBHAR,REG_J72GJCJA,MBBS MS,7911931592,,18.1,PAEDIATRICIAN
74631f45-1ff6-445b-b208-1f9a1506a413,d2d71c15-213b-466d-89a0-cf8cd46262dd,DR. HEMANT KUMAR SINGH,REG_UU959YDH,MBBS,8029464482,,15.1,SURGEON
09d184e6-b931-4b69-8bde-1fd6babb4e8e,d2d71c15-213b-466d-89a0-cf8cd46262dd,DR. SEEMA DEVI,REG_V7VESILO,MBBS MD DM,7825285017,,12.4,RADIOLOGIST
aa2d8f98-dc61-4ecc-96d3-d69aa30181e9,d2d71c15-213b-466d-89a0-cf8cd46262dd,DR. RANI DEVI,REG_LASQEFZ5,MBBS DNB,9512371212,,4.2,PRIMARY_CLINICIAN
0b0a82c2-0377-462b-b625-f8769fd868ab,d2d71c15-213b-466d-89a0-cf8cd46262dd,DR. SANTOSHI DEVI,REG_AIROQZU4,MBBS DNB,7829067104,,15.1,ANAESTHETIST
1cee6e32-57bf-4427-9135-fbd247214310,d2d71c15-213b-466d-89a0-cf8cd46262dd,DR. SUSHIL KUMAR,REG_LUOPWFO5,MBBS MD,7919899361,,5.6,GYNAECOLOGIST
8ef69706-0d65-455d-96b2-de2827bec1f1,553815e9-2e4c-4548-b1aa-384955efe102,DR. MANJU DEVI,REG_BU1RXDZE,MBBS DNB,9888256409,,7.3,ANAESTHETIST
87ef6342-15b4-483b-bcc0-008091f89f49,553815e9-2e4c-4548-b1aa-384955efe102,DR. GEETA DEVI,REG_255V280U,MBBS DA,9580343930,,20.9,PRIMARY_CLINICIAN
2cc7df3d-9898-4725-bb2f-ed639ba26f05,553815e9-2e4c-4548-b1aa-384955efe102,DR. MUNNI DEVI,REG_Q5IWJOHK,MBBS,7874023686,,27.6,PAEDIATRICIAN
c8115fca-79a6-4006-bca8-b47fbee0736f,553815e9-2e4c-4548-b1aa-384955efe102,DR. HEMANT KUMAR,REG_08K9J5R0,MBBS MD DM,8179900632,,2.4,SURGEON
11aa5cd8-fba9-4a18-b640-b60713b474ae,553815e9-2e4c-4548-b1aa-384955efe102,DR. GUDDU KUMAR TIWARI,REG_OHYICPA3,MBBS DA,8087750195,,7.2,ANAESTHETIST
398a4203-bd28-4bab-a9e4-8611d3f60387,553815e9-2e4c-4548-b1aa-384955efe102,DR. PREM SHANKAR,REG_0Y67FMRD,MBBS MD DM,8034401745,,4.7,SURGEON
f12cd63a-9a62-40a0-80f3-23e26a627055,553815e9-2e4c-4548-b1aa-384955efe102,DR. REENA DEVI,REG_X3YVDK7J,MBBS,9639646826,,11.3,SURGEON
fcd1a7a4-38cd-46c5-9ba1-7a7dfd5c7b48,553815e9-2e4c-4548-b1aa-384955efe102,DR. DINESH KUMAR,REG_U5SASG0A,MBBS MS MCh,7032222017,,32.4,GYNAECOLOGIST
be581e67-964d-45ea-b987-23a5c9e7ed4b,0fdb4a5d-7ce4-4089-8a48-4f60009d0228,DR. SHANTI DEVI,REG_Z22W1PVT,MBBS MD,7059890692,,24.9,GYNAECOLOGIST
d46f1063-8107-4d2b-8f19-4a56c4d2d338,0fdb4a5d-7ce4-4089-8a48-4f60009d0228,DR. PUSHPA DEVI,REG_G5A2ZRHW,MBBS MS MCh,9717240000,,1.2,ANAESTHETIST
f20488fb-168e-483f-b5e0-40733a2992b8,0fdb4a5d-7ce4-4089-8a48-4f60009d0228,DR. RAM PRASAD,REG_00JG4BFY,MBBS DNB,7768317889,,27.3,RADIOLOGIST
8a2cee78-d7ef-4db1-93f1-a3e77d73eef0,0fdb4a5d-7ce4-4089-8a48-4f60009d0228,DR. RAVINDRA NATH,REG_TL88PLF6,MBBS,9564920537,,1.6,GYNAECOLOGIST
3eba95fb-122a-4116-b282-4ceacb60be83,0fdb4a5d-7ce4-4089-8a48-4f60009d0228,DR. PHOOL KUMARI,REG_J2YXD6PM,MBBS MD DM,7868601806,,11.3,ANAESTHETIST
b7b15083-da5c-4d1f-9394-6b898317a5ff,0fdb4a5d-7ce4-4089-8a48-4f60009d0228,DR. HEMANT KUMAR,REG_DJAGSX3X,MBBS MD DM,7837088567,,13.3,GYNAECOLOGIST
9360eeb3-f393-4a19-a406-cf5fcee91361,0fdb4a5d-7ce4-4089-8a48-4f60009d0228,DR. KUSUM DEVI,REG_FSB46T5T,MBBS DA,8126102402,,16.6,PAEDIATRICIAN
0c51a82f-9417-4cbe-a45a-f08414847dda,0fdb4a5d-7ce4-4089-8a48-4f60009d0228,DR. SEEMA DEVI,REG_36FETHXR,MBBS MD,9693392183,,35.0,GYNAECOLOGIST
4f42e661-5564-4613-b558-54fc2c96c6a8,1d3a19ae-1cbb-4be6-9eb5-c7fb27c37f56,DR. BABLU KUMAR KURMI,REG_YVIM8K2S,MBBS MS MCh,9849803594,,34.5,PAEDIATRICIAN
bbb2e73b-4c2c-46fd-8c5e-5f2460dfc4dd,1d3a19ae-1cbb-4be6-9eb5-c7fb27c37f56,DR. PHOOL KUMARI,REG_EBCMCBIK,MBBS DA,7094984399,,35.0,PRIMARY_CLINICIAN
098ff47a-c94a-4965-89fc-182e35b7648e,89922aea-4531-4d7a-bd0f-f69598d210d9,DR. SUSHIL KUMAR,REG_Y0ARSCHH,MBBS MS,9868100912,,4.5,PRIMARY_CLINICIAN
46386ecb-ce65-45ce-ae79-c1c37a735710,89922aea-4531-4d7a-bd0f-f69598d210d9,DR. RAJESH KUMAR RAJBHAR,REG_G7B5YX8N,MBBS DNB,8057268041,,8.2,GYNAECOLOGIST
6217b63f-d7fe-48e0-9024-1569a4a92af1,89922aea-4531-4d7a-bd0f-f69598d210d9,DR. SANTOSHI DEVI,REG_7KVM2Y8M,MBBS MS MCh,9606355776,,30.8,PAEDIATRICIAN
e5621718-723d-4b97-8b6b-5dcfd90f9c38,89922aea-4531-4d7a-bd0f-f69598d210d9,DR. KALAWATI DEVI,REG_EB6YT02F,MBBS MS MCh,7067646567,,12.6,PAEDIATRICIAN
d2ab1622-b528-4151-b6c4-9f94fe0e509c,89922aea-4531-4d7a-bd0f-f69598d210d9,DR. KUSUM DEVI,REG_UOEZHC5Y,MBBS MS MCh,9749673816,,9.9,PAEDIATRICIAN
4c0a6a05-2531-4f39-910c-02083622bee1,e2e727d4-9d94-4289-b802-c49ccd07eacf,DR. RAJESH KUMAR JAISWAL,REG_P06RQKH5,MBBS DA,9588792022,,33.1,RADIOLOGIST
a960d29f-9489-4f33-8f91-e2826af6667b,e2e727d4-9d94-4289-b802-c49ccd07eacf,DR. NIRMALA DEVI,REG_TQZ2RGLR,MBBS,7887802669,,8.7,PAEDIATRICIAN
781e96ca-9e60-4dc7-badf-bc9449ff234a,e2e727d4-9d94-4289-b802-c49ccd07eacf,DR. REKHA DEVI,REG_8WTK62GU,MBBS MS MCh,7017808526,,16.0,GYNAECOLOGIST
e9911483-e62c-4e02-ac7a-93aebe68b220,e2e727d4-9d94-4289-b802-c49ccd07eacf,DR. KALAWATI DEVI,REG_O1IXP0A7,MBBS MS MCh,7753800695,,1.8,ANAESTHETIST
c09a65e6-50fe-41cd-b848-b9bbfbd828b6,e2e727d4-9d94-4289-b802-c49ccd07eacf,DR. SANTOSH KUMAR,REG_0S9Z6QYL,MBBS DA,9415767786,,26.5,PAEDIATRICIAN
54c09f00-ddc5-4cdd-a61a-a302a10f1c09,e2e727d4-9d94-4289-b802-c49ccd07eacf,DR. RAJU YADAV BIND,REG_ERE2DHFN,MBBS DA,8061553406,,31.3,PRIMARY_CLINICIAN
d849156c-e014-4154-8339-b8683b127ca6,eae81fbf-5d63-4f6c-8ac7-e57c3756f6ea,DR. DINESH KUMAR,REG_Q8V91QEU,MBBS DNB,7699669349,,12.1,PRIMARY_CLINICIAN
d1bab768-d5a4-43c5-9998-0d0a356d1391,eae81fbf-5d63-4f6c-8ac7-e57c3756f6ea,DR. NARESH KUMAR,REG_S9KO9A08,MBBS MD DM,9720903714,,33.6,PAEDIATRICIAN
e737537c-e8f5-4344-864d-b235e88d2802,c5111042-5405-4a6a-8a2e-af7fdcba722a,DR. RAMU KAKA,REG_YZJA87L5,MBBS MS MCh,9485666217,,16.1,PRIMARY_CLINICIAN
7779cc5e-df4e-4085-a223-eae51443f3fd,c5111042-5405-4a6a-8a2e-af7fdcba722a,DR. HEMANT KUMAR,REG_R12PZ0FU,MBBS,7713302929,,34.3,RADIOLOGIST
0e86a549-6eea-4779-8b16-e9f9b9026187,c5111042-5405-4a6a-8a2e-af7fdcba722a,DR. VIJAY KUMAR,REG_L0456H9C,MBBS MD,7531381284,,5.3,SURGEON
ce95f344-d68c-4c39-9654-cf846466c0ce,d2bff3da-843f-4478-8e9f-63581ac43517,DR. SUMITRA DEVI,REG_K9TWLGL2,MBBS MS,7015424635,,15.6,ANAESTHETIST
481b9162-bf2b-49dc-a487-fcdd02314db1,d2bff3da-843f-4478-8e9f-63581ac43517,DR. KALAWATI DEVI,REG_QON5N86Y,MBBS DA,7753989524,,18.8,PAEDIATRICIAN
807b5586-2da0-41fd-b902-807cd5951b78,d2bff3da-843f-4478-8e9f-63581ac43517,DR. SURESH KUMAR,REG_DJUQ8U7X,MBBS DA,7745833061,,27.2,RADIOLOGIST
b1fb6295-0e5d-459e-acb6-d02cd048f3e6,d2bff3da-843f-4478-8e9f-63581ac43517,DR. GULABO DEVI,REG_JJ8H9GX3,MBBS,8063037339,,33.9,PAEDIATRICIAN
d0d4cc9d-e53b-4a1f-837d-d7de1249898a,d2bff3da-843f-4478-8e9f-63581ac43517,DR. GULABO DEVI,REG_KMPUJHFJ,MBBS DNB,9591696148,,15.6,SURGEON
b2c4d937-2260-46fd-80b6-fbff5567b07d,d2bff3da-843f-4478-8e9f-63581ac43517,DR. NIRMALA DEVI,REG_21ZL7TWO,MBBS MS,7709115332,,12.1,PAEDIATRICIAN
4fe200d1-b349-425c-a4ea-7765dc747f79,b021220d-d23d-482d-a75c-997064c3ae1a,DR. BRIJESH KUMAR,REG_VDR29TNM,MBBS,9439210490,,27.8,RADIOLOGIST
1b01a6a9-97de-4644-9884-d3fa0f223359,b021220d-d23d-482d-a75c-997064c3ae1a,DR. LAKHAN LAL,REG_UCUF61WX,MBBS DNB,8166519361,,28.3,GYNAECOLOGIST
a2ba203c-0b8c-4169-953e-1f0661face1a,b021220d-d23d-482d-a75c-997064c3ae1a,DR. RAMU KAKA,REG_OAUP8H3P,MBBS MD DM,7548181680,,16.9,SURGEON
21ae8d19-f598-4b0f-8985-ccbcf28a064f,b021220d-d23d-482d-a75c-997064c3ae1a,DR. VIRENDRA SINGH,REG_VN14AMFK,MBBS MD,8186033131,,29.2,RADIOLOGIST
2b50b7b6-99e3-4180-9dba-3a3874c179d6,b021220d-d23d-482d-a75c-997064c3ae1a,DR. USHA DEVI,REG_C99I59NY,MBBS MD DM,9831125319,,23.9,SURGEON
f6577691-798f-48db-af71-e4d3a3d1d58b,b021220d-d23d-482d-a75c-997064c3ae1a,DR. PRADEEP KUMAR PATEL,REG_UQ8URQML,MBBS DA,9598199803,,16.3,PRIMARY_CLINICIAN
06aaf522-a7a9-4db5-b1c6-798b9977d822,b021220d-d23d-482d-a75c-997064c3ae1a,DR. ANIL KUMAR LODHI,REG_G9QL1M4A,MBBS MD DM,7721471199,,5.0,GYNAECOLOGIST
fff860af-2972-4e04-be43-edf2442fb702,b021220d-d23d-482d-a75c-997064c3ae1a,DR. RAVINDRA NATH TIWARI,REG_1H8UIORU,MBBS DA,9669765032,,26.3,ANAESTHETIST
757e579c-c1fc-4393-b80c-9025f1df65c7,e57023f4-4ae9-4610-8988-ef0aea4418a9,DR. SURESH KUMAR,REG_2JOQ8MH9,MBBS MD,7091587896,,10.7,PRIMARY_CLINICIAN
88dc98bf-6718-4bbc-bdea-88854b058f4a,e57023f4-4ae9-4610-8988-ef0aea4418a9,DR. KUSUM DEVI,REG_S207YQH1,MBBS MS,9693403317,,9.8,ANAESTHETIST
0ba5a83e-8fbd-4d73-ae2f-9c6edd783b13,e57023f4-4ae9-4610-8988-ef0aea4418a9,DR. PAPPU YADAV GUPTA,REG_K01Y3HU7,MBBS,9408228545,,16.4,PRIMARY_CLINICIAN
896583cd-6a0b-4b2a-a88b-9e2a54342e66,2562603a-f641-494b-9a83-8ed4199c35c2,DR. PHOOL KUMARI,REG_RLQMUMY1,MBBS MS MCh,8132972312,,30.5,RADIOLOGIST
55d8a01b-fd66-45f2-b229-d5a64e1bf2db,2562603a-f641-494b-9a83-8ed4199c35c2,DR. SEEMA DEVI,REG_H30SEY4J,MBBS MS,9619474896,,1.3,RADIOLOGIST
11630418-912b-4d7d-93f9-54fa04a543e7,2562603a-f641-494b-9a83-8ed4199c35c2,DR. RAKESH KUMAR,REG_W2XW7NU2,MBBS DNB,9516057012,,22.0,SURGEON
986c016d-2b11-4e5c-abbc-e963c4fe8f6e,2562603a-f641-494b-9a83-8ed4199c35c2,DR. GEETA DEVI,REG_YOK2VQCQ,MBBS MS,7717695537,,8.1,PAEDIATRICIAN
203986e7-3b20-4843-b11a-f27cca68d698,490159cc-18a1-478d-932a-8aca001b6a7e,DR. RAMESH CHANDRA,REG_Z4MJQ1TE,MBBS DA,7802150907,,14.2,ANAESTHETIST
f4d7c98b-d3e3-4d7f-917e-326fa2a5a4b2,490159cc-18a1-478d-932a-8aca001b6a7e,DR. SUNITA DEVI,REG_8TS0UQDO,MBBS DA,8020625916,,12.3,RADIOLOGIST
755ec61a-af64-4732-98c8-1e71da5cc123,490159cc-18a1-478d-932a-8aca001b6a7e,DR. SHIV KUMAR,REG_BAQS1WS1,MBBS DA,9755695766,,10.5,ANAESTHETIST
88ce3035-634c-4cee-8b1b-3c33298fb8ce,490159cc-18a1-478d-932a-8aca001b6a7e,DR. PREM SHANKAR,REG_JENT5PUM,MBBS MD,7046690551,,18.8,PRIMARY_CLINICIAN
541001c1-094e-497f-bb3c-787f7a127af1,490159cc-18a1-478d-932a-8aca001b6a7e,DR. PRADEEP KUMAR,REG_SMK1SZ2G,MBBS DA,9738841955,,12.9,ANAESTHETIST
b2047356-4d81-46e8-91c1-c29a98b4aa6a,490159cc-18a1-478d-932a-8aca001b6a7e,DR. RAMESH CHANDRA,REG_IO8I1ISP,MBBS MD,7743187628,,33.7,SURGEON
64d52f82-5cb8-49e3-acd0-96dcdbeb70f1,490159cc-18a1-478d-932a-8aca001b6a7e,DR. KIRAN DEVI,REG_F4J3G96R,MBBS MD DM,7864682878,,18.4,ANAESTHETIST
240ab68f-80e7-47a2-a47e-c0b1c147de6b,44958a58-81df-434f-96f0-be6dfd69bf93,DR. SANTOSH KUMAR,REG_R1BART9X,MBBS DA,8039301255,,17.0,GYNAECOLOGIST
9ad69884-1cac-4983-bec9-1b9c22e70863,44958a58-81df-434f-96f0-be6dfd69bf93,DR. SUSHILA DEVI,REG_E88ACFYV,MBBS MD DM,9666863359,,15.0,PAEDIATRICIAN
7bbc4729-c0eb-4a58-8580-49dc4aa6ed6f,44958a58-81df-434f-96f0-be6dfd69bf93,DR. VIJAY KUMAR,REG_M17D5KKR,MBBS MS,7551525729,,2.6,ANAESTHETIST
75cd0de4-fb25-4ea4-8d33-a9309d513900,44958a58-81df-434f-96f0-be6dfd69bf93,DR. URMILA DEVI,REG_GZFLMDSF,MBBS MS,9444082802,,6.3,PRIMARY_CLINICIAN
163ca876-1c27-4d16-87fa-b088e1c1fc6f,757a18c5-44c9-452a-9bcd-3e80d3a727c3,DR. VIVEK KUMAR,REG_94M73KRE,MBBS MS MCh,8114877234,,21.2,ANAESTHETIST
ee0f3733-616a-46d5-9d37-fda93b2c95b9,757a18c5-44c9-452a-9bcd-3e80d3a727c3,DR. NIRMALA DEVI,REG_CPDVUCSX,MBBS DA,8076322377,,2.0,SURGEON
881837a1-44cf-4c3a-a15a-ae32be6c6b4f,757a18c5-44c9-452a-9bcd-3e80d3a727c3,DR. MUKESH KUMAR GUPTA,REG_9Q0IZL7M,MBBS,9772424645,,8.7,ANAESTHETIST
a828bce7-40f8-4704-b4af-a64159c1e478,757a18c5-44c9-452a-9bcd-3e80d3a727c3,DR. GEETA DEVI,REG_V6NUSDYY,MBBS MD,7526231578,,6.2,GYNAECOLOGIST
4adf4c4b-8850-4c4b-a5fb-6fc2ad92ee2b,757a18c5-44c9-452a-9bcd-3e80d3a727c3,DR. KIRAN DEVI,REG_XT25JKEN,MBBS MD DM,9832410109,,19.3,GYNAECOLOGIST
65b00112-049d-47cc-aecd-0bc941bd6860,757a18c5-44c9-452a-9bcd-3e80d3a727c3,DR. MUNNI DEVI,REG_UB3HXC3F,MBBS MS MCh,9728638151,,30.0,PAEDIATRICIAN
59a5b1b3-0214-4785-8f08-7c8c1bd98370,757a18c5-44c9-452a-9bcd-3e80d3a727c3,DR. RAJESH KUMAR BIND,REG_7UDAJUCT,MBBS DA,8014261992,,23.5,RADIOLOGIST
8da8c225-365b-4f76-8e1d-61c4191f49fc,ac3fb7ca-4212-4d8d-b52b-57c23a2b041d,DR. SUSHIL KUMAR,REG_E5V3988K,MBBS DNB,9527181217,,27.1,PRIMARY_CLINICIAN
d7038d1b-371f-4ba9-955e-bb645a88782b,ac3fb7ca-4212-4d8d-b52b-57c23a2b041d,DR. DEVENDRA KUMAR,REG_I8WYSLIB,MBBS MS,9484389239,,21.6,PRIMARY_CLINICIAN
682aeeb7-4812-4fa3-ab1b-ea17c152e66b,ac3fb7ca-4212-4d8d-b52b-57c23a2b041d,DR. RAMU KAKA,REG_W856YP8E,MBBS MS MCh,7941272658,,15.8,SURGEON
384fabaa-d6b5-4780-9105-c3977fc0033b,ac3fb7ca-4212-4d8d-b52b-57c23a2b041d,DR. SEEMA DEVI,REG_6SKJPL5S,MBBS MS,9438667669,,17.3,PRIMARY_CLINICIAN
5b9ec98c-0e28-40d5-8aa5-8c8b63c177ce,ac3fb7ca-4212-4d8d-b52b-57c23a2b041d,DR. PHOOL KUMARI,REG_UIRK1C78,MBBS DA,7711429441,,32.6,PRIMARY_CLINICIAN
290b53a6-dc37-41b1-924e-d73c36cf2f60,ac3fb7ca-4212-4d8d-b52b-57c23a2b041d,DR. SUSHIL KUMAR,REG_28T1W9BS,MBBS MS MCh,9514645554,,24.4,SURGEON
e41786ee-da29-4eb3-888c-afdd826560db,ac3fb7ca-4212-4d8d-b52b-57c23a2b041d,DR. MEENA DEVI,REG_1SCCB5WZ,MBBS,8183872197,,24.2,PAEDIATRICIAN
c0c7a96a-fecb-4e3f-be67-a3574cbd1cb1,ac3fb7ca-4212-4d8d-b52b-57c23a2b041d,DR. SUNITA DEVI,REG_2IHCXNQI,MBBS,8104950748,,23.8,PRIMARY_CLINICIAN
ca4c5ec8-63ed-465a-95b2-d780ceef765e,4cafab4d-d68d-491e-8179-1cbedb8d964f,DR. HARI OM,REG_7CQ5ZGEO,MBBS MS,7555450225,,10.6,GYNAECOLOGIST
c7fda05e-b8db-4ca2-8816-75854c5f1630,4cafab4d-d68d-491e-8179-1cbedb8d964f,DR. RANI DEVI,REG_GFCQOORA,MBBS,7521140620,,31.8,GYNAECOLOGIST
3a30275f-a6cc-46f7-993c-96e94f5f1696,4cafab4d-d68d-491e-8179-1cbedb8d964f,DR. ANITA DEVI,REG_QDMXHHAU,MBBS DA,7530790844,,20.1,PAEDIATRICIAN
2a1fc620-acd2-4169-aa69-44ad9b497d18,4cafab4d-d68d-491e-8179-1cbedb8d964f,DR. RAM PRASAD,REG_2XANIOG5,MBBS DA,7975670850,,32.2,PAEDIATRICIAN
99b5f80f-676d-40b7-a4a4-aa566819b8f1,4cafab4d-d68d-491e-8179-1cbedb8d964f,DR. SAVITRI DEVI,REG_CALR6ZJA,MBBS MD DM,9400874903,,6.0,SURGEON
f26c325b-7f79-4ef4-bfdd-6e0d214393f4,4cafab4d-d68d-491e-8179-1cbedb8d964f,DR. LAKHAN LAL,REG_ZX6PNCF5,MBBS MS MCh,7992673486,,8.8,SURGEON
1a8bb80b-a759-4b30-846a-a1aaeb3937a2,b1a01709-3640-4987-952c-c1da803e56e5,DR. GEETA DEVI,REG_FC0W4M3X,MBBS MS,9619118338,,31.8,GYNAECOLOGIST
b9155cb1-dc38-4d19-a4b7-dde73c257789,b1a01709-3640-4987-952c-c1da803e56e5,DR. UMESH KUMAR,REG_2FNE4ULC,MBBS MD,9496094169,,29.8,PAEDIATRICIAN
eee39e8f-8b9d-4091-a5be-d8dcc5c40b71,b1a01709-3640-4987-952c-c1da803e56e5,DR. SHANTI DEVI,REG_PTLD3FD6,MBBS DNB,7619666550,,23.8,ANAESTHETIST
5fee7dba-abfa-40bc-b4cc-c5ab3d09cd85,b1a01709-3640-4987-952c-c1da803e56e5,DR. PREM SHANKAR,REG_3DRRIVK4,MBBS DA,7788775262,,7.2,GYNAECOLOGIST
f9d664fc-dfb0-458f-af7a-e868e494300b,b1a01709-3640-4987-952c-c1da803e56e5,DR. RAJEEV KUMAR,REG_XM246JTZ,MBBS,7726994608,,33.9,ANAESTHETIST
cfa057c7-7163-4348-a55a-58626d4b4bf6,b1a01709-3640-4987-952c-c1da803e56e5,DR. PAPPU YADAV,REG_MWMUO0CS,MBBS MD,7624711627,,19.2,PAEDIATRICIAN
66751df7-d320-41e6-a65b-f400ef03f917,b1a01709-3640-4987-952c-c1da803e56e5,DR. KIRAN DEVI,REG_14QKQ1L3,MBBS MD DM,8069198155,,16.8,SURGEON
03d10f57-cd08-4312-a774-16729108d3aa,517ea751-83de-4af4-89b3-bd52b1e8eee5,DR. MUKESH KUMAR,REG_DLBX73C5,MBBS MD DM,9758668139,,10.7,PRIMARY_CLINICIAN
c23763a3-35a3-48f6-911f-93758be9e822,517ea751-83de-4af4-89b3-bd52b1e8eee5,DR. ROHIT KUMAR KUMAR,REG_SCXA5SOF,MBBS DA,7905977048,,24.3,PRIMARY_CLINICIAN
33e85d40-90f4-462e-a8ef-f14cccc4d351,517ea751-83de-4af4-89b3-bd52b1e8eee5,DR. REKHA DEVI,REG_7SXG99LY,MBBS MS MCh,7007199231,,14.2,SURGEON
310a6053-f630-40b8-bd20-d4e9f2a0be99,517ea751-83de-4af4-89b3-bd52b1e8eee5,DR. RAJEEV KUMAR DUBEY,REG_1PU48NX9,MBBS,9657773833,,24.5,GYNAECOLOGIST
963bf691-daf0-4da4-bf60-d089bc96e960,517ea751-83de-4af4-89b3-bd52b1e8eee5,DR. ROHIT KUMAR,REG_768YC8KQ,MBBS MD DM,7875365697,,9.1,PRIMARY_CLINICIAN
25aa697b-398f-490c-b3bd-d5470090ef4d,517ea751-83de-4af4-89b3-bd52b1e8eee5,DR. PRIYA KUMARI,REG_RWRATMDP,MBBS MD,7914858112,,9.5,PAEDIATRICIAN
edb2fa91-cf90-4e59-8e56-21447d93c725,517ea751-83de-4af4-89b3-bd52b1e8eee5,DR. BABLU KUMAR PANDEY,REG_IFV27FBC,MBBS DA,7848749601,,32.5,ANAESTHETIST
d7784fa6-5eaf-49a7-80da-6cca2b094f65,517ea751-83de-4af4-89b3-bd52b1e8eee5,DR. URMILA DEVI,REG_URYYC8HC,MBBS MS MCh,7915262270,,5.3,RADIOLOGIST
1193e513-f43c-4c78-bd68-a862801d7793,3fd1b318-260c-4c2b-969f-25f3f2b164a8,DR. HEMANT KUMAR,REG_ZAO2PB1E,MBBS,9856921764,,29.9,SURGEON
65102ccf-7e95-4402-8c07-4623f5954099,3fd1b318-260c-4c2b-969f-25f3f2b164a8,DR. MANOJ KUMAR,REG_JRYFU1M8,MBBS DA,7946046722,,25.2,PRIMARY_CLINICIAN
2e466e55-5bd2-477c-b02f-d37f1577c1c4,3fd1b318-260c-4c2b-969f-25f3f2b164a8,DR. MANOJ KUMAR PATEL,REG_W4W35N2A,MBBS MS MCh,8056028286,,23.1,ANAESTHETIST
84472ff4-e45c-488b-b427-dd6144deb39e,3fd1b318-260c-4c2b-969f-25f3f2b164a8,DR. SUSHIL KUMAR SINGH,REG_L53CEPIA,MBBS MS MCh,7837653297,,27.2,RADIOLOGIST
dbec184c-823c-45cb-845b-4749174e9367,3fd1b318-260c-4c2b-969f-25f3f2b164a8,DR. PRIYA KUMARI,REG_C5SH3Y9U,MBBS DA,9402195472,,26.2,PRIMARY_CLINICIAN
fb0f97d6-87a3-4913-8a38-d3b58c2d650e,350580da-c699-43df-b0d1-5da92941d91b,DR. DEVENDRA KUMAR,REG_J8EGH387,MBBS MS MCh,9574493426,,11.2,PRIMARY_CLINICIAN
1937918e-f14e-43b5-acea-b89da7620701,350580da-c699-43df-b0d1-5da92941d91b,DR. SARASWATI DEVI,REG_Q6I278K7,MBBS,7925902264,,4.6,PRIMARY_CLINICIAN
c0c79bf1-37f5-45cc-a3f0-c3f4ff188841,350580da-c699-43df-b0d1-5da92941d91b,DR. SUSHILA DEVI,REG_9NBG1B5L,MBBS MD DM,9845203695,,2.6,ANAESTHETIST
2543e27f-ee47-4c6d-b9f8-1d8c71bbc3c3,fec07a51-028c-45a9-b37a-8c97290377c6,DR. RAJU YADAV,REG_CQQ986TD,MBBS DA,9431231014,,28.0,RADIOLOGIST
65112098-97e4-4823-90e4-24471538b527,fec07a51-028c-45a9-b37a-8c97290377c6,DR. UMESH KUMAR,REG_QLZ441G4,MBBS MS,7779846884,,28.4,PRIMARY_CLINICIAN
972fda97-c405-4723-a8e7-2dba830f421d,fec07a51-028c-45a9-b37a-8c97290377c6,DR. RAVINDRA NATH CHAUHAN,REG_HC13SQ5X,MBBS DNB,9790048386,,22.1,PAEDIATRICIAN
5388cf94-0156-4b9c-abce-4f21d81fac05,fec07a51-028c-45a9-b37a-8c97290377c6,DR. PREM SHANKAR YADAV,REG_V1H8GLBF,MBBS DNB,8188125178,,1.6,GYNAECOLOGIST
8bbe8206-ee0a-4089-93f2-d4641b1c00ea,fec07a51-028c-45a9-b37a-8c97290377c6,DR. GEETA DEVI,REG_DKNS7UW7,MBBS MD DM,7055743521,,8.2,PAEDIATRICIAN
63fc74c5-861f-4b5c-82a3-a7f9cedc866c,fec07a51-028c-45a9-b37a-8c97290377c6,DR. PHOOL KUMARI,REG_F07UFI4T,MBBS MS,7026737553,,14.0,PAEDIATRICIAN
08771fbc-b622-4b12-aef2-89079b3fd532,fec07a51-028c-45a9-b37a-8c97290377c6,DR. REENA DEVI,REG_7VSG5VSK,MBBS DA,8024463573,,22.5,PAEDIATRICIAN
edf040c5-8afc-4ed4-b4a7-b2aa1dcb14df,03be9c3b-f7fd-436a-9425-c2bde0dbbb71,DR. SARASWATI DEVI,REG_20KHUL6O,MBBS DNB,9557356237,,25.9,PRIMARY_CLINICIAN
35d92b78-2b80-459b-ac49-fd36cf6b30c2,03be9c3b-f7fd-436a-9425-c2bde0dbbb71,DR. PAPPU YADAV KUMAR,REG_ZNSBLYHE,MBBS MD,7757437202,,6.3,ANAESTHETIST
97403724-df9c-41ae-a8e2-956fe1e7b809,2163c87a-f07b-4c48-9cc1-9dda5357ecb8,DR. SAROJ DEVI,REG_KR0AFCLV,MBBS MD,8086646833,,22.8,PAEDIATRICIAN
fe12c8c5-38b1-4550-ab8a-2ac5ae08d557,2163c87a-f07b-4c48-9cc1-9dda5357ecb8,DR. GEETA DEVI,REG_MOZJZXGN,MBBS,9836054234,,8.3,RADIOLOGIST
caa445d0-454c-465a-a828-69e3d78ba0ba,2163c87a-f07b-4c48-9cc1-9dda5357ecb8,DR. MEENA DEVI,REG_K66MK68F,MBBS DA,9549499305,,1.0,SURGEON
e570af23-9ca3-415a-ae41-1addee6138b2,2163c87a-f07b-4c48-9cc1-9dda5357ecb8,DR. PUSHPA DEVI,REG_EYZTXEPF,MBBS DNB,7975471541,,22.3,GYNAECOLOGIST
1a7cae85-9f63-4934-8dee-f1ac3797a030,2163c87a-f07b-4c48-9cc1-9dda5357ecb8,DR. RAMESH CHANDRA,REG_578DP8UY,MBBS,7673245568,,20.8,PRIMARY_CLINICIAN
02f053e9-68b5-4795-8946-d3eb94f13304,713533b3-d576-4b3c-9300-8c3985baf538,DR. NIRMALA DEVI,REG_HB0DY3IY,MBBS MS MCh,9810681343,,12.1,PRIMARY_CLINICIAN
1f78cfdc-0989-4490-b8e0-423e3f68fd59,713533b3-d576-4b3c-9300-8c3985baf538,DR. KALAWATI DEVI,REG_BX9GYP6N,MBBS MS MCh,8017043633,,28.1,RADIOLOGIST
5655527b-8777-427b-86f3-e15e7a334b8d,713533b3-d576-4b3c-9300-8c3985baf538,DR. KIRAN DEVI,REG_VWSYXH9S,MBBS MD,7588276502,,28.6,SURGEON
a12f8088-0cd8-4072-a647-fb56c073b253,713533b3-d576-4b3c-9300-8c3985baf538,DR. DINESH KUMAR LODHI,REG_4KT98GF4,MBBS MS,8031240221,,12.3,RADIOLOGIST
6e66668d-f70f-4740-9dd7-68b0ffb9562b,713533b3-d576-4b3c-9300-8c3985baf538,DR. POONAM DEVI,REG_NXJWLV5K,MBBS MS MCh,7987587505,,19.1,PRIMARY_CLINICIAN
4a24ed02-6a11-4dab-8715-4bcc07f7c09c,713533b3-d576-4b3c-9300-8c3985baf538,DR. PRIYA KUMARI,REG_EGTV37AU,MBBS DA,7063566561,,3.7,PRIMARY_CLINICIAN
b44dbc96-5557-44d1-b56d-e7ee9b45b5ca,713533b3-d576-4b3c-9300-8c3985baf538,DR. SHEELA DEVI,REG_90Z8899P,MBBS MS MCh,7696767821,,33.2,PRIMARY_CLINICIAN
e7ee527d-de13-4af0-8ea4-c43f08076a6c,713533b3-d576-4b3c-9300-8c3985baf538,DR. URMILA DEVI,REG_M1473J4V,MBBS MS,9699038111,,34.8,GYNAECOLOGIST
a366fe39-1ef3-49d7-9225-c2c032cf0986,9c903e15-2d9a-42da-aaeb-26fe91b012f4,DR. GEETA DEVI,REG_QAK5ITFM,MBBS DNB,7522698259,,11.9,GYNAECOLOGIST
53b5f1c1-d1f8-464d-9646-144aa16c9c2d,9c903e15-2d9a-42da-aaeb-26fe91b012f4,DR. DEVENDRA KUMAR,REG_WCOFMFKE,MBBS DNB,8068119741,,15.8,RADIOLOGIST
fc2a6387-e087-4e84-8ea4-fdc865330239,9c903e15-2d9a-42da-aaeb-26fe91b012f4,DR. USHA DEVI,REG_I7QXQ4W5,MBBS MS,7638051685,,19.1,SURGEON
f8591d8a-929c-4224-bd49-ada1b6add6c8,9c903e15-2d9a-42da-aaeb-26fe91b012f4,DR. PHOOL KUMARI,REG_GO81GS52,MBBS MS,9633370407,,4.3,RADIOLOGIST
11aa0405-7541-4350-8a14-f4ac230f7f63,9c903e15-2d9a-42da-aaeb-26fe91b012f4,DR. SEEMA DEVI,REG_B8ZX1721,MBBS MS MCh,8189371437,,33.1,ANAESTHETIST
4257e75e-57d6-4340-a85f-87a63434e9a0,9c903e15-2d9a-42da-aaeb-26fe91b012f4,DR. MANOJ KUMAR,REG_E5SKF5AG,MBBS MD,9858850984,,26.2,GYNAECOLOGIST
ee1b8304-9a4e-4751-bc47-742dfe3b94f9,82345f0d-f2e9-41d8-bfea-e76efbcffc72,DR. MUKESH KUMAR,REG_3J4KB70E,MBBS MS,9647840440,,17.6,ANAESTHETIST
abc24172-51a6-4c4d-83a0-69658eab29fb,82345f0d-f2e9-41d8-bfea-e76efbcffc72,DR. SAVITRI DEVI,REG_NLSLKNN4,MBBS DA,8185760760,,34.0,GYNAECOLOGIST
c978e5cc-552c-4663-8786-93b7c4f4915c,82345f0d-f2e9-41d8-bfea-e76efbcffc72,DR. RAJU YADAV KORI,REG_A7ICUH24,MBBS DA,9453422829,,5.6,ANAESTHETIST
2102c77f-5745-4f97-8fc9-2d0a71393ef0,82345f0d-f2e9-41d8-bfea-e76efbcffc72,DR. KALAWATI DEVI,REG_6M057W2K,MBBS MS,7926612864,,34.3,PAEDIATRICIAN
6b839e64-2ef9-4722-be50-64d8c87fa8fe,82345f0d-f2e9-41d8-bfea-e76efbcffc72,DR. PRIYA KUMARI,REG_0WYOZ4NO,MBBS MS,7066462361,,11.8,SURGEON
4452fce0-0e7f-4a6f-8417-76623335b1ae,84f42872-598e-431d-bf84-f1bbca673743,DR. DEVENDRA KUMAR SHUKLA,REG_CQENAAIL,MBBS,7082857816,,29.6,RADIOLOGIST
3e0b5b92-1e65-4ede-b5cf-bda786930e5b,84f42872-598e-431d-bf84-f1bbca673743,DR. HARI OM JAISWAL,REG_UP391JKW,MBBS,7987453004,,18.3,RADIOLOGIST
baff5b0e-c531-40ed-885e-ed2a8818e80f,84f42872-598e-431d-bf84-f1bbca673743,DR. SHANTI DEVI,REG_OQ33W782,MBBS,7612278582,,26.0,ANAESTHETIST
bc71afa9-8019-4894-89d1-cfdec5eee336,84f42872-598e-431d-bf84-f1bbca673743,DR. GEETA DEVI,REG_0GM6NURE,MBBS DA,7089903466,,8.6,PRIMARY_CLINICIAN
02fb4f02-ac9f-4437-a553-5ac8cb1443ef,84f42872-598e-431d-bf84-f1bbca673743,DR. POONAM DEVI,REG_EMMY6AHH,MBBS MD DM,8004967364,,13.7,GYNAECOLOGIST
d562a806-8eb7-42d4-ad37-59f7ac89da8d,84f42872-598e-431d-bf84-f1bbca673743,DR. LEELA DEVI,REG_OMQZLSMM,MBBS MS,8180699887,,14.8,PRIMARY_CLINICIAN
b1a4cbdd-8511-4dec-9359-72d19a8e498b,b3e4b426-63a9-4591-bc44-6dcb2cec9cbe,DR. SANTOSHI DEVI,REG_VIN674KI,MBBS MD DM,7537400286,,1.4,GYNAECOLOGIST
edfbe22d-d06d-480d-ad0a-4fa2753cdeab,b3e4b426-63a9-4591-bc44-6dcb2cec9cbe,DR. PUSHPA DEVI,REG_XIW2TKXB,MBBS MS,7857671167,,1.4,SURGEON
99eeb735-aa4a-41b1-8b58-636d2763048c,b3e4b426-63a9-4591-bc44-6dcb2cec9cbe,DR. SHANTI DEVI,REG_CZEYFMEK,MBBS MS,8018392621,,27.4,PRIMARY_CLINICIAN
98c75324-c474-4e28-a9de-97c2e5ae100b,b3e4b426-63a9-4591-bc44-6dcb2cec9cbe,DR. ASHOK KUMAR,REG_F3J3EV0F,MBBS MS,7595307332,,11.4,PRIMARY_CLINICIAN
fbfe98d9-3c68-478c-99eb-c29252100842,fe09c7d2-0b32-4b08-80c5-59cb53c94db4,DR. RADHA DEVI,REG_YKVUFESV,MBBS MD DM,8136165031,,9.3,ANAESTHETIST
86952ade-1df8-4df7-a7d1-5a9ea2b01396,fe09c7d2-0b32-4b08-80c5-59cb53c94db4,DR. PRADEEP KUMAR,REG_Z1XXUHH3,MBBS MD DM,9545040116,,29.2,ANAESTHETIST
48693d28-1d32-4ad2-8367-dbf446e5d4e8,fe09c7d2-0b32-4b08-80c5-59cb53c94db4,DR. DRAUPADI DEVI,REG_9GSRXZD1,MBBS DNB,7093270789,,23.0,ANAESTHETIST
fab8a90d-7490-4957-8524-c2b436ec603f,fe09c7d2-0b32-4b08-80c5-59cb53c94db4,DR. SEEMA DEVI,REG_IDD49UP2,MBBS,7943104482,,18.7,SURGEON
bf07c767-1d05-4870-9496-a066d7c1d846,fe09c7d2-0b32-4b08-80c5-59cb53c94db4,DR. RAMU KAKA,REG_HFNPFYOD,MBBS MD DM,7961606632,,21.6,ANAESTHETIST
1d5addeb-9ae2-42e9-bb05-e0c3759ba453,fe09c7d2-0b32-4b08-80c5-59cb53c94db4,DR. SHANTI DEVI,REG_2LBA5T9Q,MBBS MD DM,7991097663,,21.7,RADIOLOGIST
1f76e9d0-0b25-4fdd-b0c1-8b272a8e1e27,fe09c7d2-0b32-4b08-80c5-59cb53c94db4,DR. POONAM DEVI,REG_VS3F3U4Y,MBBS,7053870978,,13.0,SURGEON
b6f26205-2d72-4643-ab93-717608d556ba,fe09c7d2-0b32-4b08-80c5-59cb53c94db4,DR. MUNNI DEVI,REG_4DT25QP3,MBBS DNB,8181669742,,32.7,PRIMARY_CLINICIAN
cb1dc645-007f-4757-939e-a9bcb09a2d55,d7fdc7a5-25a5-4b3e-9830-2b9930184562,DR. PAPPU YADAV,REG_7ZLPBY37,MBBS DNB,9869557486,,28.2,SURGEON
883de1f9-2b12-48c2-b299-82250f869f28,d7fdc7a5-25a5-4b3e-9830-2b9930184562,DR. DEEPAK KUMAR,REG_H48PH2QQ,MBBS MD,7019500105,,30.7,ANAESTHETIST
d94089b8-f180-4582-a267-106f97b1b674,d7fdc7a5-25a5-4b3e-9830-2b9930184562,DR. REENA DEVI,REG_5PET12AO,MBBS MS,7918415342,,7.9,GYNAECOLOGIST
01971dea-08a3-4a07-9681-c7eec2f883ad,de51e0c8-f3d3-4f61-8c9b-8d2b772b9418,DR. REENA DEVI,REG_AXIKDIA7,MBBS MS,7689151242,,28.1,PRIMARY_CLINICIAN
af965849-f9c7-401e-b11e-8ba0d97e0ad9,de51e0c8-f3d3-4f61-8c9b-8d2b772b9418,DR. LAXMI DEVI,REG_BDFVCCPI,MBBS DA,7987130217,,32.7,GYNAECOLOGIST
cba71b7e-966a-4417-a8c6-dd4366d532fa,de51e0c8-f3d3-4f61-8c9b-8d2b772b9418,DR. PRADEEP KUMAR,REG_99FLSFR3,MBBS DNB,8182171912,,8.6,PAEDIATRICIAN
ee5b55d4-d44e-4dc7-b000-2f741a119c14,1f307dd4-cc5b-4781-8eeb-cd6fec447118,DR. SANTOSH KUMAR,REG_6ZTJGPF8,MBBS DNB,7580544867,,6.9,RADIOLOGIST
158fecde-078a-40ea-b53d-3312c5fea0cc,1f307dd4-cc5b-4781-8eeb-cd6fec447118,DR. SHEELA DEVI,REG_181F07CG,MBBS MS,7507505728,,27.2,PAEDIATRICIAN
13067ff6-2e07-4d55-bb17-123e40aff971,1f307dd4-cc5b-4781-8eeb-cd6fec447118,DR. SARASWATI DEVI,REG_LJF0FCKF,MBBS MS,9697845437,,18.1,RADIOLOGIST
e5c327fc-1a7b-46b7-ad78-97a2a97906ae,1f307dd4-cc5b-4781-8eeb-cd6fec447118,DR. DRAUPADI DEVI,REG_3VPBOYHV,MBBS MS,7093055654,,22.1,SURGEON
99c49c6a-beaf-42b9-b024-de5f99ec70f6,1f307dd4-cc5b-4781-8eeb-cd6fec447118,DR. GEETA DEVI,REG_6LHHM0HO,MBBS MS MCh,7824225239,,8.6,GYNAECOLOGIST
b7a07d39-65a5-4908-b13b-b6556a8d4c5c,1f307dd4-cc5b-4781-8eeb-cd6fec447118,DR. KIRAN DEVI,REG_8P5KW924,MBBS DA,9459981558,,27.9,GYNAECOLOGIST
fa8fca55-6edd-4c36-997e-8cdbd4eb0826,1f307dd4-cc5b-4781-8eeb-cd6fec447118,DR. HARI OM,REG_91J7GMRH,MBBS MD,7052808491,,30.4,PAEDIATRICIAN
e64b7229-a184-4472-8cba-247beba9e70f,0de021a9-c3da-4762-ad65-5d7a0bfa64ce,DR. UMESH KUMAR,REG_3ZBW9KZI,MBBS MS,8092651611,,29.7,GYNAECOLOGIST
4b759cae-9384-45c6-9929-39c1fc269cfd,0de021a9-c3da-4762-ad65-5d7a0bfa64ce,DR. URMILA DEVI,REG_POSNRVJ1,MBBS MD,9620599341,,25.4,PRIMARY_CLINICIAN
cedad58d-aff9-4358-99fa-54d77cf46fde,0de021a9-c3da-4762-ad65-5d7a0bfa64ce,DR. SHYAM LAL,REG_6BA841ML,MBBS MS MCh,8068767364,,34.9,PRIMARY_CLINICIAN
f759d17e-772f-40eb-aeea-c8ac9eb16192,0de021a9-c3da-4762-ad65-5d7a0bfa64ce,DR. SUSHIL KUMAR,REG_9JOSIDZ9,MBBS MD,8157669398,,22.8,SURGEON
edf1dc0c-4f8b-4036-bb64-2528682ac9b3,0de021a9-c3da-4762-ad65-5d7a0bfa64ce,DR. SURESH KUMAR GUPTA,REG_MVWGA87B,MBBS DA,7985152190,,24.5,SURGEON
0a5a1cb8-211a-4028-a460-7461dcf55654,0de021a9-c3da-4762-ad65-5d7a0bfa64ce,DR. GEETA DEVI,REG_49HLBWZZ,MBBS MS MCh,9849268856,,6.7,GYNAECOLOGIST
39ac8524-2dd8-4374-8898-411d9ae72ab5,0de021a9-c3da-4762-ad65-5d7a0bfa64ce,DR. SANTOSH KUMAR,REG_BS1881OE,MBBS MS MCh,7781660915,,3.6,SURGEON
79f3de3a-de3e-422d-a0c5-d57cd489d760,fbbde75b-b012-4dbd-a60d-fb85f78424ac,DR. GEETA DEVI,REG_4L4CUYGL,MBBS MD DM,9739969270,,1.9,PAEDIATRICIAN
8c629edf-8eda-4c6b-956e-8f7501e017ff,fbbde75b-b012-4dbd-a60d-fb85f78424ac,DR. MANJU DEVI,REG_7AHH7W92,MBBS MD,9720651472,,29.7,GYNAECOLOGIST
cbd22ca0-c710-42e1-8bb6-213fe8d0a544,fbbde75b-b012-4dbd-a60d-fb85f78424ac,DR. LEELA DEVI,REG_868UYD9J,MBBS MS,8070366533,,22.3,SURGEON
c5dbff5f-5c74-402f-b4a8-aa8c8a65bafc,fbbde75b-b012-4dbd-a60d-fb85f78424ac,DR. RANI DEVI,REG_UDK1N2LZ,MBBS MD,7563436434,,27.1,GYNAECOLOGIST
38bda72f-90cf-4189-8596-ba963c7cd4ef,fbbde75b-b012-4dbd-a60d-fb85f78424ac,DR. MEENA DEVI,REG_FMO9H23G,MBBS,9587545326,,9.4,GYNAECOLOGIST
17567bcd-389a-4a6c-a722-142601f6bd1a,fbbde75b-b012-4dbd-a60d-fb85f78424ac,DR. DEVENDRA KUMAR GUPTA,REG_E7SFE9BA,MBBS MS MCh,8124591040,,31.1,GYNAECOLOGIST
6f746cc8-e480-4304-bb0d-0cdc10e4701f,c6aebe6b-8bd1-4d2b-874b-06938d9e3c05,DR. RAJESH KUMAR,REG_XL6O43YX,MBBS MD DM,7624988735,,32.8,PRIMARY_CLINICIAN
d808e060-953b-452a-8ae1-021b1241d968,c6aebe6b-8bd1-4d2b-874b-06938d9e3c05,DR. SURESH KUMAR,REG_2VEGVTUT,MBBS DA,9412083448,,10.8,RADIOLOGIST
1513b340-d967-4c9d-9e06-347a1a1edc47,c6aebe6b-8bd1-4d2b-874b-06938d9e3c05,DR. RAM PRASAD,REG_CL30WFRH,MBBS MS,8162769693,,1.9,ANAESTHETIST
408c1d7b-124f-4361-af93-d73a2e889768,c6aebe6b-8bd1-4d2b-874b-06938d9e3c05,DR. ROHIT KUMAR KURMI,REG_SHSAGR1W,MBBS MS,9593905449,,29.6,SURGEON
15ba3c7b-f341-4804-8b99-1f123ea15d0a,c6aebe6b-8bd1-4d2b-874b-06938d9e3c05,DR. SHEELA DEVI,REG_4YQTWZGG,MBBS DNB,7013802612,,2.0,RADIOLOGIST
aba736e7-f346-4d58-8981-ba5a8c64becc,c6aebe6b-8bd1-4d2b-874b-06938d9e3c05,DR. MUNNI DEVI,REG_X8CC0A2A,MBBS MS MCh,9813540521,,21.3,PAEDIATRICIAN
85c3ea84-dcc3-46f3-9c28-60b5200b35a8,c6aebe6b-8bd1-4d2b-874b-06938d9e3c05,DR. DINESH KUMAR,REG_4QQNUP0H,MBBS MS MCh,7806990571,,24.7,ANAESTHETIST
492ca9cf-4dea-4a9a-9b97-36707a384797,c6aebe6b-8bd1-4d2b-874b-06938d9e3c05,DR. LAKHAN LAL,REG_BE5Q6MRD,MBBS DA,8086085175,,6.7,RADIOLOGIST
cd926a15-911e-405d-9951-3a37c9dba435,7a927937-2e3a-4b83-b6c8-223e527f674b,DR. HARI OM,REG_SWKZY4DE,MBBS MS MCh,9638492963,,11.3,RADIOLOGIST
e6e0d57c-f694-48ed-9d3e-aea756c66531,7a927937-2e3a-4b83-b6c8-223e527f674b,DR. HEMANT KUMAR,REG_OKMK7J32,MBBS,8038918312,,15.8,PRIMARY_CLINICIAN
7564cab5-2c36-43b8-b995-2c1912b83a8d,7a927937-2e3a-4b83-b6c8-223e527f674b,DR. SANTOSHI DEVI,REG_5G8RLD8E,MBBS DNB,9802492009,,26.1,PAEDIATRICIAN
eba727ad-382e-43cc-b68d-4e675bd4ec4f,7a927937-2e3a-4b83-b6c8-223e527f674b,DR. RAJESH KUMAR,REG_QDF4W945,MBBS MD,7686700039,,19.3,RADIOLOGIST
9d13ea61-eb9a-4ef7-ac12-80aad463dcbb,7a927937-2e3a-4b83-b6c8-223e527f674b,DR. RADHA DEVI,REG_M0XIODO6,MBBS MS MCh,7829526422,,11.0,PRIMARY_CLINICIAN
bdb19a2b-5e9f-4622-92a1-5383e88d98ea,7a927937-2e3a-4b83-b6c8-223e527f674b,DR. DRAUPADI DEVI,REG_M9LP1FO9,MBBS MS MCh,7935274821,,15.2,PAEDIATRICIAN
b7a6dea5-40a6-4bdc-82eb-422a940c543f,7a927937-2e3a-4b83-b6c8-223e527f674b,DR. MUNNI DEVI,REG_9PI0IC8K,MBBS MD DM,7867152863,,9.8,GYNAECOLOGIST
8ec18c30-388e-417a-8082-0140aff097c9,119361e7-e632-4df7-9ac3-ab6e0e2f03fb,DR. BABLU KUMAR,REG_O1LHJNUN,MBBS MD DM,7094769960,,6.8,ANAESTHETIST
684b128f-9595-4894-b4a8-4e19e4eaa240,119361e7-e632-4df7-9ac3-ab6e0e2f03fb,DR. GULABO DEVI,REG_DOOZBRO2,MBBS DA,7842539387,,14.7,PRIMARY_CLINICIAN
9beb0e27-521e-4bfe-83db-35dd02a34143,119361e7-e632-4df7-9ac3-ab6e0e2f03fb,DR. LEELA DEVI,REG_FW1N2EW6,MBBS DA,7650888494,,32.2,RADIOLOGIST
fba55ebe-d4ae-4545-ae5d-19eb504f3418,119361e7-e632-4df7-9ac3-ab6e0e2f03fb,DR. HEMANT KUMAR,REG_VZMOVIA2,MBBS MD DM,7012779004,,33.4,RADIOLOGIST
427bc07d-addb-4d00-8299-5a4a49c34ef3,119361e7-e632-4df7-9ac3-ab6e0e2f03fb,DR. SURESH KUMAR,REG_UWI0UFFY,MBBS MD DM,7580880479,,24.0,PAEDIATRICIAN
63295616-85a1-4117-b95b-b92dca78471c,119361e7-e632-4df7-9ac3-ab6e0e2f03fb,DR. REENA DEVI,REG_P8SOHPBN,MBBS MD,9497655784,,23.2,PAEDIATRICIAN
66498e6f-8efc-4322-8c83-1d08532007c6,119361e7-e632-4df7-9ac3-ab6e0e2f03fb,DR. ANITA DEVI,REG_EHZXOSL4,MBBS DNB,7526863882,,12.3,PAEDIATRICIAN
afe056b5-afd9-45b2-b805-e14ccdcaf68a,6bfad725-0cbe-4dce-a4ba-1a5e76b17847,DR. GUDDU KUMAR,REG_98KMAJN7,MBBS MD,7539973728,,8.2,PRIMARY_CLINICIAN
67f19aac-8367-4d60-9823-300194a6e1db,6bfad725-0cbe-4dce-a4ba-1a5e76b17847,DR. RADHA DEVI,REG_2EHPGLYA,MBBS,7977951588,,11.3,GYNAECOLOGIST
faf9ae76-eb31-4e40-a7f3-a6b6af951598,6bfad725-0cbe-4dce-a4ba-1a5e76b17847,DR. DEEPAK KUMAR,REG_F52EWM6V,MBBS,7707135608,,25.0,ANAESTHETIST
f81c9f8c-eb35-4500-aa83-f77903f144fe,6bfad725-0cbe-4dce-a4ba-1a5e76b17847,DR. POONAM DEVI,REG_G5I66EDP,MBBS DA,9724970277,,17.4,SURGEON
3d4749c0-5c2e-417f-8d73-16e6e0823205,6bfad725-0cbe-4dce-a4ba-1a5e76b17847,DR. DINESH KUMAR,REG_1ZZ8RDVS,MBBS MD,9736424381,,31.0,PRIMARY_CLINICIAN
7195aa9b-11b4-4b72-9846-47d779f4b75d,6bfad725-0cbe-4dce-a4ba-1a5e76b17847,DR. DINESH KUMAR,REG_FSCPM0YL,MBBS MD DM,9675250710,,10.8,PRIMARY_CLINICIAN
80f2049e-1e5d-430e-bbb1-c0fc784c9880,6bfad725-0cbe-4dce-a4ba-1a5e76b17847,DR. RAJESH KUMAR,REG_QZPNCSIQ,MBBS MS,7662165043,,4.2,RADIOLOGIST
b5211455-5df0-479c-814f-844474928888,6bfad725-0cbe-4dce-a4ba-1a5e76b17847,DR. DRAUPADI DEVI,REG_VSQIRSR2,MBBS MD,7855575170,,10.6,ANAESTHETIST
5b1a95ea-d1de-464b-a023-74240de66605,6639e037-a748-4725-bb30-49cf6b203f7f,DR. RANI DEVI,REG_L2FSQUXA,MBBS MD,9818468720,,1.2,PRIMARY_CLINICIAN
d79b8115-9fa5-41e1-8f01-cffde033c5c2,6639e037-a748-4725-bb30-49cf6b203f7f,DR. REENA DEVI,REG_4L5CY7VB,MBBS MD DM,7754835921,,24.5,PAEDIATRICIAN
46b577bd-0084-4ef5-81ab-afad2dccebb7,6639e037-a748-4725-bb30-49cf6b203f7f,DR. LEELA DEVI,REG_AUT74RAH,MBBS DA,8055149943,,21.8,ANAESTHETIST
a38259ed-daaf-4b51-80ed-081300e0b02e,6639e037-a748-4725-bb30-49cf6b203f7f,DR. MUKESH KUMAR TIWARI,REG_W9I0JPHA,MBBS MS,7960638761,,24.4,PRIMARY_CLINICIAN
297e3b0f-fbdc-46b2-9023-e54f4e57c558,6639e037-a748-4725-bb30-49cf6b203f7f,DR. RAKESH KUMAR,REG_6G52R3PH,MBBS MD,8175634440,,6.9,PAEDIATRICIAN
b991b697-7e24-4f69-8923-384d6a6c6b15,6639e037-a748-4725-bb30-49cf6b203f7f,DR. KIRAN DEVI,REG_F1E1PVU0,MBBS MS MCh,8160014612,,34.5,RADIOLOGIST
50b34831-b6f3-47ce-9fa5-654487ed98b5,6639e037-a748-4725-bb30-49cf6b203f7f,DR. VIJAY KUMAR,REG_H12Y30CJ,MBBS MS MCh,7573142383,,22.4,PRIMARY_CLINICIAN
33fb4475-34e0-4e01-8cdb-f721d7ba05af,d4cb1481-3164-483d-a44c-3a3615279ba9,DR. GULABO DEVI,REG_TM2GC62Y,MBBS MD,9742332804,,28.7,RADIOLOGIST
11091148-effa-4b87-a6a3-1e7852337cfa,d4cb1481-3164-483d-a44c-3a3615279ba9,DR. SHYAM LAL KURMI,REG_KQLZTHQ3,MBBS MD DM,7933626151,,33.1,RADIOLOGIST
3739f869-57ca-43fb-ba91-7ba212c32d69,d4cb1481-3164-483d-a44c-3a3615279ba9,DR. SARASWATI DEVI,REG_FAMG5NXV,MBBS DNB,9689102804,,18.8,PRIMARY_CLINICIAN
5a468379-a390-4612-a620-c998ab9efcd5,d4cb1481-3164-483d-a44c-3a3615279ba9,DR. USHA DEVI,REG_Q9C50FXG,MBBS,7770160503,,21.1,RADIOLOGIST
5c0b306a-0c3c-4f35-b3d5-db4facc94fc6,d4cb1481-3164-483d-a44c-3a3615279ba9,DR. RANI DEVI,REG_4GNM5REP,MBBS MD,9514080271,,31.0,ANAESTHETIST
1f911b26-d6bf-47eb-bdf9-6f47335c68b8,d4cb1481-3164-483d-a44c-3a3615279ba9,DR. ROHIT KUMAR,REG_XNAUFWMH,MBBS,7616935037,,11.5,GYNAECOLOGIST
5883dae1-3047-46ec-93f8-01807abd5919,d4cb1481-3164-483d-a44c-3a3615279ba9,DR. RADHA DEVI,REG_UW6LYGXQ,MBBS DNB,7804096860,,18.2,PAEDIATRICIAN
e308e770-339f-4086-9f8d-f15f43c9e5f9,287abca3-cb37-4a2d-b0a9-3e65dad648d1,DR. SAROJ DEVI,REG_OYJMFH5Z,MBBS DNB,7524092872,,3.0,ANAESTHETIST
161b062b-09d5-44fc-89e1-046eabc377fe,287abca3-cb37-4a2d-b0a9-3e65dad648d1,DR. ROHIT KUMAR,REG_TFAA62JV,MBBS DNB,9513266508,,17.0,SURGEON
fc088c6b-a29f-4988-8efe-f086851378a2,287abca3-cb37-4a2d-b0a9-3e65dad648d1,DR. KIRAN DEVI,REG_TXJXMXWF,MBBS MS MCh,9859043689,,10.5,RADIOLOGIST
4fe84cd7-e61d-455c-af6e-3ef2c4a473a7,287abca3-cb37-4a2d-b0a9-3e65dad648d1,DR. DINESH KUMAR,REG_UJJ7UVKR,MBBS,9892472216,,29.3,PRIMARY_CLINICIAN
8b09785d-dd80-43c3-a877-e3e6f3a58813,287abca3-cb37-4a2d-b0a9-3e65dad648d1,DR. MUKESH KUMAR,REG_XLKDRQE9,MBBS MS MCh,7654576447,,19.6,PRIMARY_CLINICIAN
c5c96311-7cc9-429b-a0e7-3fab2a204a4a,287abca3-cb37-4a2d-b0a9-3e65dad648d1,DR. GEETA DEVI,REG_N8ZBZ96M,MBBS DA,7576750780,,34.5,PRIMARY_CLINICIAN
452816cb-1fc7-4e0c-89fe-a520495109b9,8345028d-6c75-4624-88bb-a8d7ab3a3ca9,DR. ROHIT KUMAR GUPTA,REG_YOMMWRSG,MBBS MS MCh,7763194180,,19.9,SURGEON
26ce7cbc-700c-4267-b2d5-46edc85d0348,8345028d-6c75-4624-88bb-a8d7ab3a3ca9,DR. DEVENDRA KUMAR,REG_80DPWITH,MBBS MD DM,7511836237,,17.8,PRIMARY_CLINICIAN
f2681baf-6b48-4a61-856d-0587c9145639,8345028d-6c75-4624-88bb-a8d7ab3a3ca9,DR. SHYAM LAL,REG_UAOIAST7,MBBS,8045902333,,28.8,PRIMARY_CLINICIAN
ec29aee8-69e9-4463-a72a-1887335b7a5b,e24d5ad6-2142-4a27-bc3d-00125d1e48ec,DR. HARI OM,REG_MBGZRZOL,MBBS DA,7527579807,,10.6,PAEDIATRICIAN
d362aee2-27b5-435d-bd14-7c6fa397390d,e24d5ad6-2142-4a27-bc3d-00125d1e48ec,DR. PREM SHANKAR,REG_WQU33JO3,MBBS MS,8158471049,,34.7,PAEDIATRICIAN
889c8070-00b5-409f-ae07-315e96199134,b8b55aa3-e51d-438e-9b98-3b339022d4c5,DR. SEEMA DEVI,REG_JNOAFZUW,MBBS DA,9447464345,,28.9,GYNAECOLOGIST
6599e564-11c2-4aeb-aca4-6ff1d9241d92,b8b55aa3-e51d-438e-9b98-3b339022d4c5,DR. RANI DEVI,REG_5FUBBD7Z,MBBS MS,8094052237,,5.3,PAEDIATRICIAN
f345137a-627b-4017-86cf-4961c8f8af39,b8b55aa3-e51d-438e-9b98-3b339022d4c5,DR. RAM PRASAD GUPTA,REG_G656KY5L,MBBS,9566597142,,26.5,GYNAECOLOGIST
56f731b2-ee66-445c-802d-2e9c2bc19529,b8b55aa3-e51d-438e-9b98-3b339022d4c5,DR. RAM PRASAD LODHI,REG_SF98Y2MV,MBBS MS MCh,9648214389,,15.8,RADIOLOGIST
0161d61f-72bc-4dfb-a599-7349a47ed23f,af3e2e11-0e2b-4ac1-9b75-85208d8dfdf7,DR. CHAMELI DEVI,REG_R18KYN21,MBBS MD DM,7790496870,,8.6,GYNAECOLOGIST
a4403e0b-be71-4cf0-b870-72980975b286,af3e2e11-0e2b-4ac1-9b75-85208d8dfdf7,DR. SHYAM LAL,REG_A7UPU4GD,MBBS MS MCh,8042075125,,32.9,ANAESTHETIST
52f9f84e-9945-4b1a-adc0-04b6cc770358,af3e2e11-0e2b-4ac1-9b75-85208d8dfdf7,DR. ANIL KUMAR,REG_P3ROHMVW,MBBS MS MCh,7760711185,,11.5,RADIOLOGIST
1b863779-4031-4671-a899-507234c1660f,b448b89d-9327-4b70-8cc9-4b69718ed796,DR. PRIYA KUMARI,REG_BRVJ1P9W,MBBS MS,8147971542,,2.9,GYNAECOLOGIST
44135419-a6f3-4994-ac60-89d0b6eed30d,b448b89d-9327-4b70-8cc9-4b69718ed796,DR. SUSHILA DEVI,REG_ABDQXX0Z,MBBS MS MCh,8154310216,,2.6,GYNAECOLOGIST
45619091-f50b-4641-9b99-19d932586001,b448b89d-9327-4b70-8cc9-4b69718ed796,DR. SUMITRA DEVI,REG_DJJ9G486,MBBS DNB,8184531674,,7.1,SURGEON
24d0f308-745a-4f1f-b81e-907232fb62f5,b448b89d-9327-4b70-8cc9-4b69718ed796,DR. PRIYA KUMARI,REG_36VNWTZI,MBBS MS MCh,7940318967,,24.7,PRIMARY_CLINICIAN
bf8cf77a-b1a2-4186-88c1-478957e2c737,b448b89d-9327-4b70-8cc9-4b69718ed796,DR. MANOJ KUMAR YADAV,REG_BH1RRLBP,MBBS MD,9800326062,,12.1,RADIOLOGIST
91e8382b-9510-4ec1-91dd-c05bb224d22d,b448b89d-9327-4b70-8cc9-4b69718ed796,DR. REKHA DEVI,REG_T0H8KWOE,MBBS DA,8086976852,,24.3,RADIOLOGIST
96955952-fef1-4569-ab41-5b9d1e0550c0,b448b89d-9327-4b70-8cc9-4b69718ed796,DR. RANI DEVI,REG_EKY0DN0G,MBBS DA,7616680131,,8.2,GYNAECOLOGIST
8d4c8b84-c840-49f5-8da8-f0c22387f7b2,b448b89d-9327-4b70-8cc9-4b69718ed796,DR. RADHA DEVI,REG_8NO4ZVUW,MBBS MD DM,9848094601,,23.3,PAEDIATRICIAN
6216b190-a349-4c8a-92c0-bbcacb4a8a03,6ad78f1a-23fa-4203-9a84-c928c1485082,DR. AMIT KUMAR,REG_URHX5KFX,MBBS DNB,9591880253,,16.8,PAEDIATRICIAN
96c6e85c-c548-4437-8820-06e42e202881,6ad78f1a-23fa-4203-9a84-c928c1485082,DR. VIRENDRA SINGH,REG_T6LFJ058,MBBS MS MCh,9606157623,,25.5,SURGEON
e5690f97-88e8-443d-8c48-00fbc4fbfea9,6ad78f1a-23fa-4203-9a84-c928c1485082,DR. BRIJESH KUMAR,REG_40H8G21R,MBBS DNB,9583963295,,23.8,PAEDIATRICIAN
be8cbcdd-89d9-4087-bd10-a8f179074195,6ad78f1a-23fa-4203-9a84-c928c1485082,DR. BABLU KUMAR RAJBHAR,REG_S84GCK9Y,MBBS,9525038734,,4.4,SURGEON
8bbd6fc9-3f5e-4c2f-9337-1503c5550697,6ad78f1a-23fa-4203-9a84-c928c1485082,DR. RADHA DEVI,REG_RGCGXORP,MBBS MD DM,9761723845,,12.1,ANAESTHETIST
c5225bf5-e682-4e69-93a8-c2c2e74e79e3,b3f0d5b8-7cbf-4f4b-9b6d-9da5394e906a,DR. DEVENDRA KUMAR,REG_DYU1SA0U,MBBS MD,7867326252,,31.1,SURGEON
b0dd5b6b-5636-43b9-84a3-415f33207ffa,b3f0d5b8-7cbf-4f4b-9b6d-9da5394e906a,DR. JAGDISH PRASAD GAUTAM,REG_GI637H3J,MBBS MD DM,9486852349,,19.9,PAEDIATRICIAN
3c3c640b-3f71-41f5-8494-340dddbc5a35,b3f0d5b8-7cbf-4f4b-9b6d-9da5394e906a,DR. VIRENDRA SINGH PANDEY,REG_JB3RB75D,MBBS MS MCh,9827615865,,20.7,GYNAECOLOGIST
a89d0755-cee8-48ee-8926-6816fc8a3447,b3f0d5b8-7cbf-4f4b-9b6d-9da5394e906a,DR. SURESH KUMAR PANDEY,REG_WY15DD7A,MBBS DNB,9602877641,,11.2,SURGEON
9fe0d49d-04a5-4070-a222-70807074c8f0,b3f0d5b8-7cbf-4f4b-9b6d-9da5394e906a,DR. GUDDU KUMAR VERMA,REG_QRUB1KP0,MBBS MD,7629827631,,10.7,GYNAECOLOGIST
33f4210c-c574-46e3-8c00-2476fd8abfd6,10ad2351-17b6-4ec7-851c-8aefcc63cff4,DR. UMESH KUMAR,REG_H7COSXQI,MBBS MD,7881519697,,31.3,RADIOLOGIST
8fff1e86-d44c-4403-be82-b65ad1a50fff,10ad2351-17b6-4ec7-851c-8aefcc63cff4,DR. USHA DEVI,REG_0X8656M9,MBBS DNB,7057657868,,8.1,ANAESTHETIST
e8cd4ace-8eac-4e62-bf6f-2b72924acf2b,10ad2351-17b6-4ec7-851c-8aefcc63cff4,DR. KAMLA DEVI,REG_V7AZG5DT,MBBS MD DM,9565361237,,30.0,PAEDIATRICIAN
1b4d6a32-e455-41f5-a36b-22427dc9eb35,10ad2351-17b6-4ec7-851c-8aefcc63cff4,DR. DRAUPADI DEVI,REG_7JZAXG0Z,MBBS MS MCh,7971637465,,8.9,ANAESTHETIST
63320485-5ef9-41c3-bc7e-8bcb938531c3,8e583d2a-f0cd-467c-a271-e2a1da253f79,DR. SARASWATI DEVI,REG_2I1WE7D3,MBBS MS MCh,7736030016,,3.3,SURGEON
209ec6a5-4da6-4381-b675-f3cdf36928ea,8e583d2a-f0cd-467c-a271-e2a1da253f79,DR. MANOJ KUMAR,REG_7QRO9TSD,MBBS MS MCh,9598393516,,12.1,RADIOLOGIST
63ebde0c-2a2b-42fe-92e0-6a62ae688dd9,107d3b43-95ab-496f-a5f6-10a00c4b91cf,DR. POONAM DEVI,REG_EFZTC50K,MBBS MS,7713148477,,12.0,ANAESTHETIST
85d0a6f4-c73f-4706-9497-90b8c09d8c85,107d3b43-95ab-496f-a5f6-10a00c4b91cf,DR. HEMANT KUMAR,REG_GE06Z2K0,MBBS DA,9889080250,,19.3,SURGEON
02778317-c3ac-4806-874e-6bad9d65f028,107d3b43-95ab-496f-a5f6-10a00c4b91cf,DR. VIRENDRA SINGH,REG_MSC5AJZJ,MBBS DNB,7675607959,,21.3,PRIMARY_CLINICIAN
7fa78f99-306c-4fb3-ba38-63e02fb97f4f,107d3b43-95ab-496f-a5f6-10a00c4b91cf,DR. DEVENDRA KUMAR,REG_96INGBO5,MBBS MD DM,7929933787,,33.4,PRIMARY_CLINICIAN
c4642d4c-b95e-4fde-93d3-87e62d510f2d,e6fb5ad5-e539-4dc8-922a-bd33a4f5b4d7,DR. KAMLA DEVI,REG_G19GC9I1,MBBS MS MCh,7533918354,,25.4,GYNAECOLOGIST
c581eb07-e091-41e1-9c0d-f84c763c09d0,e6fb5ad5-e539-4dc8-922a-bd33a4f5b4d7,DR. KIRAN DEVI,REG_R963X71B,MBBS DA,7776467265,,20.6,ANAESTHETIST
58b50aed-6304-4af9-9685-f355e745de1c,e6fb5ad5-e539-4dc8-922a-bd33a4f5b4d7,DR. BABLU KUMAR,REG_2D141U1R,MBBS MS,9535132264,,10.1,PRIMARY_CLINICIAN
d1c7ece8-34fd-4e03-b0c4-31d5b7f8fc36,e6fb5ad5-e539-4dc8-922a-bd33a4f5b4d7,DR. SANTOSH KUMAR,REG_282AJ7WY,MBBS DNB,9434932658,,14.0,PAEDIATRICIAN
ce739011-6d4b-4a1c-9ead-056b80b91f99,e6fb5ad5-e539-4dc8-922a-bd33a4f5b4d7,DR. PAPPU YADAV,REG_J5PR39O5,MBBS MD,9769434905,,5.7,ANAESTHETIST
e4650f66-aa9c-4899-9291-e2f7127926b4,e6fb5ad5-e539-4dc8-922a-bd33a4f5b4d7,DR. SANTOSHI DEVI,REG_8EOSLXFV,MBBS MD DM,8041311903,,19.3,PAEDIATRICIAN
fd57b315-878a-4f82-90c4-1e7229256782,a8db82fc-56d1-46d0-85f7-cf3dd3758fcf,DR. PHOOL KUMARI,REG_3BKSXAUY,MBBS MD,7866772881,,32.9,ANAESTHETIST
eb61a581-9223-4b53-bfc9-b4329886d8f1,a8db82fc-56d1-46d0-85f7-cf3dd3758fcf,DR. KIRAN DEVI,REG_AP240AF9,MBBS,9885653805,,10.6,PAEDIATRICIAN
10286e54-604c-4d7c-9eae-34ff0f82e2a9,a8db82fc-56d1-46d0-85f7-cf3dd3758fcf,DR. RAVI SHANKAR,REG_R0U89EI4,MBBS MS MCh,8093296109,,26.2,SURGEON
098072e6-4823-40a4-a18b-e46ccdb7b418,a8db82fc-56d1-46d0-85f7-cf3dd3758fcf,DR. DEVENDRA KUMAR,REG_LRYPTE32,MBBS MD,7090017491,,24.5,ANAESTHETIST
1f6ad00f-9e4e-462a-89a4-ede14d731392,a8db82fc-56d1-46d0-85f7-cf3dd3758fcf,DR. RAJU YADAV,REG_862VX6U9,MBBS MS MCh,9507263191,,21.7,GYNAECOLOGIST
a0b927d8-a6ff-4f7e-a165-51ce307e3063,a8db82fc-56d1-46d0-85f7-cf3dd3758fcf,DR. SUMITRA DEVI,REG_AYW7QUSU,MBBS MD,9851100182,,1.3,GYNAECOLOGIST
b60bbc4e-1be5-432b-a2f8-eaf123f960cf,4143e59c-9ec0-45f0-b887-43b6c113a9fb,DR. POONAM DEVI,REG_YC9NYJQ9,MBBS,9890008663,,22.2,SURGEON
760a8585-a78a-4e95-a33a-e8993e2259c2,4143e59c-9ec0-45f0-b887-43b6c113a9fb,DR. KUSUM DEVI,REG_OLSEN7B5,MBBS MD DM,7942582695,,30.0,PAEDIATRICIAN
fbe087a1-ba21-4cc5-85ed-bbd9f745599a,4143e59c-9ec0-45f0-b887-43b6c113a9fb,DR. DEEPAK KUMAR,REG_GOSPU777,MBBS MS,7066993715,,3.3,SURGEON
85a71c6e-07fc-411b-b332-15d37a422b23,4143e59c-9ec0-45f0-b887-43b6c113a9fb,DR. DEVENDRA KUMAR,REG_6UEG0P0W,MBBS MS,9796753337,,24.0,PAEDIATRICIAN
6bdd3c7e-903d-4192-a011-426c3aef8aa6,4143e59c-9ec0-45f0-b887-43b6c113a9fb,DR. GEETA DEVI,REG_1DXOK0BK,MBBS MS,9516595969,,16.4,PRIMARY_CLINICIAN
b388fce6-d89e-4e95-93f7-e338f46c0726,4143e59c-9ec0-45f0-b887-43b6c113a9fb,DR. KUSUM DEVI,REG_AAUNX4XV,MBBS MD DM,8075112914,,28.7,ANAESTHETIST
52669f54-69a4-41d4-a4a5-038d72b7db7c,d34c3cb2-a27e-4a44-ba5d-6a9766e552a2,DR. BABLU KUMAR,REG_9MO12V6L,MBBS MS,7613139551,,11.6,GYNAECOLOGIST
8a386d9e-9ec1-4569-999a-4bf736bd1e75,d34c3cb2-a27e-4a44-ba5d-6a9766e552a2,DR. SEEMA DEVI,REG_GKN69V14,MBBS MD DM,9425392781,,14.9,RADIOLOGIST
1fa7759a-b4fb-49a4-8996-11b778a1711b,4585aeb1-aa08-4fc2-b668-a63af19a4352,DR. AMIT KUMAR KORI,REG_0YXT46A2,MBBS MS MCh,8168701158,,34.3,SURGEON
d6dadc0b-7e60-4b44-b3cd-b3be653d3378,4585aeb1-aa08-4fc2-b668-a63af19a4352,DR. PRIYA KUMARI,REG_W3W5L1RX,MBBS DNB,8039919600,,5.8,RADIOLOGIST
559437ee-c65e-4946-9c36-18f56938fe3c,4585aeb1-aa08-4fc2-b668-a63af19a4352,DR. JAGDISH PRASAD,REG_UBN7GE8V,MBBS,7886492353,,12.6,ANAESTHETIST
1cc0c034-c38a-44c9-b01a-ce2412caa3c4,4585aeb1-aa08-4fc2-b668-a63af19a4352,DR. REKHA DEVI,REG_VHZA5HXA,MBBS MD,8111963797,,32.5,SURGEON
dcb26e69-ecd6-404d-835f-545ccd2e66f5,4585aeb1-aa08-4fc2-b668-a63af19a4352,DR. GUDDU KUMAR,REG_L8U1YTB7,MBBS MD,9828058288,,33.1,ANAESTHETIST
2a090f7c-5352-46fc-81c1-b63900b1a817,4585aeb1-aa08-4fc2-b668-a63af19a4352,DR. SHYAM LAL,REG_C78TTAD4,MBBS,9842325843,,10.2,PRIMARY_CLINICIAN
6c9aff4b-bf56-437b-9bc2-7dfe7a157f61,4585aeb1-aa08-4fc2-b668-a63af19a4352,DR. RAMU KAKA,REG_NZ28DH9P,MBBS DNB,9813860491,,10.2,ANAESTHETIST
5a10cddb-c5e0-4990-9eed-238a8a62c6ba,83a82ea2-ddf3-446f-97d1-169c91344581,DR. BRIJESH KUMAR,REG_X9RP6HD8,MBBS DA,9769173174,,33.7,ANAESTHETIST
573201d4-bb7a-4b20-bdeb-89131035c2ee,83a82ea2-ddf3-446f-97d1-169c91344581,DR. KALAWATI DEVI,REG_PMG8JO18,MBBS MD DM,7985107067,,2.1,SURGEON
6b593a21-531c-4de9-b261-17fc7843f67b,83a82ea2-ddf3-446f-97d1-169c91344581,DR. RAM PRASAD,REG_FZD4TIAQ,MBBS,7799520843,,16.8,SURGEON
e28fbc1f-ebf4-4dbf-94d5-088538085259,83a82ea2-ddf3-446f-97d1-169c91344581,DR. HEMANT KUMAR MISHRA,REG_SKQJY7BA,MBBS MS MCh,7526990792,,22.7,RADIOLOGIST
4c35b66d-6fca-4984-932a-13e5d4fc2658,83a82ea2-ddf3-446f-97d1-169c91344581,DR. MUNNI DEVI,REG_GWCNTA1Z,MBBS MD,7758884385,,3.1,GYNAECOLOGIST
728e1472-ea62-4ac8-95c6-d2d3e5a9b4dd,83a82ea2-ddf3-446f-97d1-169c91344581,DR. MANOJ KUMAR,REG_CHDB0VAT,MBBS MS,7523331565,,26.6,PAEDIATRICIAN
d1661d5a-86bd-4d71-89b6-fe414ec4c9fd,83a82ea2-ddf3-446f-97d1-169c91344581,DR. VIVEK KUMAR,REG_KNEM0VF3,MBBS MS,9595979138,,26.5,PAEDIATRICIAN
5bc96edc-4f7a-4e7f-9d32-efcf6f6e08c5,83f6174d-9cdf-45b3-88d5-8c5740134a55,DR. DEVENDRA KUMAR PANDEY,REG_5KLX6JHH,MBBS MD DM,9890696544,,25.9,GYNAECOLOGIST
b4f3d17f-e652-4446-9907-55cb51d3914f,83f6174d-9cdf-45b3-88d5-8c5740134a55,DR. HEMANT KUMAR,REG_2WULYZHK,MBBS MS,7744291476,,32.5,ANAESTHETIST
15561bc3-bcc6-4c0a-94fa-3655600d54a5,83f6174d-9cdf-45b3-88d5-8c5740134a55,DR. LAKHAN LAL GUPTA,REG_WCV14MIW,MBBS DNB,9548976283,,20.0,RADIOLOGIST
7b70486e-945f-46fe-8626-d511692f7f92,83f6174d-9cdf-45b3-88d5-8c5740134a55,DR. GEETA DEVI,REG_IRQTB12V,MBBS,9618939610,,24.1,ANAESTHETIST
a9849e92-689a-4efd-9283-c913d9de6c55,c5820563-50a7-491f-bdc3-2e3a004be3ce,DR. URMILA DEVI,REG_1M0VJ69H,MBBS MD,7876156832,,10.7,SURGEON
ae7e8309-115e-406e-9677-6facbfdc8a77,c5820563-50a7-491f-bdc3-2e3a004be3ce,DR. MUNNI DEVI,REG_WT88VS12,MBBS,7664149311,,25.6,PAEDIATRICIAN
79429d0c-90b8-4c8a-a6f3-f4992e7bca64,cf198bb3-d46b-402e-8910-3ea05aadd0ae,DR. PUSHPA DEVI,REG_VIN8AQG8,MBBS,9727261032,,3.5,PRIMARY_CLINICIAN
9690a9e7-0668-44ae-8802-71382f0ca20f,cf198bb3-d46b-402e-8910-3ea05aadd0ae,DR. UMESH KUMAR,REG_3EUHQKVX,MBBS MS,7865099868,,2.2,PAEDIATRICIAN
ee453e22-d38e-42fb-a5cb-24c726ecd3cd,cf198bb3-d46b-402e-8910-3ea05aadd0ae,DR. KUSUM DEVI,REG_2JO59L3H,MBBS MS,8025803651,,1.8,RADIOLOGIST
bc39b53e-2b55-4cd4-acc3-7ce77d01e75c,cf198bb3-d46b-402e-8910-3ea05aadd0ae,DR. MUKESH KUMAR,REG_WXUOMGUF,MBBS,7578428289,,27.6,PRIMARY_CLINICIAN
a6517dc0-3eb1-4473-a89d-9288b0502bcd,cf198bb3-d46b-402e-8910-3ea05aadd0ae,DR. RAM PRASAD,REG_W69UMKFR,MBBS MD,8132795629,,2.8,ANAESTHETIST
672cadb7-aace-4281-9e0b-af7f1aa0ad85,cf198bb3-d46b-402e-8910-3ea05aadd0ae,DR. CHAMELI DEVI,REG_CN9FDPJB,MBBS MS MCh,9536213849,,32.3,ANAESTHETIST
1612af92-4ad8-4883-b9f7-5430c1a01c4a,cf198bb3-d46b-402e-8910-3ea05aadd0ae,DR. GULABO DEVI,REG_113788KA,MBBS DA,7876399564,,20.8,PAEDIATRICIAN
0052be6d-d813-4b85-918f-2ade5181d7be,cf198bb3-d46b-402e-8910-3ea05aadd0ae,DR. BABLU KUMAR,REG_CQIFSKLQ,MBBS,8033650774,,18.5,RADIOLOGIST
1e546451-12ba-4430-9aaa-ed5082a1d6cd,d50218e3-0d98-43ec-ad90-60b47e6ab1f2,DR. SEEMA DEVI,REG_IB6SLQF7,MBBS DA,9879956463,,4.3,SURGEON
1f6dc96d-fc4d-4084-8170-e6eb9247d99f,d50218e3-0d98-43ec-ad90-60b47e6ab1f2,DR. REENA DEVI,REG_IW7656UQ,MBBS MD DM,9457512457,,7.1,ANAESTHETIST
4c6f4499-9a41-4e99-bd6a-9bfc546bd81b,c9b87b18-225b-4650-ac6c-cc3385e34dd9,DR. RAJESH KUMAR RAJBHAR,REG_CFCZ7Q3J,MBBS DNB,9677865785,,12.4,PAEDIATRICIAN
9a64ac67-aa1a-414d-ad2d-6bbeb0ee31ae,c9b87b18-225b-4650-ac6c-cc3385e34dd9,DR. SUNITA DEVI,REG_Y4176V3I,MBBS MS,9594402870,,31.0,PAEDIATRICIAN
17eedd9b-35ed-4848-943c-13b10cc9f828,c9b87b18-225b-4650-ac6c-cc3385e34dd9,DR. RANI DEVI,REG_ESNY6ZIO,MBBS,9715386623,,20.2,SURGEON
4870c055-c73f-469b-9e34-dc019ff2fff0,c9b87b18-225b-4650-ac6c-cc3385e34dd9,DR. JAGDISH PRASAD,REG_NQ0B6FMR,MBBS,9836752315,,13.6,RADIOLOGIST
5efe3a79-da85-40bb-be9e-4f35f28861d9,c9b87b18-225b-4650-ac6c-cc3385e34dd9,DR. GEETA DEVI,REG_P3KAVG68,MBBS MS,9821082254,,19.6,SURGEON
203f3b08-5dda-421c-ac15-0deebe152e38,c9b87b18-225b-4650-ac6c-cc3385e34dd9,DR. SUSHIL KUMAR,REG_YEUBQ5JX,MBBS MS,9681475600,,8.4,RADIOLOGIST
09395254-bd0f-48ea-8c63-560ad2359b59,c9b87b18-225b-4650-ac6c-cc3385e34dd9,DR. PREM SHANKAR KUMAR,REG_M6B1G5WE,MBBS MS,9768384770,,27.8,PRIMARY_CLINICIAN
824c8369-31c4-47c8-b468-8ee0df47b85d,14ff8c7b-49f6-46e3-968b-b65dc4611a8a,DR. SUNITA DEVI,REG_E81VXZMJ,MBBS MD DM,9470075739,,25.4,PAEDIATRICIAN
f78e1ec7-f805-46b9-b581-d0440ca70fc2,14ff8c7b-49f6-46e3-968b-b65dc4611a8a,DR. SURESH KUMAR,REG_CCSEMBHX,MBBS DA,7824242694,,34.4,PRIMARY_CLINICIAN
82710c12-9572-4be1-bfdc-ed1be66a70aa,14ff8c7b-49f6-46e3-968b-b65dc4611a8a,DR. SUNITA DEVI,REG_FR8CY14D,MBBS MS,9704058801,,13.5,RADIOLOGIST
3f70665b-5330-4fd8-8669-f70f81ff1392,14ff8c7b-49f6-46e3-968b-b65dc4611a8a,DR. DRAUPADI DEVI,REG_EG56GOAZ,MBBS MS MCh,7024719714,,24.4,PRIMARY_CLINICIAN
d1f46dd9-7c3b-47f0-ad30-804a2a1360f0,c5ee5276-bc55-4773-832e-8edd326a222e,DR. ARVIND KUMAR,REG_AWORXK19,MBBS DA,9590833837,,31.1,GYNAECOLOGIST
689b142d-262a-457f-ad50-ee89b77e60a5,c5ee5276-bc55-4773-832e-8edd326a222e,DR. RAM PRASAD,REG_WFCFJX4D,MBBS MS,7950919722,,7.9,SURGEON
ea784956-bf07-416a-9514-498069d188d4,c5ee5276-bc55-4773-832e-8edd326a222e,DR. KALAWATI DEVI,REG_BYI15NX3,MBBS MD,7626072015,,13.2,ANAESTHETIST
52b688f2-5aa9-4a00-a1ab-10545afa5ecc,c5ee5276-bc55-4773-832e-8edd326a222e,DR. RAJEEV KUMAR PASI,REG_D5S1RR8F,MBBS DNB,9672779467,,27.6,ANAESTHETIST
7a0219eb-5f01-481c-bac9-1515d88499ba,c5ee5276-bc55-4773-832e-8edd326a222e,DR. SUMITRA DEVI,REG_LR1QFFWV,MBBS MD,9715148706,,5.5,SURGEON
91c5e8b8-4a81-4d7e-810b-e21f5a31c8fe,c5ee5276-bc55-4773-832e-8edd326a222e,DR. SANJAY KUMAR,REG_GXZ35UN1,MBBS MS,9573432602,,7.9,PRIMARY_CLINICIAN
4e114f1e-3c7c-449e-94af-22527c046f6f,c5ee5276-bc55-4773-832e-8edd326a222e,DR. SHYAM LAL,REG_4EQLJIRC,MBBS MS MCh,7537067060,,19.3,RADIOLOGIST
2356f65a-a802-42c1-a1c0-efaa35f3920f,c5ee5276-bc55-4773-832e-8edd326a222e,DR. RAMESH CHANDRA,REG_UYXX4O0H,MBBS,8097277734,,17.2,PAEDIATRICIAN
c8dc3f9d-b2fb-46a0-9fa5-7d17fc4df36a,7467bc17-19a1-4697-9bac-69f4cdaacecc,DR. MANJU DEVI,REG_Y6B85PFJ,MBBS MD DM,8039065496,,19.3,RADIOLOGIST
d171b895-8811-4759-8a84-f6bb61150e85,7467bc17-19a1-4697-9bac-69f4cdaacecc,DR. SHEELA DEVI,REG_AG4J9HXE,MBBS MD DM,9543849352,,1.6,ANAESTHETIST
cae84cdd-2cbc-4eea-93bb-190b417d2ad3,7467bc17-19a1-4697-9bac-69f4cdaacecc,DR. NARESH KUMAR,REG_IVBB54FG,MBBS MS MCh,9782756111,,32.0,PAEDIATRICIAN
9873d3c9-5a1a-4a9a-8e7f-c8242ab5b50b,7467bc17-19a1-4697-9bac-69f4cdaacecc,DR. ASHOK KUMAR,REG_MKD7K6G5,MBBS DA,8105200463,,12.2,PRIMARY_CLINICIAN
c57ec5e5-1158-4bf6-a11f-1adf6b5d7105,7467bc17-19a1-4697-9bac-69f4cdaacecc,DR. RAVINDRA NATH,REG_9KHT0GJW,MBBS MS,9502667886,,13.2,PRIMARY_CLINICIAN
1c20c23b-f565-4796-aed0-50507de8932e,7467bc17-19a1-4697-9bac-69f4cdaacecc,DR. MANOJ KUMAR MAURYA,REG_AI968HEN,MBBS MD DM,8086571422,,33.3,SURGEON
34ee8b2b-a8c8-4c1e-9d9c-4994eea441f5,7467bc17-19a1-4697-9bac-69f4cdaacecc,DR. VIJAY KUMAR RAJBHAR,REG_XSXOS5HC,MBBS MD,9756874232,,10.8,PAEDIATRICIAN
293b5298-6e1e-4348-af82-50d0dd531fdd,bd53f1b8-cdc2-4c5c-b0b0-1c4a6053b1a2,DR. LAXMI DEVI,REG_MBFVX7LZ,MBBS,7516813417,,4.1,PRIMARY_CLINICIAN
65e35b50-3f94-4139-bd58-2b5a7fbb04d9,bd53f1b8-cdc2-4c5c-b0b0-1c4a6053b1a2,DR. VIVEK KUMAR,REG_P0LN3QYV,MBBS MD,7860631294,,15.4,ANAESTHETIST
f2353f51-9df0-4e1d-bd69-2baae34d9b6c,bd53f1b8-cdc2-4c5c-b0b0-1c4a6053b1a2,DR. PRADEEP KUMAR,REG_YAH3IKR4,MBBS DNB,7982851963,,23.3,PAEDIATRICIAN
ddde8ef7-688a-4665-a4fc-4492b2428bc8,bd53f1b8-cdc2-4c5c-b0b0-1c4a6053b1a2,DR. PAPPU YADAV,REG_QPP5DC76,MBBS MS,9899257164,,34.9,GYNAECOLOGIST
4f0b4b0e-7c4b-4bc7-bcfd-3fccfa0d391d,bd53f1b8-cdc2-4c5c-b0b0-1c4a6053b1a2,DR. KAMLA DEVI,REG_S4F0KUYX,MBBS MD DM,9413861922,,1.1,PAEDIATRICIAN
0e501ca2-aca2-4bbf-80d9-86dfd94c220c,bd53f1b8-cdc2-4c5c-b0b0-1c4a6053b1a2,DR. GEETA DEVI,REG_BFKCBY6O,MBBS MD DM,7680071563,,15.6,RADIOLOGIST
139c47f8-cf9b-445f-b069-e404d08dc5fe,bd53f1b8-cdc2-4c5c-b0b0-1c4a6053b1a2,DR. DINESH KUMAR,REG_5D8ZZJ3O,MBBS DNB,9712359155,,14.8,SURGEON
10c71999-18af-4f7e-abac-f6adf84d7338,bd53f1b8-cdc2-4c5c-b0b0-1c4a6053b1a2,DR. GEETA DEVI,REG_BEJNJY0R,MBBS MS,8124773000,,31.8,GYNAECOLOGIST
e2a25fae-7050-4f6c-a6ac-967951a52367,d2c0024b-8d5d-42f5-8962-735f8b5cd2d2,DR. LEELA DEVI,REG_14EXW5C7,MBBS MS MCh,7671553068,,31.5,GYNAECOLOGIST
f48d28ab-25ac-4699-861d-25425c506296,d2c0024b-8d5d-42f5-8962-735f8b5cd2d2,DR. GUDDU KUMAR NISHAD,REG_AM9E9938,MBBS DA,9674680287,,33.9,SURGEON
1d940117-931f-4125-b063-208d6a672e64,d2c0024b-8d5d-42f5-8962-735f8b5cd2d2,DR. RAM PRASAD,REG_RAV1IAQF,MBBS,8037746947,,3.6,PRIMARY_CLINICIAN
ad1e8a4b-9d3f-4d6f-afbc-d9e579de514c,d2c0024b-8d5d-42f5-8962-735f8b5cd2d2,DR. LAXMI DEVI,REG_PN4QNREU,MBBS MS,9895957512,,27.5,RADIOLOGIST
fcf74891-0317-48f5-ae08-c7f5e3191342,d2c0024b-8d5d-42f5-8962-735f8b5cd2d2,DR. PHOOL KUMARI,REG_BV42PB1S,MBBS MS MCh,7952387507,,25.8,PAEDIATRICIAN
468e6738-ba79-4ff3-85a4-6400a12beb17,e8755832-86e6-4f2d-b6c4-1e2fd51b1c82,DR. ARVIND KUMAR,REG_G6Z15WLS,MBBS MD DM,7508478812,,33.2,SURGEON
a06dd94d-701c-4e4f-9052-d87042d753cb,e8755832-86e6-4f2d-b6c4-1e2fd51b1c82,DR. PREM SHANKAR,REG_Y7O7WN2Z,MBBS DNB,9874495314,,24.9,GYNAECOLOGIST
a06f8aaa-67e6-43f0-9b6b-43bdb109dafa,e8755832-86e6-4f2d-b6c4-1e2fd51b1c82,DR. RAMESH CHANDRA,REG_9XBV1Y18,MBBS MS MCh,7855954679,,21.9,RADIOLOGIST
21013477-f963-4697-a406-4f77549b4b45,e8755832-86e6-4f2d-b6c4-1e2fd51b1c82,DR. CHAMELI DEVI,REG_LBBHF5JX,MBBS MS MCh,9757880500,,19.7,SURGEON
4a11d753-0392-42bd-acd8-e40b2e86fa6d,e8755832-86e6-4f2d-b6c4-1e2fd51b1c82,DR. REKHA DEVI,REG_X070VUK7,MBBS MD DM,9677038478,,32.1,PRIMARY_CLINICIAN
2adb79e0-6912-4667-81d6-3ccb144957c3,e8755832-86e6-4f2d-b6c4-1e2fd51b1c82,DR. RAM PRASAD,REG_A4N5DWG5,MBBS MS,9418179851,,30.0,RADIOLOGIST
ab0e9f0c-d686-4e68-9c91-c6cb8e42e575,e8755832-86e6-4f2d-b6c4-1e2fd51b1c82,DR. DEVENDRA KUMAR,REG_GPE0ZS9N,MBBS DNB,9607865292,,28.5,GYNAECOLOGIST
715bf9df-71c0-4aa2-91ad-62c6888fc9b9,bb0a7d40-20e3-4708-90b2-8aabedb89e89,DR. AMIT KUMAR,REG_LZU5R8ET,MBBS MD,9523593397,,29.5,ANAESTHETIST
f7eddfaa-c104-4fe0-850a-469372f9997a,bb0a7d40-20e3-4708-90b2-8aabedb89e89,DR. SHANTI DEVI,REG_PAFNTJKX,MBBS MD,9843527558,,22.2,PRIMARY_CLINICIAN
dffb992d-bbdd-453f-8ca1-5190a3d25e6e,bb0a7d40-20e3-4708-90b2-8aabedb89e89,DR. ANITA DEVI,REG_BHACDDAD,MBBS MD,7756419252,,8.7,ANAESTHETIST
cc120b2d-1b6d-49b7-acf5-261af1c7b213,bb0a7d40-20e3-4708-90b2-8aabedb89e89,DR. DEVENDRA KUMAR GAUTAM,REG_DWJVA8JU,MBBS,7065934440,,23.6,RADIOLOGIST
9677947e-5609-44af-be84-de7988f45430,b5ceb52e-22a6-446d-87b6-a559b29cee58,DR. SANTOSHI DEVI,REG_ITO2YJZ6,MBBS MD DM,7949404698,,3.1,GYNAECOLOGIST
73e1c798-1718-47c4-950c-5c090f10b073,b5ceb52e-22a6-446d-87b6-a559b29cee58,DR. POONAM DEVI,REG_O4ZE0A0K,MBBS MD DM,8017983073,,12.7,RADIOLOGIST
712fada0-0599-45f1-ac71-29a968087238,b5ceb52e-22a6-446d-87b6-a559b29cee58,DR. ROHIT KUMAR NISHAD,REG_JN1HN3YC,MBBS DNB,9565580516,,15.6,RADIOLOGIST
70af87a5-cb4e-4807-b138-93d2a0b0e9dd,b5ceb52e-22a6-446d-87b6-a559b29cee58,DR. SANJAY KUMAR,REG_QSD41S2T,MBBS MS,7099092794,,24.5,SURGEON
33d9b829-54cc-40bf-bbce-31db205e18c7,b5ceb52e-22a6-446d-87b6-a559b29cee58,DR. PREM SHANKAR SINGH,REG_C4ZSZH05,MBBS,9750578916,,21.9,GYNAECOLOGIST
91319e55-04ec-4071-988d-711f406b8d56,b5ceb52e-22a6-446d-87b6-a559b29cee58,DR. LAKHAN LAL PASI,REG_GBKIZ5S8,MBBS MD DM,9860534560,,2.3,RADIOLOGIST
a9bac1a9-44a9-4573-b08c-906932490a05,c0b5db27-f015-4edd-b6d6-a557e0529d37,DR. KUSUM DEVI,REG_OKLISFDW,MBBS MD,9470041675,,15.8,PAEDIATRICIAN
101c8a9f-99d1-4826-8efc-fbe6ca409e1a,c0b5db27-f015-4edd-b6d6-a557e0529d37,DR. SEEMA DEVI,REG_ECO2W02H,MBBS MS,9688652039,,21.1,GYNAECOLOGIST
d941dfcd-80a3-4a1d-a19a-e7be71204fc7,c0b5db27-f015-4edd-b6d6-a557e0529d37,DR. RAJU YADAV,REG_LX120EFA,MBBS,9438309137,,9.0,PRIMARY_CLINICIAN
dbd24362-0d0c-4d32-8b02-159b18400afc,c0b5db27-f015-4edd-b6d6-a557e0529d37,DR. PREM SHANKAR PANDEY,REG_UF6NBSL5,MBBS DNB,8068058308,,2.0,GYNAECOLOGIST
c51335d3-5d16-476b-b95f-b9da16af2af4,c34cb943-50d9-4fe8-a1c7-97abdd4f297e,DR. SHANTI DEVI,REG_SRBR6OFV,MBBS,9604154697,,30.6,PAEDIATRICIAN
7273fb3b-fce3-48b2-b1ce-b485312cb6ab,c34cb943-50d9-4fe8-a1c7-97abdd4f297e,DR. SUMITRA DEVI,REG_GOL9KHOZ,MBBS,9603436167,,25.2,GYNAECOLOGIST
f0665c30-8f6b-49a5-a7cb-de3275780730,c34cb943-50d9-4fe8-a1c7-97abdd4f297e,DR. HEMANT KUMAR,REG_GHJSQOVN,MBBS MD DM,7603522039,,26.3,PAEDIATRICIAN
cabb541b-f7a0-442d-8da5-81dc2f3c96a8,c34cb943-50d9-4fe8-a1c7-97abdd4f297e,DR. PREM SHANKAR YADAV,REG_TRG8PZ2R,MBBS MS MCh,8104419867,,2.7,ANAESTHETIST
df7bd1d4-a982-4123-8d69-2b754709ff05,a8cdb4db-13ac-4633-93dd-14dae979d14b,DR. SANJAY KUMAR YADAV,REG_0AXI0EUB,MBBS MD DM,9412105370,,23.0,SURGEON
03d9ed40-c54f-4f18-9379-ee290958c8ba,a8cdb4db-13ac-4633-93dd-14dae979d14b,DR. SHEELA DEVI,REG_80ZWPBW8,MBBS,9547655678,,21.7,RADIOLOGIST
db1aea2b-4fe7-4e57-bb8f-b4fdcfbbb798,a8cdb4db-13ac-4633-93dd-14dae979d14b,DR. SUSHILA DEVI,REG_ZFUFAKSA,MBBS MD DM,7626370174,,15.2,ANAESTHETIST
9e3d7f96-aa4d-4217-8449-e87f073bef96,a8cdb4db-13ac-4633-93dd-14dae979d14b,DR. SUSHILA DEVI,REG_903NP8G1,MBBS MS MCh,7726444065,,31.0,ANAESTHETIST
26589bfd-5815-46a9-ae30-bd646d8c3c4a,a8cdb4db-13ac-4633-93dd-14dae979d14b,DR. SUSHILA DEVI,REG_IOC0W0MG,MBBS MS MCh,7772462227,,29.1,RADIOLOGIST
e30d7906-921c-404c-9eb6-fa7fcf8ea722,a8cdb4db-13ac-4633-93dd-14dae979d14b,DR. RAMU KAKA,REG_XUZ38204,MBBS MS,7675548551,,12.9,PRIMARY_CLINICIAN
8f4c7103-fe7c-4cda-9eef-fce294de23d1,a8cdb4db-13ac-4633-93dd-14dae979d14b,DR. RAJU YADAV,REG_FNGFUFSB,MBBS MD DM,7901001464,,24.9,GYNAECOLOGIST
8b1f7591-d66b-43bb-b48b-09aadc141f38,a8cdb4db-13ac-4633-93dd-14dae979d14b,DR. MEENA DEVI,REG_45JAC1OU,MBBS MS MCh,9538876614,,25.6,GYNAECOLOGIST
72028146-fef9-4cbf-9b5e-549253bb0e3f,00a2b373-6548-4d02-a5a3-51401b07edbf,DR. SAVITRI DEVI,REG_X1PG4GD9,MBBS DNB,7715459638,,7.4,ANAESTHETIST
b1b6697f-0284-4e12-9de5-a38829a0e3cd,00a2b373-6548-4d02-a5a3-51401b07edbf,DR. SANJAY KUMAR,REG_4QZX2WR8,MBBS DA,9416419879,,15.3,RADIOLOGIST
0dd9b7f8-7b84-4959-a9b2-ec37158b8ea9,00a2b373-6548-4d02-a5a3-51401b07edbf,DR. SHANTI DEVI,REG_9AYPPX0U,MBBS MS,7840800500,,12.8,SURGEON
164af06f-3a48-4549-9a06-fa9d4893f1e9,00a2b373-6548-4d02-a5a3-51401b07edbf,DR. SAROJ DEVI,REG_OIM2N9M5,MBBS MS MCh,9737990191,,11.5,GYNAECOLOGIST
968c32d5-d3ec-47c8-895e-304d15c69256,00a2b373-6548-4d02-a5a3-51401b07edbf,DR. POONAM DEVI,REG_NGFNUKOI,MBBS MS MCh,8045408180,,33.4,ANAESTHETIST
99538625-645b-401c-a7fa-7b018a512664,00a2b373-6548-4d02-a5a3-51401b07edbf,DR. RAVI SHANKAR KURMI,REG_W6H5AB7L,MBBS MD,9786607655,,10.5,PRIMARY_CLINICIAN
3b3a825e-7257-4069-bb83-64cce63f7394,bb9c1903-ac5b-45e7-bd81-0bcd078b35d4,DR. SUSHIL KUMAR GUPTA,REG_900K5E3T,MBBS DNB,7935908845,,16.8,PRIMARY_CLINICIAN
b0c91f67-c095-40cd-8e08-8469de53ffcf,bb9c1903-ac5b-45e7-bd81-0bcd078b35d4,DR. NARESH KUMAR,REG_R530I2N8,MBBS,7790355501,,10.9,GYNAECOLOGIST
b0a14bb8-8174-4ba7-8f7b-13fb76832f8d,bb9c1903-ac5b-45e7-bd81-0bcd078b35d4,DR. RAJU YADAV,REG_I6C9JRG6,MBBS MD DM,7044376531,,12.4,ANAESTHETIST
d8fbdd53-0c74-4e05-9808-5ffa7bb94379,bb9c1903-ac5b-45e7-bd81-0bcd078b35d4,DR. RAVINDRA NATH GUPTA,REG_TUWMMIW3,MBBS,7902016755,,4.5,PRIMARY_CLINICIAN
090c4bcd-4a93-4d3e-8ce0-b1375d89e108,bb9c1903-ac5b-45e7-bd81-0bcd078b35d4,DR. ARVIND KUMAR,REG_57G06NQT,MBBS DNB,7059476457,,5.2,SURGEON
bfc69e6d-0dfd-4eeb-80db-3df61ccc60ae,9fc1fc3e-15af-43a6-9d91-5152c2aeac4e,DR. SUSHILA DEVI,REG_6SZ0671J,MBBS MS,9806328962,,6.1,RADIOLOGIST
d39e6b6b-7d17-45f9-ade2-cc155a96fdfd,9fc1fc3e-15af-43a6-9d91-5152c2aeac4e,DR. JAGDISH PRASAD KURMI,REG_VRV20OKS,MBBS MS,9401857384,,18.8,PRIMARY_CLINICIAN
68a303e9-feb5-4fda-9353-e3327571a635,9fc1fc3e-15af-43a6-9d91-5152c2aeac4e,DR. URMILA DEVI,REG_U6W8QJNJ,MBBS DA,7645347314,,25.5,PAEDIATRICIAN
83382bce-c6e6-40b1-a91c-5cb5d60321bb,9fc1fc3e-15af-43a6-9d91-5152c2aeac4e,DR. SUMITRA DEVI,REG_PF5PLD7B,MBBS MD,7088057092,,21.5,RADIOLOGIST
6221d637-da42-4275-a946-31e84e90b67d,9fc1fc3e-15af-43a6-9d91-5152c2aeac4e,DR. MANOJ KUMAR,REG_MQC4SD3I,MBBS DNB,7014613943,,24.2,SURGEON
93069efc-3b1a-4aa4-a200-09e13224ac50,9fc1fc3e-15af-43a6-9d91-5152c2aeac4e,DR. KIRAN DEVI,REG_HU6YZ0B6,MBBS MD DM,9827430489,,27.9,PRIMARY_CLINICIAN
faeec334-8df5-412b-b0f9-de1c141c2081,040546bf-1b6c-43a3-b7e8-0766a949a5bf,DR. ARVIND KUMAR,REG_TCS11U7S,MBBS DA,7895958925,,10.8,ANAESTHETIST
ff03f03d-2a87-4d8c-bb24-dfde33a2b26b,040546bf-1b6c-43a3-b7e8-0766a949a5bf,DR. RAVI SHANKAR MAURYA,REG_KZE9D7RP,MBBS DNB,7707318017,,8.0,SURGEON
5850dcf5-1860-4668-9e47-3cb1d5028590,040546bf-1b6c-43a3-b7e8-0766a949a5bf,DR. ROHIT KUMAR,REG_MN0VIHVY,MBBS MD DM,7972849353,,1.5,RADIOLOGIST
e8e5b502-f016-4003-9a23-31254612f16b,225d19fa-53fa-42a2-b78b-6f44ff754dfc,DR. BABLU KUMAR MISHRA,REG_OHE1QFFB,MBBS MD DM,7948009182,,17.3,PRIMARY_CLINICIAN
7c0a0df7-e4f2-4720-8c91-c7b6d4d76f73,225d19fa-53fa-42a2-b78b-6f44ff754dfc,DR. SEEMA DEVI,REG_50L41BB9,MBBS MD,7838774825,,4.5,GYNAECOLOGIST
588d7101-1d42-466e-8ea1-ca2b9c83a388,225d19fa-53fa-42a2-b78b-6f44ff754dfc,DR. RAM PRASAD,REG_PZNVJZEX,MBBS MS MCh,7088143653,,8.1,RADIOLOGIST
9143bdea-7ab6-4e34-8dd9-a91fce4d9b51,225d19fa-53fa-42a2-b78b-6f44ff754dfc,DR. RAMU KAKA,REG_ZQ13JE0R,MBBS MS MCh,7926103810,,16.2,RADIOLOGIST
0c438916-f991-4dc8-84b6-569ce37b8663,225d19fa-53fa-42a2-b78b-6f44ff754dfc,DR. PAPPU YADAV,REG_BSAJUB4W,MBBS MD,8192291907,,32.1,PAEDIATRICIAN
b4bf8605-8a15-4f4e-acf6-47a002436b0e,225d19fa-53fa-42a2-b78b-6f44ff754dfc,DR. KALAWATI DEVI,REG_1YTZACXD,MBBS MD DM,8077154113,,5.9,GYNAECOLOGIST
15f4c7d9-7874-43f9-b12f-84587df50a1b,225d19fa-53fa-42a2-b78b-6f44ff754dfc,DR. RAKESH KUMAR,REG_P3OCFTZB,MBBS DA,9841260940,,20.0,GYNAECOLOGIST
b43f21b5-e707-4d86-a9ba-50ff7b7296bd,d00bdba7-8e5c-4d18-94da-30bb4da04912,DR. KIRAN DEVI,REG_GCG8JBX2,MBBS MS,7636585267,,24.9,PRIMARY_CLINICIAN
2f29395e-d09d-44ea-ae74-937c60647ecd,d00bdba7-8e5c-4d18-94da-30bb4da04912,DR. SHEELA DEVI,REG_20J4S641,MBBS MD DM,8125529523,,30.7,ANAESTHETIST
547d7f6c-40b1-4c7f-9257-ed939caa7f54,d00bdba7-8e5c-4d18-94da-30bb4da04912,DR. LAXMI DEVI,REG_IBF9EQ6C,MBBS DNB,9768872227,,1.2,PAEDIATRICIAN
ab2770fb-fe98-4d3e-8f12-8af5b318d2ac,525bcb91-f351-4c2a-a274-903954352118,DR. BABLU KUMAR,REG_CBAFHN59,MBBS MD,7887884556,,27.7,PRIMARY_CLINICIAN
e6459a6e-2762-42a2-98f1-385d93d76c69,525bcb91-f351-4c2a-a274-903954352118,DR. MUNNI DEVI,REG_X1BUXDAP,MBBS DNB,7972944746,,29.9,GYNAECOLOGIST
cceab1f8-c335-48f3-a58b-16d6d215d94d,525bcb91-f351-4c2a-a274-903954352118,DR. USHA DEVI,REG_G5ORUSZO,MBBS DNB,7773142583,,13.2,RADIOLOGIST
9e82f670-2197-46e0-9e67-b18caf7b149e,525bcb91-f351-4c2a-a274-903954352118,DR. SAVITRI DEVI,REG_X51BK59N,MBBS MD DM,7679092416,,30.3,RADIOLOGIST
4419728d-112b-4050-8586-82037d0f50e9,525bcb91-f351-4c2a-a274-903954352118,DR. SARASWATI DEVI,REG_AKNGG7TC,MBBS MD,7904588948,,19.5,PAEDIATRICIAN
35a54e16-3ed9-4397-98e2-33d26ad96239,25300e03-7734-4c5f-b12a-8a14acaed403,DR. GULABO DEVI,REG_JQA05KQ1,MBBS DNB,7827767244,,7.8,PRIMARY_CLINICIAN
b07cf9dc-bf17-4832-9e89-3fcc8d9f59fe,25300e03-7734-4c5f-b12a-8a14acaed403,DR. SAROJ DEVI,REG_L8KVIHXJ,MBBS MD,8120673879,,27.0,PAEDIATRICIAN
ec642881-359c-4f8c-8d80-fbc03a5a74df,25300e03-7734-4c5f-b12a-8a14acaed403,DR. SUNITA DEVI,REG_OHJVALX0,MBBS MS MCh,7941336643,,5.7,PRIMARY_CLINICIAN
f1d2da49-8f1f-4f0b-8607-8587334c6791,09096fd1-b2f7-47ba-99db-0c945347eccf,DR. SURESH KUMAR,REG_0EBXR9HP,MBBS MD DM,9434001888,,16.6,ANAESTHETIST
e6e8052d-281a-4732-af15-8ab913c046b7,09096fd1-b2f7-47ba-99db-0c945347eccf,DR. PREM SHANKAR,REG_7M97T29K,MBBS DA,9494553284,,11.2,RADIOLOGIST
db13cdf8-389b-4086-99f4-b7fa504899a9,09096fd1-b2f7-47ba-99db-0c945347eccf,DR. SUSHILA DEVI,REG_E13QNXTB,MBBS MD DM,9794476756,,16.6,ANAESTHETIST
394fd1a6-505c-4854-a0e5-65aa370fb3d6,09096fd1-b2f7-47ba-99db-0c945347eccf,DR. LAKHAN LAL,REG_M7Z8XB55,MBBS MS,9584427338,,5.8,ANAESTHETIST
6c394cd6-a56a-4090-927d-56ddf5238ab2,09096fd1-b2f7-47ba-99db-0c945347eccf,DR. SARASWATI DEVI,REG_5G4WNGRG,MBBS DNB,9503403575,,22.7,SURGEON
7e269c62-e1e1-41e6-a717-bab902633652,09096fd1-b2f7-47ba-99db-0c945347eccf,DR. SAROJ DEVI,REG_FZCM2J9O,MBBS MS MCh,7968220576,,19.5,PRIMARY_CLINICIAN
5326b003-e658-4f25-9fb8-cd48b654c5dd,09096fd1-b2f7-47ba-99db-0c945347eccf,DR. SUNITA DEVI,REG_9N36T2K1,MBBS,7640532535,,16.8,PRIMARY_CLINICIAN
e936b14b-23fa-4cbe-bcbf-98228950ec06,09096fd1-b2f7-47ba-99db-0c945347eccf,DR. GUDDU KUMAR,REG_165AJWC3,MBBS MS,7702011263,,16.6,SURGEON
ce30c450-2f27-4ded-93cc-a273e1074ee8,83ba63cf-a221-40bd-a10e-8055f9516fb0,DR. UMESH KUMAR,REG_CECH1IAS,MBBS MS,7053663506,,28.3,RADIOLOGIST
979c0948-224a-401b-950f-3a8616f928af,83ba63cf-a221-40bd-a10e-8055f9516fb0,DR. SURESH KUMAR,REG_QHAXEP6M,MBBS DNB,7746948293,,12.2,RADIOLOGIST
47926dd6-daa3-4919-a3a7-7df1720f4916,83ba63cf-a221-40bd-a10e-8055f9516fb0,DR. REENA DEVI,REG_15U3L8G3,MBBS DNB,9436100987,,18.3,ANAESTHETIST
9ed73a73-188e-4122-b65b-a3c2c93784ad,83ba63cf-a221-40bd-a10e-8055f9516fb0,DR. KALAWATI DEVI,REG_LQMZXDFJ,MBBS MS,7053487305,,18.7,GYNAECOLOGIST
20a93c6f-fecb-42c5-963c-725f4160f447,83ba63cf-a221-40bd-a10e-8055f9516fb0,DR. PRIYA KUMARI,REG_2C0VGKSM,MBBS MS MCh,7767750482,,28.0,GYNAECOLOGIST
91d751f9-2fe8-4884-ae7b-dcbc5c655d80,83ba63cf-a221-40bd-a10e-8055f9516fb0,DR. GULABO DEVI,REG_12LK0EU4,MBBS MD DM,7972971002,,29.3,PAEDIATRICIAN
2825b575-ddfb-4dbc-a042-3f391ed257d5,83ba63cf-a221-40bd-a10e-8055f9516fb0,DR. ROHIT KUMAR,REG_AKORJHJV,MBBS MD DM,7042699341,,30.1,SURGEON
11335bd7-cbdb-4604-a7b8-7b11b4ac3b86,41d8aac9-6902-4859-b2a8-2d983900e190,DR. SANJAY KUMAR GUPTA,REG_X2T78ZV4,MBBS DNB,7770296642,,28.0,PRIMARY_CLINICIAN
e70f5bc9-6195-4114-b9da-aa2e6a7e8563,41d8aac9-6902-4859-b2a8-2d983900e190,DR. GEETA DEVI,REG_JCVLF50Y,MBBS MS MCh,7751278528,,7.0,SURGEON
eb618450-ce6d-4d10-9028-aa16e5856b54,41d8aac9-6902-4859-b2a8-2d983900e190,DR. BRIJESH KUMAR,REG_YKUJYY85,MBBS MD DM,9674454607,,34.3,SURGEON
62367271-652a-4b17-83ce-19318068a47e,41d8aac9-6902-4859-b2a8-2d983900e190,DR. PREM SHANKAR,REG_4TJXQLWZ,MBBS DNB,9749881878,,23.8,RADIOLOGIST
b7468065-da05-4e2d-ac49-d6a41196cec2,41d8aac9-6902-4859-b2a8-2d983900e190,DR. BRIJESH KUMAR,REG_VOY3BKJV,MBBS MD,9866679798,,18.0,RADIOLOGIST
01be7a35-4413-4b6f-8d33-a0c052a7286c,2418ef4c-bcc3-4c07-9780-625f32a3e499,DR. RAVI SHANKAR,REG_CRECFGMA,MBBS MS,8163611922,,30.4,GYNAECOLOGIST
bad7296a-5213-4692-93bf-7139507759f1,2418ef4c-bcc3-4c07-9780-625f32a3e499,DR. RAVI SHANKAR,REG_TAY4L0U6,MBBS DA,8157762422,,8.7,PRIMARY_CLINICIAN
4bee3c06-0108-410a-9be7-cefae1781a52,2418ef4c-bcc3-4c07-9780-625f32a3e499,DR. VIJAY KUMAR MAURYA,REG_VJM9G3RD,MBBS MD,7691137579,,20.2,PRIMARY_CLINICIAN
a34ab0f9-a670-43ef-afc5-69808bc8f2b4,2418ef4c-bcc3-4c07-9780-625f32a3e499,DR. SEEMA DEVI,REG_7ZY66CS3,MBBS DA,8162785869,,28.2,SURGEON
2b211292-466f-4df2-8fcc-68b3576769c3,2418ef4c-bcc3-4c07-9780-625f32a3e499,DR. LAXMI DEVI,REG_T44RSSBT,MBBS DNB,7653213856,,17.8,GYNAECOLOGIST
4d37d547-2192-4f37-9861-54734312a7e5,2418ef4c-bcc3-4c07-9780-625f32a3e499,DR. SEEMA DEVI,REG_QXJV6SMB,MBBS,9727825688,,11.2,GYNAECOLOGIST
4c5b44dd-0310-4971-abec-a0e6bc2158f2,2418ef4c-bcc3-4c07-9780-625f32a3e499,DR. RAKESH KUMAR,REG_Y87N79B1,MBBS MD,7042540336,,4.4,SURGEON
c383f178-b83b-4feb-bbfc-bb19e8140d2e,f6c4b639-c52f-446c-b9b5-88cfefa8532a,DR. URMILA DEVI,REG_ZWTG97C6,MBBS,9704302516,,25.6,GYNAECOLOGIST
4dca8778-96b7-4e63-bd4a-982b326ebd18,f6c4b639-c52f-446c-b9b5-88cfefa8532a,DR. URMILA DEVI,REG_6E2X23CX,MBBS,7551685272,,11.8,PRIMARY_CLINICIAN
e43a68e9-14d4-49c9-8928-d7ba0ffecf93,8bbf5a35-3845-4d03-a4d9-46f59724c81b,DR. ASHOK KUMAR,REG_JTMQG0KP,MBBS MD DM,9530358431,,22.5,RADIOLOGIST
26c02b43-65d5-4a93-9e4f-0936f5487281,8bbf5a35-3845-4d03-a4d9-46f59724c81b,DR. SUSHILA DEVI,REG_AIRS205U,MBBS MS,9558052905,,4.5,PRIMARY_CLINICIAN
a284f6d4-ec53-46ff-9e9b-9e7c8a0ab59a,8bbf5a35-3845-4d03-a4d9-46f59724c81b,DR. RANI DEVI,REG_JVG003A3,MBBS MS MCh,9837891447,,17.9,ANAESTHETIST
cce2e59d-40f7-4dbd-bdfb-90a487c54dd1,8bbf5a35-3845-4d03-a4d9-46f59724c81b,DR. USHA DEVI,REG_J5YFQ9XV,MBBS MD DM,9762329264,,13.6,PRIMARY_CLINICIAN
5fe33605-b7ad-491d-8dd3-cd9b9919761f,8bbf5a35-3845-4d03-a4d9-46f59724c81b,DR. ANITA DEVI,REG_WZY0WCCR,MBBS DNB,7751768227,,4.8,GYNAECOLOGIST
4fdf3c06-d1be-4cd7-83cf-b830ecb3b825,8bbf5a35-3845-4d03-a4d9-46f59724c81b,DR. SANJAY KUMAR KUMAR,REG_81210056,MBBS MD DM,9696823900,,3.4,RADIOLOGIST
2505074a-d044-4369-bfc4-cadb6e2be548,8bbf5a35-3845-4d03-a4d9-46f59724c81b,DR. RAJESH KUMAR,REG_VURP76JI,MBBS MS,7656231331,,21.4,PRIMARY_CLINICIAN
feae9632-8231-49fa-90c3-af20e274b01b,8bbf5a35-3845-4d03-a4d9-46f59724c81b,DR. SHANTI DEVI,REG_M6LMPVLL,MBBS MD,9828045927,,8.1,GYNAECOLOGIST
1d3cff1f-6ad7-42d5-ae10-aa82c23be3f9,3e7bc9c4-a821-47e1-97d0-80309e11ef38,DR. PAPPU YADAV,REG_PYKBM0NL,MBBS MD,9470503861,,14.1,GYNAECOLOGIST
af976a58-24ef-4aba-a28c-d0b7f81d3b07,3e7bc9c4-a821-47e1-97d0-80309e11ef38,DR. GUDDU KUMAR,REG_RVM6QO37,MBBS MS MCh,9545917734,,6.8,PAEDIATRICIAN
f3dbc4de-0047-4ee9-9485-d37af8b5d847,3e7bc9c4-a821-47e1-97d0-80309e11ef38,DR. GEETA DEVI,REG_EPR4YLAQ,MBBS MD DM,7859890094,,26.5,RADIOLOGIST
2e27c92d-2078-4239-8959-5c58ef0dffa4,c0dfce16-73be-4f71-923a-ff2039494198,DR. KAMLA DEVI,REG_MWICV4G8,MBBS MS MCh,9726723697,,10.3,PAEDIATRICIAN
da9a541a-4894-4882-8785-a1d24d07a7f6,c0dfce16-73be-4f71-923a-ff2039494198,DR. RAM PRASAD,REG_S3USBF7M,MBBS DA,7731457176,,20.3,PAEDIATRICIAN
36e9b18c-059e-4ab8-80d9-d5eb5eab2b4e,c0dfce16-73be-4f71-923a-ff2039494198,DR. HEMANT KUMAR,REG_ZNVBNXMP,MBBS MS,9435898866,,18.3,GYNAECOLOGIST
966c7ce7-677d-49a6-8954-e7f9510ace28,c0dfce16-73be-4f71-923a-ff2039494198,DR. SHEELA DEVI,REG_GQRQ7FON,MBBS MD,7637285801,,13.6,RADIOLOGIST
fc7a30ac-77ab-49cc-a9ea-7e5e45695fd3,c0dfce16-73be-4f71-923a-ff2039494198,DR. RAVINDRA NATH,REG_TAOFV9IF,MBBS DA,7593021366,,7.4,PRIMARY_CLINICIAN
55ba2bf0-e35c-4909-9802-c516550e033e,c0dfce16-73be-4f71-923a-ff2039494198,DR. VIVEK KUMAR,REG_0W3WGR81,MBBS MD DM,9834846632,,5.7,RADIOLOGIST
581faf79-f7cf-48c0-af4c-6372ccfbdf3f,c0dfce16-73be-4f71-923a-ff2039494198,DR. HEMANT KUMAR,REG_G6IVFAGG,MBBS MD DM,9674868428,,20.1,RADIOLOGIST
a1e769ae-b4bb-422c-a9ed-707f0f0adf7f,c0dfce16-73be-4f71-923a-ff2039494198,DR. JAGDISH PRASAD,REG_VNRY6TS8,MBBS MS MCh,9708031935,,24.7,PAEDIATRICIAN
0b7f85db-6f62-44ca-8d6a-59efb661e4de,ea38d6d5-9046-43ca-84ee-59320f5cb18d,DR. DRAUPADI DEVI,REG_I0ZQRT1Q,MBBS MS,7527507958,,26.4,GYNAECOLOGIST
e53a792c-3f2b-49a5-9286-1c44fb4fd7ed,ea38d6d5-9046-43ca-84ee-59320f5cb18d,DR. LEELA DEVI,REG_0MP01GJJ,MBBS MD,9660733650,,11.0,PRIMARY_CLINICIAN
ddcfdc87-5525-4e91-957e-936b966f1f64,ea38d6d5-9046-43ca-84ee-59320f5cb18d,DR. DEVENDRA KUMAR GAUTAM,REG_NNU3NC0G,MBBS MD DM,8024722424,,15.1,PAEDIATRICIAN
7e60951a-8103-4274-b1f1-7642718e8e4f,ea38d6d5-9046-43ca-84ee-59320f5cb18d,DR. SHEELA DEVI,REG_41LY1S9P,MBBS DA,8187472472,,22.4,PAEDIATRICIAN
65880cdc-1025-46e3-8c11-422e9673be97,ea38d6d5-9046-43ca-84ee-59320f5cb18d,DR. JAGDISH PRASAD,REG_J0UVNAZE,MBBS MD DM,8183918300,,8.6,RADIOLOGIST
5a575cdc-5481-44d4-986e-b21f554c948a,ea38d6d5-9046-43ca-84ee-59320f5cb18d,DR. SANTOSH KUMAR,REG_KVLBXCW2,MBBS DA,7596338824,,13.0,PRIMARY_CLINICIAN
3e3a54e7-f690-4f9f-affd-f705f265ea8d,5a22e077-a095-4645-ac89-4b17dc08d4cf,DR. HEMANT KUMAR,REG_GHOBKWKP,MBBS MS MCh,9561820686,,25.9,PAEDIATRICIAN
3942baab-cd3a-48a4-ac54-019329a7a4cd,5a22e077-a095-4645-ac89-4b17dc08d4cf,DR. PREM SHANKAR YADAV,REG_DKV9NN3F,MBBS,7745439570,,12.1,GYNAECOLOGIST
dcfd9e91-b91c-48a2-9e76-c9a187e29e23,5a22e077-a095-4645-ac89-4b17dc08d4cf,DR. RAMESH CHANDRA KURMI,REG_KD6X9DL0,MBBS,9643646862,,9.8,SURGEON
c19da6cc-82bf-4c38-b6f4-b1c7ce76e16e,5a22e077-a095-4645-ac89-4b17dc08d4cf,DR. SHYAM LAL,REG_MMPG5N43,MBBS DA,9536845619,,27.4,ANAESTHETIST
53d51eae-b012-469d-b32a-dd6446eecfba,5a22e077-a095-4645-ac89-4b17dc08d4cf,DR. NARESH KUMAR,REG_0DFSE0E2,MBBS DA,9622948077,,8.0,PAEDIATRICIAN
9cea64bc-de1d-4287-8224-b233401286da,5a22e077-a095-4645-ac89-4b17dc08d4cf,DR. AMIT KUMAR,REG_YKZY3NBX,MBBS MS MCh,9894778592,,14.5,GYNAECOLOGIST
e843b693-8b43-474d-8d95-deddb3cf1373,5a22e077-a095-4645-ac89-4b17dc08d4cf,DR. BRIJESH KUMAR JAISWAL,REG_W9B0MT3L,MBBS MD,9893767518,,33.7,SURGEON
c8fc5e5d-9b29-40e4-b52d-a384777b19b5,a40f5f0a-3929-4e76-a9d2-31ce4dbb246e,DR. USHA DEVI,REG_YJ265B62,MBBS MS MCh,7810383013,,19.5,PAEDIATRICIAN
6ab755aa-9e5e-4ce6-b169-d18f44aa71e1,a40f5f0a-3929-4e76-a9d2-31ce4dbb246e,DR. SUMITRA DEVI,REG_V3FJ2MDA,MBBS MD,7958336748,,3.1,PAEDIATRICIAN
66dfb4af-3ca8-4135-8575-bf32f58f5702,a40f5f0a-3929-4e76-a9d2-31ce4dbb246e,DR. NIRMALA DEVI,REG_DEZOSNQK,MBBS,9479153260,,31.1,RADIOLOGIST
feef3fce-2fcf-4145-8e3c-e54b950565d6,a40f5f0a-3929-4e76-a9d2-31ce4dbb246e,DR. REKHA DEVI,REG_GVS00MCY,MBBS MS MCh,9744512544,,25.2,PRIMARY_CLINICIAN
5aacd966-fb23-4611-9f1f-1441243b1b46,a40f5f0a-3929-4e76-a9d2-31ce4dbb246e,DR. RADHA DEVI,REG_HL7A3XZ6,MBBS MS MCh,9578266221,,23.2,ANAESTHETIST
efe4c482-8b6c-450e-9127-e62b4244d8f2,0353a6ab-598c-402b-81d1-9e1ed9e9698c,DR. DINESH KUMAR LODHI,REG_7YW88MYM,MBBS,9681781512,,28.3,PRIMARY_CLINICIAN
8605c5f8-57ec-485e-b6a0-76b667eeddfb,0353a6ab-598c-402b-81d1-9e1ed9e9698c,DR. ARVIND KUMAR,REG_R2ELLK9J,MBBS MS,9458950040,,23.5,SURGEON
50f2e313-a0d8-4fee-9d02-d4db5d477dc5,0353a6ab-598c-402b-81d1-9e1ed9e9698c,DR. LAKHAN LAL,REG_C0ICHULX,MBBS MS MCh,9683569843,,14.1,SURGEON
db485db5-31b1-4aee-ac3f-a307144e5595,0353a6ab-598c-402b-81d1-9e1ed9e9698c,DR. SARASWATI DEVI,REG_V1YBW6N1,MBBS MD,7059089207,,4.7,ANAESTHETIST
2c48d71c-9e49-4a75-b3c4-a9ba8f581ba0,0353a6ab-598c-402b-81d1-9e1ed9e9698c,DR. KAMLA DEVI,REG_1RQ940M8,MBBS,9472775540,,6.4,SURGEON
e40665f0-eb3c-4562-a85e-73eca4f5a14e,0353a6ab-598c-402b-81d1-9e1ed9e9698c,DR. SARASWATI DEVI,REG_P0DH0PIM,MBBS DNB,7748336605,,9.1,PAEDIATRICIAN
969b6944-9814-4394-adcb-af9e932311c1,265eddb7-a086-4ab7-a9c4-c4004f079d0b,DR. AMIT KUMAR,REG_S0IST75L,MBBS MS,9758775770,,30.9,ANAESTHETIST
09bc5c04-5c85-47ba-b661-dd653508d953,265eddb7-a086-4ab7-a9c4-c4004f079d0b,DR. PRADEEP KUMAR,REG_Y8GXCIRE,MBBS DA,7540374935,,4.8,RADIOLOGIST
f37174ca-59c8-4997-8af2-652ee776f2ad,265eddb7-a086-4ab7-a9c4-c4004f079d0b,DR. KIRAN DEVI,REG_EQXMQ43X,MBBS MS MCh,8126249157,,14.7,RADIOLOGIST
1c6c5a76-2056-459f-ac2c-1c9712e1bcb1,265eddb7-a086-4ab7-a9c4-c4004f079d0b,DR. DINESH KUMAR,REG_TCJGGA6E,MBBS MD DM,9614655463,,10.8,RADIOLOGIST
8075c1a8-9891-4e94-95cc-29b7edb28a56,7b01b0ef-b5d1-4b32-8d71-60df7c6f97e8,DR. ARVIND KUMAR,REG_MHNPHLG2,MBBS MD,9494259625,,34.3,GYNAECOLOGIST
71f136a2-13b8-4a4d-9000-7acbec54d59c,7b01b0ef-b5d1-4b32-8d71-60df7c6f97e8,DR. PUSHPA DEVI,REG_8HSLS2FI,MBBS DNB,7957608368,,26.4,ANAESTHETIST
2947d34f-2c4b-4673-80e7-2c94f3caf3f9,7b01b0ef-b5d1-4b32-8d71-60df7c6f97e8,DR. MEENA DEVI,REG_EPBR3NGW,MBBS MS,9812417975,,20.3,SURGEON
a52373d0-5e0f-46bd-8726-09e20519efa2,7b01b0ef-b5d1-4b32-8d71-60df7c6f97e8,DR. ARVIND KUMAR,REG_ONALQFOJ,MBBS DA,9809120464,,20.7,RADIOLOGIST
771d5640-71ae-475f-b374-2253d0fe67b6,7b01b0ef-b5d1-4b32-8d71-60df7c6f97e8,DR. KUSUM DEVI,REG_86RU4WM7,MBBS,7074390852,,4.3,PAEDIATRICIAN
43419458-5c84-4174-ba46-b20f2fc6c00f,59127543-a4ef-4f48-b859-c871032b5267,DR. MANOJ KUMAR PASI,REG_8SKLXHMM,MBBS DA,7649041559,,16.7,SURGEON
de393195-497b-4f81-9a44-78d43f870b11,59127543-a4ef-4f48-b859-c871032b5267,DR. ARVIND KUMAR,REG_1YCC12OF,MBBS DNB,7904201477,,32.4,ANAESTHETIST
456b3f7c-75a2-4995-82c4-d5211ed8c8fd,59127543-a4ef-4f48-b859-c871032b5267,DR. USHA DEVI,REG_SCO11Q6Y,MBBS DNB,9441457331,,12.2,RADIOLOGIST
835f0eb4-98fc-4b8d-aebc-dc107671cc6a,968c30b7-a2e6-4221-850c-9c8e40575fb9,DR. VIJAY KUMAR,REG_I5TLO752,MBBS MD DM,9475103007,,14.9,SURGEON
170bfeef-811d-4496-8058-e612e39e8046,968c30b7-a2e6-4221-850c-9c8e40575fb9,DR. USHA DEVI,REG_9DD1GFU0,MBBS MS MCh,7701654561,,28.1,PAEDIATRICIAN
5d673fff-f18d-437e-99cc-a7d702f9c629,968c30b7-a2e6-4221-850c-9c8e40575fb9,DR. SUMITRA DEVI,REG_3V4MYQGX,MBBS MD,7614071484,,32.2,RADIOLOGIST
df1c5505-a5df-4aad-acf9-3924bf6d9066,968c30b7-a2e6-4221-850c-9c8e40575fb9,DR. DINESH KUMAR GAUTAM,REG_H0J4V8FT,MBBS DA,9872949540,,32.7,SURGEON
36aaf0ce-0ed0-49db-a9ea-cf789a149ccb,968c30b7-a2e6-4221-850c-9c8e40575fb9,DR. PAPPU YADAV,REG_8ELPAC7I,MBBS DA,7021576147,,10.1,SURGEON
c2a82ada-37d0-4ac4-a6a0-77e8538cfc73,180f6563-8cf9-4464-810c-5a47c3b94261,DR. KALAWATI DEVI,REG_U53C2EK7,MBBS,7923226937,,21.5,SURGEON
76b3c5b2-ecec-4c24-8d77-ebf91a469e36,180f6563-8cf9-4464-810c-5a47c3b94261,DR. JAGDISH PRASAD,REG_FYTAQIAG,MBBS DA,8164256003,,3.7,GYNAECOLOGIST
b03b5152-3bcb-4bb2-96da-b542572c51c8,180f6563-8cf9-4464-810c-5a47c3b94261,DR. JAGDISH PRASAD,REG_6ENNPUZC,MBBS MS MCh,7543892943,,32.1,SURGEON
17aea25f-2416-473c-aede-99adb8a5ecc5,180f6563-8cf9-4464-810c-5a47c3b94261,DR. RAJU YADAV,REG_R8HT53UZ,MBBS MD,9822975230,,19.4,SURGEON
11db2e6e-07b6-45a3-85d5-16f63aeb1ba0,b6bea3ab-a9b9-47e9-b736-6b723c3fc5b8,DR. SAVITRI DEVI,REG_QSPTKET8,MBBS MD DM,7998743016,,12.8,PRIMARY_CLINICIAN
37b88d5a-adeb-4a9c-a897-a1bfbc64d196,b6bea3ab-a9b9-47e9-b736-6b723c3fc5b8,DR. SHEELA DEVI,REG_Y9KPGWHN,MBBS MS,8194833612,,23.6,GYNAECOLOGIST
3e3422af-68ee-4f15-968d-8bb58c0268c0,b6bea3ab-a9b9-47e9-b736-6b723c3fc5b8,DR. BRIJESH KUMAR SHUKLA,REG_Y5KUOBR3,MBBS DA,8034546429,,6.6,PRIMARY_CLINICIAN
db439325-c5c6-4f9f-9737-0ef5c51a98dc,b6bea3ab-a9b9-47e9-b736-6b723c3fc5b8,DR. REKHA DEVI,REG_AUERAD3E,MBBS DNB,7548817696,,17.0,RADIOLOGIST
20d99c4a-cac1-414d-bd75-59f85e201b15,b6bea3ab-a9b9-47e9-b736-6b723c3fc5b8,DR. SHYAM LAL,REG_AA799YTE,MBBS MD,7790015179,,26.6,ANAESTHETIST
a3b5696d-fafe-4fda-8891-f3bdc712d2d9,b6bea3ab-a9b9-47e9-b736-6b723c3fc5b8,DR. ARVIND KUMAR,REG_1EF0TDCX,MBBS DA,8162571514,,9.3,PAEDIATRICIAN
91ecc078-2d57-4be4-a469-93bd11123821,3b10c69b-57d0-4699-8ace-72476649f51a,DR. ASHOK KUMAR,REG_4LVCBICK,MBBS MD DM,9596948826,,32.8,SURGEON
54180940-33ae-457a-a11e-9acd2a3b36bf,3b10c69b-57d0-4699-8ace-72476649f51a,DR. PREM SHANKAR KORI,REG_VRIIHZDK,MBBS MS,9813207407,,29.0,GYNAECOLOGIST
f9e57911-8474-40a0-8ad8-1f3823738c13,3b10c69b-57d0-4699-8ace-72476649f51a,DR. USHA DEVI,REG_DHG91NQB,MBBS,7991755346,,7.2,RADIOLOGIST
ffd984b3-7938-4dee-864e-5e3c3a363de7,3b10c69b-57d0-4699-8ace-72476649f51a,DR. ARVIND KUMAR,REG_RNAI1EBZ,MBBS MS,7796411281,,1.6,ANAESTHETIST
1aac1784-fad1-4a6e-be0f-f3bc1fa7634e,1655d398-f648-4052-aa2b-7a2b300d25f2,DR. HEMANT KUMAR,REG_A42LTVHJ,MBBS DNB,9895137135,,3.0,PRIMARY_CLINICIAN
a6002bc2-8458-4138-9b0c-6b2aaa538382,1655d398-f648-4052-aa2b-7a2b300d25f2,DR. SAVITRI DEVI,REG_6WENXBAR,MBBS MD,7764692689,,30.8,SURGEON
f8e894a2-ccf4-4528-89b0-eb8710f4c617,b22dfe14-de77-44d3-99b4-a9eea57ae084,DR. SUNITA DEVI,REG_7YR2QHPS,MBBS DA,9623894384,,6.8,GYNAECOLOGIST
c975dd89-8cd8-4eda-8db9-7f43f0bff55c,b22dfe14-de77-44d3-99b4-a9eea57ae084,DR. GUDDU KUMAR BIND,REG_RKN1YNO0,MBBS,9815421371,,10.2,PAEDIATRICIAN
bd41da6b-6513-44ec-ad20-9802508da1bd,b22dfe14-de77-44d3-99b4-a9eea57ae084,DR. PHOOL KUMARI,REG_27DIVP4L,MBBS MD,7793491310,,9.5,ANAESTHETIST
61e37c4b-e2e9-44f8-b45a-a01f0542bad1,b22dfe14-de77-44d3-99b4-a9eea57ae084,DR. RAMESH CHANDRA GAUTAM,REG_BCVFWLEG,MBBS MD,7902333348,,6.9,ANAESTHETIST
64a83551-ad71-47da-af27-6163ffdecfd4,797c0604-743c-4e66-8363-7cd94b949afe,DR. NARESH KUMAR,REG_ZW43ZFP8,MBBS MS MCh,7666089560,,19.8,RADIOLOGIST
2d2ebe5e-b268-4486-b40d-579e48ad3b60,797c0604-743c-4e66-8363-7cd94b949afe,DR. MANJU DEVI,REG_1BW4HGMK,MBBS DNB,8170961384,,11.9,SURGEON
22d1826e-bf7b-4b05-9d19-d53a50ce5bbf,797c0604-743c-4e66-8363-7cd94b949afe,DR. REENA DEVI,REG_55XKGIBQ,MBBS DA,7887574601,,2.5,SURGEON
306fe067-68cd-4124-b154-b2fd62c9fa6a,797c0604-743c-4e66-8363-7cd94b949afe,DR. SUSHIL KUMAR,REG_SMR57QOX,MBBS MS,9410157158,,4.7,SURGEON
9bb42510-7986-44db-bbe5-05c20e86d9c3,ded8a65c-4013-42a2-a29b-13060aec21b7,DR. HARI OM,REG_I7HEVGRF,MBBS,9884944662,,3.8,GYNAECOLOGIST
dd2374ae-3a8f-4129-acdd-a81f4cd462b8,ded8a65c-4013-42a2-a29b-13060aec21b7,DR. PRIYA KUMARI,REG_7BVPSQ2R,MBBS DNB,7004782698,,23.0,RADIOLOGIST
494d54d0-0f27-4e94-b3ca-ad7591e5128b,ded8a65c-4013-42a2-a29b-13060aec21b7,DR. CHAMELI DEVI,REG_UKP8L069,MBBS MS,8194342571,,30.6,ANAESTHETIST
91cdec37-fd30-435b-b6f4-0b42851da318,e2448c67-8921-49a1-b490-20b7eac1865d,DR. BABLU KUMAR,REG_VQN1C90R,MBBS MD DM,7909164556,,29.8,ANAESTHETIST
487eb67f-d431-4d4b-93d4-7bdeccb1ed76,e2448c67-8921-49a1-b490-20b7eac1865d,DR. VIVEK KUMAR,REG_75ELG998,MBBS,9587122315,,21.8,RADIOLOGIST
044d2b47-fa82-4927-8780-b8b70610f817,e2448c67-8921-49a1-b490-20b7eac1865d,DR. RANI DEVI,REG_ET4MFNXV,MBBS DNB,9824776546,,32.2,RADIOLOGIST
5f67b680-1bf7-47fa-b747-e1958a37798c,e2448c67-8921-49a1-b490-20b7eac1865d,DR. SANTOSH KUMAR,REG_KSA8HOCY,MBBS MS MCh,9854805214,,26.6,ANAESTHETIST
bee8910f-8641-4361-ae8e-1c57e805aba0,ed983dd8-8ee1-4240-bb89-a84db2b406e2,DR. LAXMI DEVI,REG_8LEQHXU7,MBBS MS MCh,9783390478,,13.1,PRIMARY_CLINICIAN
a6df05bd-2f37-4a37-a794-b1b9738480b8,ed983dd8-8ee1-4240-bb89-a84db2b406e2,DR. SUMITRA DEVI,REG_L22VVM9M,MBBS MD DM,7797393812,,10.0,SURGEON
52ce6e5d-a3af-4b56-b2bb-8c913382da32,ed983dd8-8ee1-4240-bb89-a84db2b406e2,DR. PREM SHANKAR MISHRA,REG_3931NHZZ,MBBS MS MCh,7746840873,,5.0,SURGEON
e88aea20-b945-4d9a-98e8-3598e7381de1,3c8687da-be51-4a29-9221-be1dbe037dc6,DR. PREM SHANKAR,REG_RBW2HSVJ,MBBS,7524460483,,14.1,SURGEON
f8564533-e7bf-4cf5-b1e1-5b0109cdfcfa,3c8687da-be51-4a29-9221-be1dbe037dc6,DR. SHIV KUMAR,REG_30V43M8W,MBBS DNB,7690471699,,3.6,SURGEON
2e8f09a4-e57a-4a1d-ae8a-1921c1965642,3c8687da-be51-4a29-9221-be1dbe037dc6,DR. SANJAY KUMAR,REG_SRNM7TMS,MBBS,7046153958,,24.6,PRIMARY_CLINICIAN
ad88d513-af46-46c2-8ca3-c3a3813bd975,3c8687da-be51-4a29-9221-be1dbe037dc6,DR. ARVIND KUMAR,REG_5WWFDQJJ,MBBS MD,7649128049,,30.6,PAEDIATRICIAN
df0cdcac-61a6-495d-a2c7-cbb5fef2e4d9,3c8687da-be51-4a29-9221-be1dbe037dc6,DR. MANOJ KUMAR,REG_59TZE8O5,MBBS MD,9578835193,,29.8,ANAESTHETIST
4cfa434c-a478-4ab5-9b6d-ecdd92d5b31c,3c8687da-be51-4a29-9221-be1dbe037dc6,DR. KALAWATI DEVI,REG_QAHS9HIK,MBBS DNB,7623298688,,22.1,PAEDIATRICIAN
6ba3a693-773f-41d8-84fe-8a5d7025354b,3c8687da-be51-4a29-9221-be1dbe037dc6,DR. JAGDISH PRASAD NISHAD,REG_1G1W3Q3P,MBBS DNB,9574975163,,17.6,RADIOLOGIST
3b0695d4-751f-4ea4-845b-83c4758ade17,3c8687da-be51-4a29-9221-be1dbe037dc6,DR. RANI DEVI,REG_MLNNEP5A,MBBS MS MCh,7818096354,,19.7,GYNAECOLOGIST
98b343a9-da44-495b-868c-56d92b1b1a69,9adb0638-8214-4db4-920b-e2a1d52305be,DR. HEMANT KUMAR,REG_1WTZMZVQ,MBBS MD,9879074907,,19.4,PAEDIATRICIAN
ea85c1b4-0977-400e-83f5-9606bd5e8428,9adb0638-8214-4db4-920b-e2a1d52305be,DR. MEENA DEVI,REG_J6LHJ6B9,MBBS,7730291295,,15.8,ANAESTHETIST
de5394a2-21b9-4bde-bdbc-0a5607881391,9adb0638-8214-4db4-920b-e2a1d52305be,DR. SUMITRA DEVI,REG_PL8TNMYG,MBBS MS MCh,8060944527,,22.8,ANAESTHETIST
7827a40d-2cc2-49f9-b9b2-c25639d587b4,9adb0638-8214-4db4-920b-e2a1d52305be,DR. MANJU DEVI,REG_L71J2RI3,MBBS DA,8004149330,,2.4,PAEDIATRICIAN
6d392a83-5acb-4831-823d-08d59b0938d2,b9139cfd-a86b-4326-be90-1c5eb69696ab,DR. PRIYA KUMARI,REG_4H18LO8M,MBBS MD DM,9666081949,,2.7,GYNAECOLOGIST
7e80ce83-ae5a-444a-929c-ba0dd1cf3d22,b9139cfd-a86b-4326-be90-1c5eb69696ab,DR. POONAM DEVI,REG_IKPIYK0X,MBBS MS MCh,9407448710,,2.2,SURGEON
c662bd00-5e53-493a-949b-98220d9a06fd,b9139cfd-a86b-4326-be90-1c5eb69696ab,DR. RAMESH CHANDRA,REG_SV2C4FPM,MBBS MS,7619916713,,14.1,SURGEON
6f23ae63-322e-4271-99c1-9620138bfa2b,b9139cfd-a86b-4326-be90-1c5eb69696ab,DR. RAMU KAKA,REG_J3BQ6VJD,MBBS MD,7698416948,,15.6,PRIMARY_CLINICIAN
58b0a410-2380-44ee-aa9b-7f668c41962c,8be68d63-128e-4cdd-a827-cbd619567b0c,DR. SHEELA DEVI,REG_1TQZM5MC,MBBS DA,7578158320,,32.1,ANAESTHETIST
dfa7d402-989a-46de-ab8e-8ae51bf12f30,8be68d63-128e-4cdd-a827-cbd619567b0c,DR. SARASWATI DEVI,REG_FKBE7ZRI,MBBS,7714722595,,17.7,SURGEON
55365917-ab05-4600-8385-477bffcca5ad,8be68d63-128e-4cdd-a827-cbd619567b0c,DR. VIRENDRA SINGH,REG_KZYHRY8U,MBBS MS MCh,9441902263,,18.3,SURGEON
0ff4dffe-3632-4c35-b3c1-463b9dd828b2,8be68d63-128e-4cdd-a827-cbd619567b0c,DR. JAGDISH PRASAD,REG_LTLSWZ5S,MBBS MS,7841208526,,28.0,RADIOLOGIST
8e026ef5-0051-43ce-9bbf-05c19c6de0cd,8be68d63-128e-4cdd-a827-cbd619567b0c,DR. USHA DEVI,REG_OYT4WU0U,MBBS MD,9780597652,,4.7,PRIMARY_CLINICIAN
d47af66d-ec0a-42bb-b6de-cc3d6a4747f2,8be68d63-128e-4cdd-a827-cbd619567b0c,DR. RAMESH CHANDRA,REG_3JJ01F2U,MBBS,9607921431,,25.5,PAEDIATRICIAN
c578a439-a538-4273-9d40-18c28ee9dd9d,8be68d63-128e-4cdd-a827-cbd619567b0c,DR. NARESH KUMAR,REG_9J8A6U3M,MBBS MS,7553447602,,10.9,ANAESTHETIST
2d6ab1a3-94e7-4e55-ac91-fcca9e48b1e4,bb62119d-e3a6-45bf-9d6d-8e722462c368,DR. SUSHIL KUMAR,REG_XUH4V340,MBBS MD,8144368810,,21.0,SURGEON
f213d45b-74df-4cc7-8cba-0aa2bfd5fcb8,bb62119d-e3a6-45bf-9d6d-8e722462c368,DR. BRIJESH KUMAR CHAUHAN,REG_ZMSDJH4D,MBBS,9725399584,,31.7,RADIOLOGIST
ba7f8e44-078e-4e25-9752-07f32b8db4ef,bb62119d-e3a6-45bf-9d6d-8e722462c368,DR. LAKHAN LAL NISHAD,REG_U4NM2QRZ,MBBS MS MCh,7041028426,,2.9,RADIOLOGIST
8f876f98-fc4b-4981-b146-5ef0aee3182d,bb62119d-e3a6-45bf-9d6d-8e722462c368,DR. RAMU KAKA,REG_J2GYG11S,MBBS MS MCh,7685814729,,12.5,PAEDIATRICIAN
c1832a95-e82b-4e4b-978f-9858fe272975,bb62119d-e3a6-45bf-9d6d-8e722462c368,DR. LAXMI DEVI,REG_10JZTAT4,MBBS MD DM,9482942570,,1.2,RADIOLOGIST
9ca2dfd8-e225-452e-a58b-be2336e86ab7,bb62119d-e3a6-45bf-9d6d-8e722462c368,DR. ARVIND KUMAR MISHRA,REG_IFGG9KN9,MBBS DNB,7898944651,,16.4,RADIOLOGIST
a99b57bd-619a-4855-a4b7-69f121b43edf,bb62119d-e3a6-45bf-9d6d-8e722462c368,DR. CHAMELI DEVI,REG_E4F11JBF,MBBS MD,8115843433,,34.7,PAEDIATRICIAN
50e5a16d-a042-49d8-8807-b04c913ba008,8e2d2656-b44d-4607-baa4-996f08b2a920,DR. MUKESH KUMAR GUPTA,REG_NF0O2DIC,MBBS DA,7925153664,,11.9,RADIOLOGIST
a776a81d-3e5c-4095-a7d1-eeafc919aef3,8e2d2656-b44d-4607-baa4-996f08b2a920,DR. SHEELA DEVI,REG_4FGH25MJ,MBBS,7006638628,,1.9,ANAESTHETIST
c33116cc-b66c-4b23-b9cd-43b7bf3e47b1,8e2d2656-b44d-4607-baa4-996f08b2a920,DR. ARVIND KUMAR,REG_YWUKWA4Z,MBBS MS,7784758967,,19.1,ANAESTHETIST
3cd8cdc6-2789-435b-b82e-783754504ca6,8e2d2656-b44d-4607-baa4-996f08b2a920,DR. SUSHILA DEVI,REG_7Q2AJ7X9,MBBS DNB,7908300356,,32.5,RADIOLOGIST
28f7ebe1-2a55-442d-ba7a-fcb823881d1f,8e2d2656-b44d-4607-baa4-996f08b2a920,DR. RADHA DEVI,REG_3K6FMLRI,MBBS MD DM,7817671379,,7.2,SURGEON
7c952a97-fdbf-467a-a603-0e3105e93cd8,8e2d2656-b44d-4607-baa4-996f08b2a920,DR. NIRMALA DEVI,REG_RDHCFX1O,MBBS DA,8062176416,,21.2,ANAESTHETIST
373254dd-d159-4ef5-a522-2ab237745564,3ce1ff8c-8fbe-4cc9-a998-c11a1a878d8a,DR. VIVEK KUMAR,REG_R9FJ5C5G,MBBS MS,9770664154,,12.0,RADIOLOGIST
b96712d0-909b-4b0c-a0e4-a380e598b6fb,3ce1ff8c-8fbe-4cc9-a998-c11a1a878d8a,DR. GULABO DEVI,REG_WI6VO84M,MBBS MS,7857607891,,30.2,RADIOLOGIST
837fd78a-d76b-40fe-add8-1f3f157718ef,8c2900a2-2dbd-4876-9ba5-e438fa096e8c,DR. KIRAN DEVI,REG_KYF9OL14,MBBS DNB,8028420540,,31.7,PRIMARY_CLINICIAN
b3f3046f-df84-40be-bea9-f00589f26837,8c2900a2-2dbd-4876-9ba5-e438fa096e8c,DR. SHANTI DEVI,REG_9V8JN0QE,MBBS,7623933029,,7.2,PRIMARY_CLINICIAN
15d2ea34-7407-4386-be63-1b1855d110f6,8c2900a2-2dbd-4876-9ba5-e438fa096e8c,DR. REENA DEVI,REG_ETZ1AKQI,MBBS MD DM,9622445591,,11.9,ANAESTHETIST
bb256cba-3b48-4feb-b356-67c6f511c26f,8c2900a2-2dbd-4876-9ba5-e438fa096e8c,DR. DEEPAK KUMAR,REG_4CER6Y1H,MBBS DA,9486732655,,9.3,RADIOLOGIST
5fd0f356-364d-4b14-b425-7240dc9dc2bc,8c2900a2-2dbd-4876-9ba5-e438fa096e8c,DR. SAROJ DEVI,REG_JK04ALS0,MBBS MS,9554609812,,32.7,PAEDIATRICIAN
38277fcf-f993-45c4-bfff-0ca49310df4d,8c2900a2-2dbd-4876-9ba5-e438fa096e8c,DR. RAKESH KUMAR,REG_EU0972VX,MBBS MS,7563675171,,8.1,SURGEON
12328a98-6ed0-42d5-8ec0-69d7245231e1,8c2900a2-2dbd-4876-9ba5-e438fa096e8c,DR. GULABO DEVI,REG_Y6B21L2B,MBBS MS,9703360395,,21.2,GYNAECOLOGIST
df289d64-9b06-420c-ae17-a9b1ea42c7d9,8c2900a2-2dbd-4876-9ba5-e438fa096e8c,DR. MEENA DEVI,REG_JRJX9HRP,MBBS MS,7833222978,,2.1,GYNAECOLOGIST
f399304e-2c6e-4a7f-8961-1468e01d73b3,01ebee83-e189-4691-bab6-13f4932e3007,DR. SAROJ DEVI,REG_OHG83R44,MBBS MS MCh,7786904521,,29.2,ANAESTHETIST
80270c0c-314f-4572-9450-b5e31c3ef3cb,01ebee83-e189-4691-bab6-13f4932e3007,DR. SANTOSH KUMAR,REG_213CRBF4,MBBS MD,8019784443,,17.4,GYNAECOLOGIST
19c86ac0-a329-48af-a044-a92ef4fa1e78,01ebee83-e189-4691-bab6-13f4932e3007,DR. LEELA DEVI,REG_OV7HKI46,MBBS DNB,7946095623,,7.6,PAEDIATRICIAN
90966cec-c3c3-40c6-a2ff-3747e8e50a94,01ebee83-e189-4691-bab6-13f4932e3007,DR. PRIYA KUMARI,REG_81ZMJRL5,MBBS DNB,9443045582,,15.8,GYNAECOLOGIST
6a93fe44-2771-4c27-ad5a-74aa1154b863,01ebee83-e189-4691-bab6-13f4932e3007,DR. GUDDU KUMAR,REG_6UZMYERG,MBBS MS,9733862129,,18.3,ANAESTHETIST
7e7c14b7-8724-4d54-a013-a40bad0ff932,01ebee83-e189-4691-bab6-13f4932e3007,DR. JAGDISH PRASAD,REG_PZFNJN8V,MBBS MD DM,9700178238,,7.7,GYNAECOLOGIST
056f7f7a-eea3-40a1-904b-e0b6b4549445,01ebee83-e189-4691-bab6-13f4932e3007,DR. DRAUPADI DEVI,REG_EX8LSPJR,MBBS MD,9862871161,,21.8,PRIMARY_CLINICIAN
4129a2dc-0660-46e0-9728-51191b884bf0,c3c87057-ad80-436c-b027-b677c15af5b0,DR. MEENA DEVI,REG_P9L31AYT,MBBS,7044083974,,8.0,PRIMARY_CLINICIAN
b1240b1e-89c2-4c03-80c8-650ee7b9eee6,c3c87057-ad80-436c-b027-b677c15af5b0,DR. SHIV KUMAR VERMA,REG_KIQ4VC0Z,MBBS MS MCh,7567786740,,19.1,RADIOLOGIST
b5da1582-b67a-4cc0-b0a1-e63df21c8b05,c3c87057-ad80-436c-b027-b677c15af5b0,DR. SANJAY KUMAR,REG_F783H2TD,MBBS DA,9818551512,,16.6,GYNAECOLOGIST
2f194de2-1b7e-483b-b40a-a3530d044ba4,4262d8ff-60e4-4b7f-ae17-a2e046df8613,DR. DRAUPADI DEVI,REG_DFNBRYRL,MBBS MD DM,9764771682,,20.1,RADIOLOGIST
34bc6b21-9ed2-4930-9cce-cea03e37fdf0,4262d8ff-60e4-4b7f-ae17-a2e046df8613,DR. VIVEK KUMAR,REG_JQIE96BL,MBBS DA,9767718824,,5.5,SURGEON
2c9d1079-c015-4974-a4f5-4bd0c90bf412,0848e5cf-8804-47df-9958-75c7427e8a3d,DR. ANITA DEVI,REG_3NFN4218,MBBS MS,7066871843,,34.0,GYNAECOLOGIST
50a971fa-543d-4d7c-8c9c-8c7fba07e4b3,0848e5cf-8804-47df-9958-75c7427e8a3d,DR. SUSHIL KUMAR,REG_UU1R4ONB,MBBS MS,9852672242,,10.7,PRIMARY_CLINICIAN
89cbf22f-244a-4a79-ad0a-cf12bd3ef695,0848e5cf-8804-47df-9958-75c7427e8a3d,DR. RAJU YADAV,REG_S72DDMH7,MBBS MS MCh,9870411165,,34.5,SURGEON
fc147b4c-408e-402d-94ff-3cdcc3f250f5,0848e5cf-8804-47df-9958-75c7427e8a3d,DR. MANJU DEVI,REG_DOFJA58V,MBBS DA,7594208450,,2.0,PRIMARY_CLINICIAN
d38181a1-0a2a-47d8-8059-d7f2adc0a85c,0848e5cf-8804-47df-9958-75c7427e8a3d,DR. SARASWATI DEVI,REG_T0IM7P6D,MBBS DA,9510885593,,33.3,PAEDIATRICIAN
0993ef56-6e3f-41c4-9e7e-9cb15ea670ce,0848e5cf-8804-47df-9958-75c7427e8a3d,DR. SHEELA DEVI,REG_MTQW8XD2,MBBS MD DM,9798382125,,1.1,RADIOLOGIST
972d56f8-fa7e-42c7-88da-56724df3fccb,0e775a8c-edf8-4cad-9a3a-06da2fd9543f,DR. NIRMALA DEVI,REG_LS0VDF52,MBBS DA,9685504293,,3.4,GYNAECOLOGIST
5cbc4a7b-6c1e-4b85-96d2-7962aa226083,0e775a8c-edf8-4cad-9a3a-06da2fd9543f,DR. RANI DEVI,REG_NUHW9UF1,MBBS MD,9680610408,,3.6,ANAESTHETIST
31687884-8be9-407c-83e1-a5d2789b57de,0e775a8c-edf8-4cad-9a3a-06da2fd9543f,DR. SEEMA DEVI,REG_RE0O1GCR,MBBS MD DM,7605181100,,29.6,GYNAECOLOGIST
dd912e70-fbe1-4f11-9ee5-fe023d799d71,dc191247-d0ae-454b-8603-e8fd00c1b91d,DR. PRADEEP KUMAR,REG_P61DXYKX,MBBS DNB,7623130520,,33.7,PAEDIATRICIAN
43901d6b-f25f-407f-9e23-892d0f756118,dc191247-d0ae-454b-8603-e8fd00c1b91d,DR. SHYAM LAL,REG_80IUHKP1,MBBS DA,7761642143,,13.3,ANAESTHETIST
ff21d138-d27c-4e07-936e-a8f857ec938a,dc191247-d0ae-454b-8603-e8fd00c1b91d,DR. MEENA DEVI,REG_3SIHV8X7,MBBS DA,9875590845,,15.0,PAEDIATRICIAN
dfab1739-d3d4-46cb-ae04-f3f74b6eb279,dc191247-d0ae-454b-8603-e8fd00c1b91d,DR. GEETA DEVI,REG_ZR3PJ6YT,MBBS MS MCh,9469199394,,2.6,RADIOLOGIST
1a92890a-7648-42b7-8d64-e03c7ba7ae5c,147e8f13-860d-45f6-85d2-66035d3f20bd,DR. SANTOSH KUMAR,REG_51ENVSMC,MBBS MD,7894532567,,31.3,SURGEON
c2eb9cd3-deaa-4ade-8969-89e0d6b7ef56,147e8f13-860d-45f6-85d2-66035d3f20bd,DR. HARI OM KURMI,REG_TZUS12RR,MBBS,7673176854,,26.5,PAEDIATRICIAN
fee36097-5ac9-4c7c-9221-9dfef65cc257,147e8f13-860d-45f6-85d2-66035d3f20bd,DR. UMESH KUMAR,REG_RSD7DMTG,MBBS MD DM,9706434224,,4.7,RADIOLOGIST
7242274c-8d9f-480b-81ac-6f8e382c7689,147e8f13-860d-45f6-85d2-66035d3f20bd,DR. MUNNI DEVI,REG_56MNFM6J,MBBS MS MCh,9791687070,,29.1,ANAESTHETIST
33677374-8f13-42fa-b13a-74e381bf78d8,147e8f13-860d-45f6-85d2-66035d3f20bd,DR. SEEMA DEVI,REG_X706L9PN,MBBS MD,7585187445,,34.6,SURGEON
5c8214c0-927e-4f75-a5ce-adad1a7763b0,32536ac4-c916-4805-bf22-7f9facafca42,DR. POONAM DEVI,REG_G1ATYTU6,MBBS MS MCh,7982608348,,32.4,ANAESTHETIST
45a62be5-4b9d-49e8-8c8a-fc9057f92f3f,32536ac4-c916-4805-bf22-7f9facafca42,DR. RAJU YADAV,REG_MUFBF8WZ,MBBS MS MCh,9458234800,,17.7,PAEDIATRICIAN
268f5ee6-31ab-47a4-9e49-e26a0eb74fb6,32536ac4-c916-4805-bf22-7f9facafca42,DR. MANOJ KUMAR,REG_AYND5XF1,MBBS DNB,7594340031,,22.8,PRIMARY_CLINICIAN
40c6c2b8-af5b-4a70-b2d3-89af4f0d7170,32536ac4-c916-4805-bf22-7f9facafca42,DR. RAKESH KUMAR MAURYA,REG_25IX6MRT,MBBS MS,7621884755,,33.8,ANAESTHETIST
11af0c4f-61dc-47b0-a1f0-435ccd441237,32536ac4-c916-4805-bf22-7f9facafca42,DR. PHOOL KUMARI,REG_GPQ9Q0N2,MBBS MS,7570203341,,11.0,RADIOLOGIST
1130d448-2f40-40ab-b662-307f731f9072,32536ac4-c916-4805-bf22-7f9facafca42,DR. SANTOSH KUMAR BIND,REG_CXRVA9TT,MBBS MD DM,7999480381,,21.5,PAEDIATRICIAN
20cacd14-f0b5-458f-a549-9f7947a06105,32536ac4-c916-4805-bf22-7f9facafca42,DR. KALAWATI DEVI,REG_W6DN75B8,MBBS MS,7995476360,,8.2,GYNAECOLOGIST
d129ad53-5093-4f70-be32-19fd80789930,32536ac4-c916-4805-bf22-7f9facafca42,DR. ARVIND KUMAR,REG_QYSVHLCK,MBBS MS,7694669814,,23.0,RADIOLOGIST
8aade2d6-4fce-4663-983d-31e2eafdadf1,7e18c107-d87e-4765-98f3-39d6dca8d4ee,DR. SANTOSH KUMAR GAUTAM,REG_LL9UHO9W,MBBS,9833307534,,25.2,SURGEON
05ad9b12-65aa-4fab-87b2-6c62786cf086,7e18c107-d87e-4765-98f3-39d6dca8d4ee,DR. GEETA DEVI,REG_ZGP9Q7EL,MBBS DNB,7780444648,,3.9,SURGEON
661a536d-1b1d-4fdb-add4-a9fbdf8348f5,7e18c107-d87e-4765-98f3-39d6dca8d4ee,DR. RAKESH KUMAR,REG_M99OR6V3,MBBS MD,7029771496,,8.7,GYNAECOLOGIST
f4d465cb-4784-47c5-966e-dbc7506a3662,7e18c107-d87e-4765-98f3-39d6dca8d4ee,DR. KIRAN DEVI,REG_RHFVTKT1,MBBS MD,7819581591,,25.6,PRIMARY_CLINICIAN
5a8e123d-5078-4222-9076-1818e8bc3eb4,6967284a-0de9-48cb-a5f3-502ca4965c0d,DR. POONAM DEVI,REG_U7TK3VTR,MBBS MD,9444307145,,19.6,SURGEON
8a7f08a4-d0c6-4814-af92-baa48237cd65,6967284a-0de9-48cb-a5f3-502ca4965c0d,DR. RAVINDRA NATH PATEL,REG_88154AMA,MBBS MD,7948073673,,19.4,RADIOLOGIST
452c1512-5f87-4789-9bfc-f2cb9768f936,6967284a-0de9-48cb-a5f3-502ca4965c0d,DR. KALAWATI DEVI,REG_8VS504MS,MBBS MD DM,7750112960,,4.5,ANAESTHETIST
a4286aa5-90ff-40c5-b2e7-0f14c4898eca,6967284a-0de9-48cb-a5f3-502ca4965c0d,DR. KAMLA DEVI,REG_HF0JSUKQ,MBBS MS MCh,9820955594,,11.2,ANAESTHETIST
d9fc6b4c-3cc4-4f2c-b33f-c36012f75fa0,6967284a-0de9-48cb-a5f3-502ca4965c0d,DR. AMIT KUMAR,REG_I3ECP21K,MBBS MD DM,7045887680,,8.0,PAEDIATRICIAN
fd8bdcd6-24b2-4818-bedb-64233bf40b7a,66dae4d3-f113-4c1c-9dc8-1ddc5a865a5b,DR. BABLU KUMAR,REG_14CBDYUJ,MBBS MD DM,7729047249,,15.8,ANAESTHETIST
e68d18ce-0bcc-48af-b129-f30836537672,66dae4d3-f113-4c1c-9dc8-1ddc5a865a5b,DR. POONAM DEVI,REG_72RGKWCU,MBBS MS MCh,7825251504,,5.6,PRIMARY_CLINICIAN
bcd217f4-93ec-4bff-80d3-23c242a1194b,f37ef077-1999-46e4-8c2c-ca943d522d04,DR. DRAUPADI DEVI,REG_AFY1KET5,MBBS DNB,9475879778,,12.2,SURGEON
894d7317-0a55-4188-a401-3b4da924fb4b,f37ef077-1999-46e4-8c2c-ca943d522d04,DR. RAJU YADAV,REG_GBU0BTK3,MBBS MD DM,7867287802,,7.0,ANAESTHETIST
2cc24d63-1662-41ca-b754-f9ece521edcb,f37ef077-1999-46e4-8c2c-ca943d522d04,DR. SEEMA DEVI,REG_CCQZEPH3,MBBS,7029610653,,24.8,SURGEON
40848450-bc03-4cdb-8c5c-159da1cce318,f37ef077-1999-46e4-8c2c-ca943d522d04,DR. GUDDU KUMAR,REG_SZGBL58T,MBBS,7911650687,,29.8,RADIOLOGIST
0372820c-6ae8-42ba-b7ae-f05b9f9fd4e7,f37ef077-1999-46e4-8c2c-ca943d522d04,DR. SHYAM LAL TIWARI,REG_HPX2H8WV,MBBS DA,8189934999,,23.2,ANAESTHETIST
06322d65-4985-498e-85f2-064995e35761,f37ef077-1999-46e4-8c2c-ca943d522d04,DR. URMILA DEVI,REG_S9NG17UP,MBBS MD,9507124552,,15.8,ANAESTHETIST
a162b7aa-fa73-4d8a-a26f-a3b2acdf9264,f37ef077-1999-46e4-8c2c-ca943d522d04,DR. REENA DEVI,REG_V6M82JDG,MBBS MD DM,9688890233,,8.8,ANAESTHETIST
c6bbc38d-a5e3-4596-8f84-e164e4a5e829,f37ef077-1999-46e4-8c2c-ca943d522d04,DR. PRADEEP KUMAR,REG_9Z6NUEOE,MBBS DA,8169299441,,18.7,PRIMARY_CLINICIAN
e0eb621d-54ef-4d38-bb9a-4a91f5d48282,e775dad7-949b-4519-b9a4-c3bf6c98055e,DR. ANITA DEVI,REG_53VHTBGG,MBBS MD,7711913078,,3.4,ANAESTHETIST
f107c6b3-7cec-4607-947d-dbaab8945608,e775dad7-949b-4519-b9a4-c3bf6c98055e,DR. SANTOSH KUMAR,REG_YY0Y6M9Y,MBBS DA,7518630380,,3.2,ANAESTHETIST
0c3cc671-a3a8-432e-a5f3-eea22d87aa81,e775dad7-949b-4519-b9a4-c3bf6c98055e,DR. KAMLA DEVI,REG_DUSM7YGV,MBBS MD,9520495273,,24.6,PAEDIATRICIAN
6902a291-7cbd-4590-94d8-fe3275d0d266,e775dad7-949b-4519-b9a4-c3bf6c98055e,DR. HEMANT KUMAR,REG_DKA9DUES,MBBS DA,7505265231,,22.9,PRIMARY_CLINICIAN
2b60a38e-1f4b-403a-828b-b326c850fee7,e775dad7-949b-4519-b9a4-c3bf6c98055e,DR. MANJU DEVI,REG_QNUHNOL6,MBBS,9492014242,,29.0,ANAESTHETIST
45f2b11b-7051-4478-9cb6-35768f4f8046,b82951e4-9794-4974-a95a-8941775bfa33,DR. SANTOSH KUMAR,REG_RJH9U7J3,MBBS MS MCh,9417833222,,33.8,ANAESTHETIST
ca5c07fc-7361-4df3-9019-626e69620060,b82951e4-9794-4974-a95a-8941775bfa33,DR. KAMLA DEVI,REG_Q8NRS7SV,MBBS MS MCh,7062870205,,22.1,RADIOLOGIST
4dec4e9c-f00c-4c67-b1ca-ee39715c1a6c,b82951e4-9794-4974-a95a-8941775bfa33,DR. BABLU KUMAR JAISWAL,REG_AKMDL56K,MBBS DNB,7015385256,,20.4,GYNAECOLOGIST
590ceb5c-0d5a-4d69-ad41-ba70aaf8c318,b82951e4-9794-4974-a95a-8941775bfa33,DR. SUMITRA DEVI,REG_T07SGU0F,MBBS MS MCh,9491956205,,27.1,ANAESTHETIST
7be6a886-0185-4009-82be-b6e80a8a70a5,c5e8f573-a35c-4f59-b296-423d35e2a503,DR. RANI DEVI,REG_OH66C8IS,MBBS MS MCh,9704961667,,16.8,PRIMARY_CLINICIAN
268c2cc0-a9b5-485b-8c3c-8e60f9049bf8,c5e8f573-a35c-4f59-b296-423d35e2a503,DR. DRAUPADI DEVI,REG_GO7M9IRX,MBBS MD DM,7995313080,,30.6,ANAESTHETIST
9c3172e8-f817-45e2-8968-5817e4b56579,c5e8f573-a35c-4f59-b296-423d35e2a503,DR. SEEMA DEVI,REG_PZ4095Y4,MBBS DA,8165125979,,32.5,RADIOLOGIST
ac6d6977-5daa-4580-b455-b839355c1feb,c5e8f573-a35c-4f59-b296-423d35e2a503,DR. URMILA DEVI,REG_P393GAR9,MBBS DNB,7740977528,,23.5,PAEDIATRICIAN
611a16bc-e02a-4b56-9000-b8513b78ffd1,c5e8f573-a35c-4f59-b296-423d35e2a503,DR. REENA DEVI,REG_DTXXN96H,MBBS MS,9601146941,,24.5,ANAESTHETIST
f2bf00bf-16fe-40cc-9f6c-986502112aa4,c5e8f573-a35c-4f59-b296-423d35e2a503,DR. HEMANT KUMAR,REG_3WJ7GAHE,MBBS DA,9776909962,,7.2,ANAESTHETIST
d0c0cb25-e2fc-4f2a-b02e-c8bf7281111b,c5e8f573-a35c-4f59-b296-423d35e2a503,DR. MANJU DEVI,REG_D3TAXNUO,MBBS,7519956439,,20.4,RADIOLOGIST
9ae4c76f-6813-43bf-b654-23cafa822500,c5e8f573-a35c-4f59-b296-423d35e2a503,DR. SEEMA DEVI,REG_VV4Z1V03,MBBS MD,9775684623,,30.2,PAEDIATRICIAN
e7c2d5bc-61da-41ab-bfd9-f5bed15f4c29,a91e761e-c0bd-446e-b9ee-b293ce8f2cf8,DR. LEELA DEVI,REG_UNN24XVQ,MBBS DNB,7938031119,,2.9,ANAESTHETIST
1873479c-5511-4662-aa79-5829338cc9b8,a91e761e-c0bd-446e-b9ee-b293ce8f2cf8,DR. SANTOSH KUMAR BIND,REG_E24CGF79,MBBS DNB,7616381577,,22.3,RADIOLOGIST
54b62970-07fc-4591-b637-062742b43561,a91e761e-c0bd-446e-b9ee-b293ce8f2cf8,DR. REKHA DEVI,REG_A15GO8K1,MBBS,9647092163,,18.7,GYNAECOLOGIST
79a9f850-0956-4b7b-80fc-5eaeea73353e,a91e761e-c0bd-446e-b9ee-b293ce8f2cf8,DR. VIJAY KUMAR,REG_KY3GHVPS,MBBS DA,7723231026,,19.9,GYNAECOLOGIST
bfdff283-115e-47a4-ad8a-98a703e0cd25,a91e761e-c0bd-446e-b9ee-b293ce8f2cf8,DR. RAM PRASAD,REG_0PB5UJPC,MBBS MS MCh,8177940144,,33.9,RADIOLOGIST
0ce1665d-53ae-4fc0-95e8-05415ac0c674,a91e761e-c0bd-446e-b9ee-b293ce8f2cf8,DR. ASHOK KUMAR,REG_O366VRA1,MBBS DNB,8128384927,,25.0,RADIOLOGIST
6fe707e4-3b9c-43cb-9a99-8b38f51b2736,a91e761e-c0bd-446e-b9ee-b293ce8f2cf8,DR. SHANTI DEVI,REG_JVR2HH1M,MBBS,7602722110,,11.9,SURGEON
a03fbcf5-100f-494b-b504-20b3e98a13bb,a91e761e-c0bd-446e-b9ee-b293ce8f2cf8,DR. REENA DEVI,REG_280CK73G,MBBS MD DM,7532671312,,11.0,PAEDIATRICIAN
101beeb6-6d20-4a49-96f8-268cb63d9e4d,e06a0ad3-d515-4d3b-a763-716b2ea04899,DR. SHEELA DEVI,REG_AFAR8OOY,MBBS DNB,9580855181,,1.0,RADIOLOGIST
a4a2fa93-b6d5-447c-8142-6ceae1f125e9,e06a0ad3-d515-4d3b-a763-716b2ea04899,DR. PUSHPA DEVI,REG_FBIE63VY,MBBS,7572893351,,6.9,PRIMARY_CLINICIAN
421258a3-2502-440a-9181-bdb4a2a4a66f,e06a0ad3-d515-4d3b-a763-716b2ea04899,DR. SAVITRI DEVI,REG_17N9UG9U,MBBS MD,7584388172,,32.5,PRIMARY_CLINICIAN
ffdd8f9b-c9f6-4e28-aa80-cae0c3af991d,e06a0ad3-d515-4d3b-a763-716b2ea04899,DR. ANITA DEVI,REG_BFG1SPZO,MBBS DNB,7729107262,,15.0,GYNAECOLOGIST
96b84e74-56f9-4cc4-991c-0a81195f53b2,e06a0ad3-d515-4d3b-a763-716b2ea04899,DR. SEEMA DEVI,REG_GCY5X8TG,MBBS MS,9783180951,,1.7,PAEDIATRICIAN
6ca6d12e-7f65-467c-a443-9ed1e82437cf,e06a0ad3-d515-4d3b-a763-716b2ea04899,DR. ROHIT KUMAR,REG_K4EG2CEG,MBBS MD,7746094872,,20.7,SURGEON
ed04de95-8cd6-4248-b8a5-7ca754f1596a,e06a0ad3-d515-4d3b-a763-716b2ea04899,DR. PREM SHANKAR,REG_5PPFPEYA,MBBS,8088261969,,11.1,GYNAECOLOGIST
274ee146-10f1-460f-b826-5854cbb4c50e,7ade0625-920e-4c17-9c49-26b5460ba358,DR. GUDDU KUMAR,REG_0A07VS4S,MBBS DA,7095290694,,8.2,RADIOLOGIST
ce2f3239-732e-4256-aba1-614c1d3132e4,7ade0625-920e-4c17-9c49-26b5460ba358,DR. SUSHIL KUMAR,REG_J1D7N8SI,MBBS MS MCh,8002474714,,30.2,RADIOLOGIST
630c829e-8a73-4ada-8c07-23e75eef19e0,7ade0625-920e-4c17-9c49-26b5460ba358,DR. REENA DEVI,REG_ODT851AN,MBBS DA,8152549663,,22.6,PRIMARY_CLINICIAN
1efb4340-9bd7-476e-ac72-bebc7e6ee594,7ade0625-920e-4c17-9c49-26b5460ba358,DR. KALAWATI DEVI,REG_PR9WSE1X,MBBS MS,8034503133,,12.3,PRIMARY_CLINICIAN
0a7470c3-9979-42a1-bddf-3cfee3ddef54,7ade0625-920e-4c17-9c49-26b5460ba358,DR. SUMITRA DEVI,REG_SQNHRIU1,MBBS MD DM,9702123855,,20.9,ANAESTHETIST
642ad4eb-09ed-4f5d-90ef-7c16354e4327,7ade0625-920e-4c17-9c49-26b5460ba358,DR. MUKESH KUMAR,REG_DM652F79,MBBS MD,8020942206,,25.6,RADIOLOGIST
6115079c-db9c-4064-aef7-1406a3afe6a0,7ade0625-920e-4c17-9c49-26b5460ba358,DR. SUSHILA DEVI,REG_KDGDI0RR,MBBS MD,9642643021,,29.6,SURGEON
ef66fa6a-404f-4e48-bc08-a63a4f76570e,7ade0625-920e-4c17-9c49-26b5460ba358,DR. REENA DEVI,REG_97XYWC64,MBBS DA,9543040588,,17.0,PAEDIATRICIAN
4947f192-1763-4cd4-b0e9-d2009de59f3d,3f6e8f71-4b5e-412c-8c2d-e44ba17b6595,DR. RAM PRASAD,REG_4COX6TCG,MBBS MD,7798744164,,11.9,PAEDIATRICIAN
362644ed-7ab0-4379-9698-ef9c00f6b23f,3f6e8f71-4b5e-412c-8c2d-e44ba17b6595,DR. SAROJ DEVI,REG_OQ8SXLNR,MBBS MS MCh,8089588964,,1.8,ANAESTHETIST
6ba7a869-7455-4bdb-b6fb-a83bce857fe4,3f6e8f71-4b5e-412c-8c2d-e44ba17b6595,DR. PHOOL KUMARI,REG_8MUKEODG,MBBS MS,7989072545,,19.4,SURGEON
4a869ae5-d53c-499f-882a-98a3739503ba,04708f67-9623-4cbd-b6ba-dea7faf258a3,DR. RAKESH KUMAR,REG_BQMPVS5C,MBBS,9623028141,,6.9,RADIOLOGIST
d79bc83f-3a19-4d8c-87c7-35d140f62e65,04708f67-9623-4cbd-b6ba-dea7faf258a3,DR. RADHA DEVI,REG_BKE2EMSR,MBBS MD DM,7777854673,,7.2,ANAESTHETIST
08ed6e63-704a-42b9-9e75-d0fc29999f34,04708f67-9623-4cbd-b6ba-dea7faf258a3,DR. ROHIT KUMAR,REG_01H7T5IB,MBBS MS MCh,9839901264,,18.3,SURGEON
671f9831-fd1c-4255-b153-b33ce1458b07,04708f67-9623-4cbd-b6ba-dea7faf258a3,DR. RAMESH CHANDRA,REG_ZVD6FLCZ,MBBS DA,7731782558,,27.8,RADIOLOGIST
361231ad-61c1-4129-a30f-21b9b0665e95,04708f67-9623-4cbd-b6ba-dea7faf258a3,DR. GUDDU KUMAR CHAUHAN,REG_NVA9ZGK3,MBBS MS,7082158642,,9.6,SURGEON
8835eebb-b859-4b38-81cc-40edc283b4b5,5555d654-8be5-478d-9d4b-bb7fd625d29a,DR. NARESH KUMAR LODHI,REG_UCJMOPOV,MBBS MD,7642104554,,32.4,PAEDIATRICIAN
e19f2ff2-535b-4d9f-b6e8-35ec31604297,5555d654-8be5-478d-9d4b-bb7fd625d29a,DR. RAKESH KUMAR,REG_SX3FZJSO,MBBS DA,9571919486,,25.7,RADIOLOGIST
e975054d-f8ad-46ca-a1ae-948331a4d822,5555d654-8be5-478d-9d4b-bb7fd625d29a,DR. RAJU YADAV SHUKLA,REG_B25P789L,MBBS MD DM,7802639628,,12.2,ANAESTHETIST
8d4bf8bd-b1c0-4180-bdd8-8488513811fe,5555d654-8be5-478d-9d4b-bb7fd625d29a,DR. GULABO DEVI,REG_5S0YS6O4,MBBS MS,8009881409,,28.9,PAEDIATRICIAN
227d07d0-ae51-4b5c-b0f2-9d3c18f0e062,5555d654-8be5-478d-9d4b-bb7fd625d29a,DR. KAMLA DEVI,REG_1RA5WGNH,MBBS MS,9548309469,,10.2,GYNAECOLOGIST
447ebcaa-46da-4254-b9d4-68ba72666a44,5555d654-8be5-478d-9d4b-bb7fd625d29a,DR. RAMESH CHANDRA,REG_JMYZXMCC,MBBS MD,7589907407,,21.7,SURGEON
9105a160-b5a5-4e35-affe-41aadce57e81,5555d654-8be5-478d-9d4b-bb7fd625d29a,DR. KUSUM DEVI,REG_B2ZK8GFE,MBBS DNB,7540770285,,10.9,PAEDIATRICIAN
649bcba0-230a-459f-b678-8e6477a29154,5555d654-8be5-478d-9d4b-bb7fd625d29a,DR. REKHA DEVI,REG_7YWWOHML,MBBS DNB,9644042434,,24.4,RADIOLOGIST
23297432-ddf8-4d10-9f6a-e3cdc0fde145,d13d6915-8473-4197-ace7-e2e62cdecb96,DR. SHIV KUMAR,REG_GMH0I9X3,MBBS MS MCh,7776892051,,1.0,RADIOLOGIST
9e20d89d-903e-4322-b012-c5b302015425,d13d6915-8473-4197-ace7-e2e62cdecb96,DR. SUNITA DEVI,REG_QLZ978XY,MBBS MD,7519672194,,12.1,SURGEON
9604d67b-2068-4cfc-9143-34c83707636a,d13d6915-8473-4197-ace7-e2e62cdecb96,DR. RAVI SHANKAR GUPTA,REG_IO71E7ZA,MBBS MS,7572016445,,16.4,ANAESTHETIST
6dba23dd-bfe3-4129-8429-f1422484c659,d13d6915-8473-4197-ace7-e2e62cdecb96,DR. KAMLA DEVI,REG_4PAIZ8U4,MBBS DA,8061328696,,24.4,PAEDIATRICIAN
347734df-49ee-4b7b-9c28-009d9edf82eb,ab21d38b-3945-4717-b1c9-c068f33a80f2,DR. RANI DEVI,REG_XSOU9RKO,MBBS MS MCh,7920574629,,13.8,RADIOLOGIST
0872e53b-1ac4-48c5-965f-2eb131edad54,ab21d38b-3945-4717-b1c9-c068f33a80f2,DR. SANTOSHI DEVI,REG_4FDZOGSK,MBBS MD,9640853016,,18.9,RADIOLOGIST
9cdf8cd3-f40f-4d55-95a1-0c9591eac6b0,ab21d38b-3945-4717-b1c9-c068f33a80f2,DR. MUKESH KUMAR VERMA,REG_DEBDAUED,MBBS MS,9536174902,,17.8,PAEDIATRICIAN
790ba910-ff35-467d-9f85-81762075f918,ab21d38b-3945-4717-b1c9-c068f33a80f2,DR. RAMU KAKA,REG_C1HE35IR,MBBS,7920449778,,26.4,PAEDIATRICIAN
b167b8cd-c208-4ca9-ae07-35b428ee50f8,6a79cf0f-7f1e-433a-ac0f-d0edfbb790ed,DR. BABLU KUMAR,REG_EX8C6R4S,MBBS MS MCh,9593284777,,6.2,GYNAECOLOGIST
d8523cf8-1c13-488e-ade8-55ab509be199,6a79cf0f-7f1e-433a-ac0f-d0edfbb790ed,DR. NIRMALA DEVI,REG_09UQS8Z6,MBBS,8140306441,,8.1,GYNAECOLOGIST
0b2fdc5f-5089-41d3-9893-982408d079e1,f4a39fd5-b6fd-4bbe-8b17-ee66e42185d8,DR. DINESH KUMAR,REG_HN9R3LLV,MBBS MD,8041311903,,4.3,RADIOLOGIST
e01faa6c-ab9d-43b1-9d48-2fb6f4470bfe,f4a39fd5-b6fd-4bbe-8b17-ee66e42185d8,DR. SHEELA DEVI,REG_CW5A11GH,MBBS DA,7849194308,,33.7,GYNAECOLOGIST
437c6dea-556a-46f7-895e-1dcb4397ad7e,f4a39fd5-b6fd-4bbe-8b17-ee66e42185d8,DR. GEETA DEVI,REG_U9RFWARR,MBBS MD,9402949079,,18.8,ANAESTHETIST
ef2850cf-24de-4c09-9941-366ef3976ba3,f4a39fd5-b6fd-4bbe-8b17-ee66e42185d8,DR. UMESH KUMAR SINGH,REG_6AS19T05,MBBS MD DM,7552561802,,23.1,PRIMARY_CLINICIAN
d15bc62a-7459-482b-83da-2dc793fd8736,f4a39fd5-b6fd-4bbe-8b17-ee66e42185d8,DR. AMIT KUMAR,REG_6E322J6X,MBBS MD DM,7804449712,,17.0,ANAESTHETIST
16a639e4-e879-4eae-8ace-e9a834432c7a,b311f10f-94e5-4859-963d-6349b6d9acca,DR. SAVITRI DEVI,REG_015ZZ1O3,MBBS DA,8101890544,,4.4,SURGEON
913a3057-042d-4ff9-a4c9-fe06ff435bed,b311f10f-94e5-4859-963d-6349b6d9acca,DR. RAMESH CHANDRA,REG_SBM36PQU,MBBS MD,9514717307,,15.5,PRIMARY_CLINICIAN
241ff653-cc39-4aa5-8608-be94844d5b4f,b311f10f-94e5-4859-963d-6349b6d9acca,DR. RAVI SHANKAR KURMI,REG_H061O8HN,MBBS DA,7718193649,,10.5,RADIOLOGIST
82dbe5fa-0f37-4785-b469-f2e6387a638e,b311f10f-94e5-4859-963d-6349b6d9acca,DR. SHIV KUMAR,REG_UQYB63X0,MBBS DNB,9883369839,,13.1,ANAESTHETIST
72154c8f-3599-4472-9771-df3e32f2942c,b311f10f-94e5-4859-963d-6349b6d9acca,DR. PUSHPA DEVI,REG_O2YH4AZO,MBBS MS,7756813860,,18.5,SURGEON
4caf2c90-9dff-43b4-a211-71ee95eb049b,588a58d8-6eae-4972-a4e3-77e30ffa3e3c,DR. SANTOSH KUMAR,REG_FXQ3AVNH,MBBS MS,9447879932,,33.4,RADIOLOGIST
a05c6aab-dbda-4060-a6f7-6c750258d063,588a58d8-6eae-4972-a4e3-77e30ffa3e3c,DR. BRIJESH KUMAR YADAV,REG_UD3AEQMN,MBBS DA,7862929873,,23.2,GYNAECOLOGIST
b315f0de-2534-45c2-95c7-985e20282f47,588a58d8-6eae-4972-a4e3-77e30ffa3e3c,DR. SAROJ DEVI,REG_I05N5DWJ,MBBS MS,8174082244,,28.8,ANAESTHETIST
cd4edae1-fa4a-43ca-a991-6dee951c3f41,b8bb53ec-7b96-4261-9bdd-39c9b8e48c9c,DR. KAMLA DEVI,REG_XQ8AVXSI,MBBS MS,9637240952,,21.8,GYNAECOLOGIST
9d881fb9-77b4-4b4b-a642-f310db681b3c,b8bb53ec-7b96-4261-9bdd-39c9b8e48c9c,DR. BRIJESH KUMAR,REG_72M6GK6A,MBBS MD,7043857007,,28.3,ANAESTHETIST
75d4c3f3-a5b2-49c6-b627-52434690290e,ef28273f-7695-4530-bcc3-0c89203e1552,DR. RAVI SHANKAR,REG_K6OTAAKI,MBBS MS,7976341967,,2.8,RADIOLOGIST
59e676e3-885d-488e-bab6-89f6281f7c20,ef28273f-7695-4530-bcc3-0c89203e1552,DR. NARESH KUMAR,REG_PQ38X4KN,MBBS MS,8072631846,,10.3,SURGEON
8f0ea0a3-0a06-47f0-96f5-63ef0c5e38cf,ef28273f-7695-4530-bcc3-0c89203e1552,DR. RAVINDRA NATH,REG_CZ8XX4L0,MBBS MD DM,8093326638,,34.5,ANAESTHETIST
ae79aa23-37c5-442f-999a-84d295c5c14c,ef28273f-7695-4530-bcc3-0c89203e1552,DR. SUSHIL KUMAR,REG_CK4GLJ9F,MBBS MD DM,7847518018,,31.2,PAEDIATRICIAN
481d1c59-6dec-4a62-87eb-a7fe45cefe81,ef28273f-7695-4530-bcc3-0c89203e1552,DR. RAJU YADAV,REG_4SEAO33R,MBBS,9824886997,,26.5,ANAESTHETIST
302a1dc1-02d7-4af9-87a5-e567e324efe9,ef28273f-7695-4530-bcc3-0c89203e1552,DR. RAJU YADAV,REG_NUKUOVH6,MBBS,7864515838,,15.2,GYNAECOLOGIST
dd2893a0-7ab3-4cf2-9133-cdd540595b1b,ef28273f-7695-4530-bcc3-0c89203e1552,DR. MANJU DEVI,REG_MOWXM49O,MBBS DA,7032630232,,4.0,GYNAECOLOGIST
037d3762-aac3-414f-8931-ecec5b0c8c06,cccef36f-0564-4e3f-8e1e-166c86a895ef,DR. KALAWATI DEVI,REG_XU3P8RJM,MBBS MD,7590294988,,29.4,PRIMARY_CLINICIAN
befbd9ea-e17d-4f5a-8615-82704ec7e6c7,cccef36f-0564-4e3f-8e1e-166c86a895ef,DR. VIRENDRA SINGH,REG_GHPONPQP,MBBS DNB,7564561899,,4.9,RADIOLOGIST
d5f787d7-d511-44f9-af5b-f741901d3e83,cccef36f-0564-4e3f-8e1e-166c86a895ef,DR. SHANTI DEVI,REG_XQC57F2S,MBBS MD,7033870553,,33.3,PRIMARY_CLINICIAN
9dcfac40-e5aa-4f84-87fd-bb892302f762,cccef36f-0564-4e3f-8e1e-166c86a895ef,DR. POONAM DEVI,REG_1T73Q03D,MBBS DA,8086660671,,19.6,RADIOLOGIST
c78a7ca8-bbe7-432d-a335-9a60606c9213,b1aa3128-ec24-441c-9f91-c0d173ec2e65,DR. PRIYA KUMARI,REG_OJN36Q8P,MBBS,9671827933,,11.0,ANAESTHETIST
9eec01a5-c8b8-4cd9-861f-12e9f522b509,b1aa3128-ec24-441c-9f91-c0d173ec2e65,DR. VIRENDRA SINGH LODHI,REG_JB79BLAK,MBBS MD DM,7577371144,,30.2,RADIOLOGIST
d20bc615-d3cc-4948-b98d-a19f152632c0,b1aa3128-ec24-441c-9f91-c0d173ec2e65,DR. SURESH KUMAR,REG_X58VS56L,MBBS MD,7767443274,,16.9,GYNAECOLOGIST
1d2fa91f-59eb-4974-bf20-819aed9bb257,b1aa3128-ec24-441c-9f91-c0d173ec2e65,DR. PREM SHANKAR TIWARI,REG_HGMDJENI,MBBS MS,7869557164,,28.5,PRIMARY_CLINICIAN
d408d95d-85a0-419c-b0ff-56781442adf4,b2903e45-442e-4dc9-b7e2-94c999ac28d8,DR. VIJAY KUMAR,REG_TX0ZGXR5,MBBS MD DM,9556692919,,10.6,GYNAECOLOGIST
7c9c969d-45e1-4f55-a1c5-9100ef29209c,b2903e45-442e-4dc9-b7e2-94c999ac28d8,DR. SANTOSHI DEVI,REG_L5RM60FE,MBBS,9611668767,,13.1,PAEDIATRICIAN
4352c495-09e6-437c-8a58-2eee4c938144,b2903e45-442e-4dc9-b7e2-94c999ac28d8,DR. DEEPAK KUMAR,REG_GX05EW8S,MBBS MD,7870597985,,17.4,ANAESTHETIST
22a9f905-b44f-47f7-92d8-d7511a8fa4d5,b2903e45-442e-4dc9-b7e2-94c999ac28d8,DR. RAJU YADAV CHAUHAN,REG_0MBI8G04,MBBS DNB,8178455681,,1.8,RADIOLOGIST
8cede037-4f12-4c15-a917-1593ece5f30c,f36e39cb-f13a-43be-92b2-8a4c46a467e2,DR. CHAMELI DEVI,REG_BGO46W89,MBBS,9813696065,,12.1,GYNAECOLOGIST
19b3c8dc-3a34-455b-a3dd-d3a588790716,f36e39cb-f13a-43be-92b2-8a4c46a467e2,DR. RADHA DEVI,REG_M8MO5VZ0,MBBS MS MCh,7889111570,,30.7,PRIMARY_CLINICIAN
7f956806-ad33-44cd-81aa-6e203f40557a,f36e39cb-f13a-43be-92b2-8a4c46a467e2,DR. ANITA DEVI,REG_1I4MI57M,MBBS MS,7646764766,,30.8,ANAESTHETIST
cc3442a8-56eb-498d-9fdb-e45b0a072d09,f36e39cb-f13a-43be-92b2-8a4c46a467e2,DR. LAKHAN LAL,REG_O5MVJDKG,MBBS MS,7939445491,,29.4,PRIMARY_CLINICIAN
8fafefd3-08a6-4bc3-bd66-689868ddb0d4,f36e39cb-f13a-43be-92b2-8a4c46a467e2,DR. SHEELA DEVI,REG_0FUODY7M,MBBS DA,8017290002,,25.8,PAEDIATRICIAN
d5500424-f6e5-4777-b810-43a5304030bd,9333300c-391b-456e-85ee-4a23b83df8e0,DR. KALAWATI DEVI,REG_7SE9Q27P,MBBS MS,9421476339,,25.0,GYNAECOLOGIST
24340e16-2960-408a-9eec-46d6535c65a7,9333300c-391b-456e-85ee-4a23b83df8e0,DR. LEELA DEVI,REG_6G5IXGWU,MBBS MD DM,8157132898,,11.5,RADIOLOGIST
a6d50c6c-fc23-41a0-a549-bef5c7b0caf3,9333300c-391b-456e-85ee-4a23b83df8e0,DR. DRAUPADI DEVI,REG_ADM8IY75,MBBS DNB,7039721889,,24.5,RADIOLOGIST
fc6b541b-fa31-4885-a2c3-a603ad012517,9333300c-391b-456e-85ee-4a23b83df8e0,DR. SHANTI DEVI,REG_862QTBMA,MBBS MD,7015976812,,27.6,RADIOLOGIST
01e5d417-aa20-4a0c-afc5-1c19d6dc62da,9333300c-391b-456e-85ee-4a23b83df8e0,DR. SANTOSHI DEVI,REG_L5V7PSPP,MBBS DNB,9610833442,,33.7,PAEDIATRICIAN
f20500ce-77a0-4979-ba6f-201bc2fc43ba,9333300c-391b-456e-85ee-4a23b83df8e0,DR. DEVENDRA KUMAR,REG_AWI1QNXB,MBBS,7639376828,,26.3,SURGEON
512051a0-46ea-4731-86fb-ed53f7a2599f,aaf1df79-ec74-4f05-b724-5e9ec1f2c287,DR. DINESH KUMAR TIWARI,REG_1TE53RKU,MBBS MD,7525720982,,25.8,RADIOLOGIST
d65e0c69-b3ef-4261-8630-cad731c0817b,aaf1df79-ec74-4f05-b724-5e9ec1f2c287,DR. SHANTI DEVI,REG_W6GYMW0L,MBBS DNB,7823235346,,10.9,RADIOLOGIST
88419d3a-1eaf-47ad-9882-c87c56411977,aaf1df79-ec74-4f05-b724-5e9ec1f2c287,DR. MEENA DEVI,REG_QZIO4HMN,MBBS MD DM,9453882355,,15.8,PAEDIATRICIAN
f6879056-5250-4b47-9669-83306b954381,aaf1df79-ec74-4f05-b724-5e9ec1f2c287,DR. SUSHIL KUMAR,REG_0CC9T065,MBBS,8080189695,,12.2,SURGEON
f86d1bb5-ec4f-41ea-bd9d-5817c8242776,aaf1df79-ec74-4f05-b724-5e9ec1f2c287,DR. PHOOL KUMARI,REG_4QZH9G01,MBBS MS MCh,8115524246,,2.4,GYNAECOLOGIST
bc3fd096-1687-4ba1-968a-481b1db1aa3d,aaf1df79-ec74-4f05-b724-5e9ec1f2c287,DR. RAM PRASAD DUBEY,REG_GMRWDC0X,MBBS MD DM,8159293006,,15.3,ANAESTHETIST
6c88c49e-4e4f-4603-ae48-9cb7ce5c0bcc,aaf1df79-ec74-4f05-b724-5e9ec1f2c287,DR. VIRENDRA SINGH,REG_285FSEEK,MBBS MS MCh,9531155492,,14.5,ANAESTHETIST
7d42ae3e-996b-4239-8cf5-af278eb8a1eb,aaf1df79-ec74-4f05-b724-5e9ec1f2c287,DR. PUSHPA DEVI,REG_I9X2NOQR,MBBS MD,9540028622,,31.4,PRIMARY_CLINICIAN
98ddfc8b-bee6-45cf-b689-c3ea7d8ef7fa,25a3f989-e430-401f-9131-376f1cd8ff63,DR. SEEMA DEVI,REG_TKHS4TC2,MBBS MS,8034515110,,12.8,SURGEON
a559181b-b3ac-4faf-bbf7-02b71a031d80,25a3f989-e430-401f-9131-376f1cd8ff63,DR. SUNITA DEVI,REG_RQ6PHJDA,MBBS MS,8055755887,,21.3,RADIOLOGIST
bebbb79a-4bd7-4ab6-bf65-a04a2bef049f,25a3f989-e430-401f-9131-376f1cd8ff63,DR. URMILA DEVI,REG_4YR64IN4,MBBS MD,9711392310,,24.1,SURGEON
9123a427-1a66-42be-9375-0dd651b8e27c,25a3f989-e430-401f-9131-376f1cd8ff63,DR. KUSUM DEVI,REG_JL8NRDMA,MBBS DNB,7801774799,,10.3,PRIMARY_CLINICIAN
b7bdba73-aa6a-42d7-8a1b-6c68ceb2896f,25a3f989-e430-401f-9131-376f1cd8ff63,DR. BRIJESH KUMAR,REG_CGP9ZA97,MBBS MS MCh,7720309877,,13.3,GYNAECOLOGIST
1f45039f-9470-4485-8441-a62240d94274,25a3f989-e430-401f-9131-376f1cd8ff63,DR. REENA DEVI,REG_4BNXU26R,MBBS DNB,7073056103,,12.2,PAEDIATRICIAN
6e99102e-5e2b-448d-92b2-31a2f491c66f,25a3f989-e430-401f-9131-376f1cd8ff63,DR. BABLU KUMAR GUPTA,REG_0OVTK0O7,MBBS MS,7500046941,,7.1,SURGEON
aa065660-a020-4e55-99d1-ae5b1ad00147,88aa76d4-a5a2-42d8-9d91-464c99d9aa38,DR. DEEPAK KUMAR,REG_I9O0FELI,MBBS MS,7974384558,,11.3,ANAESTHETIST
a7b4734e-e6d1-4d17-9b54-fec2dcbae9cb,88aa76d4-a5a2-42d8-9d91-464c99d9aa38,DR. SARASWATI DEVI,REG_LC4H8F2J,MBBS DA,9605982546,,3.2,PAEDIATRICIAN
3e2ec583-b744-4376-8fa2-db1a0b5d6773,88aa76d4-a5a2-42d8-9d91-464c99d9aa38,DR. SUSHIL KUMAR,REG_7IJ0E1JV,MBBS MS MCh,9455685679,,12.4,GYNAECOLOGIST
972d2a5a-a364-4ac1-b1a0-c30637d7f9e8,88aa76d4-a5a2-42d8-9d91-464c99d9aa38,DR. SHEELA DEVI,REG_ZS49U75U,MBBS MD,7833855102,,34.4,GYNAECOLOGIST
5782de2b-1764-4e5e-8dfb-4c69f0beb0e2,88aa76d4-a5a2-42d8-9d91-464c99d9aa38,DR. SANJAY KUMAR,REG_PK4J2FP6,MBBS MS MCh,7818759958,,1.8,PAEDIATRICIAN
85e1d4c6-609e-42f0-b84e-ac29c0548415,5e4b493b-25cd-4a22-8924-51c3c6697718,DR. SANTOSHI DEVI,REG_E2B728V9,MBBS DNB,9830867978,,1.9,RADIOLOGIST
1d0b875c-2d6f-4f3a-aed8-74cde42a2b59,5e4b493b-25cd-4a22-8924-51c3c6697718,DR. BABLU KUMAR MISHRA,REG_0LBD1H3L,MBBS,9480130945,,16.6,ANAESTHETIST
36f7f7c0-49e0-4412-8c35-6d0caeef8a25,5e4b493b-25cd-4a22-8924-51c3c6697718,DR. NIRMALA DEVI,REG_1DX14C9A,MBBS MS,9855531780,,30.1,SURGEON
ef2af14d-69e1-47a3-b71a-dd89c3282390,5e4b493b-25cd-4a22-8924-51c3c6697718,DR. PREM SHANKAR,REG_W8LX1EJV,MBBS MS MCh,9609321955,,11.6,ANAESTHETIST
0d0d3aae-c8ea-4edb-9197-93f0a428c13e,5e4b493b-25cd-4a22-8924-51c3c6697718,DR. RAM PRASAD MAURYA,REG_3XM91BE8,MBBS MD DM,8197266668,,7.7,GYNAECOLOGIST
33f4e7e8-5ab0-44ed-9c73-9cce9c643408,5e4b493b-25cd-4a22-8924-51c3c6697718,DR. BABLU KUMAR,REG_JAFUCWO9,MBBS MS,7693458372,,15.8,ANAESTHETIST
823c2d34-8620-4209-ab00-da1ac2380b9c,5e4b493b-25cd-4a22-8924-51c3c6697718,DR. SANTOSH KUMAR,REG_Y9GMXAAK,MBBS DNB,7830748504,,30.5,RADIOLOGIST
96115b56-debb-4f05-b883-2999f5574b35,12b55e6b-1f5b-476b-8735-653792d91639,DR. NIRMALA DEVI,REG_9UV2RY8U,MBBS MS MCh,7699077849,,7.7,PRIMARY_CLINICIAN
5ffa52c3-6a78-4bae-ab0d-a2297f6c7365,12b55e6b-1f5b-476b-8735-653792d91639,DR. LAKHAN LAL,REG_WFRGAD19,MBBS DA,7633453085,,29.7,PAEDIATRICIAN
03ee7f48-4d01-4b01-bb7f-40aec2b17b56,12b55e6b-1f5b-476b-8735-653792d91639,DR. REENA DEVI,REG_QMQPW4U9,MBBS MD,9677546333,,29.2,RADIOLOGIST
a3d26ced-c097-4aa9-835f-5f8b0a01bdaf,12b55e6b-1f5b-476b-8735-653792d91639,DR. REKHA DEVI,REG_IRD36GBY,MBBS,9828397179,,33.4,GYNAECOLOGIST
505d6d05-d8f5-44ea-9771-27e2844235a8,12b55e6b-1f5b-476b-8735-653792d91639,DR. MANJU DEVI,REG_SJ86FLYX,MBBS MD DM,7735461819,,4.0,PRIMARY_CLINICIAN
4d185c6d-0c84-42f8-b568-00f0751b16e9,12b55e6b-1f5b-476b-8735-653792d91639,DR. BRIJESH KUMAR,REG_9PIYHDW8,MBBS DA,7914897312,,8.3,SURGEON
1a664483-c1bb-49a6-a966-1babe40d37ee,12b55e6b-1f5b-476b-8735-653792d91639,DR. KIRAN DEVI,REG_G9AOCLPZ,MBBS DNB,9658033784,,28.2,RADIOLOGIST
b99bc51a-0c0b-4ae6-bb06-92cd9db502ab,204d0dec-2428-43c3-9d83-f0299b9486f7,DR. GEETA DEVI,REG_TBMQLXNM,MBBS MD,9563109618,,3.1,PRIMARY_CLINICIAN
a0a29c94-2c5c-4854-bcae-3fcafa948f5e,204d0dec-2428-43c3-9d83-f0299b9486f7,DR. SAVITRI DEVI,REG_8JF9B5DR,MBBS DA,7711553405,,23.8,RADIOLOGIST
d218e798-e906-4d42-af9b-2cda7560facb,204d0dec-2428-43c3-9d83-f0299b9486f7,DR. PRIYA KUMARI,REG_9ESN6R2H,MBBS MD,7837876186,,20.0,ANAESTHETIST
ee8591fb-42c8-4b0d-94e6-5d3e840cea48,9fa6ed63-66b7-4f8b-a1a8-6307316296a8,DR. SUSHIL KUMAR,REG_EHHUZSUQ,MBBS MD DM,9814791547,,20.5,PRIMARY_CLINICIAN
070b14b3-2002-41a9-b135-e9011892e632,9fa6ed63-66b7-4f8b-a1a8-6307316296a8,DR. MANOJ KUMAR,REG_Y1QKNCBN,MBBS DNB,7970047164,,9.5,PRIMARY_CLINICIAN
113d66ea-ca57-47e0-b7bb-9fc1ab496c30,9fa6ed63-66b7-4f8b-a1a8-6307316296a8,DR. SHIV KUMAR,REG_C7U66O4O,MBBS,7510534117,,24.2,PAEDIATRICIAN
c7a23bff-f21b-42cd-bb22-556cb081ee5a,9fa6ed63-66b7-4f8b-a1a8-6307316296a8,DR. SANTOSHI DEVI,REG_B93Y2MPY,MBBS MD DM,7675269117,,22.0,ANAESTHETIST
2c2b57cb-f1e4-42b2-bfd3-b162b60b0ed1,34dbc358-44de-45b3-8185-99e0856b2a0a,DR. REKHA DEVI,REG_5XMFYT3Y,MBBS MD DM,9890583311,,11.7,RADIOLOGIST
94a81c60-4ed7-4ab0-a02d-b5b50b707652,34dbc358-44de-45b3-8185-99e0856b2a0a,DR. SHIV KUMAR,REG_0SNMPLKH,MBBS DA,9771533391,,16.5,PAEDIATRICIAN
d4cb4a88-c4cc-40a1-b5d0-6cb60e3cbf02,34dbc358-44de-45b3-8185-99e0856b2a0a,DR. SHEELA DEVI,REG_1D67LHYR,MBBS MD DM,7500017831,,2.1,ANAESTHETIST
6bc74152-d4fd-49c0-87fa-e2c8dac49de6,34dbc358-44de-45b3-8185-99e0856b2a0a,DR. BRIJESH KUMAR,REG_UH7YXLRE,MBBS MD DM,7726572697,,20.6,RADIOLOGIST
c921484e-4d21-4f6f-b54f-8a37ece44025,34dbc358-44de-45b3-8185-99e0856b2a0a,DR. SANJAY KUMAR,REG_DMNW5NS3,MBBS MS MCh,9578330271,,12.3,RADIOLOGIST
442b785a-c004-4c83-986e-38ce4c32f07e,34dbc358-44de-45b3-8185-99e0856b2a0a,DR. GULABO DEVI,REG_GSLM83DD,MBBS MD,7770712334,,10.0,GYNAECOLOGIST
dd7cada5-394a-47fc-ad84-b2b15736f494,34dbc358-44de-45b3-8185-99e0856b2a0a,DR. VIRENDRA SINGH,REG_G74P2080,MBBS DNB,7967875489,,6.2,SURGEON
856a72e7-f8dc-4728-90d6-65c52d7acd8e,f399ac92-a52b-4638-8e5e-362ac45c47a9,DR. BRIJESH KUMAR,REG_QDWM1RKW,MBBS,8147822601,,18.7,ANAESTHETIST
9adf6544-36cd-4099-a884-acd51342a395,f399ac92-a52b-4638-8e5e-362ac45c47a9,DR. SHANTI DEVI,REG_4PMZEX1C,MBBS DA,7857519951,,1.9,GYNAECOLOGIST
cd8698f7-3d5c-4f70-9088-5b661d90cef3,f399ac92-a52b-4638-8e5e-362ac45c47a9,DR. NARESH KUMAR,REG_A63TGS6G,MBBS MS MCh,9620292907,,22.3,PAEDIATRICIAN
b22961c2-5b9c-426d-aa84-379f2f862ebb,f399ac92-a52b-4638-8e5e-362ac45c47a9,DR. SUSHIL KUMAR,REG_GL8MAOXR,MBBS MD DM,7977386289,,20.0,SURGEON
aea5cf2d-908e-4acd-ac55-3f68f5a4479b,f399ac92-a52b-4638-8e5e-362ac45c47a9,DR. SARASWATI DEVI,REG_99GE5GTG,MBBS MS MCh,9762837920,,12.5,ANAESTHETIST
9423abf3-2774-4bbe-be3d-aa28e858cf5e,f399ac92-a52b-4638-8e5e-362ac45c47a9,DR. SARASWATI DEVI,REG_IA9RZPUZ,MBBS MS MCh,9578729291,,7.4,PAEDIATRICIAN
ad5cf408-8ec7-4a61-b273-7cc44f969fe7,af9c4663-08cd-4aa8-a9b0-5d4a9f1c3441,DR. MEENA DEVI,REG_XKDDHK94,MBBS DA,7862459047,,20.4,PAEDIATRICIAN
f1b21d71-8570-4dd9-8605-e94aaadb6590,af9c4663-08cd-4aa8-a9b0-5d4a9f1c3441,DR. RAMU KAKA,REG_W9PW0Z06,MBBS MD DM,7694988676,,13.2,ANAESTHETIST
aeb18760-d6aa-4058-9264-956b6ed08294,af9c4663-08cd-4aa8-a9b0-5d4a9f1c3441,DR. KAMLA DEVI,REG_N5CNKO7H,MBBS MS,9777061594,,14.9,ANAESTHETIST
7c5711bd-80ff-4c6c-b56c-147916423240,af9c4663-08cd-4aa8-a9b0-5d4a9f1c3441,DR. RAVINDRA NATH TIWARI,REG_XEU9PRHT,MBBS DA,9580510296,,6.0,RADIOLOGIST
595882a2-2df9-4909-b179-6cb4352ea8bc,af9c4663-08cd-4aa8-a9b0-5d4a9f1c3441,DR. REKHA DEVI,REG_KSVGUWLI,MBBS MD DM,7948194976,,29.5,ANAESTHETIST
5ace1f81-986b-47cb-b057-296bceec2223,59feb58f-10b2-44b7-95ec-9961cdd9cb34,DR. SAROJ DEVI,REG_V3I4J42Z,MBBS DNB,7947989013,,17.1,ANAESTHETIST
fa4660fe-3c7d-48fc-b7ab-7dc3e8448e47,59feb58f-10b2-44b7-95ec-9961cdd9cb34,DR. POONAM DEVI,REG_LTAN707C,MBBS DA,9767836805,,1.7,PRIMARY_CLINICIAN
7892647f-31ff-4bbf-85da-887971465777,59feb58f-10b2-44b7-95ec-9961cdd9cb34,DR. HARI OM,REG_PJ4CJEBM,MBBS DA,7759850981,,8.7,GYNAECOLOGIST
88577a3c-b339-4559-9681-6807069fecda,9b5aec1c-f59c-4cbe-b343-a4d10f65aa9e,DR. LEELA DEVI,REG_3AOA9U8B,MBBS,7034813689,,16.6,PAEDIATRICIAN
cb59ad95-2799-4992-8920-0e61877da348,9b5aec1c-f59c-4cbe-b343-a4d10f65aa9e,DR. KAMLA DEVI,REG_CQO260BX,MBBS MS MCh,9582288664,,6.9,SURGEON
cd528ad7-da6b-4561-b174-ddc1ceca1d21,9b5aec1c-f59c-4cbe-b343-a4d10f65aa9e,DR. DEVENDRA KUMAR,REG_UC5EFOSV,MBBS MS,9454109240,,17.3,PAEDIATRICIAN
23816679-dae3-486c-b521-010e2158c5bd,9b5aec1c-f59c-4cbe-b343-a4d10f65aa9e,DR. RAMU KAKA,REG_00R0ZC7M,MBBS MS,9563104578,,22.9,GYNAECOLOGIST
8534dd0a-f88f-4411-836a-7047a3a1feea,9b5aec1c-f59c-4cbe-b343-a4d10f65aa9e,DR. SEEMA DEVI,REG_8S5HLFLM,MBBS MS,7904074062,,18.4,GYNAECOLOGIST
aae6acd8-86d3-4540-856b-65cf754018ba,9b5aec1c-f59c-4cbe-b343-a4d10f65aa9e,DR. SHANTI DEVI,REG_ODWE10N3,MBBS MS,7890392717,,5.3,PAEDIATRICIAN
dd1fa34f-4ffd-43a1-9cae-f4d99ddf6049,9b5aec1c-f59c-4cbe-b343-a4d10f65aa9e,DR. VIVEK KUMAR,REG_CLU983X0,MBBS MD DM,9588384544,,29.4,PRIMARY_CLINICIAN
db383db9-a18b-487c-a02a-c87afb78ac85,9c496e68-ffd7-4bc9-bf67-3498c1551012,DR. ANITA DEVI,REG_O03G0D0K,MBBS MD,9689181259,,16.5,ANAESTHETIST
7cf9b797-606f-4663-8a43-072799c1a5f6,9c496e68-ffd7-4bc9-bf67-3498c1551012,DR. SANTOSHI DEVI,REG_ISQVNDKY,MBBS MS,8152586712,,10.0,ANAESTHETIST
8252da21-6d54-446e-aea9-7c8a045ac257,9c496e68-ffd7-4bc9-bf67-3498c1551012,DR. LAXMI DEVI,REG_06WB3N1V,MBBS MD,8105503370,,8.9,ANAESTHETIST
4977d487-5382-4d7c-87f7-cff6d6d4944b,9c496e68-ffd7-4bc9-bf67-3498c1551012,DR. HARI OM,REG_FLD2RVH0,MBBS MD DM,8194122046,,34.1,PRIMARY_CLINICIAN
8d3a6f09-29d5-44c2-8491-b97c5f1888f1,9c496e68-ffd7-4bc9-bf67-3498c1551012,DR. GULABO DEVI,REG_IJBBV28N,MBBS MD DM,7978331220,,22.4,PAEDIATRICIAN
f7c19c96-bf43-4f7b-8795-9f2b9af8d3dd,9c496e68-ffd7-4bc9-bf67-3498c1551012,DR. DEVENDRA KUMAR,REG_6Q7ZXX7Y,MBBS MS,9693814386,,1.9,RADIOLOGIST
f07dd438-0b3e-41cd-9aa1-25e6d8d55223,9c496e68-ffd7-4bc9-bf67-3498c1551012,DR. REKHA DEVI,REG_DLERU9S7,MBBS MD,7875203478,,6.4,RADIOLOGIST
cb40a456-65cb-4a26-a9fb-ab6c65c9776a,9c496e68-ffd7-4bc9-bf67-3498c1551012,DR. PRIYA KUMARI,REG_CWBRPF0K,MBBS,7854936612,,17.0,GYNAECOLOGIST
17d26c13-d355-4f80-8d14-62f4d5054cf4,98f30103-c1c1-4ca1-abc0-d45e6011bbe5,DR. POONAM DEVI,REG_DB8JKJUZ,MBBS DA,9735462394,,27.8,GYNAECOLOGIST
7847ed01-94c6-4f8a-afb4-65550f3404db,98f30103-c1c1-4ca1-abc0-d45e6011bbe5,DR. SANJAY KUMAR GAUTAM,REG_1LBCBW70,MBBS DNB,7998770947,,23.2,PAEDIATRICIAN
8b1d6dd5-8751-48f3-989c-e6a417673a1e,ebb52fbc-b517-485b-b021-7ba799124c1b,DR. URMILA DEVI,REG_48Y88Y5Z,MBBS DA,7705272713,,12.5,SURGEON
591f4047-ec3c-4365-b8e4-c17349217f57,ebb52fbc-b517-485b-b021-7ba799124c1b,DR. SUSHIL KUMAR,REG_AALGX9VU,MBBS MD DM,9670131637,,26.4,GYNAECOLOGIST
36398b34-920b-4ceb-b28b-3a15babe9551,ebb52fbc-b517-485b-b021-7ba799124c1b,DR. KIRAN DEVI,REG_ZQ5Y5PY7,MBBS MS,7992613434,,18.3,PAEDIATRICIAN
aa4d8420-184c-4d38-8b50-e246404eccdb,ebb52fbc-b517-485b-b021-7ba799124c1b,DR. KAMLA DEVI,REG_J60IG5W1,MBBS MD DM,8144758350,,31.4,SURGEON
0fed6725-2e1e-4abc-8373-3c70f3fba691,ebb52fbc-b517-485b-b021-7ba799124c1b,DR. REENA DEVI,REG_24YEFRJD,MBBS DNB,9518461616,,17.5,ANAESTHETIST
bc54f4a8-24b9-49fd-84cf-76dd890ca61c,4b4e4e27-1afd-49a5-a213-7eec78fdd5ea,DR. DEEPAK KUMAR,REG_CSXG5JD4,MBBS MS,7813990739,,28.3,RADIOLOGIST
daa3865e-1c11-4908-ae96-b6d5cb751bda,4b4e4e27-1afd-49a5-a213-7eec78fdd5ea,DR. BABLU KUMAR,REG_220VT3OA,MBBS DA,9793547853,,14.7,PRIMARY_CLINICIAN
06b7cdb6-9ad1-44c9-8d8a-e841867799bd,4b4e4e27-1afd-49a5-a213-7eec78fdd5ea,DR. HEMANT KUMAR,REG_BUGA9VTP,MBBS MD,9539031465,,24.8,ANAESTHETIST
a29a8045-f1fd-4a3c-b632-1f588f1d1cbb,4b4e4e27-1afd-49a5-a213-7eec78fdd5ea,DR. RAKESH KUMAR,REG_0ZNEZVG1,MBBS MS,7911478168,,5.9,RADIOLOGIST
f04fd8be-d8ec-4d7c-9b47-32b7b2c34b0f,4b4e4e27-1afd-49a5-a213-7eec78fdd5ea,DR. RAVI SHANKAR,REG_XKFOY6C5,MBBS DNB,7733108181,,19.6,GYNAECOLOGIST
357eed14-0c7e-4f24-a04e-2de3a2300e97,4b4e4e27-1afd-49a5-a213-7eec78fdd5ea,DR. ROHIT KUMAR,REG_YCGIH1FD,MBBS MS MCh,9484118929,,24.2,PRIMARY_CLINICIAN
82d00e89-a1f5-42dc-bb7b-d326ee70e403,4b4e4e27-1afd-49a5-a213-7eec78fdd5ea,DR. HARI OM,REG_K3V2GHHT,MBBS DA,9671424668,,8.8,SURGEON
12e9ec13-bd80-480b-a4f3-109ec74d7bbc,70d8413d-6cee-47a1-8dca-499191c83394,DR. LEELA DEVI,REG_3N8FWHUC,MBBS,7665043343,,14.8,ANAESTHETIST
fcf7b1be-3b97-4230-8a89-3bc65513c2e1,70d8413d-6cee-47a1-8dca-499191c83394,DR. PREM SHANKAR,REG_Z917SNYO,MBBS,7060388485,,16.1,PAEDIATRICIAN
c4ce3e87-f608-4022-b375-b47f43cae436,70d8413d-6cee-47a1-8dca-499191c83394,DR. KALAWATI DEVI,REG_WUPTJ7SS,MBBS,8157056489,,30.0,PAEDIATRICIAN
2d4b70a0-261c-4273-b01d-60abff0cd6a0,70d8413d-6cee-47a1-8dca-499191c83394,DR. BABLU KUMAR,REG_ZOFXCEI7,MBBS MD DM,7071194592,,11.0,ANAESTHETIST
e6eca392-36ea-417f-a2ed-4d0e668aea4e,70d8413d-6cee-47a1-8dca-499191c83394,DR. REENA DEVI,REG_248GMAJR,MBBS,9437473158,,33.9,PRIMARY_CLINICIAN
a3800506-709f-43b4-a855-55a7d68054ac,70d8413d-6cee-47a1-8dca-499191c83394,DR. KIRAN DEVI,REG_SW70M3MB,MBBS MD DM,9679822332,,28.8,SURGEON
c991dbc1-7b4d-4ab7-bc6b-b91b3664f315,70d8413d-6cee-47a1-8dca-499191c83394,DR. MEENA DEVI,REG_5MT25WV5,MBBS MD,9779436837,,33.2,SURGEON
e76e8d9e-2c54-4a5b-a86c-9aa04718d047,70d8413d-6cee-47a1-8dca-499191c83394,DR. RAJU YADAV,REG_225QZ5YJ,MBBS MS,7948880056,,13.1,SURGEON
2d3f1604-8641-466b-9ecf-bbf054df484f,a85182ea-39a5-4653-b72c-0a3cf60c8bdb,DR. RADHA DEVI,REG_EUBM0L18,MBBS DA,7073262341,,10.2,ANAESTHETIST
3593bdb8-746e-430c-99d9-4f7d05c11fc8,a85182ea-39a5-4653-b72c-0a3cf60c8bdb,DR. URMILA DEVI,REG_JX1H8S8B,MBBS MS,7074708558,,33.4,SURGEON
8a9dbbfa-bb4d-4830-bd24-45908bb832c2,a85182ea-39a5-4653-b72c-0a3cf60c8bdb,DR. KAMLA DEVI,REG_29XDIZ9W,MBBS MD DM,7575334391,,22.6,SURGEON
afd8a0c0-5de8-487f-bd3c-ee28cd7cbe11,acf54909-f429-4c8a-8b44-561e9ab988b9,DR. SHYAM LAL,REG_KK2OT2GY,MBBS MS MCh,9432335143,,1.6,PAEDIATRICIAN
84e7fc86-84f6-4a4d-b188-69d2c8358bc7,acf54909-f429-4c8a-8b44-561e9ab988b9,DR. PRIYA KUMARI,REG_RUQM4I1P,MBBS MS MCh,8035582072,,24.3,RADIOLOGIST
6af7a896-1594-4ad0-90ec-72b55355d91a,8d495549-7062-42a0-9e4e-44aeb67e59c4,DR. ARVIND KUMAR,REG_AM5CT51H,MBBS MD,7508262345,,27.8,ANAESTHETIST
e5c85f80-3055-4e9a-82b1-025f661345cc,8d495549-7062-42a0-9e4e-44aeb67e59c4,DR. REKHA DEVI,REG_2SRGMGSW,MBBS MD DM,9882806262,,8.3,RADIOLOGIST
f04d8071-a558-4011-bab5-5bec6a1e70da,8d495549-7062-42a0-9e4e-44aeb67e59c4,DR. MUKESH KUMAR KUMAR,REG_8WDNXF41,MBBS,9420966497,,29.7,SURGEON
ae4803c3-e360-4ce9-89c9-ddca8255623e,f3cfe0e0-227e-4fe0-966e-6015b1c1e599,DR. KUSUM DEVI,REG_ZG5TP4N0,MBBS DA,8025176726,,11.8,SURGEON
078e452f-befd-474f-9e79-da0ee2d57472,f3cfe0e0-227e-4fe0-966e-6015b1c1e599,DR. NARESH KUMAR,REG_SM0PBK72,MBBS,9600846492,,12.5,SURGEON
b948d20a-3abc-43d1-aa7b-7134721bc298,f3cfe0e0-227e-4fe0-966e-6015b1c1e599,DR. VIJAY KUMAR,REG_5Z7G10JT,MBBS MS,9822447925,,11.9,SURGEON
b1bfc8bf-6506-4cfc-9b7c-953644766d41,38649307-865a-4a7e-aa7f-91fd66ad2b69,DR. SHANTI DEVI,REG_BQ3EU715,MBBS MS,9621714712,,28.5,ANAESTHETIST
2a11772c-490f-4bc5-864f-ec072a64f369,38649307-865a-4a7e-aa7f-91fd66ad2b69,DR. USHA DEVI,REG_BZ00XS6S,MBBS MD,9605770363,,21.8,GYNAECOLOGIST
9014ea16-e2ae-4580-8e9e-82d517e3b8c6,38649307-865a-4a7e-aa7f-91fd66ad2b69,DR. PREM SHANKAR,REG_3P81X4WT,MBBS MD DM,8021735069,,13.4,PRIMARY_CLINICIAN
6780370b-8cee-47fb-910b-c9a3df862147,38649307-865a-4a7e-aa7f-91fd66ad2b69,DR. PREM SHANKAR DUBEY,REG_3STLC5AO,MBBS,9653326798,,27.6,ANAESTHETIST
2c5deffb-b1a0-4f81-aa61-9f89802f4081,38649307-865a-4a7e-aa7f-91fd66ad2b69,DR. PHOOL KUMARI,REG_3RV5DDX2,MBBS MD DM,9446781074,,4.6,PAEDIATRICIAN
107ee255-8eaa-4c88-9b15-626d6c387d41,38649307-865a-4a7e-aa7f-91fd66ad2b69,DR. SHANTI DEVI,REG_5857XC90,MBBS MS MCh,9853615091,,7.4,SURGEON
2c384c4d-588f-47db-abcd-f8305c3b091c,38649307-865a-4a7e-aa7f-91fd66ad2b69,DR. KIRAN DEVI,REG_LFJR2PQO,MBBS MD DM,7063774211,,27.7,PRIMARY_CLINICIAN
20ab326a-4586-40c3-b6db-9db70298c166,95013210-df30-4699-9644-32da7da48a5d,DR. LAXMI DEVI,REG_0MU9BHLD,MBBS,7765994931,,2.9,ANAESTHETIST
ba881b9e-ed96-4e30-bc62-0b97723b7df5,95013210-df30-4699-9644-32da7da48a5d,DR. SUSHIL KUMAR CHAUHAN,REG_IXBH91MK,MBBS MD,9840997530,,25.4,ANAESTHETIST
0eb8a3c6-1619-4343-8a88-ed43be5ebfba,95013210-df30-4699-9644-32da7da48a5d,DR. RAMU KAKA,REG_F96A7A6S,MBBS MD,8162829215,,26.7,PAEDIATRICIAN
e3d44d0f-dfaf-463b-bcd0-a76e42d01815,95013210-df30-4699-9644-32da7da48a5d,DR. SUNITA DEVI,REG_N3YDPYVZ,MBBS,8122190672,,15.2,PAEDIATRICIAN
8548857c-8254-4284-807b-862a7355148f,95013210-df30-4699-9644-32da7da48a5d,DR. SHYAM LAL SHUKLA,REG_754WOQEO,MBBS,7782165653,,24.7,ANAESTHETIST
57a05aec-57be-43d5-8a4e-daee26a0024e,95013210-df30-4699-9644-32da7da48a5d,DR. RAJESH KUMAR,REG_61XDMD19,MBBS MS MCh,9456818562,,11.6,PAEDIATRICIAN
ef4321ec-9006-47e6-a375-3b24e9e5964c,95013210-df30-4699-9644-32da7da48a5d,DR. SARASWATI DEVI,REG_C54I2AJ0,MBBS MS MCh,7547683348,,32.0,GYNAECOLOGIST
056fc07b-136a-4d48-9195-48634cc1f373,7a3ee66c-aae8-4a51-88c8-644fe1342824,DR. SHEELA DEVI,REG_B2X0UTK2,MBBS DA,9516193446,,7.3,PAEDIATRICIAN
397aef69-c28e-4675-8560-8205bbfd227c,7a3ee66c-aae8-4a51-88c8-644fe1342824,DR. PHOOL KUMARI,REG_OBV053IO,MBBS MD DM,9461313561,,14.3,PRIMARY_CLINICIAN
2af4af08-175b-401e-8488-9f27fe0cb455,7a3ee66c-aae8-4a51-88c8-644fe1342824,DR. SANTOSHI DEVI,REG_M7ZSDDIW,MBBS MS,9596510570,,33.9,ANAESTHETIST
f5bbb398-6773-47c1-943e-6f175bf8d779,7a3ee66c-aae8-4a51-88c8-644fe1342824,DR. SUMITRA DEVI,REG_03JELRQ3,MBBS MD,9514405468,,26.2,SURGEON
54a9160a-1452-42ed-88b2-d773f3fb3f4b,7a3ee66c-aae8-4a51-88c8-644fe1342824,DR. KUSUM DEVI,REG_QNEAH5EF,MBBS DNB,7973186801,,12.9,RADIOLOGIST
af14ad76-6a11-45dd-8bce-5674f357e1cf,c0b8fd1c-4317-4af4-b509-e0c4565ba6bc,DR. SUSHIL KUMAR,REG_IMZQYLL0,MBBS MS,9436022852,,22.9,PRIMARY_CLINICIAN
9a2d0e9b-fb1b-418a-88e0-66c4be45087f,c0b8fd1c-4317-4af4-b509-e0c4565ba6bc,DR. GUDDU KUMAR SHUKLA,REG_D83NHBJT,MBBS MD DM,9537348980,,30.2,PAEDIATRICIAN
95f4c449-e88d-44a5-b482-84fff38ec557,c0b8fd1c-4317-4af4-b509-e0c4565ba6bc,DR. SANTOSHI DEVI,REG_WYOB31ZU,MBBS DA,7740404294,,34.4,SURGEON
dc80d27f-c235-4317-b894-31038e0c9eef,27077ebb-6db8-4e5d-8b41-58a6f7931f09,DR. SURESH KUMAR BIND,REG_3IDML90J,MBBS MS MCh,9844478826,,24.2,SURGEON
9a16327f-bc53-48a3-b82c-48c75802c651,27077ebb-6db8-4e5d-8b41-58a6f7931f09,DR. GUDDU KUMAR MAURYA,REG_9A0JRNH3,MBBS DA,7973190739,,13.8,PRIMARY_CLINICIAN
16ada979-5660-48ee-afc3-460acdd8f2e6,27077ebb-6db8-4e5d-8b41-58a6f7931f09,DR. MUKESH KUMAR,REG_GD4HF2MB,MBBS DNB,7537670106,,24.1,SURGEON
40f048e9-04fe-4017-b77d-aab94e64c8d7,27077ebb-6db8-4e5d-8b41-58a6f7931f09,DR. KALAWATI DEVI,REG_4M9FH6GY,MBBS DNB,7962159755,,34.9,PAEDIATRICIAN
1de31168-9f44-44a8-a737-8dc3f631aa94,27077ebb-6db8-4e5d-8b41-58a6f7931f09,DR. SAROJ DEVI,REG_TPJEAKTZ,MBBS MS,7524102779,,3.4,RADIOLOGIST
98b05471-23f5-42c1-b7ac-fe7dc036f065,27077ebb-6db8-4e5d-8b41-58a6f7931f09,DR. RADHA DEVI,REG_XXU7D1BH,MBBS MS MCh,8161315128,,8.9,RADIOLOGIST
0fbedf2a-8d74-4f08-9a9d-2d3eaf65b0b4,27077ebb-6db8-4e5d-8b41-58a6f7931f09,DR. NARESH KUMAR,REG_VB9FV9OV,MBBS MD DM,7721076685,,12.6,PAEDIATRICIAN
91e8c30b-cc69-46fc-a2a0-98149ed64ffd,27077ebb-6db8-4e5d-8b41-58a6f7931f09,DR. SEEMA DEVI,REG_VCQ7EC7W,MBBS MS,8013576009,,29.1,ANAESTHETIST
c3822c3d-43fa-45fc-968c-125b3400f591,50204bf6-9931-42db-97f1-f9a549ab8921,DR. GUDDU KUMAR,REG_C7YSUFSO,MBBS MS,8005390907,,26.4,PRIMARY_CLINICIAN
8a82fc1f-1ed3-4fb2-8981-2d9b3046be33,50204bf6-9931-42db-97f1-f9a549ab8921,DR. UMESH KUMAR,REG_YUJ8F0SK,MBBS MD DM,7029140562,,24.5,PRIMARY_CLINICIAN
caf815a7-594b-4a8a-8b57-78c691460493,834427c5-4632-4c64-9d4e-c55ddcfaefae,DR. SEEMA DEVI,REG_3BX57XGQ,MBBS MD,9597870265,,12.5,RADIOLOGIST
37a228a4-74b2-4514-94f9-d91fd32dda39,834427c5-4632-4c64-9d4e-c55ddcfaefae,DR. RAJEEV KUMAR,REG_L8IF9W2E,MBBS,7550647578,,8.9,GYNAECOLOGIST
4782a5d1-26cb-498f-b6c2-8a33746a4036,25cc882d-cade-4629-af07-bdbcaa8e2928,DR. SEEMA DEVI,REG_QZ6GGHQZ,MBBS MS MCh,9699444884,,17.7,SURGEON
c3bc940c-c21c-4146-8688-48275ed11169,25cc882d-cade-4629-af07-bdbcaa8e2928,DR. KUSUM DEVI,REG_KAYQAB4Z,MBBS DA,7981583523,,15.4,PAEDIATRICIAN
5d6f0f08-65ec-4b05-962a-e708f336e3e4,25cc882d-cade-4629-af07-bdbcaa8e2928,DR. MANOJ KUMAR,REG_HOXUI6H8,MBBS DNB,7610026816,,30.6,ANAESTHETIST
d370bc97-e591-4399-a5b2-4bf32177c94f,25cc882d-cade-4629-af07-bdbcaa8e2928,DR. VIRENDRA SINGH,REG_I4FUYORY,MBBS MS,9478110065,,28.2,PAEDIATRICIAN
9daa1e99-1e2c-43c3-9ff1-e7dadba3ad39,25cc882d-cade-4629-af07-bdbcaa8e2928,DR. SANJAY KUMAR,REG_IL2Z796O,MBBS MD,8073770053,,13.4,PAEDIATRICIAN
fca09ab2-d3b7-4b17-9761-77329633ca07,25cc882d-cade-4629-af07-bdbcaa8e2928,DR. SANTOSH KUMAR GAUTAM,REG_FVMIUX11,MBBS MS MCh,9480091090,,14.5,ANAESTHETIST
8b51d163-917a-483c-9ae6-3c30c95d46fd,25cc882d-cade-4629-af07-bdbcaa8e2928,DR. VIVEK KUMAR,REG_0JORG39Y,MBBS MD,9489773294,,21.0,RADIOLOGIST
5447dc8a-c043-458c-986d-7523a5c00849,25cc882d-cade-4629-af07-bdbcaa8e2928,DR. SHANTI DEVI,REG_G5TZW6L2,MBBS MS,8075524801,,29.7,PRIMARY_CLINICIAN
6d6f538f-c5b8-49fe-850b-9dbe5811a901,f8264d5e-ffee-400a-bf57-b9ef5fc2de5d,DR. SANTOSH KUMAR,REG_R95OTMWB,MBBS MD,9615923619,,32.3,ANAESTHETIST
389ccdf6-5c6b-44a9-940d-b2ce3a37e712,f8264d5e-ffee-400a-bf57-b9ef5fc2de5d,DR. SANTOSH KUMAR,REG_GXPIYQ2Q,MBBS MD,7885421951,,20.9,SURGEON
f524d1c2-277a-4c01-b52e-4367e73a5c25,f8264d5e-ffee-400a-bf57-b9ef5fc2de5d,DR. SUSHIL KUMAR MISHRA,REG_E80M4SMH,MBBS MS MCh,8008684682,,18.0,PAEDIATRICIAN
e31df462-52e1-4e0a-a648-c2a845d07f22,f8264d5e-ffee-400a-bf57-b9ef5fc2de5d,DR. NARESH KUMAR,REG_WNTFFSAH,MBBS DA,7592807714,,10.2,PRIMARY_CLINICIAN
7b5566d2-a8b0-4ada-8166-996628a4d0dc,f8264d5e-ffee-400a-bf57-b9ef5fc2de5d,DR. LAKHAN LAL,REG_V8DRX25H,MBBS MD DM,7531803184,,25.8,PAEDIATRICIAN
ba14c92e-828e-4b7b-be62-44bb40cff678,f8264d5e-ffee-400a-bf57-b9ef5fc2de5d,DR. SANTOSHI DEVI,REG_J9HGO38P,MBBS MS,9630604425,,17.0,PAEDIATRICIAN
bb458cd9-275b-48ab-9c90-5b9fc6b07e78,45e84c29-db52-4014-af17-b9d0ee2d63ce,DR. VIVEK KUMAR KURMI,REG_TDFSGFDJ,MBBS DA,8036173234,,8.1,SURGEON
2079c17c-f8c7-44a3-ad5e-5f3b0bfb2616,45e84c29-db52-4014-af17-b9d0ee2d63ce,DR. MUNNI DEVI,REG_87OKBIJB,MBBS MS MCh,9664334463,,11.9,ANAESTHETIST
f443e90e-ac99-4609-a399-2988db7da0fa,45e84c29-db52-4014-af17-b9d0ee2d63ce,DR. DEVENDRA KUMAR,REG_KDD22MOF,MBBS DA,9544546789,,10.8,ANAESTHETIST
fa37b7ba-3709-4d37-b4b0-523c7b80abe1,45e84c29-db52-4014-af17-b9d0ee2d63ce,DR. PHOOL KUMARI,REG_BH87MAR1,MBBS DA,8054544505,,15.3,PAEDIATRICIAN
e0ddc268-7a5b-4aa7-8567-c65186063563,cc5e5b5b-3f9c-4b05-b7eb-e6ca0798eb1d,DR. LAXMI DEVI,REG_AINJI00N,MBBS DNB,7518929810,,17.8,GYNAECOLOGIST
bc476b4b-2a97-4b26-bbb0-d6c1bbfb8c5d,cc5e5b5b-3f9c-4b05-b7eb-e6ca0798eb1d,DR. KIRAN DEVI,REG_0QEVKDA7,MBBS DA,7789588522,,17.1,ANAESTHETIST
6293329e-b765-4338-b660-fc4caea0559d,cc5e5b5b-3f9c-4b05-b7eb-e6ca0798eb1d,DR. KUSUM DEVI,REG_3QCWKFEW,MBBS MS MCh,9454242039,,33.3,PAEDIATRICIAN
622484b5-6ff2-4a12-881f-392d85671598,cc5e5b5b-3f9c-4b05-b7eb-e6ca0798eb1d,DR. ASHOK KUMAR,REG_9X6YCQ8X,MBBS MD,9894375230,,3.5,ANAESTHETIST
4bca7b04-20b7-48c0-b425-14f994b0e293,cc5e5b5b-3f9c-4b05-b7eb-e6ca0798eb1d,DR. SHANTI DEVI,REG_6VWSQJSP,MBBS DNB,9494052811,,17.5,SURGEON
a8f7712d-4b87-4208-beff-a267088c6ce0,cc5e5b5b-3f9c-4b05-b7eb-e6ca0798eb1d,DR. RAMU KAKA,REG_XI3SW1PS,MBBS MS MCh,9667898660,,15.9,SURGEON
11243fe8-0b2c-4a10-b52b-f8a6b4d9bf68,cc5e5b5b-3f9c-4b05-b7eb-e6ca0798eb1d,DR. HARI OM MAURYA,REG_B6W0IH2O,MBBS DNB,9613813488,,11.9,GYNAECOLOGIST
457707be-901b-40e5-9774-5ec0f4de6953,cc5e5b5b-3f9c-4b05-b7eb-e6ca0798eb1d,DR. SANTOSH KUMAR,REG_Q2GKS9RV,MBBS DA,7743465647,,26.4,SURGEON
3de8fbda-99b0-41a1-ba4d-f149ec4d54d4,377821b2-a49b-4bc4-a0f1-4fb8c7f6285f,DR. PUSHPA DEVI,REG_OJATZDQ7,MBBS DA,7098846057,,32.5,RADIOLOGIST
60fb2c28-a6a0-4258-bee6-ae5e940e695b,377821b2-a49b-4bc4-a0f1-4fb8c7f6285f,DR. MUKESH KUMAR,REG_DETHEU13,MBBS DA,9789138611,,25.8,ANAESTHETIST
437016f7-7452-41c9-a231-4a5a8ab2aee5,377821b2-a49b-4bc4-a0f1-4fb8c7f6285f,DR. REENA DEVI,REG_O89HD2HI,MBBS DNB,9578041603,,8.7,SURGEON
121c7952-5a96-4529-9761-459dc62c497f,377821b2-a49b-4bc4-a0f1-4fb8c7f6285f,DR. RAKESH KUMAR,REG_14P3WYE2,MBBS DNB,7829962822,,27.7,RADIOLOGIST
fdb76c6a-e51f-4ed8-9415-e13f2434998a,377821b2-a49b-4bc4-a0f1-4fb8c7f6285f,DR. ANIL KUMAR,REG_GOYUPE0A,MBBS DNB,7007424522,,30.1,ANAESTHETIST
e32fba32-a822-4943-9b17-882ce57a4c5d,377821b2-a49b-4bc4-a0f1-4fb8c7f6285f,DR. RAKESH KUMAR,REG_5W2V8VAU,MBBS MD DM,9688699730,,31.3,GYNAECOLOGIST
37cbcf6a-dd4b-4cbd-b171-58fc30d71d1d,377821b2-a49b-4bc4-a0f1-4fb8c7f6285f,DR. UMESH KUMAR NISHAD,REG_EKBX75EI,MBBS DA,7524828907,,8.4,ANAESTHETIST
75ccd054-6b60-4de5-a825-5c0f30c3f753,377821b2-a49b-4bc4-a0f1-4fb8c7f6285f,DR. USHA DEVI,REG_BR34SO7C,MBBS MD,9693017593,,18.2,SURGEON
e20afbef-09bb-4389-9f16-027d45f3d45b,2a557c8a-e713-48d1-8205-e90d6d4721af,DR. POONAM DEVI,REG_12B2MR1B,MBBS MS,7890622784,,23.3,PRIMARY_CLINICIAN
d40cc891-06f2-4aaa-bb5e-cde55bc56d3d,2a557c8a-e713-48d1-8205-e90d6d4721af,DR. RAJU YADAV,REG_V04MMUEN,MBBS MD DM,7812815577,,9.0,PAEDIATRICIAN
e422e228-45bf-4188-bc6e-b75e4068127f,2a557c8a-e713-48d1-8205-e90d6d4721af,DR. REENA DEVI,REG_H0GS0B2O,MBBS DA,8080267816,,6.1,SURGEON
80b53714-fb38-49d0-bd89-211836e35334,74267fc2-2786-4988-bc93-88244b6810f2,DR. RAJEEV KUMAR,REG_APR9RD5L,MBBS MD,8172533956,,15.4,SURGEON
f6bf68be-1ef4-4e93-9b71-82b2812b9341,74267fc2-2786-4988-bc93-88244b6810f2,DR. RAKESH KUMAR,REG_LZL63DBE,MBBS DNB,7648588863,,8.0,GYNAECOLOGIST
f0d73acf-d8c2-4d92-9538-4e52c205addd,74267fc2-2786-4988-bc93-88244b6810f2,DR. USHA DEVI,REG_TMVUV1ZX,MBBS MD,7048995570,,10.3,SURGEON
a4d82e15-0e6b-47f7-a97a-3335a4cbd71a,b1df8b8a-7700-49d0-868f-15a80efe786f,DR. VIVEK KUMAR,REG_EIMYU7U9,MBBS DA,9861170646,,16.2,GYNAECOLOGIST
8f67e6a6-17b3-43d1-b165-61749943c6d8,b1df8b8a-7700-49d0-868f-15a80efe786f,DR. ANIL KUMAR,REG_MBM4X765,MBBS DNB,9409585449,,33.4,GYNAECOLOGIST
31d9ae08-7d82-439f-a67a-e63ae0d6516a,e0c66532-ebff-4954-8800-63e2cb651157,DR. URMILA DEVI,REG_2F79B03V,MBBS,7954508404,,3.8,SURGEON
d69a2761-1664-4a17-871d-140b55f3b965,e0c66532-ebff-4954-8800-63e2cb651157,DR. SUNITA DEVI,REG_OA7GEZBQ,MBBS MD DM,9720978535,,19.5,ANAESTHETIST
da7c07e7-8ae4-4145-91e5-353ee822d9c8,e0c66532-ebff-4954-8800-63e2cb651157,DR. GEETA DEVI,REG_DMF8OQNN,MBBS MS,7594838463,,9.7,PAEDIATRICIAN
5b65d898-6aed-4cf2-9480-7bb5aa6500b2,e0c66532-ebff-4954-8800-63e2cb651157,DR. KUSUM DEVI,REG_GCL50JMQ,MBBS,9605156806,,4.1,PRIMARY_CLINICIAN
63fed9c7-6b40-42a1-99b2-976bf45333c5,8f7bda38-3fda-49f4-9453-fa8e3536276b,DR. MEENA DEVI,REG_JIAZOGQ6,MBBS,9709392264,,13.3,RADIOLOGIST
9143be00-18e5-48ab-8a7d-00fc39d53f91,8f7bda38-3fda-49f4-9453-fa8e3536276b,DR. BABLU KUMAR BIND,REG_KYX7H0NC,MBBS DNB,7743759578,,16.0,ANAESTHETIST
577a99ac-25fe-4aa5-bfd0-802a9165c7f9,8f7bda38-3fda-49f4-9453-fa8e3536276b,DR. LAXMI DEVI,REG_WN5IFKZ6,MBBS DA,9511035706,,20.4,ANAESTHETIST
9213f7fc-2226-432f-b75b-805e4a7cd193,8f7bda38-3fda-49f4-9453-fa8e3536276b,DR. MEENA DEVI,REG_POOMXO6E,MBBS DNB,8151983980,,17.9,RADIOLOGIST
aa13ae10-341d-4c26-860b-0581f55c8c1e,8f7bda38-3fda-49f4-9453-fa8e3536276b,DR. RAJESH KUMAR NISHAD,REG_YTTZU2LZ,MBBS MD,9893613950,,13.9,PAEDIATRICIAN
a554d4c0-af07-4ee1-847a-71d703f8c2ff,8f7bda38-3fda-49f4-9453-fa8e3536276b,DR. SANJAY KUMAR,REG_3FP9K9XR,MBBS,8185827984,,18.1,SURGEON
019d93a6-60c8-4821-8776-b73dfeed268f,8f7bda38-3fda-49f4-9453-fa8e3536276b,DR. KALAWATI DEVI,REG_CKFTYA9R,MBBS MD DM,9750691005,,29.4,SURGEON
e692d221-7a3a-43ff-a97d-3c8f9e5a1726,8f7bda38-3fda-49f4-9453-fa8e3536276b,DR. ANIL KUMAR,REG_ZLBU7IPJ,MBBS,8120058497,,10.4,PAEDIATRICIAN
c2a0f1c1-7de4-4696-9f0d-f90c689305f9,d0691e20-b1e7-4edd-be74-72a3b9c090cb,DR. RAJEEV KUMAR,REG_OT103ZU5,MBBS,8191465936,,12.3,SURGEON
7bb841b9-d502-4487-94e2-b669f4b9b305,d0691e20-b1e7-4edd-be74-72a3b9c090cb,DR. GUDDU KUMAR,REG_LTC7Y936,MBBS MS,8178219296,,30.7,PAEDIATRICIAN
199bec97-e37a-4738-8c3e-b402acd30977,d0691e20-b1e7-4edd-be74-72a3b9c090cb,DR. MEENA DEVI,REG_TPNWDCXM,MBBS,8146543105,,22.4,RADIOLOGIST
1197d6a3-f075-4966-9544-3561f7718383,d0691e20-b1e7-4edd-be74-72a3b9c090cb,DR. PHOOL KUMARI,REG_CUTYA6JX,MBBS MS,7961312264,,15.9,PRIMARY_CLINICIAN
56ce314f-fd68-45fa-b487-cfc6eff581af,d0691e20-b1e7-4edd-be74-72a3b9c090cb,DR. RANI DEVI,REG_UGM38MUI,MBBS MS,9780499286,,27.6,GYNAECOLOGIST
0da1ede0-247f-4156-91dd-5b6b5cbef1e6,5d745d10-cd21-48e5-925f-58429a3e5687,DR. AMIT KUMAR,REG_L999XK5R,MBBS DNB,9752394754,,22.0,PRIMARY_CLINICIAN
b71165eb-8c53-40c8-b40e-a7f41a2233ca,5d745d10-cd21-48e5-925f-58429a3e5687,DR. KALAWATI DEVI,REG_FZP4MFQ6,MBBS MS,9629945243,,19.6,PAEDIATRICIAN
5cb45b7b-1621-4a23-9d0e-5825ffa4c47b,5d745d10-cd21-48e5-925f-58429a3e5687,DR. KUSUM DEVI,REG_06TE2UAS,MBBS MD DM,9476625322,,13.3,PAEDIATRICIAN
f303e171-b05d-42f8-a849-aabd0ac667e3,5d745d10-cd21-48e5-925f-58429a3e5687,DR. RAKESH KUMAR,REG_1GI5TB15,MBBS DNB,8152814730,,26.5,SURGEON
e8921382-690d-4690-a38a-57561837640f,5d745d10-cd21-48e5-925f-58429a3e5687,DR. PUSHPA DEVI,REG_B05US7A2,MBBS DA,9474349883,,14.4,GYNAECOLOGIST
a40ca91f-b632-4b28-8033-8c351af43c42,5d745d10-cd21-48e5-925f-58429a3e5687,DR. AMIT KUMAR,REG_4YYD8BKQ,MBBS MD,7905027390,,7.8,ANAESTHETIST
ab524d2b-9b80-4c64-be9f-6b1782d7d99b,5d745d10-cd21-48e5-925f-58429a3e5687,DR. BRIJESH KUMAR,REG_6Q3L6MFG,MBBS DNB,9682340398,,11.5,PRIMARY_CLINICIAN
246a8eb3-dd63-4cd0-87e8-07ebdc352200,5d745d10-cd21-48e5-925f-58429a3e5687,DR. SANTOSH KUMAR KORI,REG_MUEW9BEV,MBBS MD,9520118569,,3.5,PRIMARY_CLINICIAN
b9204eef-7d4f-40ab-b06f-c93d8c27eee9,e14adc6c-c79a-4239-9638-60ff9f3f0573,DR. SUNITA DEVI,REG_DN1P4RUI,MBBS MS,7640746964,,1.4,SURGEON
ae4e444d-2a37-4afb-9cb4-be34dd26094e,e14adc6c-c79a-4239-9638-60ff9f3f0573,DR. SURESH KUMAR,REG_HJ69U9JI,MBBS MS MCh,8198539204,,28.3,GYNAECOLOGIST
21461213-708d-4c66-b7c5-487d1239008f,e14adc6c-c79a-4239-9638-60ff9f3f0573,DR. URMILA DEVI,REG_T4YKJVHN,MBBS,7691428555,,14.4,RADIOLOGIST
8ea82449-4f4a-4cbe-a6f5-8a8a69207aca,e14adc6c-c79a-4239-9638-60ff9f3f0573,DR. REKHA DEVI,REG_I1PTC7SD,MBBS MS,7794809904,,8.8,ANAESTHETIST
0f7b2b5f-f6b3-4ac7-88c2-b180c4cb9737,619241f5-3422-453c-bcba-0e1db980ad70,DR. SAROJ DEVI,REG_VGWPDYO6,MBBS,8098986297,,27.9,PRIMARY_CLINICIAN
22c4f441-9e64-45fe-aaae-0f36a1abb2c7,619241f5-3422-453c-bcba-0e1db980ad70,DR. SHIV KUMAR,REG_MG272R7T,MBBS DA,7969537083,,2.3,PRIMARY_CLINICIAN
bd33ddda-a440-44d9-9793-7fd8bff7a828,619241f5-3422-453c-bcba-0e1db980ad70,DR. SURESH KUMAR,REG_F3FYJTVX,MBBS MS,7718684442,,2.3,SURGEON
163baa9b-eefc-4ed0-aa4d-0566bed460ea,619241f5-3422-453c-bcba-0e1db980ad70,DR. PRADEEP KUMAR,REG_3LOHUFCV,MBBS MD DM,7707896962,,4.9,ANAESTHETIST
04ca1669-2a94-4673-a6d8-a8216b67d291,619241f5-3422-453c-bcba-0e1db980ad70,DR. REKHA DEVI,REG_G404BSI5,MBBS MD,9877609695,,17.5,GYNAECOLOGIST
531cf6a7-c7e9-4dce-8d16-94a86b22cee5,619241f5-3422-453c-bcba-0e1db980ad70,DR. BRIJESH KUMAR,REG_R6V5NRY3,MBBS MD DM,9525808531,,19.8,ANAESTHETIST
64e0bf28-57d6-4f34-988d-c41b6abf9d57,619241f5-3422-453c-bcba-0e1db980ad70,DR. NARESH KUMAR,REG_E36FKCAL,MBBS MD,7729645474,,14.3,GYNAECOLOGIST
de10abec-1291-4baf-8ae3-0a452c1bc527,619241f5-3422-453c-bcba-0e1db980ad70,DR. REENA DEVI,REG_GA8LLXAY,MBBS MD DM,7801854116,,9.0,ANAESTHETIST
84778bcf-7b26-40a4-85b1-faed44947807,aaa5f081-2aa2-48c7-9446-6f1876d6f411,DR. RAVINDRA NATH PASI,REG_B73DD20B,MBBS MS,9695513755,,16.5,PRIMARY_CLINICIAN
ea28922d-204e-4619-a113-1b160e6a21d9,aaa5f081-2aa2-48c7-9446-6f1876d6f411,DR. SUSHILA DEVI,REG_JWEBXN6R,MBBS DA,9700302821,,22.4,SURGEON
4629841f-21ad-49a1-9c98-c0ba566c970d,aaa5f081-2aa2-48c7-9446-6f1876d6f411,DR. HEMANT KUMAR YADAV,REG_9MWZPJ6E,MBBS DNB,9773153093,,26.2,PRIMARY_CLINICIAN
963fad51-fc76-44a7-a6cd-bb29d098a3fc,aaa5f081-2aa2-48c7-9446-6f1876d6f411,DR. SAROJ DEVI,REG_JYSVONYS,MBBS DA,7554018349,,33.7,RADIOLOGIST
254b9e12-154c-4406-9ee1-c148a155b689,aaa5f081-2aa2-48c7-9446-6f1876d6f411,DR. ANITA DEVI,REG_PTXIT9UG,MBBS DA,9777234954,,13.1,PAEDIATRICIAN
308822bd-c628-41de-ad47-6468b1be22f3,aaa5f081-2aa2-48c7-9446-6f1876d6f411,DR. PUSHPA DEVI,REG_JEUNZ5XH,MBBS,8152045461,,17.1,RADIOLOGIST
e7d62839-e109-4c61-ae4c-8c34c8f91543,aaa5f081-2aa2-48c7-9446-6f1876d6f411,DR. HARI OM,REG_127BR47C,MBBS DA,9400549652,,10.3,PRIMARY_CLINICIAN
1f2e0950-3443-43c2-ab44-b7cea11e7728,aaa5f081-2aa2-48c7-9446-6f1876d6f411,DR. SUMITRA DEVI,REG_OZYH1ZBB,MBBS DA,8046408822,,14.8,RADIOLOGIST
f221ac04-0419-4dae-9312-d1edd057d378,08ab8528-92cf-4e3a-b598-5a5ffda9e765,DR. GUDDU KUMAR,REG_0C55H3EH,MBBS,8069043116,,25.8,PAEDIATRICIAN
93c71f0d-0cc2-4bee-a3b4-9d4617eca4c4,08ab8528-92cf-4e3a-b598-5a5ffda9e765,DR. PUSHPA DEVI,REG_GLWIMZ6T,MBBS MD DM,9564052606,,17.4,RADIOLOGIST
f9bc23a6-09b8-40f0-88de-70dd8b2b8103,08ab8528-92cf-4e3a-b598-5a5ffda9e765,DR. REKHA DEVI,REG_OVC3M2VS,MBBS MS MCh,7544740289,,5.9,PAEDIATRICIAN
4149eac3-dd4b-4c67-93ef-884ef1613b2e,08ab8528-92cf-4e3a-b598-5a5ffda9e765,DR. RAKESH KUMAR GAUTAM,REG_GGBP15LT,MBBS MS MCh,8011572325,,19.3,PAEDIATRICIAN
73642643-4f28-469c-922a-7d2e8f7f0558,08ab8528-92cf-4e3a-b598-5a5ffda9e765,DR. LEELA DEVI,REG_P260IABV,MBBS MS MCh,9476434530,,15.4,ANAESTHETIST
682fa1ba-f535-4647-abf9-772442368b3c,08ab8528-92cf-4e3a-b598-5a5ffda9e765,DR. RANI DEVI,REG_2QKU3JFS,MBBS MS MCh,9723019291,,3.2,RADIOLOGIST
a19e899d-b410-44c1-a74e-2fab7ba96f11,34582c76-948b-4ff1-b5ea-30b1e41c3fd3,DR. POONAM DEVI,REG_RPGURAPL,MBBS MD,9559822837,,13.2,RADIOLOGIST
126fed56-6417-45f1-ae10-7528422e5c7a,34582c76-948b-4ff1-b5ea-30b1e41c3fd3,DR. PREM SHANKAR,REG_Q3U2ZCYO,MBBS MS,7598520961,,17.0,ANAESTHETIST
174fb90e-e0d1-4520-be2d-076d1cd2a10c,34582c76-948b-4ff1-b5ea-30b1e41c3fd3,DR. USHA DEVI,REG_MWP8JJ7K,MBBS MS MCh,7099321695,,18.1,PRIMARY_CLINICIAN
43d1791d-9d40-4fd9-85e4-d9387f804d27,34582c76-948b-4ff1-b5ea-30b1e41c3fd3,DR. MUNNI DEVI,REG_YRJQ1WDK,MBBS,9608441771,,33.0,SURGEON
0ffc2466-91e6-406e-baf8-7f1b78f18c73,34582c76-948b-4ff1-b5ea-30b1e41c3fd3,DR. SHIV KUMAR,REG_JVJTE5PE,MBBS MD DM,7759091878,,34.0,ANAESTHETIST
c89d4285-a91c-4841-884c-9eadb9e0ce66,34582c76-948b-4ff1-b5ea-30b1e41c3fd3,DR. DEEPAK KUMAR,REG_AB0HB971,MBBS MS,8028397003,,23.7,RADIOLOGIST
918ddba7-9ced-42ce-b02c-85c352b4c008,34582c76-948b-4ff1-b5ea-30b1e41c3fd3,DR. LAKHAN LAL,REG_FO1EKQJG,MBBS,9626053178,,5.1,GYNAECOLOGIST
9c61915e-f7a0-4548-b78c-67e54ef96563,b0d0a36d-733b-4790-b6cb-b1776cdbe3b1,DR. BRIJESH KUMAR,REG_KHRHY3XO,MBBS DNB,7901095782,,23.2,GYNAECOLOGIST
3efa9192-e8f9-4dc7-9262-ab9328f52c04,b0d0a36d-733b-4790-b6cb-b1776cdbe3b1,DR. KALAWATI DEVI,REG_0BOMVNX7,MBBS MD DM,7851081675,,11.5,ANAESTHETIST
f8f2d9bd-de60-448a-a34c-556ac9e18245,b0d0a36d-733b-4790-b6cb-b1776cdbe3b1,DR. SAVITRI DEVI,REG_5W2DZSDV,MBBS MS,7646522556,,28.0,SURGEON
7a031e4b-ae12-489b-a481-c42ca96565c1,b0d0a36d-733b-4790-b6cb-b1776cdbe3b1,DR. USHA DEVI,REG_5EDJB0HN,MBBS MS,7501708609,,27.8,PAEDIATRICIAN
bcc49acb-2c2b-4209-980e-9fef8e357fa5,b0d0a36d-733b-4790-b6cb-b1776cdbe3b1,DR. REENA DEVI,REG_UH1PU4EV,MBBS MS,9511815741,,27.8,PAEDIATRICIAN
3c90875e-ec74-4d6a-80c8-13ceb8d1c3a3,b0d0a36d-733b-4790-b6cb-b1776cdbe3b1,DR. RAJESH KUMAR,REG_9YEG6UAQ,MBBS DNB,9684826365,,11.8,PAEDIATRICIAN
dec7ed17-0bed-4994-bc62-bfae5bd71133,54b20748-91e8-411a-bb22-b4a41e7cd872,DR. DRAUPADI DEVI,REG_H7DNTTOG,MBBS MD,8188723294,,21.3,GYNAECOLOGIST
b4d73611-b7a6-4a33-b214-65963954eef4,54b20748-91e8-411a-bb22-b4a41e7cd872,DR. SANTOSH KUMAR,REG_1LM9RDW4,MBBS DA,9629125458,,24.7,SURGEON
75aceadf-e929-44ea-a991-0d2a94d42a08,54b20748-91e8-411a-bb22-b4a41e7cd872,DR. JAGDISH PRASAD,REG_DOY93ZK1,MBBS MD DM,9665523609,,26.4,ANAESTHETIST
9b385e9a-927c-4051-af18-f908bdb238ed,54b20748-91e8-411a-bb22-b4a41e7cd872,DR. POONAM DEVI,REG_9JQHEM1O,MBBS MD DM,7082059850,,29.9,GYNAECOLOGIST
6505d5e3-858c-4f3f-a5dd-5a607279365a,a07869aa-6cb5-42b3-8592-33bf95ca49fb,DR. MANOJ KUMAR,REG_XWBSOFN8,MBBS MD,7992772149,,20.2,PRIMARY_CLINICIAN
1a1665cd-70c4-41d4-ab84-1bb0e25796ee,a07869aa-6cb5-42b3-8592-33bf95ca49fb,DR. DRAUPADI DEVI,REG_49ILSU6U,MBBS MS MCh,7890698470,,25.1,GYNAECOLOGIST
8209c7e6-2b7d-4415-8a8b-8183dede2024,a07869aa-6cb5-42b3-8592-33bf95ca49fb,DR. DEEPAK KUMAR,REG_2YHUAPYR,MBBS MS,7033549244,,9.4,GYNAECOLOGIST
41f2f5dd-98f6-4642-826e-f686ad1c25e2,a07869aa-6cb5-42b3-8592-33bf95ca49fb,DR. PHOOL KUMARI,REG_0T9E2PBE,MBBS MS MCh,7742466890,,17.3,PAEDIATRICIAN
e358d63e-2ded-45a3-847f-f79c843740a4,a07869aa-6cb5-42b3-8592-33bf95ca49fb,DR. KAMLA DEVI,REG_0M4HNLMM,MBBS MD DM,7607637783,,33.6,SURGEON
472824e8-047f-4bd4-85f5-52f1f26875e6,a07869aa-6cb5-42b3-8592-33bf95ca49fb,DR. RAVI SHANKAR,REG_3GTW0GW6,MBBS DNB,7876597286,,10.6,RADIOLOGIST
02b6202c-e624-4e50-a1e8-ba9ae63945fe,2ece46c0-d99c-499e-95a5-c0d91ef7a0c1,DR. RADHA DEVI,REG_HG9XF3P6,MBBS MS,7648138497,,11.4,SURGEON
ede5b543-5396-4992-92bd-e283b9cb7644,2ece46c0-d99c-499e-95a5-c0d91ef7a0c1,DR. KUSUM DEVI,REG_F07SZ0RC,MBBS MD DM,7606146382,,9.9,PAEDIATRICIAN
3cb6fca5-167f-48c0-8807-000ff4031286,2ece46c0-d99c-499e-95a5-c0d91ef7a0c1,DR. SHANTI DEVI,REG_GA261EXB,MBBS DA,7755997814,,15.2,PRIMARY_CLINICIAN
fd92e12b-12af-41a0-b04d-f0f4f2d3772b,2ece46c0-d99c-499e-95a5-c0d91ef7a0c1,DR. GULABO DEVI,REG_S7VLJT1C,MBBS MD DM,9685828816,,3.2,PAEDIATRICIAN
a21741ef-38c9-48ef-92fb-cf1453fb0c9d,2ece46c0-d99c-499e-95a5-c0d91ef7a0c1,DR. MUNNI DEVI,REG_M7IK5LBS,MBBS MD,8159413938,,30.6,SURGEON
b8bc922a-9659-4f9e-88c9-34be3b7847ca,2ece46c0-d99c-499e-95a5-c0d91ef7a0c1,DR. LEELA DEVI,REG_P5JRZHHA,MBBS,9769615601,,19.9,SURGEON
7cfd65d2-361e-4421-b2ed-18feb8532903,2ece46c0-d99c-499e-95a5-c0d91ef7a0c1,DR. VIRENDRA SINGH,REG_KXVWXCT7,MBBS MD,8180526498,,2.3,RADIOLOGIST
d5cb5202-62d8-4ff9-9f4d-d40f6522d346,2ece46c0-d99c-499e-95a5-c0d91ef7a0c1,DR. KIRAN DEVI,REG_I7PJRCO9,MBBS MS MCh,7802718077,,18.2,ANAESTHETIST
88b335f4-94b6-48ce-87b0-36523cfb8059,781f96ae-034b-4a7c-9b21-4623143b17d4,DR. BRIJESH KUMAR,REG_9NG1R21H,MBBS MS MCh,7651563699,,26.0,ANAESTHETIST
400f9c76-f304-4968-8c83-21cad2810dc2,781f96ae-034b-4a7c-9b21-4623143b17d4,DR. KAMLA DEVI,REG_83DCFE5T,MBBS MS,7675602452,,3.7,PRIMARY_CLINICIAN
f01ef261-8d4c-4457-be52-dddd7ada809f,781f96ae-034b-4a7c-9b21-4623143b17d4,DR. DRAUPADI DEVI,REG_8VFUKSJG,MBBS MD,7511260713,,32.8,PRIMARY_CLINICIAN
fc1d821f-c329-477f-9383-1dcedb852585,781f96ae-034b-4a7c-9b21-4623143b17d4,DR. PREM SHANKAR CHAUHAN,REG_D3JTXTB5,MBBS MS MCh,8179472575,,15.4,ANAESTHETIST
edbacfb9-5829-4baa-88aa-b27105a2bf07,781f96ae-034b-4a7c-9b21-4623143b17d4,DR. DINESH KUMAR,REG_0LCV1OQ4,MBBS MS,7702347756,,9.0,GYNAECOLOGIST
d06e42d9-3575-47bb-b909-7ab279b6fa38,781f96ae-034b-4a7c-9b21-4623143b17d4,DR. RAVINDRA NATH KURMI,REG_4DCOF7AE,MBBS MD DM,7834683319,,23.9,PAEDIATRICIAN
47a73808-749d-4b21-840f-de548c167e25,43996e5a-0ba1-49a3-bca8-48d6bf5d4d79,DR. CHAMELI DEVI,REG_VCNOJ34B,MBBS DA,7078074617,,6.8,PAEDIATRICIAN
cf10e074-1a98-4cb5-9630-ccfb512f690a,43996e5a-0ba1-49a3-bca8-48d6bf5d4d79,DR. LAXMI DEVI,REG_P8BGGD0B,MBBS MS MCh,9732587199,,25.7,PAEDIATRICIAN
f2baf4bf-9bd8-48a2-9c59-f2ab1c150169,43996e5a-0ba1-49a3-bca8-48d6bf5d4d79,DR. RANI DEVI,REG_9LI0BV8Q,MBBS DNB,9483775182,,13.6,PAEDIATRICIAN
df8a5364-0162-455d-b47c-917713929627,4bd854c8-5c65-4135-abd3-1499a9003c3e,DR. KIRAN DEVI,REG_K6OMN7MY,MBBS DA,9845279806,,29.4,GYNAECOLOGIST
5bbb639a-0a20-4c71-9552-9c7396edd1e5,4bd854c8-5c65-4135-abd3-1499a9003c3e,DR. GEETA DEVI,REG_UJIYJTLF,MBBS DA,7735630826,,25.3,SURGEON
6d7d81b0-e93f-4f07-8485-769a1d16116d,4bd854c8-5c65-4135-abd3-1499a9003c3e,DR. GEETA DEVI,REG_4UYX5PLT,MBBS MS,8134768402,,24.9,PRIMARY_CLINICIAN
d5133612-e5ca-43b7-8b3a-3a8057b5afbd,61cc971e-208f-4727-bce5-e8e9cb5fdb04,DR. SUSHILA DEVI,REG_E3LXSJT2,MBBS DA,9729955542,,23.5,PRIMARY_CLINICIAN
dd49a3bb-a804-4b9f-9933-595c9de109a8,61cc971e-208f-4727-bce5-e8e9cb5fdb04,DR. REKHA DEVI,REG_PQ1CNFDB,MBBS MD,9443902964,,5.3,RADIOLOGIST
cbc7c171-f1af-4fb0-96d2-2aeda28e36fe,61cc971e-208f-4727-bce5-e8e9cb5fdb04,DR. SARASWATI DEVI,REG_M99PNVYW,MBBS DA,9495733441,,28.9,RADIOLOGIST
44648c6a-4bd9-44aa-a03e-53e5ad26ca68,61cc971e-208f-4727-bce5-e8e9cb5fdb04,DR. DEVENDRA KUMAR,REG_TFG2VF9H,MBBS MD DM,7859533722,,29.3,PRIMARY_CLINICIAN
cbe1494d-953c-4ece-9054-f10ff96bb7b5,61cc971e-208f-4727-bce5-e8e9cb5fdb04,DR. PAPPU YADAV BIND,REG_RCNDRDO4,MBBS MS,9494453976,,26.4,SURGEON
e05a0a70-0ba8-40e5-b2e0-c7513f0855f7,27cb775a-7e36-4a95-8089-3e3585456557,DR. URMILA DEVI,REG_J3BCAWFY,MBBS MD DM,9494732287,,2.1,GYNAECOLOGIST
e648b370-d825-4fcf-b633-554cbb44cd70,27cb775a-7e36-4a95-8089-3e3585456557,DR. ARVIND KUMAR,REG_3O4OP60K,MBBS MS,7986941003,,14.7,ANAESTHETIST
9973da12-2025-4fdf-856a-0ddf4974b0e8,27cb775a-7e36-4a95-8089-3e3585456557,DR. PRIYA KUMARI,REG_M3OR1FZZ,MBBS MS MCh,9430520269,,33.3,ANAESTHETIST
8313190d-1e09-41a3-b4d9-4b81a2be0049,72efbd34-cf81-4cf0-8910-777597ae85ba,DR. DINESH KUMAR,REG_VTJGSQDR,MBBS MD,8103148658,,26.5,PAEDIATRICIAN
cbd19635-2f21-488e-a78d-769c2028fce3,72efbd34-cf81-4cf0-8910-777597ae85ba,DR. PHOOL KUMARI,REG_IFFHZWM7,MBBS MS,7587878051,,21.0,SURGEON
30aee99d-e0b5-4ca0-88f4-f4850254cb60,72efbd34-cf81-4cf0-8910-777597ae85ba,DR. URMILA DEVI,REG_948ECWDS,MBBS DA,7787837326,,10.1,SURGEON
bf0ffeed-96c2-49dc-9451-0f3b7e8a00cf,8d76fa6a-16be-4276-a4a0-d59fe9ee5a7f,DR. HEMANT KUMAR,REG_B8IL84M0,MBBS,7732793013,,8.0,PRIMARY_CLINICIAN
901cbe3c-2494-4142-9cec-b07f1230b25e,8d76fa6a-16be-4276-a4a0-d59fe9ee5a7f,DR. GUDDU KUMAR,REG_T5L1OPWB,MBBS MD,7533316630,,20.8,PAEDIATRICIAN
d500678d-ec0b-425d-bbf5-e3d848ff4f5f,88f78b56-50e9-4119-b191-af66e4852c3f,DR. RAMU KAKA,REG_LHKQRHNS,MBBS DA,9689761623,,25.2,PRIMARY_CLINICIAN
c25e14b1-23ac-4973-af49-c4c4404d1787,88f78b56-50e9-4119-b191-af66e4852c3f,DR. LAKHAN LAL,REG_8WZIUV3K,MBBS MS MCh,7900996268,,11.8,SURGEON
85d17be5-9545-4400-b26b-0a72875f2d83,88f78b56-50e9-4119-b191-af66e4852c3f,DR. REENA DEVI,REG_A2REYMZB,MBBS DNB,7749768144,,13.2,GYNAECOLOGIST
4c8d16c1-4a89-4e8b-b6e3-8f8ab55f9cba,88f78b56-50e9-4119-b191-af66e4852c3f,DR. AMIT KUMAR,REG_E4XWTWRT,MBBS DNB,7596541682,,27.5,PRIMARY_CLINICIAN
45f3393f-cd9b-4b17-a35f-b19623d09f9f,88f78b56-50e9-4119-b191-af66e4852c3f,DR. ANIL KUMAR,REG_GXC106LS,MBBS MD DM,7845779915,,13.8,PRIMARY_CLINICIAN
694269cd-9d22-4126-b1a0-9599dd94710c,88f78b56-50e9-4119-b191-af66e4852c3f,DR. SHIV KUMAR,REG_5ZY7ZC4C,MBBS MS,7523259879,,16.2,PAEDIATRICIAN
8de00233-fd70-430c-a4fc-9d839de5db61,e0f72d54-9e20-4745-ad4e-10c19845d116,DR. RAVINDRA NATH,REG_PAJCE68B,MBBS,9780975701,,6.5,PAEDIATRICIAN
41471017-1953-48df-b0d0-de46d6ab5d57,e0f72d54-9e20-4745-ad4e-10c19845d116,DR. KIRAN DEVI,REG_Y71LYKRK,MBBS,9703579757,,5.7,ANAESTHETIST
e60f0c67-3863-4efd-8a8b-bd480f023ed3,e0f72d54-9e20-4745-ad4e-10c19845d116,DR. HEMANT KUMAR,REG_1ABWIC2W,MBBS DNB,9571458713,,11.6,PAEDIATRICIAN
5f6ef72b-861d-4c79-9b22-bfe037a12cd5,e0f72d54-9e20-4745-ad4e-10c19845d116,DR. ARVIND KUMAR,REG_N70JW496,MBBS MS,9878200115,,4.6,ANAESTHETIST
f65edaa5-bf91-4734-9c9b-39b070d33423,e0f72d54-9e20-4745-ad4e-10c19845d116,DR. GULABO DEVI,REG_UCV3IDDM,MBBS DA,9489747768,,18.8,GYNAECOLOGIST
3b806034-05f3-4077-8adc-dcc26d40bc35,e0f72d54-9e20-4745-ad4e-10c19845d116,DR. RADHA DEVI,REG_6K2YCH3Z,MBBS MS MCh,7011398225,,6.6,RADIOLOGIST
48818010-b644-4464-9671-b50f9f473f94,e0f72d54-9e20-4745-ad4e-10c19845d116,DR. SANJAY KUMAR,REG_Q6QAEGVV,MBBS DNB,7875494479,,9.4,GYNAECOLOGIST
b3a2b891-51d0-45c6-81bc-205e113e0aa9,e0f72d54-9e20-4745-ad4e-10c19845d116,DR. SANTOSHI DEVI,REG_32K6PPZO,MBBS MD DM,9586411604,,32.3,RADIOLOGIST
fc9ac9f4-09d7-4475-ae4b-2abd577be447,b64abb23-82b5-4b72-88ae-dc6ecd7225bf,DR. RANI DEVI,REG_HBST9YN8,MBBS MD,9437276076,,25.4,PAEDIATRICIAN
a77030c1-452a-43ae-85f5-84687a9426eb,b64abb23-82b5-4b72-88ae-dc6ecd7225bf,DR. SAVITRI DEVI,REG_6WAUU2S9,MBBS MD,7827697316,,29.8,GYNAECOLOGIST
0bda35c8-ea83-4022-92b3-03d3c8fca0f8,b64abb23-82b5-4b72-88ae-dc6ecd7225bf,DR. NIRMALA DEVI,REG_6YQDMYOG,MBBS,7711137171,,12.6,ANAESTHETIST
d4ebf816-6a02-4e58-87e1-915b2aa22b01,0f2d4ec6-9c01-4b87-9930-0670cbc2cc1c,DR. GEETA DEVI,REG_AZL0Y6IR,MBBS MD DM,9571455849,,10.8,ANAESTHETIST
98d058b7-6966-4db8-9784-75186cf46144,0f2d4ec6-9c01-4b87-9930-0670cbc2cc1c,DR. MANJU DEVI,REG_IUCGMPDK,MBBS,8003984811,,22.6,SURGEON
2064d57b-4c47-4636-a8fe-efb3b895b02e,0f2d4ec6-9c01-4b87-9930-0670cbc2cc1c,DR. RAMESH CHANDRA,REG_OVP8DOOK,MBBS DA,7848199736,,16.4,GYNAECOLOGIST
13f04299-db50-46be-b047-c5344ef3112f,0f2d4ec6-9c01-4b87-9930-0670cbc2cc1c,DR. LAXMI DEVI,REG_53M7N0UV,MBBS MS MCh,7928191325,,3.3,PRIMARY_CLINICIAN
d9223a3f-64ff-4a01-a5d8-257831bf9ee8,d3d7f8a4-1799-47d3-9d57-2e392c987e85,DR. KUSUM DEVI,REG_19IK2HJP,MBBS MS,9752847679,,19.5,ANAESTHETIST
e011909a-288c-4327-9192-e4f47dd1efd9,d3d7f8a4-1799-47d3-9d57-2e392c987e85,DR. CHAMELI DEVI,REG_ZAGZ1S2V,MBBS MS,8155391982,,24.4,RADIOLOGIST
39599b36-2833-48c1-a222-de55e16285c6,d3d7f8a4-1799-47d3-9d57-2e392c987e85,DR. SHEELA DEVI,REG_XFJRB38L,MBBS DA,9851007507,,19.2,RADIOLOGIST
8425f01f-f1eb-4bb5-9bca-6c8da4b60983,d3d7f8a4-1799-47d3-9d57-2e392c987e85,DR. MANOJ KUMAR DUBEY,REG_K06ZITWS,MBBS MD DM,9457092017,,13.0,PRIMARY_CLINICIAN
45673284-277e-41db-89c0-74ed1bb63bf6,d3d7f8a4-1799-47d3-9d57-2e392c987e85,DR. BABLU KUMAR,REG_JNDR99XQ,MBBS MD DM,9546322793,,17.3,GYNAECOLOGIST
05ab9943-e8c2-46b4-9d18-9b477d627905,d3d7f8a4-1799-47d3-9d57-2e392c987e85,DR. KUSUM DEVI,REG_2GXHL3YB,MBBS,7030240521,,16.2,PRIMARY_CLINICIAN
bff209fa-e15a-4231-a337-41be6c966e42,d05c8016-35c4-4f07-bafe-6ac618c401e7,DR. PUSHPA DEVI,REG_YBLIY6WT,MBBS MD,9786090241,,23.2,RADIOLOGIST
2a6007e5-c8f4-4de0-a030-61ed22496c8f,d05c8016-35c4-4f07-bafe-6ac618c401e7,DR. MUNNI DEVI,REG_83T7SZ3J,MBBS DA,8172129875,,21.0,GYNAECOLOGIST
9bf298f4-ba0f-4ac2-a7ef-42ef55a1cc31,d05c8016-35c4-4f07-bafe-6ac618c401e7,DR. RAVI SHANKAR,REG_9ZRMTF0P,MBBS,8174671771,,21.0,PRIMARY_CLINICIAN
19f0d198-789e-4f50-bac4-6a56b10b7e01,caf48ebb-7ba5-4b1c-a025-ae041895778e,DR. HEMANT KUMAR,REG_Q6VV1FIX,MBBS MD,7907575396,,1.8,ANAESTHETIST
e2dba7b2-d91b-4147-90a3-4371339b2365,caf48ebb-7ba5-4b1c-a025-ae041895778e,DR. SARASWATI DEVI,REG_LJQJ82JP,MBBS MD DM,7050882592,,23.4,GYNAECOLOGIST
1883b49e-d934-49d7-92d1-d463a501864f,caf48ebb-7ba5-4b1c-a025-ae041895778e,DR. KIRAN DEVI,REG_JH5D3A45,MBBS MS,7921878042,,6.1,RADIOLOGIST
ffe89afb-b79a-44f2-b1a7-5eb23016beb8,caf48ebb-7ba5-4b1c-a025-ae041895778e,DR. PUSHPA DEVI,REG_T9EV8AIJ,MBBS DA,7954621670,,16.5,GYNAECOLOGIST
42499af3-3cce-455d-ab79-d5985ff7beaf,24db8f70-0798-46f8-a59d-9bf812a2a450,DR. HARI OM,REG_DU5JGFO8,MBBS DA,7092488097,,24.2,PRIMARY_CLINICIAN
69b2aa40-bd33-40eb-a9d5-0403c2df5bed,24db8f70-0798-46f8-a59d-9bf812a2a450,DR. SAROJ DEVI,REG_FLURMUJJ,MBBS MD DM,7689898700,,15.2,GYNAECOLOGIST
2f740202-f15d-4316-b1e5-4c4b8373850f,24db8f70-0798-46f8-a59d-9bf812a2a450,DR. PAPPU YADAV,REG_QB8GEWHD,MBBS DNB,8116989437,,34.5,RADIOLOGIST
5a8cb947-9593-4845-b0d4-062f9b25ea02,24db8f70-0798-46f8-a59d-9bf812a2a450,DR. SHIV KUMAR YADAV,REG_7ARW6O4K,MBBS DNB,7086275263,,7.7,GYNAECOLOGIST
bf8e3ee2-3ee0-4e35-bdb9-4f80c4ca4576,24db8f70-0798-46f8-a59d-9bf812a2a450,DR. SAVITRI DEVI,REG_XPO02D9M,MBBS MD,7872901065,,33.2,PAEDIATRICIAN
c47700fa-effe-4515-9d94-03f7a3235436,65e9cae5-1bb5-47e7-8469-3b64297e5819,DR. SUMITRA DEVI,REG_1DUXLXIJ,MBBS MD DM,9535601871,,33.7,RADIOLOGIST
6355a2c6-da52-49e9-b622-65705ae5a77e,65e9cae5-1bb5-47e7-8469-3b64297e5819,DR. DINESH KUMAR,REG_1G55Y2OB,MBBS MS MCh,8124054540,,25.8,ANAESTHETIST
014777f2-44f2-4d10-adc7-b6f1c7db56e9,15176ead-9e35-46f3-b718-1ee80ed8d1ac,DR. RAVINDRA NATH,REG_W9YDRSMC,MBBS DA,9842735062,,14.0,SURGEON
8b864fde-75c3-467f-b303-d0ed9dd6e1a0,15176ead-9e35-46f3-b718-1ee80ed8d1ac,DR. LEELA DEVI,REG_Y9YJLNVH,MBBS MD DM,9833624405,,7.0,PRIMARY_CLINICIAN
c69f9893-1792-4108-b146-41799f8922b9,304abb1b-8927-402c-bb21-99af928a56d2,DR. SANJAY KUMAR SINGH,REG_4DWMJSQW,MBBS DA,9869289563,,29.2,PAEDIATRICIAN
bbf36fce-6d9c-43d0-a759-1140c895e613,304abb1b-8927-402c-bb21-99af928a56d2,DR. GEETA DEVI,REG_FXFSCHUV,MBBS MS,9883408087,,12.6,PRIMARY_CLINICIAN
f65e8a63-e74e-490b-8001-72f969b6d2ec,304abb1b-8927-402c-bb21-99af928a56d2,DR. UMESH KUMAR,REG_WOL076S0,MBBS DA,8106517811,,34.8,GYNAECOLOGIST
633c0a6e-4485-4643-9ddd-8e0683094b78,304abb1b-8927-402c-bb21-99af928a56d2,DR. ROHIT KUMAR YADAV,REG_3QHWEC7G,MBBS DA,9743106679,,3.6,GYNAECOLOGIST
e896d72d-b601-428f-a948-561076ae099f,304abb1b-8927-402c-bb21-99af928a56d2,DR. SANJAY KUMAR,REG_S426V33R,MBBS DA,7943135624,,25.0,ANAESTHETIST
9dca900a-a6c1-4e71-b86c-cbdf2d1579ed,304abb1b-8927-402c-bb21-99af928a56d2,DR. SEEMA DEVI,REG_ZRND9165,MBBS,7831648598,,28.5,PAEDIATRICIAN
4c62737a-9a0c-4176-88b9-0c926da4bc95,41daf0d0-d3ba-4bf0-a9d2-8cbaabf6d384,DR. JAGDISH PRASAD MAURYA,REG_M03JV5XG,MBBS MD,7741748461,,23.9,ANAESTHETIST
3029d7ad-bd24-4f5b-9d67-cd9a41d2d2f2,41daf0d0-d3ba-4bf0-a9d2-8cbaabf6d384,DR. MANOJ KUMAR PATEL,REG_0VD6DPYZ,MBBS MD,7562212647,,27.5,SURGEON
ccb6fbda-24fa-4dff-a134-bca615f74ad7,eff8c7f7-6b7a-4d39-aada-88ac58e6c863,DR. SURESH KUMAR,REG_P7FWKHFF,MBBS DNB,9616247001,,10.1,PRIMARY_CLINICIAN
2e00544f-2536-4acd-b857-f96fdd4913cc,eff8c7f7-6b7a-4d39-aada-88ac58e6c863,DR. GUDDU KUMAR,REG_S7LNSGY8,MBBS DNB,9868809952,,2.5,PRIMARY_CLINICIAN
80b04dda-a7c3-446d-88f9-1871d660a744,76f0688b-0b6e-428c-9661-228e6786d89d,DR. LAXMI DEVI,REG_A3G01L00,MBBS MD DM,7656998673,,16.4,ANAESTHETIST
c782076e-57d1-49cf-aef5-1589d508041d,76f0688b-0b6e-428c-9661-228e6786d89d,DR. SANTOSHI DEVI,REG_KRNVUQFU,MBBS MD,7867131596,,13.5,PRIMARY_CLINICIAN
b130fd7f-d3d7-4bde-978d-8e42afa86f27,76f0688b-0b6e-428c-9661-228e6786d89d,DR. LAKHAN LAL,REG_TX7HQSVX,MBBS MS MCh,7713137184,,10.9,GYNAECOLOGIST
11ef2c32-6b89-49fc-838d-a7779300c54d,76f0688b-0b6e-428c-9661-228e6786d89d,DR. PRADEEP KUMAR,REG_AKZAO1MB,MBBS MS MCh,9466517394,,31.7,GYNAECOLOGIST
d424d51b-f7cd-4230-b547-c6c652eb46e2,0bbf506d-973a-42f6-896f-270c78cdb37e,DR. HEMANT KUMAR,REG_0O70ITLM,MBBS DNB,9769115275,,7.1,PRIMARY_CLINICIAN
91e38de3-d531-4291-9e55-9c2abefcb4de,0bbf506d-973a-42f6-896f-270c78cdb37e,DR. PREM SHANKAR PASI,REG_99Q1HCIX,MBBS MD DM,7790981887,,14.5,PAEDIATRICIAN
2475f8a5-c3f0-4eaa-8873-a12ebb64f916,0bbf506d-973a-42f6-896f-270c78cdb37e,DR. SANTOSH KUMAR PANDEY,REG_UO6YR8BC,MBBS DNB,9852169208,,1.2,SURGEON
26204181-a087-47b4-baf0-e8534f4da9a1,0bbf506d-973a-42f6-896f-270c78cdb37e,DR. SAVITRI DEVI,REG_09ACK510,MBBS,9434893923,,10.7,RADIOLOGIST
9d0def63-ab67-4752-b917-d0ab2166539c,0bbf506d-973a-42f6-896f-270c78cdb37e,DR. USHA DEVI,REG_JK201PEK,MBBS DA,8155442436,,31.6,ANAESTHETIST
a14f2727-feb1-4d1b-b8c9-77a365f5cb00,0bbf506d-973a-42f6-896f-270c78cdb37e,DR. ARVIND KUMAR BIND,REG_3KZ8L4CB,MBBS DNB,7060776247,,20.7,GYNAECOLOGIST
23f57b8e-aae7-4fe0-81a8-716a73b37d49,a06311f6-0fa6-4dbe-817e-56f528a5e0ea,DR. RAVINDRA NATH,REG_V6BFP7ST,MBBS DA,7549993351,,13.0,GYNAECOLOGIST
268c3f0b-66d7-4527-9868-226f6364e91c,a06311f6-0fa6-4dbe-817e-56f528a5e0ea,DR. PUSHPA DEVI,REG_PZZS4XEK,MBBS DNB,9549042951,,31.3,PRIMARY_CLINICIAN
37bad1a1-9511-4624-8eb6-46825d7b0ab6,a06311f6-0fa6-4dbe-817e-56f528a5e0ea,DR. UMESH KUMAR VERMA,REG_LWR82D38,MBBS MS MCh,7040989543,,8.1,GYNAECOLOGIST
e083a1d4-dd6b-475a-87fc-76a1a851a16f,a06311f6-0fa6-4dbe-817e-56f528a5e0ea,DR. SANTOSH KUMAR JAISWAL,REG_YPQN1K21,MBBS DNB,9470225638,,6.5,PAEDIATRICIAN
1a14b16b-0ac4-46ef-9d78-a18692ed4e53,a06311f6-0fa6-4dbe-817e-56f528a5e0ea,DR. RAKESH KUMAR,REG_S925Y18Q,MBBS MS MCh,9628221451,,14.1,PRIMARY_CLINICIAN
1abd4b34-422c-4179-90f1-349a8258484f,a06311f6-0fa6-4dbe-817e-56f528a5e0ea,DR. RAJEEV KUMAR,REG_QUAUHBUR,MBBS MD DM,7966603803,,18.4,GYNAECOLOGIST
1714eef7-3bf6-4d44-ba3f-8498e92a531e,a06311f6-0fa6-4dbe-817e-56f528a5e0ea,DR. RAVI SHANKAR,REG_KVCLBHK3,MBBS MS,7800561349,,7.4,SURGEON
e592edeb-fd0d-4cdc-9d66-2db3abb98c3d,a06311f6-0fa6-4dbe-817e-56f528a5e0ea,DR. PUSHPA DEVI,REG_46QFX0SY,MBBS MD DM,7729465094,,10.7,GYNAECOLOGIST
f181de87-d0d9-46c8-a346-ec39dd785aaa,8be6a867-97dc-4986-87a7-81062f67660f,DR. SHANTI DEVI,REG_6MFSAFD4,MBBS MD DM,9803181362,,24.8,SURGEON
b322252b-ca3d-4b0a-a5e7-e157f7cbfd35,8be6a867-97dc-4986-87a7-81062f67660f,DR. POONAM DEVI,REG_W7RN059U,MBBS MD,9770451265,,33.3,PRIMARY_CLINICIAN
3857dadb-d7ed-48bf-a4ca-6150c549d7e0,8be6a867-97dc-4986-87a7-81062f67660f,DR. MUNNI DEVI,REG_43BUFH0Z,MBBS,9615007384,,16.3,GYNAECOLOGIST
0b389feb-e902-4805-8ac9-60d1d7c9aac9,8a53fac1-ab97-441b-b0ec-aa542b7d7a9a,DR. KIRAN DEVI,REG_XU6UUBNK,MBBS MS,9857919725,,29.0,SURGEON
87769d46-704a-4e50-bb2e-1fc4b779a53c,8a53fac1-ab97-441b-b0ec-aa542b7d7a9a,DR. PRIYA KUMARI,REG_42ACIWNL,MBBS MD DM,9746699240,,10.3,PAEDIATRICIAN
a57ca411-f73c-4bcc-a70b-f8a923fd8788,8a53fac1-ab97-441b-b0ec-aa542b7d7a9a,DR. KUSUM DEVI,REG_D7MUHXVL,MBBS DNB,7001937409,,18.6,GYNAECOLOGIST
ee54b344-ae92-4049-ae7a-0f0e50c7a87d,8a53fac1-ab97-441b-b0ec-aa542b7d7a9a,DR. ARVIND KUMAR,REG_7IJU02R2,MBBS MD DM,9822897814,,7.6,PAEDIATRICIAN
3492e7d2-c3b8-4e32-a3f5-465a8867ffb6,56dfac25-65ed-4c1e-8408-7fb3bdfedde1,DR. SAROJ DEVI,REG_CILD5GSP,MBBS MD DM,9878339238,,21.2,RADIOLOGIST
bae04810-46cd-4887-8fa9-555f8f510712,56dfac25-65ed-4c1e-8408-7fb3bdfedde1,DR. MUKESH KUMAR,REG_UUNSNL8K,MBBS DNB,7939344529,,16.1,SURGEON
096f3ac3-da43-4a55-8eec-1c00a2f3e8cf,56dfac25-65ed-4c1e-8408-7fb3bdfedde1,DR. BRIJESH KUMAR,REG_YKNQIIBQ,MBBS DA,9898773491,,18.2,SURGEON
de70a448-e647-4935-8a81-50dec5084b7f,b91a8a7c-bf98-4fba-8fb5-0f25465bb9f7,DR. CHAMELI DEVI,REG_7ISXQ2MO,MBBS,9853011196,,15.9,PRIMARY_CLINICIAN
18a3d19e-bb28-4563-b5e2-85cc4a008d8d,b91a8a7c-bf98-4fba-8fb5-0f25465bb9f7,DR. PUSHPA DEVI,REG_2R46QKPE,MBBS,7990248533,,26.4,PAEDIATRICIAN
7ae45e90-c10e-4be8-9247-5b7837ca6766,abe8fb59-9eeb-4a1b-ae32-281761671a90,DR. RAVINDRA NATH TIWARI,REG_KZFL79RX,MBBS DA,7896845643,,3.9,GYNAECOLOGIST
e634066f-42d9-459c-9b2d-c4277b7bf9ba,abe8fb59-9eeb-4a1b-ae32-281761671a90,DR. LAXMI DEVI,REG_3FXXKFDK,MBBS DNB,9412547517,,27.1,ANAESTHETIST
c140992e-5540-47a0-a636-23c5f1248f01,abe8fb59-9eeb-4a1b-ae32-281761671a90,DR. ARVIND KUMAR JAISWAL,REG_BAZANGUI,MBBS MD,7768232956,,9.9,GYNAECOLOGIST
5d05e2d9-9e0e-4563-8fb1-5e3e651f0f47,3e4a23d2-c449-4be3-9d75-c2d3f537e4c1,DR. SAVITRI DEVI,REG_HNDFPEOB,MBBS MD DM,9605985035,,22.2,GYNAECOLOGIST
b82322cf-0f5e-42d2-9c89-5603760dda7c,3e4a23d2-c449-4be3-9d75-c2d3f537e4c1,DR. MANJU DEVI,REG_HUJ4AZ80,MBBS,7720304736,,7.8,ANAESTHETIST
eabb8a3a-358e-4bec-bc71-e4bc28d2f6bb,3e4a23d2-c449-4be3-9d75-c2d3f537e4c1,DR. REKHA DEVI,REG_XTAKBS3A,MBBS MD DM,7941642662,,5.4,SURGEON
2ffd2210-f8bf-4767-a1b5-fb55a4c998b1,3e4a23d2-c449-4be3-9d75-c2d3f537e4c1,DR. SUMITRA DEVI,REG_OHOV6OT7,MBBS MD,7808199368,,6.0,GYNAECOLOGIST
2b4ab598-b4a1-485f-81fc-340a47a1cad3,7d3a6fb8-836e-477f-bed4-8e6b99ce006f,DR. MANJU DEVI,REG_1LZN2ZA4,MBBS MS MCh,7811989866,,19.9,RADIOLOGIST
c3f1f971-f7d2-4677-8e51-786113b74f4a,7d3a6fb8-836e-477f-bed4-8e6b99ce006f,DR. LEELA DEVI,REG_CPGC8KY8,MBBS DA,9599878490,,15.5,RADIOLOGIST
eb261a31-0618-47ea-b018-c52bb15db3c0,7d3a6fb8-836e-477f-bed4-8e6b99ce006f,DR. KAMLA DEVI,REG_4ZLL67GW,MBBS DNB,8199689779,,21.3,PAEDIATRICIAN
b773cb00-e01f-45ae-9be8-4fc829124f49,7d3a6fb8-836e-477f-bed4-8e6b99ce006f,DR. LAKHAN LAL KORI,REG_S4HQNQ9T,MBBS DNB,9852874109,,27.3,ANAESTHETIST
fe8d8fe3-5302-4f17-8264-e480c73655dd,7d3a6fb8-836e-477f-bed4-8e6b99ce006f,DR. MANOJ KUMAR PASI,REG_6JLEUQJI,MBBS,9619362568,,1.9,SURGEON
80d9a307-ac30-4cd4-a323-a10c86674660,8052c7d4-796f-4a16-92ad-b46246192b2d,DR. RAJESH KUMAR,REG_15NO75YK,MBBS,8192996765,,5.5,SURGEON
f167dc2d-93c1-4736-9f15-0998b3cc939b,8052c7d4-796f-4a16-92ad-b46246192b2d,DR. NIRMALA DEVI,REG_0P4XASJB,MBBS MD,9751363177,,23.9,SURGEON
abdeca5e-ce74-4f7b-8ed0-88cfde22cc00,8052c7d4-796f-4a16-92ad-b46246192b2d,DR. SARASWATI DEVI,REG_MZMOGWYA,MBBS MD DM,7712984557,,9.3,SURGEON
bd9746d5-58f8-4fc7-b4be-178a8977abbb,8052c7d4-796f-4a16-92ad-b46246192b2d,DR. DEVENDRA KUMAR NISHAD,REG_CSO9NOP7,MBBS DNB,7596940893,,28.5,SURGEON
d7b40a3c-e3d9-4224-861c-68adb97f6d1d,8052c7d4-796f-4a16-92ad-b46246192b2d,DR. SANTOSH KUMAR,REG_KITB87FC,MBBS MD DM,9407902606,,34.0,PRIMARY_CLINICIAN
920037c6-41f0-417b-9368-d5b604c6df55,4b1b09eb-7d1e-456b-b574-a77de98fd412,DR. SARASWATI DEVI,REG_32LFDFHC,MBBS DNB,9612949773,,29.6,GYNAECOLOGIST
1418f0a4-0a47-45aa-8e6e-02b1650ab8e7,4b1b09eb-7d1e-456b-b574-a77de98fd412,DR. MUKESH KUMAR,REG_DVR84SOL,MBBS MD DM,7919502812,,1.5,PRIMARY_CLINICIAN
e27fe787-f980-48f8-82ae-e800b72a1bd8,4b1b09eb-7d1e-456b-b574-a77de98fd412,DR. NIRMALA DEVI,REG_J5CH4SY6,MBBS MD,9758960252,,28.7,ANAESTHETIST
358a33a0-85df-4f0f-bee1-a88348a0d602,4b1b09eb-7d1e-456b-b574-a77de98fd412,DR. SUNITA DEVI,REG_VBU5E2HQ,MBBS DA,9459669111,,26.8,RADIOLOGIST
bdcd7735-5fe2-408b-8cf2-6a873bfeacf6,4b1b09eb-7d1e-456b-b574-a77de98fd412,DR. KIRAN DEVI,REG_VLI9R85U,MBBS DA,7608593639,,6.3,ANAESTHETIST
56dd149b-90d9-452b-93f0-9325c2e38c14,4b1b09eb-7d1e-456b-b574-a77de98fd412,DR. SHEELA DEVI,REG_WYCWJM2P,MBBS MS MCh,9815244042,,3.6,SURGEON
c16b7e38-3986-4946-b7bd-6e6cab24dc8c,4b1b09eb-7d1e-456b-b574-a77de98fd412,DR. CHAMELI DEVI,REG_SJ19LHQJ,MBBS MD,7676871547,,32.7,SURGEON
4e640c44-3ac7-46c8-9da6-e19647b2329e,4b1b09eb-7d1e-456b-b574-a77de98fd412,DR. AMIT KUMAR,REG_YLUL4E36,MBBS MS MCh,7609900820,,20.2,ANAESTHETIST
b272e0d4-b344-4d2f-99a9-9b2dbc561b5c,9cd9e31f-ab3a-44f0-b283-69eed7aab7d7,DR. USHA DEVI,REG_ABYMZB7Z,MBBS DNB,7892426120,,3.6,GYNAECOLOGIST
c7554b8b-6fe8-4826-950c-8d0257e4e660,9cd9e31f-ab3a-44f0-b283-69eed7aab7d7,DR. AMIT KUMAR,REG_1KWLJ4N9,MBBS MS MCh,7031383161,,28.7,SURGEON
c349fc41-26d0-4f58-a579-f647cb89180b,9cd9e31f-ab3a-44f0-b283-69eed7aab7d7,DR. VIVEK KUMAR,REG_8LR32D9E,MBBS MD DM,7843677241,,9.4,GYNAECOLOGIST
a7c55e8e-b14a-418e-ade0-a524275beccb,9cd9e31f-ab3a-44f0-b283-69eed7aab7d7,DR. LAXMI DEVI,REG_F01UK73I,MBBS,8002551611,,33.2,PAEDIATRICIAN
ed2a7c03-789f-4e43-b6ad-b0c53b3035ea,b2a30819-9db4-4966-a064-579a464507bd,DR. SHIV KUMAR SHARMA,REG_VV04P7C8,MBBS DNB,7691006903,,27.9,ANAESTHETIST
bf79c370-f84d-4b52-955c-951200a082a1,b2a30819-9db4-4966-a064-579a464507bd,DR. NIRMALA DEVI,REG_EU6CGRHY,MBBS MD DM,7611523505,,18.4,PRIMARY_CLINICIAN
3ca4b4e4-d523-4ba3-b29d-3507e152130e,b2a30819-9db4-4966-a064-579a464507bd,DR. SUMITRA DEVI,REG_3WSL1TE8,MBBS DA,8123013419,,7.1,RADIOLOGIST
7c73c485-a917-4253-b5a8-100f42b684fb,b2a30819-9db4-4966-a064-579a464507bd,DR. RAJESH KUMAR DUBEY,REG_PTD9B2QJ,MBBS MS,7909460983,,9.8,GYNAECOLOGIST
9ca370ec-64a3-42dc-a269-a14a4978e82d,b2a30819-9db4-4966-a064-579a464507bd,DR. ANIL KUMAR DUBEY,REG_55CX5NAX,MBBS DNB,7817954434,,7.3,SURGEON
77a2cde4-fafa-4b7a-9c23-72038d9a8584,b2a30819-9db4-4966-a064-579a464507bd,DR. SARASWATI DEVI,REG_GYGI6R8N,MBBS MD DM,8156219774,,32.3,RADIOLOGIST
d37f9e52-02e3-443b-a9af-3d7b8a6b3932,b2a30819-9db4-4966-a064-579a464507bd,DR. REKHA DEVI,REG_SWSD25MM,MBBS MD,9639854578,,8.5,SURGEON
a5a10a81-612e-461d-b8fa-277fee06f147,b2a30819-9db4-4966-a064-579a464507bd,DR. MANOJ KUMAR,REG_QOJKGM2V,MBBS MS,7558505021,,14.8,RADIOLOGIST
f38863c5-200f-4e94-967e-594dd88bfcab,d19a4547-c47c-478a-a5ea-fb32f81f238a,DR. RANI DEVI,REG_P5BZ0DNO,MBBS MD DM,7792703113,,8.2,GYNAECOLOGIST
a8295056-688e-440a-9b1f-ea188dc5182d,d19a4547-c47c-478a-a5ea-fb32f81f238a,DR. MEENA DEVI,REG_M65LK3UK,MBBS MS,8176152840,,9.6,PAEDIATRICIAN
7e83493e-99bd-4921-a0e5-231e46e5c539,d19a4547-c47c-478a-a5ea-fb32f81f238a,DR. MUNNI DEVI,REG_BJGUW1RO,MBBS DA,7712046266,,31.8,PRIMARY_CLINICIAN
86675485-014c-4810-9a7e-7d852e81aff2,d19a4547-c47c-478a-a5ea-fb32f81f238a,DR. SANTOSHI DEVI,REG_87MBA3IQ,MBBS MS,8190247065,,9.8,GYNAECOLOGIST
9d3ae80a-b647-4eb1-b5ed-b43fb66895d6,639ffc2d-ecdf-44b8-9943-60faac4ee622,DR. GULABO DEVI,REG_VP4ER2DR,MBBS DA,8159658331,,19.2,RADIOLOGIST
5a7a3a65-3a0e-46f0-b0a6-4472114abdb5,639ffc2d-ecdf-44b8-9943-60faac4ee622,DR. SANJAY KUMAR KORI,REG_QYX2J3D8,MBBS MS MCh,9669345546,,22.3,GYNAECOLOGIST
fd96d0f0-a494-4eaf-9337-b368d6846adb,639ffc2d-ecdf-44b8-9943-60faac4ee622,DR. BRIJESH KUMAR,REG_KBZOX0RY,MBBS DNB,9440928549,,27.4,ANAESTHETIST
d2a43dcb-5469-4ee4-a5f2-91108b8523f8,639ffc2d-ecdf-44b8-9943-60faac4ee622,DR. VIJAY KUMAR RAJBHAR,REG_RPP06KC5,MBBS DNB,9670684731,,22.1,PRIMARY_CLINICIAN
f882ecaf-5c6d-40ba-a86c-d3de6282acd2,639ffc2d-ecdf-44b8-9943-60faac4ee622,DR. SHEELA DEVI,REG_D8N7GX3E,MBBS MD,7080676991,,16.2,PAEDIATRICIAN
1c135f3a-1654-4bc7-a643-48a9d9c74fb1,639ffc2d-ecdf-44b8-9943-60faac4ee622,DR. SUSHIL KUMAR,REG_Q43YSSGM,MBBS MS,9669183694,,34.5,PRIMARY_CLINICIAN
9e3989e5-4873-4ae7-b947-b792f42de2fa,639ffc2d-ecdf-44b8-9943-60faac4ee622,DR. AMIT KUMAR SINGH,REG_ZAS6FUQQ,MBBS DNB,7546118272,,20.1,SURGEON
c0852ee7-1536-4dac-97a7-4c1876faeac3,639ffc2d-ecdf-44b8-9943-60faac4ee622,DR. PREM SHANKAR,REG_5KIR8MRY,MBBS MS MCh,7565593155,,13.4,GYNAECOLOGIST
a53729a9-1a46-49e9-aaca-6fca48437bba,89f423a1-3966-48f9-815b-958a153a94ff,DR. RAMESH CHANDRA TIWARI,REG_EAUKIFP4,MBBS DA,7942212936,,24.7,ANAESTHETIST
dc7cbc5a-a548-4217-8894-27e41f9f5f93,89f423a1-3966-48f9-815b-958a153a94ff,DR. RAMESH CHANDRA,REG_8T7AD6DD,MBBS MD,7521526049,,7.4,ANAESTHETIST
2dd67f32-179a-49a0-9541-0cf16cd5e044,89f423a1-3966-48f9-815b-958a153a94ff,DR. PAPPU YADAV,REG_DDVGYSJT,MBBS MS,9412583804,,10.4,ANAESTHETIST
6b5c2468-4e45-4042-a410-355fb3e27e7d,89f423a1-3966-48f9-815b-958a153a94ff,DR. ANITA DEVI,REG_BW9RQUDD,MBBS DNB,9660566119,,3.9,PAEDIATRICIAN
284bc027-5e64-4c5e-b516-92cd76648e76,efef37e3-172e-4370-89d4-4bc91b2398ab,DR. REKHA DEVI,REG_LD4SQ5WL,MBBS MD DM,9832102041,,8.8,PAEDIATRICIAN
d890ac33-4dc5-4da9-938c-79b53f6873e2,efef37e3-172e-4370-89d4-4bc91b2398ab,DR. UMESH KUMAR KORI,REG_OWG9II9Y,MBBS,9647161396,,33.6,PRIMARY_CLINICIAN
6d57448a-5c58-463d-808c-6e55dc930f80,efef37e3-172e-4370-89d4-4bc91b2398ab,DR. RAVI SHANKAR,REG_6FJU6D2A,MBBS DA,7799462593,,26.1,ANAESTHETIST
63d1dd7f-cfbd-4dc8-98f9-551ac3e834f4,efef37e3-172e-4370-89d4-4bc91b2398ab,DR. RANI DEVI,REG_HU1EJY8I,MBBS MD DM,9544603623,,23.7,RADIOLOGIST
f9985b66-85a2-44d9-a578-6ce3f18c47ff,efef37e3-172e-4370-89d4-4bc91b2398ab,DR. PAPPU YADAV,REG_AYICHT00,MBBS MS,9651750624,,20.4,PAEDIATRICIAN
d90a881b-1517-4fd5-a822-2904be8ba3d4,efef37e3-172e-4370-89d4-4bc91b2398ab,DR. SUSHIL KUMAR,REG_IG3DHV5O,MBBS MD DM,7874830194,,7.4,RADIOLOGIST
e5b336b4-8f1d-4150-a7e1-a16e5c11b380,efef37e3-172e-4370-89d4-4bc91b2398ab,DR. REKHA DEVI,REG_HR7LIS03,MBBS DA,7860769517,,8.7,PRIMARY_CLINICIAN
b523851a-2c04-4862-8f32-6bfc711f5e34,efef37e3-172e-4370-89d4-4bc91b2398ab,DR. MEENA DEVI,REG_I6P0VC8H,MBBS MD DM,9751457411,,26.6,ANAESTHETIST
508d33b4-6125-4e87-8eb6-41d4db7811a8,c2dda112-71ea-4d47-a966-3b8683d8dd3f,DR. RAKESH KUMAR KORI,REG_V707K0G5,MBBS MS MCh,7876793413,,8.6,PAEDIATRICIAN
dfb80423-8812-4657-8cae-14e6de6ed990,c2dda112-71ea-4d47-a966-3b8683d8dd3f,DR. REENA DEVI,REG_0WV65M1K,MBBS DA,9703147011,,3.8,GYNAECOLOGIST
2cc1118d-b9b7-4974-8926-818619885c69,c2dda112-71ea-4d47-a966-3b8683d8dd3f,DR. ASHOK KUMAR KURMI,REG_NJ73R4G7,MBBS,7739699372,,15.7,SURGEON
f998f7ae-149e-4558-80a7-6d07323f5ceb,c2dda112-71ea-4d47-a966-3b8683d8dd3f,DR. SARASWATI DEVI,REG_40WA2I8V,MBBS MD,8069618658,,29.9,PRIMARY_CLINICIAN
2a06e986-8a07-4150-9e4d-73ba453dbd46,c2dda112-71ea-4d47-a966-3b8683d8dd3f,DR. AMIT KUMAR,REG_L5TG47SH,MBBS MD DM,9688432136,,13.2,RADIOLOGIST
ec7adb44-d600-45b2-8085-e435100f26ee,c2dda112-71ea-4d47-a966-3b8683d8dd3f,DR. ANITA DEVI,REG_SLTRU1UD,MBBS MD DM,7711096830,,11.1,RADIOLOGIST
fa0bcdd5-3844-452f-a370-01887cfe3aea,c2dda112-71ea-4d47-a966-3b8683d8dd3f,DR. SUSHIL KUMAR VERMA,REG_K5PVAOEZ,MBBS DNB,8111438094,,30.4,GYNAECOLOGIST
c0a3bbc6-bbbe-456a-9659-275bbe9d2d47,c2dda112-71ea-4d47-a966-3b8683d8dd3f,DR. MUKESH KUMAR,REG_AZOEN9I3,MBBS,9529055298,,16.9,RADIOLOGIST
7cd14e8a-d24b-4534-8ad4-4a3162bd6675,303388df-3cf7-4298-86cb-d52b810ef613,DR. MUKESH KUMAR PATEL,REG_NDHT4UY0,MBBS,9654886051,,22.6,RADIOLOGIST
09d056bf-6e44-49ea-bf9c-a1ef954e09e7,303388df-3cf7-4298-86cb-d52b810ef613,DR. PUSHPA DEVI,REG_6J5GNFTJ,MBBS DNB,9433601162,,21.9,SURGEON
f7f96a7e-cd4d-4368-9896-cc0c13f677f1,303388df-3cf7-4298-86cb-d52b810ef613,DR. BRIJESH KUMAR,REG_N69TXMGH,MBBS MD DM,9870120439,,13.0,PAEDIATRICIAN
d0c0d100-b1f7-4ab2-84b0-502f6307fdd2,1cb75b4d-3326-4e4d-a2ac-3e6c6b97bd04,DR. PRIYA KUMARI,REG_J99REUSQ,MBBS DNB,7550150730,,8.5,PRIMARY_CLINICIAN
c94e386d-e368-4d59-a0a9-f469dc06a5f9,1cb75b4d-3326-4e4d-a2ac-3e6c6b97bd04,DR. ANITA DEVI,REG_FGEQNXBG,MBBS MS MCh,9431456125,,34.9,RADIOLOGIST
249576a6-a9c1-4082-9868-16d7107b68b9,1cb75b4d-3326-4e4d-a2ac-3e6c6b97bd04,DR. SHEELA DEVI,REG_K6EO08BW,MBBS MS MCh,9583786662,,19.9,RADIOLOGIST
5216bd8c-a0e5-4e74-b55c-f65ffbc307ed,46008c3d-9845-40b0-9470-154009e40d0f,DR. SAROJ DEVI,REG_IAB83JCR,MBBS MD,9622128957,,27.2,RADIOLOGIST
71228277-1185-4587-bc17-5844ebc33dc0,46008c3d-9845-40b0-9470-154009e40d0f,DR. SUMITRA DEVI,REG_3BY63WJ8,MBBS MD,7693026158,,28.2,ANAESTHETIST
5ea0f77b-5e1a-47f8-9ac5-2eb0d641ab2e,83b596d4-261f-4a3e-94b4-fee8e3c97037,DR. DINESH KUMAR,REG_38LZXXDS,MBBS MD DM,9794182978,,27.7,RADIOLOGIST
00035259-6ff7-4c2b-9918-e95af2b8d038,83b596d4-261f-4a3e-94b4-fee8e3c97037,DR. POONAM DEVI,REG_Q93O694W,MBBS MS MCh,9535602028,,21.9,SURGEON
620dfa8d-dea6-4f71-80a2-e51e05107ab5,83b596d4-261f-4a3e-94b4-fee8e3c97037,DR. SANTOSHI DEVI,REG_UUSXPVTB,MBBS MS MCh,8146803364,,20.9,SURGEON
bea0746d-f59e-46bd-9938-f245e4a56927,4b376662-68c0-4a9e-8631-8da88cc46bdf,DR. VIRENDRA SINGH PASI,REG_MD6MZ7E1,MBBS MS MCh,9421511026,,10.5,PAEDIATRICIAN
0f821ce0-87cc-457b-b7ea-071086edcb14,4b376662-68c0-4a9e-8631-8da88cc46bdf,DR. RAJU YADAV,REG_NA3K6RFY,MBBS,7501679671,,3.2,SURGEON
085a9dc9-9e70-4085-92f9-96b85ddf17d6,4b376662-68c0-4a9e-8631-8da88cc46bdf,DR. SHANTI DEVI,REG_93RZR8IV,MBBS MD,9689049174,,3.7,PRIMARY_CLINICIAN
6b2ca893-3cdd-4955-80b5-e1935ba7c018,4b376662-68c0-4a9e-8631-8da88cc46bdf,DR. NARESH KUMAR,REG_PWX376PH,MBBS MS MCh,7578753683,,22.8,ANAESTHETIST
9642600a-9183-42f1-8a23-a02e4660ff0e,4b376662-68c0-4a9e-8631-8da88cc46bdf,DR. SHIV KUMAR,REG_RBB5H5WN,MBBS MD DM,9407819654,,34.7,PAEDIATRICIAN
7601edfb-a6ae-4930-9a28-7738425e8cc8,4b376662-68c0-4a9e-8631-8da88cc46bdf,DR. SUNITA DEVI,REG_9E354EER,MBBS MS,9419685576,,13.5,ANAESTHETIST
d364ba83-9126-4df5-a4f3-175e4e9e6311,4b376662-68c0-4a9e-8631-8da88cc46bdf,DR. ARVIND KUMAR,REG_TQB7JEYF,MBBS DA,7086099828,,5.6,PRIMARY_CLINICIAN
8d57a083-66ba-42ba-8138-9b4a92b14f09,4b376662-68c0-4a9e-8631-8da88cc46bdf,DR. CHAMELI DEVI,REG_9NE7Q6BZ,MBBS MS,7897109194,,28.0,PAEDIATRICIAN
65c94e68-8357-4197-a982-5890f2feb7e0,b056e2c7-7f95-4783-add3-084565af297e,DR. DEVENDRA KUMAR,REG_UUDY5UR5,MBBS MD DM,7997088801,,2.2,SURGEON
ef3e6c42-647c-4c75-9925-5818215602a1,b056e2c7-7f95-4783-add3-084565af297e,DR. SHIV KUMAR TIWARI,REG_MHZD7V18,MBBS MD,9836269462,,8.0,PAEDIATRICIAN
89270107-7e77-462d-a958-36dc5f1e6bea,b056e2c7-7f95-4783-add3-084565af297e,DR. RAKESH KUMAR,REG_UZ8FISR3,MBBS MD DM,9447039674,,18.3,PRIMARY_CLINICIAN
450fd32c-d133-47db-80f7-ace5d59f2c28,97fb368a-0d78-4977-a707-d6c350b2683e,DR. ARVIND KUMAR,REG_W6FZRAFT,MBBS MS MCh,7078510702,,27.8,PAEDIATRICIAN
dc407c0a-b146-4126-b329-a32501294421,97fb368a-0d78-4977-a707-d6c350b2683e,DR. LAKHAN LAL,REG_EKRKENS8,MBBS MS MCh,9827173728,,31.0,PRIMARY_CLINICIAN
57f958fb-9613-4c7b-a062-a7bddd28251d,97fb368a-0d78-4977-a707-d6c350b2683e,DR. SANJAY KUMAR,REG_N4F0R92J,MBBS DNB,7615418946,,13.5,ANAESTHETIST
15f70d7d-43bc-424c-8803-5f7177f8fffc,97fb368a-0d78-4977-a707-d6c350b2683e,DR. GULABO DEVI,REG_L6SCWUEG,MBBS DNB,8027769318,,22.2,ANAESTHETIST
d0501e6a-c72e-4cc8-bbbc-4f33222b6d65,97fb368a-0d78-4977-a707-d6c350b2683e,DR. SEEMA DEVI,REG_RRHGIOH9,MBBS MS MCh,8190745616,,11.0,SURGEON
b21e3224-b91c-4955-a143-557a0c11295d,781d2b15-6dec-44a6-a948-9f3756c1ec5a,DR. RANI DEVI,REG_SOPGPMVB,MBBS,9864939710,,6.0,GYNAECOLOGIST
045d025f-40ce-4609-baa7-4197942171f9,781d2b15-6dec-44a6-a948-9f3756c1ec5a,DR. UMESH KUMAR,REG_J8VWXJZE,MBBS DNB,7042426742,,28.4,PRIMARY_CLINICIAN
364fdc39-7e8f-48a3-a54e-ce1c0b47e720,781d2b15-6dec-44a6-a948-9f3756c1ec5a,DR. SHYAM LAL KUMAR,REG_S9GYAHXT,MBBS MD DM,7988118509,,12.7,PAEDIATRICIAN
c516b1ce-cf57-45a4-a15f-1e90e378b9ee,781d2b15-6dec-44a6-a948-9f3756c1ec5a,DR. POONAM DEVI,REG_2T1CITR0,MBBS MD DM,9630670565,,2.6,ANAESTHETIST
d77fe392-eafc-4fe5-8f40-009d8ce4c764,781d2b15-6dec-44a6-a948-9f3756c1ec5a,DR. VIRENDRA SINGH,REG_H35EUURR,MBBS,9427161043,,10.7,PAEDIATRICIAN
e858a54a-f772-470b-80c3-c00dc03a7159,781d2b15-6dec-44a6-a948-9f3756c1ec5a,DR. REKHA DEVI,REG_6GU0NAWK,MBBS,7825486103,,19.2,PAEDIATRICIAN
7ccd0629-f37e-4fe7-a38c-6488b4aefed0,781d2b15-6dec-44a6-a948-9f3756c1ec5a,DR. SHANTI DEVI,REG_UUB7XQFY,MBBS MS MCh,8034546373,,3.0,SURGEON
26cc74aa-4e76-4ad0-9b26-163a96976138,4698c63e-188e-4869-98ea-f0f5f5204e6b,DR. SUSHILA DEVI,REG_RBIT7BXW,MBBS MS MCh,7668783868,,5.3,GYNAECOLOGIST
83703de8-d324-4857-84a0-931c82df4af5,4698c63e-188e-4869-98ea-f0f5f5204e6b,DR. RANI DEVI,REG_0BCMPUIW,MBBS MS,8055292850,,30.1,PRIMARY_CLINICIAN
6faf945a-3c5d-4e06-9089-8b582cdd0f6f,4698c63e-188e-4869-98ea-f0f5f5204e6b,DR. USHA DEVI,REG_DN80VONL,MBBS MD,9718978891,,8.1,SURGEON
f416ef40-f19a-4efe-99d8-90e8c3554426,4698c63e-188e-4869-98ea-f0f5f5204e6b,DR. NIRMALA DEVI,REG_SG7BRZ0Q,MBBS MS,7557986001,,21.3,SURGEON
51975dcf-1f4d-41fa-9ad4-78af6c4ac162,4698c63e-188e-4869-98ea-f0f5f5204e6b,DR. SHYAM LAL,REG_V0RPLZSB,MBBS MS,9898202587,,19.0,SURGEON
eaf786cb-26a5-472a-8825-c48dc54746be,4698c63e-188e-4869-98ea-f0f5f5204e6b,DR. PHOOL KUMARI,REG_SNEOYZJF,MBBS MS,7650709365,,22.8,PRIMARY_CLINICIAN
4bbb8a64-32c2-4093-bb26-61274eb6e785,92ea8701-4174-4c3e-a2da-129dd0150a34,DR. ASHOK KUMAR,REG_QKQWZ6FE,MBBS DNB,7098587273,,7.3,SURGEON
0a9551a8-237f-4711-a603-845cf9e1a80f,92ea8701-4174-4c3e-a2da-129dd0150a34,DR. DEEPAK KUMAR,REG_A5KIPYJ2,MBBS MS,9891213115,,29.9,ANAESTHETIST
eb6355dc-a9f2-46a5-a368-318aeb414520,92ea8701-4174-4c3e-a2da-129dd0150a34,DR. RAMU KAKA,REG_PMWTTI3F,MBBS MD,7768004409,,13.5,PRIMARY_CLINICIAN
5c362c5e-133f-4291-b15d-258cd543d2dd,3c3f46e9-10c8-4f1e-8b29-5ea7bf21c8d7,DR. HEMANT KUMAR RAJBHAR,REG_JVH2K8RE,MBBS DA,9457935867,,32.5,PAEDIATRICIAN
b90ecc2d-8b39-4cdc-bdcf-4f2b15bff898,3c3f46e9-10c8-4f1e-8b29-5ea7bf21c8d7,DR. PREM SHANKAR,REG_5CJ6VOR0,MBBS MD DM,7751021696,,26.5,RADIOLOGIST
ae37f13c-1510-4cab-8c0a-f02237a2c3a9,3c3f46e9-10c8-4f1e-8b29-5ea7bf21c8d7,DR. MANOJ KUMAR,REG_K3LB7XTS,MBBS MS,9579732292,,25.7,RADIOLOGIST
4bc78722-2b9f-4e96-833c-df565d805a68,3c3f46e9-10c8-4f1e-8b29-5ea7bf21c8d7,DR. NARESH KUMAR,REG_BXYV5IW3,MBBS MS MCh,7668204380,,17.9,PRIMARY_CLINICIAN
214c68a3-6f68-4e7c-8493-021aea402889,3c3f46e9-10c8-4f1e-8b29-5ea7bf21c8d7,DR. SUMITRA DEVI,REG_R8EDAQSN,MBBS MD,7039753684,,24.9,ANAESTHETIST
787c89c9-72a2-4eba-bed6-5a6a75815911,2fff4a41-fc32-4112-b004-e2a92f1a129b,DR. MUNNI DEVI,REG_VG6VOGAS,MBBS MD,7940453677,,5.7,GYNAECOLOGIST
8983ebcb-24cf-4a85-b6e7-8d786f6fbd0d,2fff4a41-fc32-4112-b004-e2a92f1a129b,DR. URMILA DEVI,REG_0RUH6NEC,MBBS MS MCh,9699261342,,9.4,PAEDIATRICIAN
af4c0961-d7f0-41f1-9a4d-543e7ad1e07c,2fff4a41-fc32-4112-b004-e2a92f1a129b,DR. NARESH KUMAR,REG_L77GDMQ2,MBBS DNB,8163382748,,12.3,SURGEON
2c20abe3-59bc-4e9a-9c69-3ac5ed02e505,2fff4a41-fc32-4112-b004-e2a92f1a129b,DR. HARI OM,REG_5M9ZSYAN,MBBS MD,9743357820,,22.5,ANAESTHETIST
ee1fa3e0-66dd-4860-9da2-f23be108b7be,2fff4a41-fc32-4112-b004-e2a92f1a129b,DR. NIRMALA DEVI,REG_NO7DVS2U,MBBS MD DM,9852952478,,5.4,ANAESTHETIST
df139e67-81c8-4254-975e-957e0f621838,2fff4a41-fc32-4112-b004-e2a92f1a129b,DR. HARI OM,REG_DZK5QX5C,MBBS MS MCh,9793156755,,16.8,RADIOLOGIST
cc08ec37-75b0-403b-a82f-2f1df4b8f552,494808ef-aeec-4073-87ac-bf10484a67b7,DR. VIJAY KUMAR,REG_L5NECFF3,MBBS MD,9813082820,,26.5,PRIMARY_CLINICIAN
ab453760-270e-4315-84e5-3e9d0d73a8c1,494808ef-aeec-4073-87ac-bf10484a67b7,DR. UMESH KUMAR,REG_LEW0LN2C,MBBS DA,7093269330,,29.3,RADIOLOGIST
2e6d8b39-e924-4aa6-9f2f-f74908a9581b,494808ef-aeec-4073-87ac-bf10484a67b7,DR. DEVENDRA KUMAR,REG_BDJD1FY9,MBBS DA,8059509121,,20.2,GYNAECOLOGIST
36c1ab1a-d475-444e-8f6b-4d4f9be59da5,494808ef-aeec-4073-87ac-bf10484a67b7,DR. AMIT KUMAR PASI,REG_A8Y6AC7F,MBBS DA,7941739099,,27.2,ANAESTHETIST
f3f70e4a-34a7-45d4-a1e8-9017a1e85834,938ada21-db7d-45a9-878b-2ebe3568a39a,DR. SUSHIL KUMAR,REG_C0LUFMT7,MBBS DNB,8090330657,,28.7,ANAESTHETIST
8bdc78d1-79d2-4040-9cb5-b782bb36eda3,938ada21-db7d-45a9-878b-2ebe3568a39a,DR. LAXMI DEVI,REG_61IUCSO5,MBBS MD DM,7974691402,,17.3,PAEDIATRICIAN
c6123899-a836-4222-ae71-11c4201c596f,938ada21-db7d-45a9-878b-2ebe3568a39a,DR. VIRENDRA SINGH CHAUHAN,REG_Z5U5TYTS,MBBS MS MCh,7599354095,,33.2,ANAESTHETIST
45b17994-5082-4890-aba4-0a6f3564b2ff,938ada21-db7d-45a9-878b-2ebe3568a39a,DR. SHYAM LAL CHAUHAN,REG_LP135ILA,MBBS MD,9545439486,,24.1,PAEDIATRICIAN
524af111-1927-4186-8707-59b4fba60618,938ada21-db7d-45a9-878b-2ebe3568a39a,DR. ANITA DEVI,REG_3A1I9AZP,MBBS MS,7749373518,,13.0,RADIOLOGIST
5ab94fb7-20ed-4e4e-b4bb-2c297d0590dc,938ada21-db7d-45a9-878b-2ebe3568a39a,DR. MEENA DEVI,REG_CF20PAI0,MBBS MS MCh,7757981733,,11.4,SURGEON
8a032c7a-701e-470c-9b77-37e794e5e889,938ada21-db7d-45a9-878b-2ebe3568a39a,DR. SURESH KUMAR,REG_1XICZ69V,MBBS MD DM,7685292245,,33.9,RADIOLOGIST
0355560d-34c4-4cc2-aa1c-5b786c9863d6,cf0084ff-03a0-4af9-8f93-e4215fb821bf,DR. MUNNI DEVI,REG_OSHYJLTY,MBBS MD,9871540666,,15.1,ANAESTHETIST
2c84fff2-6908-4aea-9aca-8b7ce7f2cb33,cf0084ff-03a0-4af9-8f93-e4215fb821bf,DR. PREM SHANKAR,REG_6C5SEBZ3,MBBS MD,7055375919,,21.6,SURGEON
1d3f4590-674c-4d39-822d-d61457791553,cf0084ff-03a0-4af9-8f93-e4215fb821bf,DR. VIRENDRA SINGH,REG_MZ36FT9C,MBBS MS,7938944668,,34.0,PRIMARY_CLINICIAN
6a5ea158-e876-426f-81c6-61c569f29b6d,cf0084ff-03a0-4af9-8f93-e4215fb821bf,DR. LEELA DEVI,REG_MWOIL6SP,MBBS MD DM,9888816929,,10.7,PAEDIATRICIAN
92d89142-cf5d-4fb9-9b78-fefd1f105107,cf0084ff-03a0-4af9-8f93-e4215fb821bf,DR. GULABO DEVI,REG_K5EC3Y2X,MBBS DA,9832150700,,34.2,GYNAECOLOGIST
6b268e12-dc67-4e74-a550-c1c27ae0ba08,cf0084ff-03a0-4af9-8f93-e4215fb821bf,DR. HARI OM KURMI,REG_C2S2040J,MBBS MD DM,9578798079,,24.0,SURGEON
4797dfed-891a-4bad-be42-4fbe0045f4ea,cf0084ff-03a0-4af9-8f93-e4215fb821bf,DR. SHYAM LAL SHARMA,REG_38HR9F8M,MBBS MS,9886089523,,16.7,ANAESTHETIST
bb009e0c-0747-4c4d-b3a3-18e52b1a5e99,2f841c1e-94ab-47f1-b4f4-6a9755c35742,DR. KAMLA DEVI,REG_SE84HHU4,MBBS DNB,9468119737,,23.2,PAEDIATRICIAN
c3b5b72a-7f6f-40dd-bced-d28f217521af,2f841c1e-94ab-47f1-b4f4-6a9755c35742,DR. SHANTI DEVI,REG_30QEYSKY,MBBS MS,7923400477,,27.8,RADIOLOGIST
fc4a4398-9337-4c1a-abfd-f26557e91a31,2f841c1e-94ab-47f1-b4f4-6a9755c35742,DR. GULABO DEVI,REG_M6JJ5D3G,MBBS DNB,8177035421,,25.9,RADIOLOGIST
886aed47-4d19-4e76-a386-a4bd7e836308,2f841c1e-94ab-47f1-b4f4-6a9755c35742,DR. LAXMI DEVI,REG_YGFOPQDP,MBBS MD DM,9720392636,,25.4,SURGEON
ebc552b3-fe20-4f46-9ddb-aca3dbddc06c,2f841c1e-94ab-47f1-b4f4-6a9755c35742,DR. RAMESH CHANDRA,REG_MK9KDM24,MBBS DNB,9860637874,,18.2,PRIMARY_CLINICIAN
1e521ee1-f27b-462d-bdca-b48ba57b25e5,2f841c1e-94ab-47f1-b4f4-6a9755c35742,DR. DEEPAK KUMAR,REG_Z7FQTIGO,MBBS MS MCh,7825061276,,14.5,GYNAECOLOGIST
6ca2866f-765f-42ab-b0a6-2a2adf859b60,d440f795-2f6b-4c24-9904-fb6bf4de25cf,DR. PRADEEP KUMAR,REG_JKC0NHN3,MBBS MS MCh,7539167106,,6.0,PRIMARY_CLINICIAN
1c7d83c2-c983-41ce-8ac4-b6a0ebc4525e,d440f795-2f6b-4c24-9904-fb6bf4de25cf,DR. PRIYA KUMARI,REG_LEG4UW3M,MBBS MS,8124126927,,32.8,GYNAECOLOGIST
d35db559-d67c-4155-b3ed-e37e316204a8,d440f795-2f6b-4c24-9904-fb6bf4de25cf,DR. LAKHAN LAL,REG_8V8L198C,MBBS,7649627027,,27.1,ANAESTHETIST
2a58a849-604e-4807-a700-c5c8f7d7aa1e,d440f795-2f6b-4c24-9904-fb6bf4de25cf,DR. SANTOSHI DEVI,REG_734BG4TM,MBBS MD,9530898597,,6.4,GYNAECOLOGIST
c2064d11-0c85-4153-a52a-a8348d407821,d440f795-2f6b-4c24-9904-fb6bf4de25cf,DR. PHOOL KUMARI,REG_OD8M62MJ,MBBS,9431533500,,18.5,GYNAECOLOGIST
e95e57ef-8dbf-4229-8610-bf40ec911536,d440f795-2f6b-4c24-9904-fb6bf4de25cf,DR. CHAMELI DEVI,REG_LBJWCMUA,MBBS DNB,7640130735,,6.5,RADIOLOGIST
0689dc14-3bf7-4cc9-8dc1-3cb40e5eb022,e6f59f84-8a49-480a-9aac-fd9dcd356d60,DR. RAMESH CHANDRA,REG_MBZQTQER,MBBS DA,9485103695,,9.0,RADIOLOGIST
1af70b2c-6b1a-4bc3-bd74-fc2292431ab1,e6f59f84-8a49-480a-9aac-fd9dcd356d60,DR. KAMLA DEVI,REG_Q9FGLN69,MBBS DA,9756846263,,27.5,RADIOLOGIST
e9fc413f-60f4-4e04-bede-b567ad51761f,be346f28-1631-4c7f-9dd2-c5ecc971bb45,DR. PREM SHANKAR,REG_7MIOZ8KJ,MBBS DNB,7805563907,,2.4,SURGEON
353a23ee-49ce-4948-ba74-9aa8951e8161,be346f28-1631-4c7f-9dd2-c5ecc971bb45,DR. SHANTI DEVI,REG_BCJZOCDI,MBBS MS MCh,7657163643,,18.2,SURGEON
db59902d-287a-4c29-aa93-824eef7d7e01,be346f28-1631-4c7f-9dd2-c5ecc971bb45,DR. SUMITRA DEVI,REG_YUA61SBW,MBBS MS,8036167952,,18.1,ANAESTHETIST
93e1afee-4b25-4413-8efd-0f20278f06bd,be346f28-1631-4c7f-9dd2-c5ecc971bb45,DR. HEMANT KUMAR KORI,REG_1YBQCU1O,MBBS,7784252922,,33.6,RADIOLOGIST
43373e0f-66d8-4f68-af1c-49b743d97771,be346f28-1631-4c7f-9dd2-c5ecc971bb45,DR. ARVIND KUMAR,REG_0T3OVPQP,MBBS,7518200342,,22.1,ANAESTHETIST
51e262ac-298b-40b4-ba32-b7a4692149f6,be346f28-1631-4c7f-9dd2-c5ecc971bb45,DR. JAGDISH PRASAD,REG_QXFIRJHE,MBBS DA,9648681605,,1.8,SURGEON
d8af227e-0b0a-4ce0-9586-a421061a0817,8fdfe1df-6126-4bf3-a5a9-29be286fc729,DR. RAMU KAKA,REG_BCKHE6LQ,MBBS,9729151075,,34.4,GYNAECOLOGIST
0352baec-53e7-4f04-a1a7-3c136e2f81d3,8fdfe1df-6126-4bf3-a5a9-29be286fc729,DR. MEENA DEVI,REG_OM9W29VH,MBBS MD,9564830804,,32.9,ANAESTHETIST
ac1f399b-24e2-4cdd-a73b-b59eb375b039,8fdfe1df-6126-4bf3-a5a9-29be286fc729,DR. PRIYA KUMARI,REG_C0RK5G58,MBBS MS MCh,8051469471,,16.7,ANAESTHETIST
6eeb3cd8-d3fe-45a2-a859-b5edc601a39a,8fdfe1df-6126-4bf3-a5a9-29be286fc729,DR. GULABO DEVI,REG_4B5DVBV7,MBBS DNB,9680724938,,8.2,PRIMARY_CLINICIAN
62e99c64-2b62-4cac-924b-140d1d8f00b3,8fdfe1df-6126-4bf3-a5a9-29be286fc729,DR. SUNITA DEVI,REG_UZ0FY104,MBBS MS,7935455801,,4.6,PAEDIATRICIAN
3d7a18d6-e9c0-481c-b114-8e08f1eff669,96c9506c-020a-4297-8af7-1d7eeffe7be0,DR. DINESH KUMAR TIWARI,REG_RUI0WO8O,MBBS DNB,7778596674,,23.1,SURGEON
5ceb92ba-d6c7-4839-b69f-9acf9f465d5e,96c9506c-020a-4297-8af7-1d7eeffe7be0,DR. LAKHAN LAL,REG_SU21QK35,MBBS DA,8165907232,,17.4,RADIOLOGIST
4534f0a1-211d-4305-a826-a8cefc4f4243,96c9506c-020a-4297-8af7-1d7eeffe7be0,DR. LEELA DEVI,REG_N6JG1TM9,MBBS DNB,9436805553,,10.2,PAEDIATRICIAN
1aedcf62-e445-4a7c-9ec2-a3e5c54c7650,96c9506c-020a-4297-8af7-1d7eeffe7be0,DR. SHYAM LAL,REG_ZNF9MY4W,MBBS MD DM,9716045809,,20.1,PAEDIATRICIAN
84414c6f-aeae-4622-b8c4-df1bda8d9016,96c9506c-020a-4297-8af7-1d7eeffe7be0,DR. GULABO DEVI,REG_88ZGQBVW,MBBS MS,7745254412,,16.1,PAEDIATRICIAN
eb822891-e109-4203-b3ba-ec443e56d184,d1cb92dd-5843-4f7a-bcbe-1487358d8cc0,DR. REENA DEVI,REG_44HEM0XP,MBBS MS MCh,7950690038,,6.2,SURGEON
2ef04778-8190-4289-8273-08aec76319eb,d1cb92dd-5843-4f7a-bcbe-1487358d8cc0,DR. SURESH KUMAR,REG_DAE6KU5M,MBBS MS MCh,7937628459,,34.8,GYNAECOLOGIST
46da9a45-30fc-473e-9254-db94d9a9fe7f,d1cb92dd-5843-4f7a-bcbe-1487358d8cc0,DR. RADHA DEVI,REG_X8PW3NK3,MBBS MD DM,7950486715,,25.7,GYNAECOLOGIST
7c5a4cba-33b5-4e2d-b4d1-743f35842a89,d1cb92dd-5843-4f7a-bcbe-1487358d8cc0,DR. DRAUPADI DEVI,REG_WY3293LU,MBBS MS,8073201057,,26.7,ANAESTHETIST
c58d87e3-0f90-4067-b2ba-a25a634fb5b9,d1cb92dd-5843-4f7a-bcbe-1487358d8cc0,DR. ARVIND KUMAR,REG_GQGD1W6B,MBBS MD,7576680530,,22.7,GYNAECOLOGIST
45ec51ef-abc7-4571-bb13-411ffff9ba66,d1cb92dd-5843-4f7a-bcbe-1487358d8cc0,DR. LAKHAN LAL,REG_E9W15Q7B,MBBS,7904259840,,10.2,PAEDIATRICIAN
02f22ad3-2162-4181-86e5-f92cf063e4e9,d1cb92dd-5843-4f7a-bcbe-1487358d8cc0,DR. CHAMELI DEVI,REG_KKTWLM0M,MBBS MS,8088778552,,31.8,PAEDIATRICIAN
6bdfdca8-5f47-4f68-90a2-694d2b761d05,dc3838bb-176a-4392-b83b-98e3856a632f,DR. KUSUM DEVI,REG_ID4036OD,MBBS DA,9871554024,,20.6,RADIOLOGIST
0df0f0fd-d2d3-4314-91dd-70a1e5564af0,dc3838bb-176a-4392-b83b-98e3856a632f,DR. SHANTI DEVI,REG_7S95361D,MBBS DNB,9404903312,,18.9,SURGEON
c883d59a-4ae1-4895-84eb-1ff8584be87a,dc3838bb-176a-4392-b83b-98e3856a632f,DR. GUDDU KUMAR,REG_9SJ871QJ,MBBS DNB,9738722391,,22.0,PAEDIATRICIAN
3232c10c-fa5e-4d32-81d1-a0c40c5ef100,dc3838bb-176a-4392-b83b-98e3856a632f,DR. GUDDU KUMAR,REG_CZ5Y48PP,MBBS MD,7974521836,,5.5,SURGEON
661ab60b-b921-4b66-8826-da6e1457fed5,dc3838bb-176a-4392-b83b-98e3856a632f,DR. MUKESH KUMAR,REG_7D6JZZ48,MBBS DNB,7848798220,,33.7,PRIMARY_CLINICIAN
f6f8e30c-c91b-4b92-a92e-692d209386e0,dc3838bb-176a-4392-b83b-98e3856a632f,DR. ANITA DEVI,REG_NOHWZ5FP,MBBS,9535862395,,26.2,RADIOLOGIST
2b98905b-0138-4ba7-bcdd-b21524834a37,dc3838bb-176a-4392-b83b-98e3856a632f,DR. PUSHPA DEVI,REG_RL2AD44O,MBBS MS MCh,9595215334,,11.2,ANAESTHETIST
bb595b53-ec78-4c29-b220-828f5c0eeeb7,7351156d-395a-48f3-ae66-8871e568bf63,DR. KUSUM DEVI,REG_I6L0MO3P,MBBS MD DM,9839511769,,10.3,GYNAECOLOGIST
8d742037-7f41-4ba4-ac58-ca1a4babaefb,7351156d-395a-48f3-ae66-8871e568bf63,DR. SAVITRI DEVI,REG_X9H094F4,MBBS,8063054240,,5.0,RADIOLOGIST
4f9d39c8-ebe7-4691-b388-50cc4463d507,7351156d-395a-48f3-ae66-8871e568bf63,DR. PRIYA KUMARI,REG_3II2TGTJ,MBBS MD,7599780261,,31.6,SURGEON
7ebcb3cb-befa-48c2-8e19-9872b63120f9,58705a78-cc11-414e-b4fb-f96d67d01ca4,DR. POONAM DEVI,REG_ZJYYTZKB,MBBS MD DM,9858155812,,18.4,ANAESTHETIST
1b9b19b4-3d1f-46b6-99cc-67b681112e78,58705a78-cc11-414e-b4fb-f96d67d01ca4,DR. ROHIT KUMAR,REG_U32XME1G,MBBS MD DM,9626894087,,25.8,SURGEON
e2a50192-f429-490b-87c0-94f7b54d1285,58705a78-cc11-414e-b4fb-f96d67d01ca4,DR. JAGDISH PRASAD,REG_LLFPTVL2,MBBS,7040061190,,25.5,GYNAECOLOGIST
53ec898a-4a5a-416f-b94b-24fde10ab94c,58705a78-cc11-414e-b4fb-f96d67d01ca4,DR. SANJAY KUMAR,REG_3KJ96XRS,MBBS DNB,9639109758,,3.1,GYNAECOLOGIST
9afb1cfb-ccd6-4c0e-b0f1-9a5b6ca38c4b,58705a78-cc11-414e-b4fb-f96d67d01ca4,DR. VIJAY KUMAR,REG_YN8MCG0J,MBBS,9634844175,,5.2,PAEDIATRICIAN
5c998951-cd45-4d08-aadd-3563e1ffa044,58705a78-cc11-414e-b4fb-f96d67d01ca4,DR. GULABO DEVI,REG_80B2FS66,MBBS,7765889422,,24.5,RADIOLOGIST
c55ebb2c-8628-4151-a984-ef9153248f35,e85ab361-725c-45c9-a25a-734c9f115fe9,DR. REENA DEVI,REG_XZ7W3YUE,MBBS DNB,7020261052,,16.6,PAEDIATRICIAN
add066f5-067a-4dd8-9858-f939e5f844f5,e85ab361-725c-45c9-a25a-734c9f115fe9,DR. SANTOSHI DEVI,REG_ST7GOBW3,MBBS MS,9540334153,,27.5,ANAESTHETIST
6562661e-52e6-4fcc-b5ae-55a65958942e,e85ab361-725c-45c9-a25a-734c9f115fe9,DR. HARI OM,REG_EDWCWJ2N,MBBS MD DM,9451246515,,32.4,PRIMARY_CLINICIAN
d215a4e3-154f-4b2a-98a4-4e1a845799c6,e85ab361-725c-45c9-a25a-734c9f115fe9,DR. REENA DEVI,REG_MGZN3VS7,MBBS,7519279688,,4.8,PRIMARY_CLINICIAN
9f7233c8-82dc-44ca-9dd1-bb012c89a792,e85ab361-725c-45c9-a25a-734c9f115fe9,DR. RAMU KAKA,REG_HBKWAEYA,MBBS,7974490621,,32.4,PRIMARY_CLINICIAN
9f4124dd-968c-4779-8740-d0bf1e3f44ed,e85ab361-725c-45c9-a25a-734c9f115fe9,DR. PUSHPA DEVI,REG_KQR2G4YO,MBBS MD DM,9688144823,,19.9,GYNAECOLOGIST
5db0f85b-1503-4874-90bd-71cb8377b44a,e85ab361-725c-45c9-a25a-734c9f115fe9,DR. SEEMA DEVI,REG_1XWUAAQM,MBBS MD,7926401300,,20.5,RADIOLOGIST
b867cdc7-3563-4ea3-b3d2-d0f757024b66,46d33299-c193-4919-9d89-9426f61866fb,DR. ARVIND KUMAR,REG_XRE199YU,MBBS DA,9451523476,,26.7,RADIOLOGIST
6505f9dd-6824-4446-8fff-cbd5f34bd146,46d33299-c193-4919-9d89-9426f61866fb,DR. REKHA DEVI,REG_KZGT6X4P,MBBS DNB,7872353609,,17.4,PAEDIATRICIAN
ff4778f3-b3a6-4185-8ebb-36ddc7b5e240,46d33299-c193-4919-9d89-9426f61866fb,DR. GULABO DEVI,REG_HPSS1IUH,MBBS DA,9506918871,,4.8,GYNAECOLOGIST
c35608eb-5549-426d-9e12-4ee1f8bb755c,46d33299-c193-4919-9d89-9426f61866fb,DR. USHA DEVI,REG_IARYB0RF,MBBS MS,7555896388,,22.5,ANAESTHETIST
514ed026-705b-416b-9cce-2feaa148cd27,46d33299-c193-4919-9d89-9426f61866fb,DR. GUDDU KUMAR,REG_4YWFUDPD,MBBS MS,7567224011,,32.5,PRIMARY_CLINICIAN
a8cdd68f-8bc5-4efd-8d9c-fb45935527cd,46d33299-c193-4919-9d89-9426f61866fb,DR. SUSHILA DEVI,REG_F94N0O6S,MBBS,8110520013,,20.6,GYNAECOLOGIST
bd17e65f-58bc-4028-b8e0-49b9a09e4cff,69145784-4a25-49ed-958e-b532f579d5ed,DR. RAMESH CHANDRA,REG_56O6F1U2,MBBS DA,7583101845,,14.9,ANAESTHETIST
80b14f9d-65c4-45a5-9e99-28fe4d417ba5,69145784-4a25-49ed-958e-b532f579d5ed,DR. RAVINDRA NATH,REG_9RT7FO9Z,MBBS MS MCh,7930297787,,28.4,ANAESTHETIST
631f29a9-fbf0-46bd-8159-68192b6d613e,69145784-4a25-49ed-958e-b532f579d5ed,DR. DEEPAK KUMAR,REG_7A5M4DSQ,MBBS MS,7744943175,,5.1,GYNAECOLOGIST
fd46d825-0327-4143-a0ec-061718ada3c6,69145784-4a25-49ed-958e-b532f579d5ed,DR. DEVENDRA KUMAR PASI,REG_4QHTS3Q6,MBBS MS,7870923399,,21.9,GYNAECOLOGIST
af8ea882-5fba-4d9f-a7f1-e1f13a02dd20,69145784-4a25-49ed-958e-b532f579d5ed,DR. LAKHAN LAL,REG_6SM8ZY1C,MBBS DNB,7945314351,,26.8,PAEDIATRICIAN
c2207815-9a0e-46af-a853-a69db74a27aa,69145784-4a25-49ed-958e-b532f579d5ed,DR. RAMESH CHANDRA,REG_17HA9O7F,MBBS MD DM,7043266033,,12.5,SURGEON
6d942312-9cde-4fce-b5c3-00613c8682a5,69145784-4a25-49ed-958e-b532f579d5ed,DR. SHEELA DEVI,REG_88YY2PHD,MBBS DA,7668126749,,10.9,GYNAECOLOGIST
2df650c5-d11a-4fe7-8b54-1f21301f743e,36444e3e-7a59-4ea5-8c9a-c6340604da8c,DR. RAJEEV KUMAR BIND,REG_W4TVKTR6,MBBS MS,9448621307,,18.7,SURGEON
dc8a70c4-7216-40f0-b240-4f14e2461e61,36444e3e-7a59-4ea5-8c9a-c6340604da8c,DR. RAVI SHANKAR,REG_6AQ5T12Y,MBBS MS,7514057207,,28.7,PRIMARY_CLINICIAN
fde686f6-5757-4767-8c22-b6fb0e839ba6,36444e3e-7a59-4ea5-8c9a-c6340604da8c,DR. GEETA DEVI,REG_KXB0S83A,MBBS,7696756877,,18.8,SURGEON
de26c71e-6fed-43dc-b30f-25b3834b06cb,36444e3e-7a59-4ea5-8c9a-c6340604da8c,DR. BABLU KUMAR,REG_Q5J28CV0,MBBS MD DM,9814631282,,33.6,ANAESTHETIST
d01bd3cc-adef-45c7-be56-b123e9c838e0,8261815c-c6c3-4440-b5cb-a61472a5f6c3,DR. REKHA DEVI,REG_284G51OP,MBBS,7967031033,,29.9,ANAESTHETIST
703206eb-84a6-4295-8855-a0775e656f4e,8261815c-c6c3-4440-b5cb-a61472a5f6c3,DR. GULABO DEVI,REG_LOAV0OOS,MBBS MD,9863832176,,2.9,SURGEON
8c2b7fb0-bbb3-4bd2-b412-2de6f3955fe9,59fb002b-fae0-463b-a777-ddd901369bf2,DR. SHANTI DEVI,REG_OJFTUM90,MBBS DA,9746704814,,29.4,ANAESTHETIST
a99b19bd-b7d2-42e8-9984-51a9ef784e09,59fb002b-fae0-463b-a777-ddd901369bf2,DR. JAGDISH PRASAD,REG_HAU71W9Z,MBBS,9667246260,,32.9,ANAESTHETIST
c84a013f-55b2-4139-85d2-e5c87e646bc2,59fb002b-fae0-463b-a777-ddd901369bf2,DR. HEMANT KUMAR,REG_IRRHV13O,MBBS DNB,8123641528,,11.1,RADIOLOGIST
ca65e40b-fcf1-4437-99ec-fcf4054fe0af,59fb002b-fae0-463b-a777-ddd901369bf2,DR. ASHOK KUMAR,REG_PQZM3Z99,MBBS MD DM,7795331265,,34.9,SURGEON
d44033fa-7e6b-452b-b3cc-a89848539fd5,59fb002b-fae0-463b-a777-ddd901369bf2,DR. SANTOSHI DEVI,REG_8254LBJO,MBBS MS MCh,9673175880,,3.1,PAEDIATRICIAN
a76cea2e-a033-49c7-a136-eeb000d697bf,59fb002b-fae0-463b-a777-ddd901369bf2,DR. RAJEEV KUMAR,REG_F9Y28ZWL,MBBS DA,7708836396,,33.0,PAEDIATRICIAN
6987414a-4b3d-4abc-a7de-1b3d85946ca3,9d90006e-8084-409b-8df1-e98cb3cdde4c,DR. LAXMI DEVI,REG_CBXXON70,MBBS DA,7634562064,,15.3,RADIOLOGIST
abff15b3-ded3-4242-9a5f-517a19bfaf8e,9d90006e-8084-409b-8df1-e98cb3cdde4c,DR. RAMU KAKA,REG_WJTGYFCP,MBBS MD DM,7752151715,,6.3,RADIOLOGIST
a5d6b3fd-08dc-4288-8d1e-2013a250a690,9d90006e-8084-409b-8df1-e98cb3cdde4c,DR. DINESH KUMAR,REG_IE4C7POP,MBBS MS,8080759919,,33.6,GYNAECOLOGIST
a2c6632f-f4d6-470f-983d-aa03ae3aadf6,9d90006e-8084-409b-8df1-e98cb3cdde4c,DR. ANITA DEVI,REG_6NYZU89R,MBBS DNB,7810476222,,16.9,RADIOLOGIST
ef128a77-8e84-4bfd-bb5e-33f144d43005,9d90006e-8084-409b-8df1-e98cb3cdde4c,DR. SAROJ DEVI,REG_0R64X8NE,MBBS MD,9855769035,,31.8,SURGEON
9ea5edaf-5c79-444c-81cb-dbe6a2288f40,9d90006e-8084-409b-8df1-e98cb3cdde4c,DR. SANTOSHI DEVI,REG_GTCEC818,MBBS MS,7868846663,,10.0,ANAESTHETIST
91bed6de-d358-42b1-bcca-939b605e12a8,9d90006e-8084-409b-8df1-e98cb3cdde4c,DR. RAKESH KUMAR,REG_QSR1BEMG,MBBS DNB,7569019214,,23.6,GYNAECOLOGIST
983dcc75-9970-429c-ba6e-43c027fcf28b,9d90006e-8084-409b-8df1-e98cb3cdde4c,DR. NARESH KUMAR PATEL,REG_OVWSGCWS,MBBS DNB,7523147455,,12.3,SURGEON
52151ff7-a024-4a3f-9364-99f33baa99b1,e5e3d91c-f1d9-4cd7-b2e5-9814142125b5,DR. NIRMALA DEVI,REG_GKX4AP3J,MBBS DA,8025507109,,32.8,ANAESTHETIST
efc489ce-02e0-4cc8-8a2a-9380126194df,e5e3d91c-f1d9-4cd7-b2e5-9814142125b5,DR. DEVENDRA KUMAR,REG_KWLWV5NV,MBBS DNB,7829380476,,7.2,SURGEON
34d00415-5a69-4510-be49-84e865b335ba,e5e3d91c-f1d9-4cd7-b2e5-9814142125b5,DR. KUSUM DEVI,REG_34TZI334,MBBS DNB,7538725975,,4.9,ANAESTHETIST
220b271a-388c-4190-a8fc-bb06220aaaac,e5e3d91c-f1d9-4cd7-b2e5-9814142125b5,DR. SURESH KUMAR GAUTAM,REG_YZYPKUTA,MBBS,7989511854,,10.6,RADIOLOGIST
e2adc571-78ec-4852-afc6-1239041d4a55,e5e3d91c-f1d9-4cd7-b2e5-9814142125b5,DR. SANTOSHI DEVI,REG_7X3BFN9B,MBBS DNB,8133672708,,4.0,GYNAECOLOGIST
00892a1c-ae00-4be9-88b8-52dfebffeca0,e5e3d91c-f1d9-4cd7-b2e5-9814142125b5,DR. SANJAY KUMAR,REG_X8Q8UX0L,MBBS MS MCh,9825368929,,2.0,RADIOLOGIST
d422eec8-d524-4c28-96e2-26ed3c434b6b,e5e3d91c-f1d9-4cd7-b2e5-9814142125b5,DR. VIVEK KUMAR,REG_5OK8WNUD,MBBS DA,8163426835,,31.7,SURGEON
ac0c72b1-8e46-4115-93f8-d694807b33b3,e5e3d91c-f1d9-4cd7-b2e5-9814142125b5,DR. NIRMALA DEVI,REG_OPUHSUBY,MBBS,7892942854,,26.1,ANAESTHETIST
306081b9-5a6a-467b-8819-b1534056362b,8b5a2d8c-e6e9-4fda-982b-128ab4d07053,DR. SHYAM LAL,REG_OVP9BW7Z,MBBS MS,7634553414,,32.2,PAEDIATRICIAN
044e3ca1-3942-4215-a6e4-26934b8eaeb6,8b5a2d8c-e6e9-4fda-982b-128ab4d07053,DR. SHEELA DEVI,REG_WPKB0NH6,MBBS MS,9865082019,,33.5,PAEDIATRICIAN
2f0f8bd4-38a2-42ca-b627-87c375a03402,8b5a2d8c-e6e9-4fda-982b-128ab4d07053,DR. ANIL KUMAR,REG_9VMJGIT3,MBBS MD DM,7717976597,,12.9,GYNAECOLOGIST
8daf96f5-6243-4388-b720-816e9678c66d,8b5a2d8c-e6e9-4fda-982b-128ab4d07053,DR. PUSHPA DEVI,REG_LDNRD8JB,MBBS MS MCh,9652598026,,29.3,PRIMARY_CLINICIAN
93fceb0e-50f0-41c6-8fef-6a5758030b10,8b5a2d8c-e6e9-4fda-982b-128ab4d07053,DR. SURESH KUMAR,REG_DST4W7RE,MBBS MD,9701233976,,30.4,GYNAECOLOGIST
2918fac2-2032-4f7c-b872-037462f5cdf1,8b5a2d8c-e6e9-4fda-982b-128ab4d07053,DR. LEELA DEVI,REG_9M37NXKC,MBBS MD DM,7709390214,,26.7,PRIMARY_CLINICIAN
2b14b210-8d06-4951-8b37-2fcf267cf127,8b5a2d8c-e6e9-4fda-982b-128ab4d07053,DR. URMILA DEVI,REG_TV0VIPSI,MBBS MS,9866266075,,19.1,PRIMARY_CLINICIAN
88e407ae-f794-496b-9a5f-1f46e89bb9a2,8b5a2d8c-e6e9-4fda-982b-128ab4d07053,DR. ASHOK KUMAR,REG_EAQAHRAB,MBBS DNB,7547103446,,19.5,GYNAECOLOGIST
1d22e5ed-78f5-49e4-9eb4-241c3383c013,3fdfbb50-b470-4048-bc8a-b65b51b1e469,DR. ANITA DEVI,REG_AOZRIYBM,MBBS MS,9474325778,,9.6,GYNAECOLOGIST
85ebf94d-6d89-45c8-a8a6-71b98da783b9,3fdfbb50-b470-4048-bc8a-b65b51b1e469,DR. SUSHILA DEVI,REG_2XP2POZD,MBBS MD,8164439597,,8.9,PRIMARY_CLINICIAN
f6174bce-e9c5-4c7d-9fa7-4cce58fdae3b,819724e0-e567-4482-adcc-72961a8003f3,DR. RADHA DEVI,REG_WSP40V56,MBBS DA,9790607386,,11.3,ANAESTHETIST
d01f5c11-f99b-41df-a77b-a5c2776e29e6,819724e0-e567-4482-adcc-72961a8003f3,DR. RAVINDRA NATH,REG_FWU0EALX,MBBS MD,9482579573,,34.0,GYNAECOLOGIST
67768186-d4ed-49c7-93a8-4cf77586e2cc,819724e0-e567-4482-adcc-72961a8003f3,DR. MANJU DEVI,REG_TK1CXXMC,MBBS MD,9797082277,,24.5,RADIOLOGIST
3387579c-f4aa-4fed-84d1-637b82849ad6,819724e0-e567-4482-adcc-72961a8003f3,DR. BABLU KUMAR,REG_CVQF4SNQ,MBBS MS,8143483453,,10.4,ANAESTHETIST
90d107ee-0fc8-4858-b472-d7b684e43305,819724e0-e567-4482-adcc-72961a8003f3,DR. AMIT KUMAR PATEL,REG_44L6A9MQ,MBBS MS MCh,9794460776,,21.5,ANAESTHETIST
8b01d874-387e-49df-8773-58e9a9c7665b,989e7a06-2fea-458a-8fbd-24b589a8913e,DR. DEEPAK KUMAR,REG_4UXJVS6J,MBBS DNB,7892345530,,4.7,GYNAECOLOGIST
b50c3ad1-7ce1-4849-9d1a-ecaca18a4f47,989e7a06-2fea-458a-8fbd-24b589a8913e,DR. ANITA DEVI,REG_4RY0G5KG,MBBS MD DM,9463651846,,8.3,ANAESTHETIST
f414c50e-cc3e-4e33-b391-cedc5c17c059,989e7a06-2fea-458a-8fbd-24b589a8913e,DR. RAJU YADAV,REG_AKKIN25R,MBBS DA,7760932926,,23.8,GYNAECOLOGIST
b6290781-9be3-4ed2-aa33-a957dd57d5c7,989e7a06-2fea-458a-8fbd-24b589a8913e,DR. GUDDU KUMAR SINGH,REG_9V9YUY1Y,MBBS MS MCh,7003010360,,14.5,PRIMARY_CLINICIAN
f2e1bf0e-01b7-463e-bc06-08f92b11ba8a,a9cbe62c-c756-4ef0-900f-6093b208f02e,DR. MUNNI DEVI,REG_AR1H3R8S,MBBS MD,8088283139,,18.0,SURGEON
61a12eb1-d723-460d-907b-1284817193d0,a9cbe62c-c756-4ef0-900f-6093b208f02e,DR. KALAWATI DEVI,REG_VY6WAAQY,MBBS,9600752643,,9.8,ANAESTHETIST
3bbced26-2ede-4d6d-adce-5f21abce7568,a9cbe62c-c756-4ef0-900f-6093b208f02e,DR. SHEELA DEVI,REG_VR24NLOI,MBBS DA,9580906920,,9.1,GYNAECOLOGIST
1bf70cb6-f482-48a6-9148-983b2dcda19b,a9cbe62c-c756-4ef0-900f-6093b208f02e,DR. SHEELA DEVI,REG_H7XVF7DP,MBBS MS MCh,7749865264,,8.1,GYNAECOLOGIST
9343f8bf-dc33-4a6c-83ff-e4b5e8ee9994,82c8d24f-ce74-4ce1-afd5-8ac38a4e73e5,DR. GEETA DEVI,REG_26PIEO6Q,MBBS DA,7527405345,,32.9,RADIOLOGIST
408422d6-6822-4b68-ba23-1828d79ecb21,82c8d24f-ce74-4ce1-afd5-8ac38a4e73e5,DR. GEETA DEVI,REG_QDRWY5WJ,MBBS MD DM,7051807941,,9.3,RADIOLOGIST
a809024d-7791-41d6-9062-24f790701d7c,82c8d24f-ce74-4ce1-afd5-8ac38a4e73e5,DR. RAJEEV KUMAR,REG_UVM6X7E1,MBBS MD DM,9498646180,,22.2,RADIOLOGIST
60e108eb-f733-4675-ab86-2780bd122abd,f8702d2c-9d95-4cd8-9f4d-26a0f162cf76,DR. SUSHIL KUMAR NISHAD,REG_0K6YBPPD,MBBS DNB,7842713981,,9.4,ANAESTHETIST
bbd5a38c-c7b5-4791-9057-235d3df08d3d,f8702d2c-9d95-4cd8-9f4d-26a0f162cf76,DR. LAXMI DEVI,REG_8AWSMTCL,MBBS DA,7880158779,,11.6,RADIOLOGIST
fcc04a3b-4852-4d35-91f0-f9a15a85f7c5,f8702d2c-9d95-4cd8-9f4d-26a0f162cf76,DR. DRAUPADI DEVI,REG_7X6N92XU,MBBS MS,7850992556,,31.4,PAEDIATRICIAN
558be301-7101-4c88-af1b-4df834bc700a,f8702d2c-9d95-4cd8-9f4d-26a0f162cf76,DR. DEEPAK KUMAR,REG_D854XJS4,MBBS MD DM,9734679616,,31.4,SURGEON
77b60397-79a2-4e20-b6d8-bdaf32acb3ad,4503aa38-0205-4089-aaf1-bcdc89fa5155,DR. RANI DEVI,REG_4GG58MIL,MBBS DA,8181570022,,34.5,GYNAECOLOGIST
23013f64-3030-4966-9a99-b62deb0e27c0,4503aa38-0205-4089-aaf1-bcdc89fa5155,DR. LAXMI DEVI,REG_3M9GGF16,MBBS MD,7818519302,,28.0,ANAESTHETIST
26d4a194-68fc-4737-a1ef-c1eac92be576,7cf63fd6-525a-4cb0-aa17-70114174c4e8,DR. URMILA DEVI,REG_SRDTOR8I,MBBS MD,9622538935,,5.8,SURGEON
9a034b4a-10a9-4f57-8cec-d4ff246c6d90,7cf63fd6-525a-4cb0-aa17-70114174c4e8,DR. SHEELA DEVI,REG_C78Y25ZE,MBBS MS MCh,7656450644,,23.2,PRIMARY_CLINICIAN
249b1239-7972-41f3-a0df-a3176fffdc09,7cf63fd6-525a-4cb0-aa17-70114174c4e8,DR. JAGDISH PRASAD,REG_GB6CZNN9,MBBS DA,8009123365,,17.0,GYNAECOLOGIST
02e25eed-ac79-4ce3-8e11-a827901ae731,7cf63fd6-525a-4cb0-aa17-70114174c4e8,DR. MEENA DEVI,REG_VU3X93PR,MBBS,8104324175,,13.8,RADIOLOGIST
7d504778-baca-48b3-9cd8-52fbe255ef52,7cf63fd6-525a-4cb0-aa17-70114174c4e8,DR. GULABO DEVI,REG_9PGRPBOS,MBBS DNB,9771499781,,9.6,PAEDIATRICIAN
7b04d8eb-58da-4a7c-9039-dbf536a75c06,7cf63fd6-525a-4cb0-aa17-70114174c4e8,DR. SUNITA DEVI,REG_AY4KSCX7,MBBS MS MCh,7615645709,,23.1,GYNAECOLOGIST
7ae95348-863b-47ce-a8bc-f3273019ea6e,7cf63fd6-525a-4cb0-aa17-70114174c4e8,DR. DEVENDRA KUMAR,REG_1HRFV4UC,MBBS MS MCh,9635309383,,7.9,RADIOLOGIST
184b3b7e-768a-4f34-a57a-2e1b78e0575c,7cf63fd6-525a-4cb0-aa17-70114174c4e8,DR. KALAWATI DEVI,REG_3NXOOZB2,MBBS DA,8151719918,,12.9,SURGEON
399c2a04-1d00-4b8a-a951-a4b9752ca6d1,217cbc96-2716-413f-86f8-1a1cb6af6172,DR. SARASWATI DEVI,REG_3YG7MQB2,MBBS,8150370029,,12.0,ANAESTHETIST
34fa036d-cba7-404d-b180-cf25d71f9d4f,217cbc96-2716-413f-86f8-1a1cb6af6172,DR. DEEPAK KUMAR,REG_50G6JUN1,MBBS MS MCh,9801328576,,2.2,SURGEON
4e2ce1e4-be57-4079-98b7-774163c3e8d4,6f6fd709-89b2-4913-984e-9bf86d63793c,DR. KAMLA DEVI,REG_H69GXQPE,MBBS MS,7035492366,,19.8,ANAESTHETIST
d05ef0e8-f340-45a4-aa3a-ccad0cf866c0,6f6fd709-89b2-4913-984e-9bf86d63793c,DR. SUNITA DEVI,REG_CGM9CWC9,MBBS MD,9792656727,,21.5,ANAESTHETIST
f1729199-ddf9-4424-ab72-54eed919b519,6f6fd709-89b2-4913-984e-9bf86d63793c,DR. RANI DEVI,REG_FDNF9HRD,MBBS MS,7600916393,,1.0,PRIMARY_CLINICIAN
b1c940f1-1130-48d2-9e8c-c1ceb01e477d,6f6fd709-89b2-4913-984e-9bf86d63793c,DR. SHANTI DEVI,REG_AAJZ3B8E,MBBS DA,7783060317,,27.6,GYNAECOLOGIST
4282fcde-532d-48ae-8cf7-7bb8c4929983,6f6fd709-89b2-4913-984e-9bf86d63793c,DR. SUSHIL KUMAR,REG_SIURAY14,MBBS DNB,8025136881,,33.5,PAEDIATRICIAN
113b559e-c91c-4e02-8f6d-37c6262cc969,6f6fd709-89b2-4913-984e-9bf86d63793c,DR. SUNITA DEVI,REG_KIQDAXAQ,MBBS DNB,7865251212,,24.0,PRIMARY_CLINICIAN
4eea8fd7-84cd-4a67-a121-77d08e651602,6f6fd709-89b2-4913-984e-9bf86d63793c,DR. SUSHILA DEVI,REG_8VQJQ0U5,MBBS MS MCh,7877277460,,8.4,PRIMARY_CLINICIAN
aa530f8f-05df-4c67-92c3-342af65b533a,6f6fd709-89b2-4913-984e-9bf86d63793c,DR. DEEPAK KUMAR,REG_R5I6XP6W,MBBS DA,9743636021,,15.3,ANAESTHETIST
ecc6fdb8-60cf-4410-bb17-ffda9bf367ee,e4ff6a0e-41ec-4e1a-8d08-ab8870ed5495,DR. RAM PRASAD,REG_57HG3272,MBBS,9580400442,,16.6,GYNAECOLOGIST
6dc58e0f-6a18-4e1b-89d5-d0b8179ecbd9,e4ff6a0e-41ec-4e1a-8d08-ab8870ed5495,DR. CHAMELI DEVI,REG_Y2C4FA01,MBBS MS,7629271108,,3.6,GYNAECOLOGIST
ca0cf26e-d0e7-469a-a0f8-a4a7c63a49f2,e4ff6a0e-41ec-4e1a-8d08-ab8870ed5495,DR. RADHA DEVI,REG_GLS81E40,MBBS MS,7754524370,,33.0,PAEDIATRICIAN
1655b897-5d76-4d18-81b2-f2b273fc4d1d,e4ff6a0e-41ec-4e1a-8d08-ab8870ed5495,DR. GULABO DEVI,REG_B2BCPZOT,MBBS,7933421180,,33.3,PRIMARY_CLINICIAN
05c638d1-cb3c-488c-98c9-2462796c6d6e,05ce50e2-7763-4f0c-aa9c-af393385d1a7,DR. LEELA DEVI,REG_C7ADR4J8,MBBS MS MCh,9514250316,,17.8,PRIMARY_CLINICIAN
4fea98a0-4bcd-4040-a8cb-5536e67b0b32,05ce50e2-7763-4f0c-aa9c-af393385d1a7,DR. URMILA DEVI,REG_UTL1QGMU,MBBS MD DM,7037965731,,31.6,PAEDIATRICIAN
5b50f323-29af-46a8-96c6-dae619c01f73,05ce50e2-7763-4f0c-aa9c-af393385d1a7,DR. SAROJ DEVI,REG_BXCBRR60,MBBS MS MCh,7754443369,,31.3,ANAESTHETIST
4aa51f40-a1ec-48a6-98bb-da1e19bd9d1c,05ce50e2-7763-4f0c-aa9c-af393385d1a7,DR. GULABO DEVI,REG_0RFCB6YB,MBBS DA,7899174309,,22.3,SURGEON
1e441325-2908-4a45-a871-19b8a758320b,05ce50e2-7763-4f0c-aa9c-af393385d1a7,DR. RAVINDRA NATH,REG_02LK5GLP,MBBS,7879768752,,18.0,PRIMARY_CLINICIAN
a5d3c050-4f25-4b61-808f-02a0597f9ff8,de0a77ef-83ed-48d5-bc82-51af8afb0b6e,DR. GEETA DEVI,REG_21LK2IG5,MBBS MS MCh,7807945644,,3.0,GYNAECOLOGIST
f9d3bf5a-dc0d-4383-abf3-c003fc8b061d,de0a77ef-83ed-48d5-bc82-51af8afb0b6e,DR. SUMITRA DEVI,REG_AKTXA5ER,MBBS MD DM,8120753800,,9.1,PRIMARY_CLINICIAN
68a4c3d7-b00a-47a8-9dc6-cebff2de145e,de0a77ef-83ed-48d5-bc82-51af8afb0b6e,DR. SUNITA DEVI,REG_94V2Q3FU,MBBS MD DM,7630551264,,21.5,SURGEON
3953fef0-c6f0-43d8-9ac4-19717465272c,de0a77ef-83ed-48d5-bc82-51af8afb0b6e,DR. SURESH KUMAR,REG_ZASHU8RX,MBBS MD DM,7723566892,,31.3,PRIMARY_CLINICIAN
b2d51b25-9d67-400a-b480-7a4bbd7c9fad,de0a77ef-83ed-48d5-bc82-51af8afb0b6e,DR. RADHA DEVI,REG_R41NVKXM,MBBS,7967772522,,26.4,SURGEON
b7fb7f57-48e4-4686-adbc-17eae798d916,de0a77ef-83ed-48d5-bc82-51af8afb0b6e,DR. ANITA DEVI,REG_EDVMHFKV,MBBS DA,7845594317,,28.7,ANAESTHETIST
89e411e7-272a-4222-9665-e8f6f33a88b7,d4a1f99a-4df8-4c25-aa51-6df57715f352,DR. RAMU KAKA SHARMA,REG_OQYKM9B9,MBBS MS,8027808600,,12.4,GYNAECOLOGIST
faed8d52-d620-428e-a612-cea8a459d03a,d4a1f99a-4df8-4c25-aa51-6df57715f352,DR. SHYAM LAL,REG_852E0ZIU,MBBS MS MCh,9575019085,,20.2,PAEDIATRICIAN
31132c9e-8819-489d-8262-f0099413fd21,d4a1f99a-4df8-4c25-aa51-6df57715f352,DR. MANJU DEVI,REG_DST9W8A6,MBBS DNB,9773417859,,9.1,PRIMARY_CLINICIAN
c1b16266-88da-49cf-8432-c1f23fd56109,d4a1f99a-4df8-4c25-aa51-6df57715f352,DR. CHAMELI DEVI,REG_3EN7FADE,MBBS MD,9658553366,,28.5,PRIMARY_CLINICIAN
41198c98-6a0a-409d-9dd1-7b1976a0c13b,d4a1f99a-4df8-4c25-aa51-6df57715f352,DR. REKHA DEVI,REG_0WCXC3ZD,MBBS MS MCh,7691781778,,6.1,ANAESTHETIST
974de22d-ed4e-4c54-85b4-3b41edf7eb7b,d4a1f99a-4df8-4c25-aa51-6df57715f352,DR. NIRMALA DEVI,REG_PKRLI4IT,MBBS,7578258829,,33.4,RADIOLOGIST
400e6d6a-f179-4235-82df-6373c4ddc24a,d4a1f99a-4df8-4c25-aa51-6df57715f352,DR. SANJAY KUMAR PATEL,REG_CWILVBOU,MBBS MS MCh,7985694081,,27.8,SURGEON
1c33d284-910e-4330-82f1-9fecb38e7b0a,fc4369b5-8025-4c33-9a60-d4115a7a34d0,DR. PUSHPA DEVI,REG_C6Q8T54P,MBBS MS,8037937607,,26.7,RADIOLOGIST
14ae0661-ede4-44a0-bd77-2d34dc1e499d,fc4369b5-8025-4c33-9a60-d4115a7a34d0,DR. KALAWATI DEVI,REG_184XO78Q,MBBS,9572492388,,22.1,PRIMARY_CLINICIAN
1b76a52d-8de5-4e1a-9095-a53c92291e2c,dda532e3-58af-4a7a-8fe9-1ab12489b2b4,DR. RANI DEVI,REG_E95H6TAQ,MBBS DNB,9605477548,,20.0,PRIMARY_CLINICIAN
1f933ec0-aad6-44a8-a5f8-815d2e576c34,dda532e3-58af-4a7a-8fe9-1ab12489b2b4,DR. RAJESH KUMAR YADAV,REG_J4SCJZ3L,MBBS MD DM,9469137916,,1.4,RADIOLOGIST
aad38ffb-85b5-4509-b9a2-5669170064f0,dda532e3-58af-4a7a-8fe9-1ab12489b2b4,DR. SURESH KUMAR,REG_8K36LW3L,MBBS,9613527404,,25.7,RADIOLOGIST
08301b5d-3fc9-4a2f-b9b8-a6e8116521d6,dda532e3-58af-4a7a-8fe9-1ab12489b2b4,DR. ASHOK KUMAR,REG_L10UCJGH,MBBS,9533491862,,34.7,PRIMARY_CLINICIAN
66494489-77ee-446d-9bfe-e4b9c24cb0fd,dda532e3-58af-4a7a-8fe9-1ab12489b2b4,DR. RAVINDRA NATH,REG_SZUIUOGK,MBBS DA,9872359042,,31.6,PRIMARY_CLINICIAN
b45bc640-50c6-4eaf-acb6-34ae857a7b5a,166eabda-8244-4745-9397-b95d1ef8fef0,DR. MANOJ KUMAR,REG_UBOIU8V3,MBBS DA,9544443502,,24.3,RADIOLOGIST
20b7b4af-8b4d-4f85-9007-87654d75f24a,166eabda-8244-4745-9397-b95d1ef8fef0,DR. HEMANT KUMAR,REG_SL7H8Q6G,MBBS MD,7616298330,,23.9,RADIOLOGIST
2b675f88-b8cd-4707-bc72-c07bd6892983,166eabda-8244-4745-9397-b95d1ef8fef0,DR. ASHOK KUMAR,REG_RCHAI3MW,MBBS MS MCh,9744744575,,17.9,SURGEON
fb82335f-21e8-4454-9af0-2cc7c8b8ff76,6a086aec-9669-4b17-b8a0-9caaf9a034a1,DR. PREM SHANKAR YADAV,REG_HC5SPKF3,MBBS MS MCh,7726605858,,30.7,SURGEON
5750373a-ab50-468b-8528-e002a90dad04,6a086aec-9669-4b17-b8a0-9caaf9a034a1,DR. ANITA DEVI,REG_RNRPBJYT,MBBS DA,9739042846,,14.8,ANAESTHETIST
6064fb1a-fba9-4e06-b9a1-854ca91f8f3f,6a086aec-9669-4b17-b8a0-9caaf9a034a1,DR. REKHA DEVI,REG_GHD4GRGA,MBBS MD,8104560127,,4.8,GYNAECOLOGIST
203e2cba-2d6c-4448-a7c0-807c3fecc6e5,6a086aec-9669-4b17-b8a0-9caaf9a034a1,DR. SAROJ DEVI,REG_09OAXO76,MBBS MD DM,9679615281,,3.8,SURGEON
a3ea9b8d-adf7-4c3c-ab65-e278a9ff6fa0,6a086aec-9669-4b17-b8a0-9caaf9a034a1,DR. SARASWATI DEVI,REG_ZTKPFNRX,MBBS MD,9421655850,,23.2,GYNAECOLOGIST
75f273cb-f124-4697-a368-678d86e16646,6a086aec-9669-4b17-b8a0-9caaf9a034a1,DR. SARASWATI DEVI,REG_GPMUFRS1,MBBS MS MCh,7719925230,,12.6,GYNAECOLOGIST
23933936-78e8-4403-b05a-6822d56e1a0b,6a086aec-9669-4b17-b8a0-9caaf9a034a1,DR. SANTOSHI DEVI,REG_9C3ZIWSS,MBBS DNB,9513988369,,1.7,RADIOLOGIST
d8106e95-ec9a-4607-b09e-c38dbb2ab876,fba1b0a2-36df-4448-a6f4-a5f69ed5540f,DR. NIRMALA DEVI,REG_9L8EJMNN,MBBS DA,8078100200,,18.1,PAEDIATRICIAN
224068dc-9b54-4ff5-9240-e52c69de2a44,fba1b0a2-36df-4448-a6f4-a5f69ed5540f,DR. SUNITA DEVI,REG_AQTIJGWP,MBBS MS,9606226035,,33.9,GYNAECOLOGIST
90c85815-94da-41a0-a0a5-f3cd15ee63e9,fba1b0a2-36df-4448-a6f4-a5f69ed5540f,DR. UMESH KUMAR,REG_RH6DN65D,MBBS MS MCh,9423967251,,5.9,SURGEON
88af1876-afd5-4a07-a874-d624115e10b0,fba1b0a2-36df-4448-a6f4-a5f69ed5540f,DR. RAKESH KUMAR,REG_SYPAG76V,MBBS MS,7659488525,,32.5,RADIOLOGIST
30d980b9-1a50-4456-8a19-8fc8b682bdce,fba1b0a2-36df-4448-a6f4-a5f69ed5540f,DR. ANITA DEVI,REG_IKUEZHNU,MBBS MD,7007234344,,18.2,ANAESTHETIST
15a67274-826c-4d6b-b7a0-13e73b940fd5,fba1b0a2-36df-4448-a6f4-a5f69ed5540f,DR. BABLU KUMAR,REG_2IWHS7GS,MBBS MD DM,7563661190,,20.7,GYNAECOLOGIST
93d024e5-ae6f-43d1-bb29-044cd36879a1,fba1b0a2-36df-4448-a6f4-a5f69ed5540f,DR. REENA DEVI,REG_7S89ZYC6,MBBS MD,9849119320,,14.3,ANAESTHETIST
4bc58d05-086e-445f-81d6-2faceb04fe68,f9d81c10-4bce-435a-9f3f-6a6c3a0a8f4b,DR. AMIT KUMAR SINGH,REG_MV2JIEMT,MBBS MD,8058975808,,23.8,SURGEON
d47fccd3-044c-4fb6-b387-636bf5e350ff,f9d81c10-4bce-435a-9f3f-6a6c3a0a8f4b,DR. SUSHIL KUMAR,REG_6B3RRATU,MBBS MS,7563142905,,34.3,SURGEON
3eea9cf5-37d5-4a65-8059-3f789d88eecd,f9d81c10-4bce-435a-9f3f-6a6c3a0a8f4b,DR. GEETA DEVI,REG_QCYWEE0Z,MBBS MS,8111650852,,30.2,PRIMARY_CLINICIAN
a975ef0e-210b-4f28-abb4-639f1ac18fe2,f9d81c10-4bce-435a-9f3f-6a6c3a0a8f4b,DR. MUKESH KUMAR YADAV,REG_AME41848,MBBS MS MCh,7089698467,,25.3,RADIOLOGIST
ca3fce40-5a9a-4807-bb0c-4578efcc0c28,f9d81c10-4bce-435a-9f3f-6a6c3a0a8f4b,DR. SUSHIL KUMAR MAURYA,REG_GJG8Q5VI,MBBS MD,9897557804,,4.3,RADIOLOGIST
7e30a3f7-eb91-4db8-9e89-1d8cf67e9224,44dc56a6-7056-4052-8d04-ad514600eb72,DR. REENA DEVI,REG_RIX8R85J,MBBS MD DM,9812538944,,32.6,PAEDIATRICIAN
f77ec788-2bdd-4300-850e-426d068da881,44dc56a6-7056-4052-8d04-ad514600eb72,DR. ROHIT KUMAR,REG_NWKR5CSG,MBBS MD DM,8049238485,,32.9,RADIOLOGIST
344124eb-91a7-4059-bf52-7b6a2767f83a,44dc56a6-7056-4052-8d04-ad514600eb72,DR. GULABO DEVI,REG_DOZ92D5P,MBBS MS MCh,7601046241,,23.1,GYNAECOLOGIST
92ed27a8-2364-4fee-993b-568d056b3908,44dc56a6-7056-4052-8d04-ad514600eb72,DR. SANJAY KUMAR,REG_511O6SDJ,MBBS MS,7982105579,,35.0,SURGEON
80b6ce51-3b4f-4672-9f8c-9d464938495b,44dc56a6-7056-4052-8d04-ad514600eb72,DR. SAVITRI DEVI,REG_KC2WZ3XB,MBBS MS,9479160871,,17.3,ANAESTHETIST
91b98f57-5ef4-443e-9bcf-0c2b92f43615,98b8bcb0-8348-4bc5-9877-ef7b95360383,DR. SHYAM LAL,REG_YAX5F31H,MBBS DA,7570066130,,24.7,SURGEON
6147f416-647a-4fc7-add7-b2e78d4f308d,98b8bcb0-8348-4bc5-9877-ef7b95360383,DR. SAROJ DEVI,REG_RYTHXBL0,MBBS DA,9816686117,,7.2,GYNAECOLOGIST
a6b66e68-f863-45a0-b43f-7192ca9294f6,98b8bcb0-8348-4bc5-9877-ef7b95360383,DR. DRAUPADI DEVI,REG_W5GL4HGF,MBBS MD,8151870212,,29.7,ANAESTHETIST
66bb2a42-853f-4eac-b443-ef03ecbcd4a6,98b8bcb0-8348-4bc5-9877-ef7b95360383,DR. SHIV KUMAR,REG_VDU1KRBN,MBBS,9524785139,,23.0,SURGEON
1acae6f7-83b5-47ee-a7f0-83eae21087c5,98b8bcb0-8348-4bc5-9877-ef7b95360383,DR. DEEPAK KUMAR,REG_7W7VLY6A,MBBS MS,7943943005,,34.7,SURGEON
556554c6-dad8-4ec3-9f39-9b25d47f4235,98b8bcb0-8348-4bc5-9877-ef7b95360383,DR. VIVEK KUMAR,REG_K4MSWSPG,MBBS,7790419392,,27.4,PAEDIATRICIAN
8afef115-9f6d-4837-abf2-30c476bf4568,98b8bcb0-8348-4bc5-9877-ef7b95360383,DR. KUSUM DEVI,REG_1HLST8X4,MBBS,7710867644,,34.1,ANAESTHETIST
2c5a78b5-eccc-4902-a5b6-edb0f161678d,98b8bcb0-8348-4bc5-9877-ef7b95360383,DR. RAM PRASAD,REG_OG8GO0NL,MBBS,7034713190,,22.0,SURGEON
4aacddce-98e8-49f0-bad6-5d24f39796d6,26866bcb-4630-4820-811f-4d1799af65b6,DR. PREM SHANKAR,REG_WDGXFBK9,MBBS DNB,7889222761,,25.3,SURGEON
d309bb1e-54fd-47e3-b197-29cb4ee1b63c,26866bcb-4630-4820-811f-4d1799af65b6,DR. RANI DEVI,REG_Q4GF39J7,MBBS MS MCh,7901354436,,25.3,SURGEON
e56ce8f0-e31f-43ce-bdc6-c7138121b4a4,26866bcb-4630-4820-811f-4d1799af65b6,DR. SUNITA DEVI,REG_DXOLT2H4,MBBS MS MCh,9734642320,,21.8,PAEDIATRICIAN
c75e0b8c-6234-47a1-80db-a1130a37e5bf,26866bcb-4630-4820-811f-4d1799af65b6,DR. SHYAM LAL,REG_WKXXC0QI,MBBS DNB,7011705732,,23.4,PRIMARY_CLINICIAN
b7e4f578-a24d-4fb7-9b10-aa993e02e63d,26866bcb-4630-4820-811f-4d1799af65b6,DR. MANJU DEVI,REG_10VD7IXG,MBBS,7676049929,,2.3,PRIMARY_CLINICIAN
21fd037a-8421-4763-b828-4cb89a9c6b29,26866bcb-4630-4820-811f-4d1799af65b6,DR. MANJU DEVI,REG_D2SLSN6X,MBBS DA,7509435734,,16.4,PRIMARY_CLINICIAN
1a25a297-c18e-4c04-9617-7c4071c3b7bb,6bf3ade8-af71-40c1-b904-ad7f1e8e46ef,DR. KIRAN DEVI,REG_RJKVTIIE,MBBS MS,7639085570,,15.6,SURGEON
110fe41a-bf1b-45af-bb25-510c8e5ef5b8,6bf3ade8-af71-40c1-b904-ad7f1e8e46ef,DR. PRIYA KUMARI,REG_2OS97RAI,MBBS MD DM,7826855547,,2.6,ANAESTHETIST
3fd327ca-6655-447f-8685-4a50f4856125,6bf3ade8-af71-40c1-b904-ad7f1e8e46ef,DR. RAM PRASAD,REG_3TFYERU9,MBBS MS,9782993533,,24.0,SURGEON
e369de87-dd3c-4708-b8c0-d636567c18a8,6bf3ade8-af71-40c1-b904-ad7f1e8e46ef,DR. RAM PRASAD,REG_SMQDSS5A,MBBS MS,9504698859,,12.2,RADIOLOGIST
ea054e8a-7b7f-4caf-a9c4-7076672c2c71,6bf3ade8-af71-40c1-b904-ad7f1e8e46ef,DR. SHIV KUMAR BIND,REG_UXIT6SA7,MBBS,9430538519,,13.2,SURGEON
6fbe1b40-8618-4605-850a-201d591131e4,6bf3ade8-af71-40c1-b904-ad7f1e8e46ef,DR. MANOJ KUMAR GAUTAM,REG_R39GIV1K,MBBS DA,7969279255,,26.9,PRIMARY_CLINICIAN
2e27150f-4760-489b-975a-28dd90097ea7,6bf3ade8-af71-40c1-b904-ad7f1e8e46ef,DR. SHYAM LAL RAJBHAR,REG_QTIDUQ58,MBBS DA,7046285296,,16.0,RADIOLOGIST
2db3dbbd-4756-41e3-beb8-7d3337cf714f,6bf3ade8-af71-40c1-b904-ad7f1e8e46ef,DR. PREM SHANKAR,REG_OC1GE93R,MBBS DNB,9770287751,,13.1,RADIOLOGIST
831806b1-887c-4ff0-88e4-ec35cade9061,e2f5aeaf-50e3-43a4-9407-1567ce4b894d,DR. JAGDISH PRASAD,REG_C97J95VA,MBBS DNB,8033844382,,23.2,PAEDIATRICIAN
4076cfc2-a7de-444c-b1d6-d1c8adc7837d,e2f5aeaf-50e3-43a4-9407-1567ce4b894d,DR. PREM SHANKAR,REG_MMJ7NYI5,MBBS MD DM,9877090048,,14.0,RADIOLOGIST
dbe5b154-8777-4e14-9fc3-1da9ddfb4b39,e2f5aeaf-50e3-43a4-9407-1567ce4b894d,DR. RAVINDRA NATH,REG_NUM01ZHQ,MBBS DNB,9486564039,,7.0,SURGEON
2cee37f2-74b0-4619-9da8-ffe39c0f1b6c,e2f5aeaf-50e3-43a4-9407-1567ce4b894d,DR. KAMLA DEVI,REG_DF0N3RYB,MBBS DNB,9526788210,,33.3,SURGEON
cde8448e-3ca4-4066-b10d-23b0a44a4356,e2f5aeaf-50e3-43a4-9407-1567ce4b894d,DR. REKHA DEVI,REG_L1DDFOCV,MBBS,8109993872,,13.4,RADIOLOGIST
1bf23840-219f-4524-b845-33b04807ac20,e2f5aeaf-50e3-43a4-9407-1567ce4b894d,DR. SURESH KUMAR,REG_TPKEKKFP,MBBS MD,8091649754,,12.2,PAEDIATRICIAN
55a98d36-81cb-406a-9086-e8c0d58dc583,e2f5aeaf-50e3-43a4-9407-1567ce4b894d,DR. SURESH KUMAR,REG_6DC6R2LS,MBBS,7908118014,,33.3,ANAESTHETIST
c0fa1d03-21b0-4d47-9296-db3ec4be65aa,53097eef-d54f-4fa8-8023-c7215706f5e0,DR. RAMU KAKA LODHI,REG_CBI59MUV,MBBS DA,7503865516,,7.0,PRIMARY_CLINICIAN
999b6fd2-d5aa-473c-bb64-f4c63d238714,53097eef-d54f-4fa8-8023-c7215706f5e0,DR. ASHOK KUMAR,REG_6Y07JHVF,MBBS MS MCh,9832494701,,24.9,PAEDIATRICIAN
0580fe31-e30d-4a31-9ae9-3223ee54d70f,53097eef-d54f-4fa8-8023-c7215706f5e0,DR. RAVINDRA NATH,REG_ZNM8ZMPY,MBBS MD,9836042521,,26.0,GYNAECOLOGIST
a39f5948-3313-4526-aaa8-1cf2b6edbf4a,53097eef-d54f-4fa8-8023-c7215706f5e0,DR. ANITA DEVI,REG_Q0VHRUW2,MBBS MD DM,8122805629,,4.1,PAEDIATRICIAN
32679569-e1b4-4063-9b86-e195b81269db,53097eef-d54f-4fa8-8023-c7215706f5e0,DR. KUSUM DEVI,REG_AROKNV7F,MBBS DA,7933611508,,30.5,RADIOLOGIST
24d667de-ee3c-4d28-8fab-1c629e8e3594,53097eef-d54f-4fa8-8023-c7215706f5e0,DR. RAMU KAKA,REG_UN6KSSM7,MBBS MD,7968746879,,15.0,ANAESTHETIST
a0e76b5c-9e5f-426b-8ebd-a178b557e3e4,a909d03d-ddbb-4a70-9558-4ba18ac3071f,DR. NARESH KUMAR,REG_6XGYU2JV,MBBS,7892465887,,11.6,RADIOLOGIST
209776c2-ef40-4f2e-b427-1b8f2a741166,a909d03d-ddbb-4a70-9558-4ba18ac3071f,DR. RADHA DEVI,REG_HX9YMOET,MBBS MS,9491249846,,17.5,SURGEON
4341a255-5b32-4bd7-bb0f-b032962b0018,a909d03d-ddbb-4a70-9558-4ba18ac3071f,DR. MUNNI DEVI,REG_J4HJ3W6P,MBBS MD DM,9807071316,,25.4,GYNAECOLOGIST
34480342-9c31-49f4-ab4a-416c2b7103de,a909d03d-ddbb-4a70-9558-4ba18ac3071f,DR. SEEMA DEVI,REG_9ZRBNQQB,MBBS DNB,8002407693,,32.7,SURGEON
e492e7bb-71f9-4ae8-8744-165013754992,a909d03d-ddbb-4a70-9558-4ba18ac3071f,DR. DRAUPADI DEVI,REG_VAH9NEDB,MBBS,8138033965,,27.7,ANAESTHETIST
b4e59ff9-eb7a-4b45-90b1-be5b3b3c5307,d0c5a9e6-e16a-44f9-979e-0d5e8c841fa9,DR. SANTOSH KUMAR,REG_YRXLNC9G,MBBS MD DM,7852316076,,27.3,GYNAECOLOGIST
cdcf381a-4a11-4654-b41c-8f18e2a91140,d0c5a9e6-e16a-44f9-979e-0d5e8c841fa9,DR. PUSHPA DEVI,REG_QLSVC5UZ,MBBS MS MCh,7912944844,,32.8,PRIMARY_CLINICIAN
8f0470bd-b2d1-4122-bdfb-f3c7d5aa389d,d0c5a9e6-e16a-44f9-979e-0d5e8c841fa9,DR. UMESH KUMAR,REG_7ECXKTJ8,MBBS MD,7099572706,,7.2,ANAESTHETIST
48906b04-30f5-422b-9f5f-838f3be7b898,d0c5a9e6-e16a-44f9-979e-0d5e8c841fa9,DR. DEEPAK KUMAR,REG_0DUYIUTI,MBBS DA,8027552773,,7.9,RADIOLOGIST
2e82e873-f28f-44ce-b81f-a26cf0d3b278,d0c5a9e6-e16a-44f9-979e-0d5e8c841fa9,DR. USHA DEVI,REG_VUVWE1WA,MBBS DA,8089230011,,29.6,SURGEON
1dc534c5-6ec9-410b-b23a-ffcac4c709d1,d0c5a9e6-e16a-44f9-979e-0d5e8c841fa9,DR. PRIYA KUMARI,REG_T1UWM2TS,MBBS,7802962870,,17.2,RADIOLOGIST
224fbc7b-9627-4102-a227-d911658a9767,d0c5a9e6-e16a-44f9-979e-0d5e8c841fa9,DR. REKHA DEVI,REG_DZQ0IC9I,MBBS MD,7556213296,,18.8,SURGEON
fdf79be1-5097-43ba-8c35-c7042cdc9c38,d0c5a9e6-e16a-44f9-979e-0d5e8c841fa9,DR. VIJAY KUMAR,REG_OI35RFT6,MBBS MD,9765373151,,6.8,ANAESTHETIST
f173614c-243e-4c6d-8c62-06a151cb7c69,d02869c7-19e5-48f6-bd26-7b81f0fb2648,DR. PREM SHANKAR DUBEY,REG_73C6451B,MBBS DA,7932309131,,25.1,RADIOLOGIST
45ed5f4c-dc21-42fe-981f-de7cb7979b20,d02869c7-19e5-48f6-bd26-7b81f0fb2648,DR. NARESH KUMAR,REG_HR4J76R1,MBBS MD,7912306575,,33.7,GYNAECOLOGIST
af133004-d7b4-428e-b540-c93ea40a3ac6,d02869c7-19e5-48f6-bd26-7b81f0fb2648,DR. VIRENDRA SINGH,REG_HX71OINH,MBBS MS,7080253101,,2.8,PAEDIATRICIAN
5beaac2e-37af-4eb8-ad4e-09a8236d1a01,d02869c7-19e5-48f6-bd26-7b81f0fb2648,DR. SANTOSH KUMAR,REG_J4FGVJQF,MBBS MS,7521357838,,20.4,GYNAECOLOGIST
c6435ed3-386a-46a5-ae5c-988171bd43aa,d02869c7-19e5-48f6-bd26-7b81f0fb2648,DR. ASHOK KUMAR DUBEY,REG_17IJRBMO,MBBS DNB,8019864989,,9.5,SURGEON
c80e2b2f-3da7-474b-854d-faa66c002182,f55cc72d-c136-4a82-889a-1801a0a599bf,DR. SURESH KUMAR,REG_XLH0D2ON,MBBS DA,7642618112,,31.3,PAEDIATRICIAN
ba22ed64-4fd4-4419-9fff-721c68ea3b1d,f55cc72d-c136-4a82-889a-1801a0a599bf,DR. REKHA DEVI,REG_ZEN3A92L,MBBS,7973520844,,6.6,PAEDIATRICIAN
d6260db9-dc64-44e1-98ff-f5a3dab75c9a,f55cc72d-c136-4a82-889a-1801a0a599bf,DR. SAVITRI DEVI,REG_07LJWW79,MBBS,9653784889,,27.2,PAEDIATRICIAN
dba4f821-cc97-42b9-bfe2-5ca57bebab0d,f55cc72d-c136-4a82-889a-1801a0a599bf,DR. SAROJ DEVI,REG_2HEXZYBK,MBBS,9430181919,,27.8,SURGEON
f97ec6ed-77e7-461e-be11-dfae0a6da19b,f55cc72d-c136-4a82-889a-1801a0a599bf,DR. MANOJ KUMAR,REG_88BOO5VY,MBBS MS,9766451019,,13.5,ANAESTHETIST
a8dc4e38-4a1a-4472-9017-c467d6ca239f,f55cc72d-c136-4a82-889a-1801a0a599bf,DR. PUSHPA DEVI,REG_A8YYPSRC,MBBS DA,9699575156,,32.6,RADIOLOGIST
6ea452cd-0e42-4263-b2ac-ca1f6ebb93f3,7f0e13ba-d622-4c5c-b64b-785317e6088b,DR. NIRMALA DEVI,REG_EZRK7EWT,MBBS DA,9892965330,,2.5,PAEDIATRICIAN
e93e24a7-bb94-41b5-b67d-6eb993fa8c9f,7f0e13ba-d622-4c5c-b64b-785317e6088b,DR. SUNITA DEVI,REG_I41K30MD,MBBS,8155393166,,30.9,PAEDIATRICIAN
4bb25062-e12b-4aa7-af9f-c2417aa06e7e,7f0e13ba-d622-4c5c-b64b-785317e6088b,DR. SHYAM LAL,REG_UH1RX03E,MBBS MD,8126538081,,29.6,GYNAECOLOGIST
15fabf04-0b2a-49ff-8289-a05649d4ec4a,7f0e13ba-d622-4c5c-b64b-785317e6088b,DR. LAXMI DEVI,REG_MV64D03T,MBBS DA,8044960778,,30.2,ANAESTHETIST
72b993e9-ab51-4827-9515-789886e28a54,7f0e13ba-d622-4c5c-b64b-785317e6088b,DR. MANJU DEVI,REG_CWIYLXNZ,MBBS MD,9586229882,,28.1,SURGEON
73b57429-3307-4fee-871b-a32a19102241,7f0e13ba-d622-4c5c-b64b-785317e6088b,DR. RAM PRASAD,REG_GB2FTEW4,MBBS MS,8099947400,,32.2,ANAESTHETIST
19cebccd-9888-4010-a9ee-89873e2bf429,7f0e13ba-d622-4c5c-b64b-785317e6088b,DR. SHYAM LAL,REG_L6RKHSPS,MBBS,7877198649,,4.8,PRIMARY_CLINICIAN
6c1cde47-f599-4367-af8b-9b8bc5199d5c,d04f4c31-db91-469c-b055-911d85b7007d,DR. ARVIND KUMAR MISHRA,REG_564F9NM2,MBBS MS,9592333694,,29.3,GYNAECOLOGIST
a93bbfee-0d21-4ae5-8f8f-d2f811ec4783,d04f4c31-db91-469c-b055-911d85b7007d,DR. ROHIT KUMAR,REG_YPWKTVZS,MBBS,7051043199,,19.6,GYNAECOLOGIST
0738ae42-4229-4421-b0f5-62b03ae8c83c,d04f4c31-db91-469c-b055-911d85b7007d,DR. PHOOL KUMARI,REG_OEZTD8UG,MBBS DNB,9720053623,,23.8,RADIOLOGIST
942c9bd2-8aee-478c-ad8c-67cc421adf7d,d04f4c31-db91-469c-b055-911d85b7007d,DR. RADHA DEVI,REG_DJF5261G,MBBS MD DM,7991040382,,30.9,PRIMARY_CLINICIAN
1d02077e-68c5-431f-a4d7-f65177146890,d04f4c31-db91-469c-b055-911d85b7007d,DR. URMILA DEVI,REG_28QNZR3K,MBBS MD DM,7513923444,,8.6,PRIMARY_CLINICIAN
75b69654-325d-4205-b4f9-dbde61b62c82,d04f4c31-db91-469c-b055-911d85b7007d,DR. SANTOSHI DEVI,REG_2NGFYEG3,MBBS DA,7673300990,,30.7,RADIOLOGIST
35d3830b-f878-4b49-a465-d9342998fffa,d04f4c31-db91-469c-b055-911d85b7007d,DR. SEEMA DEVI,REG_YENLAR1M,MBBS MS MCh,8035698361,,11.7,PAEDIATRICIAN
19e06d4d-7615-4326-b1e1-fc546c846328,d04f4c31-db91-469c-b055-911d85b7007d,DR. LAXMI DEVI,REG_IBE14DUR,MBBS DNB,7033620435,,23.2,PAEDIATRICIAN
d4b818b1-002c-434f-8570-8dd8513be7e5,79a79f21-a01f-474b-a7b6-ab1912fc824f,DR. RAVINDRA NATH,REG_OW3E66OH,MBBS,9621437951,,3.2,PAEDIATRICIAN
4a05f9e0-ee90-4753-bc55-da3c9fd61f32,79a79f21-a01f-474b-a7b6-ab1912fc824f,DR. PREM SHANKAR,REG_BQF2O5Z1,MBBS,7716928308,,20.1,SURGEON
e77d03c9-b11f-4017-b0ed-b8d465e935b7,79a79f21-a01f-474b-a7b6-ab1912fc824f,DR. UMESH KUMAR,REG_CIRMQ9MF,MBBS MD,7926057930,,6.5,SURGEON
db79c6d9-f407-4c79-ad07-17c3cb6dbc69,79a79f21-a01f-474b-a7b6-ab1912fc824f,DR. RADHA DEVI,REG_6NRZF554,MBBS MD DM,9757114117,,17.4,SURGEON
65f039f2-68ec-4660-b35e-9b9a3731e55e,79a79f21-a01f-474b-a7b6-ab1912fc824f,DR. GEETA DEVI,REG_8UJ1LIYW,MBBS MD DM,9650212591,,19.1,RADIOLOGIST
a8a80a0e-b0d0-493f-8378-3c0cf6b9717d,79a79f21-a01f-474b-a7b6-ab1912fc824f,DR. JAGDISH PRASAD KUMAR,REG_W03UK58S,MBBS MS,9450028400,,12.0,RADIOLOGIST
e16bca94-2a87-4770-ac5e-20be4507babe,79a79f21-a01f-474b-a7b6-ab1912fc824f,DR. ANITA DEVI,REG_N9VUGAMW,MBBS MD,9868659163,,9.1,SURGEON
5a7fe92b-b2f2-485e-b746-26f41ccb380f,79a79f21-a01f-474b-a7b6-ab1912fc824f,DR. RADHA DEVI,REG_0Q25A57W,MBBS MS MCh,9658946166,,1.6,RADIOLOGIST
aca2109f-506b-47d5-85b0-128a6e6fa4e3,adba0d3c-b72e-4c6f-b376-639e95459491,DR. VIJAY KUMAR,REG_SS3T1MFE,MBBS MD DM,8116034562,,11.4,ANAESTHETIST
b3364fbe-14ff-4e95-aa88-f37319c185a9,adba0d3c-b72e-4c6f-b376-639e95459491,DR. MANJU DEVI,REG_ZSXIDDHI,MBBS DNB,9761574695,,31.9,PAEDIATRICIAN
80769f1d-5e94-4f6c-bd2f-bf4e66627b29,adba0d3c-b72e-4c6f-b376-639e95459491,DR. RANI DEVI,REG_XMKP200F,MBBS DNB,9610533091,,26.7,ANAESTHETIST
204ade00-b972-485e-8bf6-e84641644d51,adba0d3c-b72e-4c6f-b376-639e95459491,DR. KUSUM DEVI,REG_03D5B922,MBBS MD DM,7022586200,,29.0,GYNAECOLOGIST
9adfc9b1-ad70-4bc2-a5bc-4c18737727d7,adba0d3c-b72e-4c6f-b376-639e95459491,DR. VIRENDRA SINGH MAURYA,REG_K2LH3Y4J,MBBS MD,9433970036,,9.0,GYNAECOLOGIST
85606480-6cbd-4341-ad0b-700729369208,adba0d3c-b72e-4c6f-b376-639e95459491,DR. SUSHIL KUMAR,REG_5QM8SJB3,MBBS MD,8178026849,,34.0,RADIOLOGIST
421439c3-e7d4-4c55-a032-736721fcc078,adba0d3c-b72e-4c6f-b376-639e95459491,DR. SUSHIL KUMAR,REG_A9ZX8HKK,MBBS DA,7630483748,,20.0,PRIMARY_CLINICIAN
5d353a02-9ea4-4d9c-b1f0-484e81f2f355,adba0d3c-b72e-4c6f-b376-639e95459491,DR. LEELA DEVI,REG_TJWP3STT,MBBS MS,7952671621,,25.8,PAEDIATRICIAN
23834b16-ec19-4872-a316-f3870fc9705c,ce3f0d79-6f38-440e-81dc-8d6d19d35030,DR. SAVITRI DEVI,REG_1QY44M75,MBBS MD,8141628724,,28.2,RADIOLOGIST
3e0ca114-774e-48f4-a872-a17a959f031b,ce3f0d79-6f38-440e-81dc-8d6d19d35030,DR. GUDDU KUMAR LODHI,REG_5NC5624X,MBBS MS MCh,9834093251,,13.9,RADIOLOGIST
8ac81238-6ab4-4859-92b5-0a7093fa93fa,ce3f0d79-6f38-440e-81dc-8d6d19d35030,DR. PRADEEP KUMAR,REG_9E9T53HH,MBBS DA,9424803720,,26.8,RADIOLOGIST
3c3d5832-fcfd-4d20-8976-d525ce980c56,ce3f0d79-6f38-440e-81dc-8d6d19d35030,DR. RAKESH KUMAR PATEL,REG_FH9264T4,MBBS MD,7073195745,,13.0,GYNAECOLOGIST
0636f08d-85ef-41e5-a06f-385226f7e586,ce3f0d79-6f38-440e-81dc-8d6d19d35030,DR. VIVEK KUMAR,REG_LFLFA63K,MBBS MS,7900514372,,26.4,PAEDIATRICIAN
ccdd52b6-9aac-4ddc-8ab3-9d1c272d30d8,ce3f0d79-6f38-440e-81dc-8d6d19d35030,DR. HEMANT KUMAR,REG_ZRDG3UAK,MBBS,9697174067,,30.5,RADIOLOGIST
abe88c29-fbc3-4593-a9e9-85b90d1e47ea,820ca43b-423d-4257-9219-1f3be7b6156e,DR. MUKESH KUMAR,REG_HFYSLTBC,MBBS,7542002029,,3.8,ANAESTHETIST
0dde8701-c1c7-4184-bbe6-154925d1c736,820ca43b-423d-4257-9219-1f3be7b6156e,DR. CHAMELI DEVI,REG_KAMX8F6U,MBBS MS MCh,7642063915,,17.4,PRIMARY_CLINICIAN
43ccb81c-15bd-42b5-818f-b1b8299a1821,820ca43b-423d-4257-9219-1f3be7b6156e,DR. POONAM DEVI,REG_MD77RUZY,MBBS MD,9488632476,,30.6,PRIMARY_CLINICIAN
59bfb081-829d-4221-bbee-271a2b9c66ef,820ca43b-423d-4257-9219-1f3be7b6156e,DR. SUSHILA DEVI,REG_HD38YGW7,MBBS MD,9707896633,,18.6,GYNAECOLOGIST
0e0ef217-837d-4d98-93f9-d21fe6cfd482,2f514717-477d-47ee-ae8f-5e41be9e8dc6,DR. DEVENDRA KUMAR,REG_Q2CYM9O0,MBBS MS,7098776046,,8.0,PRIMARY_CLINICIAN
190d7409-eb61-48fa-b188-5039fd5140e6,2f514717-477d-47ee-ae8f-5e41be9e8dc6,DR. KALAWATI DEVI,REG_DO7WSGC1,MBBS MS MCh,7531395152,,7.1,RADIOLOGIST
980d11a6-447e-42c3-b9ab-74f7d6ecd23f,3d351ae1-6397-46c8-beec-90c39193e580,DR. RAJEEV KUMAR,REG_6DMTL9BE,MBBS DA,8011184031,,13.5,PAEDIATRICIAN
e26925f3-1965-4239-9756-32bcdf2db960,3d351ae1-6397-46c8-beec-90c39193e580,DR. MANJU DEVI,REG_NW9CHYRX,MBBS MS MCh,7724109633,,24.5,GYNAECOLOGIST
43d60bb4-05d4-4250-9d08-6b635f872dd4,3d351ae1-6397-46c8-beec-90c39193e580,DR. BRIJESH KUMAR,REG_JJWJK1CC,MBBS MD DM,7764009503,,27.9,RADIOLOGIST
093976cf-5e9f-46d5-ae98-dbaa073617ac,3d351ae1-6397-46c8-beec-90c39193e580,DR. LAKHAN LAL PATEL,REG_WDDD6TZ9,MBBS MS,7081882041,,14.2,ANAESTHETIST
8c343029-0fbf-493e-9a71-bb2878685151,3d351ae1-6397-46c8-beec-90c39193e580,DR. REENA DEVI,REG_3R7LQGA1,MBBS DA,7000161839,,24.8,RADIOLOGIST
50aaae20-fd7f-4f6d-94c8-0f67b36546ae,3d351ae1-6397-46c8-beec-90c39193e580,DR. HARI OM,REG_KP363VHA,MBBS DNB,7969855714,,5.2,PAEDIATRICIAN
68eccf5c-56c0-4350-9935-59c8778f5d3c,3d351ae1-6397-46c8-beec-90c39193e580,DR. GEETA DEVI,REG_8E767LM2,MBBS DA,9422187146,,12.6,PRIMARY_CLINICIAN
8277c582-f812-4d0b-885f-d7c394cec60c,c9f1960f-c81d-4e05-8052-045992ce592e,DR. SANJAY KUMAR,REG_NBUU3XIM,MBBS MS MCh,7076181562,,24.5,PRIMARY_CLINICIAN
4c053cf1-e181-40d0-879f-9708840800ea,c9f1960f-c81d-4e05-8052-045992ce592e,DR. CHAMELI DEVI,REG_PG5LVV82,MBBS MD,7635849285,,34.5,PRIMARY_CLINICIAN
31718aff-87b2-49c1-9394-4755486e53c4,c9f1960f-c81d-4e05-8052-045992ce592e,DR. JAGDISH PRASAD,REG_9C9IRJFN,MBBS DNB,7810994739,,28.3,ANAESTHETIST
e9ab34c6-a695-4724-b198-2ee704c5ea62,c9f1960f-c81d-4e05-8052-045992ce592e,DR. DEEPAK KUMAR,REG_4NU4BL1M,MBBS MS,9591576450,,8.5,RADIOLOGIST
1c082d57-dd4e-46b8-a457-7fcedea3a39e,c9f1960f-c81d-4e05-8052-045992ce592e,DR. RAMESH CHANDRA,REG_M46VJ964,MBBS DNB,7650539018,,16.0,PAEDIATRICIAN
b60d4b5f-2a35-46d6-8e3a-882c2343f1ca,c9f1960f-c81d-4e05-8052-045992ce592e,DR. KALAWATI DEVI,REG_PJQTKPFX,MBBS MD DM,7072156162,,25.6,ANAESTHETIST
5dfd792b-7509-42d0-b04d-be97c647f648,59331385-4f32-41c6-a6a8-a884a4ebacb4,DR. CHAMELI DEVI,REG_03RMYIAB,MBBS MS MCh,9696696707,,12.4,PRIMARY_CLINICIAN
15616e93-9d16-46a3-bb66-bb547750d965,59331385-4f32-41c6-a6a8-a884a4ebacb4,DR. RAM PRASAD,REG_LAHVWL8Q,MBBS,7516195800,,7.4,PAEDIATRICIAN
7c9c8213-d870-4f19-bb99-a187e66c859a,59331385-4f32-41c6-a6a8-a884a4ebacb4,DR. PRIYA KUMARI,REG_HWJSSK6D,MBBS DNB,9790277194,,21.2,GYNAECOLOGIST
8d97b4c0-d7f0-49e4-b5bd-e5b5d486dc7c,59331385-4f32-41c6-a6a8-a884a4ebacb4,DR. GUDDU KUMAR,REG_JOGEK4BW,MBBS MS MCh,7032220124,,10.0,GYNAECOLOGIST
6881c4d1-a17a-4926-a8cb-e714da275282,655b3ac5-16ea-4824-9d83-c86a7ed120ab,DR. URMILA DEVI,REG_UL29KNI3,MBBS DNB,7788960035,,20.8,PAEDIATRICIAN
c9469182-ebf6-4ad7-bcd8-0dbb2e4f1584,655b3ac5-16ea-4824-9d83-c86a7ed120ab,DR. RAJEEV KUMAR,REG_SVCAVQOG,MBBS,7819308022,,31.2,ANAESTHETIST
375929d0-5316-4202-a88c-7c3b3030af7b,655b3ac5-16ea-4824-9d83-c86a7ed120ab,DR. VIRENDRA SINGH,REG_RAIU163R,MBBS MS,7648588780,,11.6,RADIOLOGIST
86f7db3d-3f03-4803-bffc-c89573e371ff,655b3ac5-16ea-4824-9d83-c86a7ed120ab,DR. RAVINDRA NATH,REG_OV0FCMDQ,MBBS MS,9637405175,,15.3,PAEDIATRICIAN
88104211-b507-4ac8-94e1-6612cb8b140e,e427b553-d262-4d0c-8b3a-4a20007f5b84,DR. DEVENDRA KUMAR,REG_E5NDOUFP,MBBS MS MCh,9663067933,,25.4,PAEDIATRICIAN
e4a8c6c6-5584-482b-8a9b-d636887b5254,e427b553-d262-4d0c-8b3a-4a20007f5b84,DR. GUDDU KUMAR KURMI,REG_C1UD5H5A,MBBS,7839460998,,27.9,PRIMARY_CLINICIAN
ed96759e-bde7-4b1d-bc02-128849f0aaf3,e427b553-d262-4d0c-8b3a-4a20007f5b84,DR. MANJU DEVI,REG_PVNGW3PW,MBBS,9853736393,,18.5,RADIOLOGIST
73bdc017-1800-4b41-8c27-71ed9116d23c,e427b553-d262-4d0c-8b3a-4a20007f5b84,DR. RAJEEV KUMAR,REG_IY2ONKF3,MBBS MD DM,9670732535,,26.5,PAEDIATRICIAN
b88076a8-9826-4f81-a472-610c781580b2,e427b553-d262-4d0c-8b3a-4a20007f5b84,DR. VIRENDRA SINGH SHUKLA,REG_41G5HDRW,MBBS MS MCh,9418107772,,13.7,PRIMARY_CLINICIAN
88425631-f98c-4121-ad4e-cf119216c5fb,e427b553-d262-4d0c-8b3a-4a20007f5b84,DR. MEENA DEVI,REG_EJS9N8WF,MBBS,8181044316,,16.4,PRIMARY_CLINICIAN
39cdf055-2111-4dfd-96c6-5bcc2bc64901,e427b553-d262-4d0c-8b3a-4a20007f5b84,DR. HEMANT KUMAR,REG_F91C6NL0,MBBS,7824556561,,11.4,GYNAECOLOGIST
17cab356-3d19-474c-9470-e9f037de65d5,0227878f-5464-45cb-b9da-c87fb703e134,DR. SUSHILA DEVI,REG_O5H7C7DM,MBBS DNB,7997795637,,18.3,SURGEON
a3e501d0-49b6-4567-bead-0a6baf9c3f27,0227878f-5464-45cb-b9da-c87fb703e134,DR. PRIYA KUMARI,REG_5Y2DJI53,MBBS MS MCh,7801679441,,1.2,ANAESTHETIST
14a3d619-5fa4-49c2-aba3-d778889f6b27,0227878f-5464-45cb-b9da-c87fb703e134,DR. RAMESH CHANDRA,REG_AK3ZMPQ7,MBBS,9840557149,,23.8,GYNAECOLOGIST
7fb89266-c58f-48c9-bfbb-dcb8b17edb0f,b902613a-ba85-4206-8bca-6ff120d21c0a,DR. SAVITRI DEVI,REG_2VFDX8QD,MBBS DA,9728073790,,29.9,ANAESTHETIST
eced4f13-941f-432f-90bd-f310157a8b36,b902613a-ba85-4206-8bca-6ff120d21c0a,DR. PUSHPA DEVI,REG_6AGVXD6E,MBBS MD DM,8017840299,,9.8,SURGEON
dc7da52d-a63d-48b4-bfc2-f9e03450dad7,b902613a-ba85-4206-8bca-6ff120d21c0a,DR. PREM SHANKAR TIWARI,REG_X8LIXCND,MBBS DNB,7635974438,,25.4,SURGEON
aef8e167-5db2-42ab-9e85-f1885d549a52,b902613a-ba85-4206-8bca-6ff120d21c0a,DR. POONAM DEVI,REG_DO2Q0WMD,MBBS MD DM,9622748825,,17.4,SURGEON
e4dc92d0-08ab-409e-b9d1-664564168ce7,b902613a-ba85-4206-8bca-6ff120d21c0a,DR. SUNITA DEVI,REG_BB16GNGU,MBBS MS MCh,7685117259,,21.9,ANAESTHETIST
e73cc37c-b72d-41a3-8117-1a04bad5a828,b902613a-ba85-4206-8bca-6ff120d21c0a,DR. POONAM DEVI,REG_7CPMPWOJ,MBBS MS,7701298023,,17.2,RADIOLOGIST
b7d917d4-a5ed-4155-b1c3-27da34d2efd8,b902613a-ba85-4206-8bca-6ff120d21c0a,DR. DINESH KUMAR,REG_CVZWF6XN,MBBS MD DM,7875122512,,17.7,RADIOLOGIST
53b8c056-7d1a-45ae-b0fb-e7d6da3ad327,b902613a-ba85-4206-8bca-6ff120d21c0a,DR. HARI OM,REG_MV5IZX9A,MBBS MD,7656407847,,20.2,ANAESTHETIST
c9f46650-8454-4462-8a5e-7f7b190b3f21,75e844c9-96d1-408d-bc7c-782e807fa5df,DR. ARVIND KUMAR,REG_GTEMIK8J,MBBS MD,7059543464,,12.7,SURGEON
0bc5e192-23c1-4400-a4c4-1385f665060e,75e844c9-96d1-408d-bc7c-782e807fa5df,DR. SARASWATI DEVI,REG_Z1GFV5SK,MBBS MS,7951731483,,14.3,GYNAECOLOGIST
9f35a4a7-104b-4193-8c53-86fa81c13e5d,75e844c9-96d1-408d-bc7c-782e807fa5df,DR. SHEELA DEVI,REG_BREU8KJY,MBBS MD DM,9800012907,,32.9,PRIMARY_CLINICIAN
5dc2623b-863a-46d6-bac4-6f060865a6da,2d0db206-a334-4099-9bca-261dc45facd4,DR. KAMLA DEVI,REG_ISDM91NQ,MBBS MS MCh,9666573633,,24.4,RADIOLOGIST
e846684d-c47e-4ef0-baa4-d675bd5a778d,2d0db206-a334-4099-9bca-261dc45facd4,DR. SUMITRA DEVI,REG_GYGEOYN5,MBBS,7635673875,,25.6,RADIOLOGIST
73d37681-d53e-42d0-b3ea-66d412ed6676,2d0db206-a334-4099-9bca-261dc45facd4,DR. RAVINDRA NATH JAISWAL,REG_HHGPYP5Z,MBBS MD,7552372913,,2.7,PAEDIATRICIAN
307534c9-4ab8-494b-80d8-3b8cd1a3adb2,2d0db206-a334-4099-9bca-261dc45facd4,DR. PUSHPA DEVI,REG_H03A0J7O,MBBS MD DM,9815907670,,13.7,GYNAECOLOGIST
b0ca662f-588f-407f-afe8-8231e3848b08,2d0db206-a334-4099-9bca-261dc45facd4,DR. MEENA DEVI,REG_XE72IW77,MBBS MS MCh,7680046282,,34.2,RADIOLOGIST
9153ef26-fb19-42ae-90dc-9bbf7ab2bf09,10432737-6c8c-4761-baed-e9dbb75983af,DR. SHEELA DEVI,REG_NDLEFVLF,MBBS DNB,9610305029,,20.1,RADIOLOGIST
3e7f492a-50da-48f2-9ed1-9358f87cebda,10432737-6c8c-4761-baed-e9dbb75983af,DR. JAGDISH PRASAD,REG_0RZAAUYD,MBBS MS MCh,8172275775,,9.1,PRIMARY_CLINICIAN
c676c820-59e9-425d-82f1-7f8c0f98d77e,10432737-6c8c-4761-baed-e9dbb75983af,DR. DEEPAK KUMAR,REG_YZP326WR,MBBS,7682373001,,33.6,PRIMARY_CLINICIAN
1d36cfce-490b-433d-8848-4c525c280634,10432737-6c8c-4761-baed-e9dbb75983af,DR. SUNITA DEVI,REG_LD1NQZH0,MBBS DA,7631365910,,21.4,RADIOLOGIST
8c14bf22-00e9-4770-b085-d953b203c039,ea48099d-6e0e-47a1-bbdd-4c5dacfe9642,DR. GULABO DEVI,REG_HCIVSPIQ,MBBS,7085007187,,29.3,RADIOLOGIST
2525996d-94e5-4a44-87bb-80c719e38522,ea48099d-6e0e-47a1-bbdd-4c5dacfe9642,DR. SURESH KUMAR CHAUHAN,REG_ZQVW08P9,MBBS MS,9882765291,,22.8,SURGEON
add8a597-bfa7-4ec2-a0ca-a32f5104e44c,ea48099d-6e0e-47a1-bbdd-4c5dacfe9642,DR. NIRMALA DEVI,REG_TW5OI053,MBBS MD DM,8053234331,,23.5,SURGEON
626a611c-01a6-4bfa-8d05-fd8cc9b1be64,ea48099d-6e0e-47a1-bbdd-4c5dacfe9642,DR. REKHA DEVI,REG_54A1YMJ0,MBBS DNB,7058160909,,3.0,RADIOLOGIST
ea868519-ec92-4aa4-81db-fe81aad32609,ea48099d-6e0e-47a1-bbdd-4c5dacfe9642,DR. RAJESH KUMAR,REG_KYCYEIQJ,MBBS DA,7720673597,,11.5,ANAESTHETIST
96a2e372-3619-44e1-9b8c-32971e73a7e1,ea48099d-6e0e-47a1-bbdd-4c5dacfe9642,DR. ARVIND KUMAR,REG_E0926EWF,MBBS DNB,9564391035,,25.2,ANAESTHETIST
ec36d127-66e4-4d0f-9ef8-5cc299098343,8a34bb7e-24fe-4f59-adb9-8d50aa7ba972,DR. PAPPU YADAV,REG_C1Z5D9AG,MBBS DNB,9720565485,,6.2,PAEDIATRICIAN
2c10dc17-bfa9-46cb-9a4f-6c15ec69f0b8,8a34bb7e-24fe-4f59-adb9-8d50aa7ba972,DR. PUSHPA DEVI,REG_H7Z2DA81,MBBS,7565808513,,8.5,PAEDIATRICIAN
94c77a6c-86b5-4006-b0be-1e3758718e4e,8a34bb7e-24fe-4f59-adb9-8d50aa7ba972,DR. SUSHILA DEVI,REG_FSUT6LB3,MBBS,7692410457,,17.8,RADIOLOGIST
54889ac6-2d00-45b3-93e7-c0462df649a5,8a34bb7e-24fe-4f59-adb9-8d50aa7ba972,DR. VIVEK KUMAR,REG_ACZDC32H,MBBS MD,7940031375,,15.4,PRIMARY_CLINICIAN
8df7ce8f-0d01-4a86-8736-5a21a174735a,9d88bb82-d69d-4a40-99ce-2c5d498b71d4,DR. POONAM DEVI,REG_NM37PLQH,MBBS MS,9675858031,,16.7,GYNAECOLOGIST
2dae6997-e0e1-4774-a162-e41f4dac8f3b,9d88bb82-d69d-4a40-99ce-2c5d498b71d4,DR. MANJU DEVI,REG_FH0LOQZU,MBBS DA,9798327194,,12.1,GYNAECOLOGIST
526ede3e-ee8b-4d7e-9527-ae0c25694003,9d88bb82-d69d-4a40-99ce-2c5d498b71d4,DR. PRADEEP KUMAR,REG_AVSE9RKZ,MBBS DNB,7634289122,,18.3,PRIMARY_CLINICIAN
bacc9716-cb62-42dd-96d5-aff09cf8fd55,9d88bb82-d69d-4a40-99ce-2c5d498b71d4,DR. SEEMA DEVI,REG_8M1U93I4,MBBS DNB,9678778759,,20.6,PAEDIATRICIAN
59c34c04-ac79-4722-b4cf-9fc6b05109ab,9d88bb82-d69d-4a40-99ce-2c5d498b71d4,DR. PHOOL KUMARI,REG_1XE8VJVS,MBBS MD DM,9558307917,,9.1,ANAESTHETIST
a3cba468-1499-4702-af2c-a910ba94278c,9d88bb82-d69d-4a40-99ce-2c5d498b71d4,DR. SHANTI DEVI,REG_MV9GA7WR,MBBS MD DM,7781927285,,22.8,ANAESTHETIST
4c1048c0-b03c-44db-b0d1-d623ac59bf31,9d88bb82-d69d-4a40-99ce-2c5d498b71d4,DR. GEETA DEVI,REG_1EFA2VDX,MBBS MS MCh,7988343573,,22.4,ANAESTHETIST
527a8d5b-6ad8-4462-a816-81193f106de6,88779510-d0c2-4ebf-b10d-71ca4353a4b5,DR. RAMU KAKA,REG_WNLW9VBV,MBBS MD,8163851277,,19.1,PRIMARY_CLINICIAN
11b4d786-6f75-4471-9f20-af378494242a,88779510-d0c2-4ebf-b10d-71ca4353a4b5,DR. RAJU YADAV,REG_P4N82BP4,MBBS,9418100202,,15.3,SURGEON
19b624ec-7bc2-4145-a1a7-7625dbf57093,a1abf9fb-8fc8-4ad0-bfb5-e46d55fa13b4,DR. BABLU KUMAR,REG_93VGT754,MBBS,9469634653,,18.0,SURGEON
fa50f62a-770d-4158-b4eb-066cb6af6c2e,a1abf9fb-8fc8-4ad0-bfb5-e46d55fa13b4,DR. MANJU DEVI,REG_FPZ4RSU3,MBBS DA,8166033890,,29.9,SURGEON
96935b83-241c-49e6-8f56-6c464dbb625a,a1abf9fb-8fc8-4ad0-bfb5-e46d55fa13b4,DR. MUNNI DEVI,REG_KS83VUFT,MBBS MD DM,7893326437,,6.6,ANAESTHETIST
68a2a8ca-7540-4b52-81b2-52a97206ce58,825eb8fb-e42c-413c-9793-19648b45f015,DR. ARVIND KUMAR,REG_WNR5W810,MBBS MS,9435301637,,14.2,PAEDIATRICIAN
30f45d06-8a3e-4d85-b46f-e5cba5301222,825eb8fb-e42c-413c-9793-19648b45f015,DR. RAMU KAKA,REG_MXKKCHUR,MBBS DA,7511150570,,28.5,PAEDIATRICIAN
f31fa1e8-dc05-4745-bc35-a1becb7f5bb0,825eb8fb-e42c-413c-9793-19648b45f015,DR. GULABO DEVI,REG_GLIVMTYF,MBBS MD DM,9630025090,,12.3,SURGEON
d5e7d117-dbe5-45bb-9750-72088679f626,825eb8fb-e42c-413c-9793-19648b45f015,DR. PRADEEP KUMAR,REG_STH19CY7,MBBS,9685480785,,10.0,GYNAECOLOGIST
c7867ad9-ce8a-4c59-93df-d337975ddfe4,825eb8fb-e42c-413c-9793-19648b45f015,DR. RANI DEVI,REG_1OV0YP23,MBBS DA,7934440831,,29.1,SURGEON
ec7bf137-5fcd-4348-9c66-63eee4d55bf2,825eb8fb-e42c-413c-9793-19648b45f015,DR. SEEMA DEVI,REG_BAJEGXGE,MBBS DNB,7757699548,,28.4,SURGEON
c2385851-389c-48b0-b89f-04cfa9e9f3c0,825eb8fb-e42c-413c-9793-19648b45f015,DR. PAPPU YADAV,REG_VZTEZXA4,MBBS,7842900630,,4.1,SURGEON
0b65693e-6106-492a-a954-dec0f850a352,2ba61159-01d9-4a0f-9707-70b302bc869b,DR. PRIYA KUMARI,REG_03IE14PY,MBBS MS MCh,7556005182,,29.0,SURGEON
c3564414-7625-47c8-a6cf-f6031691eab6,2ba61159-01d9-4a0f-9707-70b302bc869b,DR. SHYAM LAL,REG_BWWUN53R,MBBS MD DM,7715027687,,30.4,RADIOLOGIST
7465a2d6-2fad-4c35-9d8f-d845a414f08f,2ba61159-01d9-4a0f-9707-70b302bc869b,DR. RAM PRASAD,REG_9DMJISRJ,MBBS MD,7587609689,,26.1,RADIOLOGIST
ddf426b2-9e31-4415-9800-44d04f9419fc,2ba61159-01d9-4a0f-9707-70b302bc869b,DR. MUKESH KUMAR,REG_116SQCEM,MBBS MD,9815496766,,18.9,RADIOLOGIST
bff54ded-cd5e-4999-9012-1fcfe3d9e112,2ba61159-01d9-4a0f-9707-70b302bc869b,DR. RAMESH CHANDRA,REG_37Y0ZG98,MBBS DA,7978824676,,9.0,SURGEON
1496879e-8633-446b-9f98-371b456297c7,2ba61159-01d9-4a0f-9707-70b302bc869b,DR. HEMANT KUMAR,REG_EHYFYFZC,MBBS DNB,7809452271,,3.4,PAEDIATRICIAN
25d98d5d-b41d-4080-bd39-d688ba6bf4d5,2ba61159-01d9-4a0f-9707-70b302bc869b,DR. BABLU KUMAR,REG_5L1U0OYF,MBBS MD,9527357935,,28.4,GYNAECOLOGIST
0c91c047-5056-4cd3-b48b-f10f41c6a246,4dcb37bf-12e2-403b-b497-a7c10f381db9,DR. ANITA DEVI,REG_LZYBC9I8,MBBS MS MCh,7657032949,,2.4,PAEDIATRICIAN
e2f10f11-5fad-455f-8ba1-4606f0dbd284,4dcb37bf-12e2-403b-b497-a7c10f381db9,DR. GEETA DEVI,REG_XTXZJVJH,MBBS MS,9544444949,,20.3,GYNAECOLOGIST
24720cd5-8481-4202-8809-3bc1be7ad57d,4dcb37bf-12e2-403b-b497-a7c10f381db9,DR. RAMU KAKA,REG_SBH0DQB8,MBBS DNB,9557025249,,10.1,PAEDIATRICIAN
b5040a75-1d5c-4696-8d3a-de833488b267,4dcb37bf-12e2-403b-b497-a7c10f381db9,DR. MUKESH KUMAR MISHRA,REG_HVFW63NL,MBBS MD,7758728471,,30.0,GYNAECOLOGIST
6388d1e1-1758-495f-80c2-2b61a258cc8e,4dcb37bf-12e2-403b-b497-a7c10f381db9,DR. RAJESH KUMAR,REG_BWGWSOSZ,MBBS MS,9851309482,,33.2,ANAESTHETIST
17f36ff3-d902-4b29-a6ee-da07747939d8,4dcb37bf-12e2-403b-b497-a7c10f381db9,DR. RAMU KAKA PANDEY,REG_SZ0466I3,MBBS DNB,9744523735,,2.7,RADIOLOGIST
bfc41e37-84b4-4197-a632-43bf3f15f9b4,4dcb37bf-12e2-403b-b497-a7c10f381db9,DR. SARASWATI DEVI,REG_AT92R8NQ,MBBS MS,7739844171,,33.5,PRIMARY_CLINICIAN
44e785ae-661d-4e17-8e87-aa13d5feb668,19225f07-8ce0-4bd3-9168-d18c152e050d,DR. SUSHILA DEVI,REG_O61WFF0C,MBBS DNB,7536406589,,33.0,RADIOLOGIST
3a324b5a-05b3-4a4c-bcfb-dec74fcf8ec3,19225f07-8ce0-4bd3-9168-d18c152e050d,DR. ARVIND KUMAR,REG_VC5VXKSD,MBBS MS MCh,7626527135,,2.5,RADIOLOGIST
4b6e9d22-17a9-40d0-bdde-b7e4c8905590,19225f07-8ce0-4bd3-9168-d18c152e050d,DR. VIJAY KUMAR,REG_5168G048,MBBS MS,8146458916,,10.4,PAEDIATRICIAN
ed48f195-4ad1-47fc-a7d1-03872336b5b6,19225f07-8ce0-4bd3-9168-d18c152e050d,DR. KUSUM DEVI,REG_2G3PU7XF,MBBS MD DM,9475519815,,8.6,ANAESTHETIST
9f474e0a-5b54-4a41-915c-7b434607414f,19225f07-8ce0-4bd3-9168-d18c152e050d,DR. RAJESH KUMAR,REG_OKTAOJY1,MBBS MS MCh,9813397351,,1.2,ANAESTHETIST
ad9cd33d-8da5-480a-8192-6af26bbf601f,60a002f8-1cbf-47a4-be0d-933f039b35ef,DR. MANJU DEVI,REG_27G8FFOH,MBBS MS,9490780106,,11.6,SURGEON
78e01165-900e-46fe-a34f-1b4a3e853152,60a002f8-1cbf-47a4-be0d-933f039b35ef,DR. SAVITRI DEVI,REG_EJ4ZLR1Y,MBBS MS MCh,9722584790,,23.7,SURGEON
7c990f06-7a3e-44a6-8e9c-eb67e5f49c51,60a002f8-1cbf-47a4-be0d-933f039b35ef,DR. SHIV KUMAR,REG_U4SL7216,MBBS,9617912318,,11.7,ANAESTHETIST
d1283e12-d54f-42c2-9c52-7327cb22fff5,ad07b329-06d5-46f3-9709-399ed205e161,DR. JAGDISH PRASAD,REG_G93D968Y,MBBS MS,7524397500,,22.5,PAEDIATRICIAN
be029196-b39d-432d-9638-1347b3832de1,ad07b329-06d5-46f3-9709-399ed205e161,DR. REKHA DEVI,REG_JDFZIDBM,MBBS MD DM,7554337703,,33.7,RADIOLOGIST
c3a11523-1fc5-4daa-9785-984c16ea88c4,ad07b329-06d5-46f3-9709-399ed205e161,DR. RAM PRASAD,REG_RQZPP8FR,MBBS MD,9867746113,,20.4,PAEDIATRICIAN
6a7a3ecc-535c-47a4-a343-82ce8fe13e7b,34090c65-27b3-4fd0-9365-9c0db5a3a046,DR. BRIJESH KUMAR,REG_0PS8I3ND,MBBS DNB,7765946977,,30.5,PRIMARY_CLINICIAN
959a9960-d5d7-4f35-b35a-c79cd61bd5a9,34090c65-27b3-4fd0-9365-9c0db5a3a046,DR. GULABO DEVI,REG_EDSYPV67,MBBS MS,7955297929,,5.2,GYNAECOLOGIST
9a91ac97-4cce-4c5c-a838-48c188c45245,34090c65-27b3-4fd0-9365-9c0db5a3a046,DR. RAMU KAKA,REG_Q2G32N8I,MBBS DA,9693291530,,14.0,GYNAECOLOGIST
14012377-a644-4d69-b32f-befa8e9f1941,34090c65-27b3-4fd0-9365-9c0db5a3a046,DR. SUMITRA DEVI,REG_AOO3VFGI,MBBS DA,9611102837,,29.1,ANAESTHETIST
fb8709c0-6c38-4bdf-a1d6-2f686bd77eaa,34090c65-27b3-4fd0-9365-9c0db5a3a046,DR. NIRMALA DEVI,REG_FWUXXWB5,MBBS MD DM,9444275353,,24.9,GYNAECOLOGIST
9683395f-b554-4fb9-ba51-3de74322d83a,9713d5b5-bdfb-4560-941b-75828ca83d3b,DR. SHYAM LAL,REG_HXWW4QSN,MBBS MS MCh,7044606385,,18.8,ANAESTHETIST
3dd3bf71-4254-47d6-b216-f9cb34cfc928,9713d5b5-bdfb-4560-941b-75828ca83d3b,DR. GULABO DEVI,REG_XUDUBQ7C,MBBS DNB,9764622101,,20.3,GYNAECOLOGIST
7ae691b7-c8f5-44f5-8623-93c222b0ee25,9713d5b5-bdfb-4560-941b-75828ca83d3b,DR. VIJAY KUMAR,REG_7BLH5XC9,MBBS MS MCh,9493554738,,27.1,GYNAECOLOGIST
42a21d98-384a-4f2b-b553-7539163080a8,9713d5b5-bdfb-4560-941b-75828ca83d3b,DR. PRADEEP KUMAR,REG_8VR7IKVB,MBBS DNB,7902561002,,6.0,PRIMARY_CLINICIAN
5242f92e-b0b7-413e-8f49-5f21096cd4fe,9713d5b5-bdfb-4560-941b-75828ca83d3b,DR. DRAUPADI DEVI,REG_5C22TJA5,MBBS MD,9432152238,,30.0,RADIOLOGIST
f33c8fdb-c81d-42f0-be44-9a3f72591576,78c8b6e1-51b0-412d-a2e4-d3ca7655de51,DR. PREM SHANKAR,REG_I0M105SD,MBBS MS,9647159268,,28.2,SURGEON
fc5a30fc-2807-4f94-b9ec-cea4a1db5ad3,78c8b6e1-51b0-412d-a2e4-d3ca7655de51,DR. RAJESH KUMAR,REG_Y9D0CYHA,MBBS DA,9679779352,,4.4,PAEDIATRICIAN
4333278a-9180-446d-bb11-81d679a53f35,78c8b6e1-51b0-412d-a2e4-d3ca7655de51,DR. RAVI SHANKAR,REG_Z1DJGCV1,MBBS,9668296424,,23.6,PRIMARY_CLINICIAN
3ee0ff51-7bfe-459f-ac53-93c2aadd6fb0,78c8b6e1-51b0-412d-a2e4-d3ca7655de51,DR. VIVEK KUMAR,REG_D1FBTBH6,MBBS MS,9876337955,,32.1,ANAESTHETIST
fa15047c-c1de-45a9-b736-03aaa602fce2,78c8b6e1-51b0-412d-a2e4-d3ca7655de51,DR. PREM SHANKAR,REG_MHVOVTJG,MBBS MD,7082843934,,4.5,GYNAECOLOGIST
e5f6dfe8-7158-42fd-a7d8-bcc8d6647711,77941d05-1445-409b-abbf-6a6ecab13bf1,DR. KIRAN DEVI,REG_F738XERT,MBBS DNB,9832304580,,9.1,ANAESTHETIST
f660ea7e-f5a4-46fc-b535-051487b934cd,77941d05-1445-409b-abbf-6a6ecab13bf1,DR. AMIT KUMAR YADAV,REG_LGJRSV9H,MBBS DA,9411858137,,23.5,ANAESTHETIST
e6ca7c54-7b68-4a77-b702-f5967cb9da8d,77941d05-1445-409b-abbf-6a6ecab13bf1,DR. UMESH KUMAR,REG_DNXYAHJE,MBBS MD DM,7691882172,,14.4,GYNAECOLOGIST
1c654fbd-62aa-4b61-9cb9-085526d5d328,77941d05-1445-409b-abbf-6a6ecab13bf1,DR. KAMLA DEVI,REG_RPXDCIZN,MBBS MD,7667579522,,17.9,ANAESTHETIST
08ac7a51-e666-4cbc-8897-785aafb72e99,77941d05-1445-409b-abbf-6a6ecab13bf1,DR. AMIT KUMAR VERMA,REG_B9225ZKX,MBBS MD DM,7533935437,,26.2,SURGEON
99f03bb4-8a08-494a-88df-9730ddd3d618,e234c61a-b45f-4f3e-9b18-f107bdb90eeb,DR. MUNNI DEVI,REG_O02DVT7P,MBBS MS MCh,7988270835,,1.1,RADIOLOGIST
272709d6-ea98-4285-acfa-0174442c48ef,e234c61a-b45f-4f3e-9b18-f107bdb90eeb,DR. ANITA DEVI,REG_3ELU3NSB,MBBS MS MCh,9441756265,,30.1,PAEDIATRICIAN
a0488cd0-1db4-4580-8304-a06eade32a44,e234c61a-b45f-4f3e-9b18-f107bdb90eeb,DR. SURESH KUMAR BIND,REG_RKD2XNCS,MBBS MS,8166371762,,17.4,ANAESTHETIST
fd9f05c1-7753-45ca-a665-5cf2c1c3372c,e234c61a-b45f-4f3e-9b18-f107bdb90eeb,DR. SHYAM LAL,REG_G4T2Z6FV,MBBS MS,7793159640,,22.5,RADIOLOGIST
4a62390c-6cef-4a75-a1b8-d718baeff446,e234c61a-b45f-4f3e-9b18-f107bdb90eeb,DR. GEETA DEVI,REG_4TI62ND0,MBBS DA,8150313913,,10.2,RADIOLOGIST
dc13e655-5f81-4cd5-b613-64d8a61258db,e234c61a-b45f-4f3e-9b18-f107bdb90eeb,DR. ANITA DEVI,REG_2HEXLYSQ,MBBS MS,9631526606,,19.7,RADIOLOGIST
5d8cbeef-fb0b-4d8d-b0ea-df75ff331ae7,e234c61a-b45f-4f3e-9b18-f107bdb90eeb,DR. PREM SHANKAR,REG_WRFALZH0,MBBS DNB,9693706729,,18.7,GYNAECOLOGIST
7eff8a14-bf2c-4dc5-96ae-0267652cad6f,2971041e-f4b3-4dbc-b941-bb7cdd3c2ad0,DR. REKHA DEVI,REG_DUIWXMMZ,MBBS DA,9650070652,,20.2,GYNAECOLOGIST
5f885be5-4eb7-4100-850d-0ecac05095cc,2971041e-f4b3-4dbc-b941-bb7cdd3c2ad0,DR. DEVENDRA KUMAR,REG_4PEAAQQL,MBBS MS,7945615872,,5.5,SURGEON
7be0a47a-6274-4c32-b264-f863d2ff1be2,2971041e-f4b3-4dbc-b941-bb7cdd3c2ad0,DR. REENA DEVI,REG_K425EUXE,MBBS DNB,7916704704,,34.5,ANAESTHETIST
7333cc2b-4714-4cfa-b4c7-4a5398d284fa,2971041e-f4b3-4dbc-b941-bb7cdd3c2ad0,DR. MANJU DEVI,REG_IFPD60LS,MBBS,7890596583,,34.6,PAEDIATRICIAN
1a2116c3-9cef-496c-8a66-f1e36b9c494c,7319f433-3a62-400b-bb73-a84b5ee6d232,DR. MUNNI DEVI,REG_OQ313W7I,MBBS DNB,8040315225,,24.7,RADIOLOGIST
b524cc06-c34b-4087-9b86-7edd0e9d8046,7319f433-3a62-400b-bb73-a84b5ee6d232,DR. NARESH KUMAR,REG_O05DPZHM,MBBS MS MCh,9677715977,,20.5,ANAESTHETIST
910ac3c1-0f55-4d1e-89d8-27fceee1d871,7319f433-3a62-400b-bb73-a84b5ee6d232,DR. PUSHPA DEVI,REG_XN2G6PZI,MBBS DNB,7776324847,,28.0,ANAESTHETIST
708d224e-6654-4ea4-8dad-cc7e8afb2256,7319f433-3a62-400b-bb73-a84b5ee6d232,DR. SARASWATI DEVI,REG_NKCJGAXM,MBBS MS,7779901974,,23.2,PAEDIATRICIAN
8487c7d9-a891-4bec-ba6d-e5c2ffe1b6ce,7319f433-3a62-400b-bb73-a84b5ee6d232,DR. HARI OM,REG_4N060REB,MBBS,7898437390,,27.4,PAEDIATRICIAN
3b169534-5b1d-44fb-95dd-5ec5c498d30e,7319f433-3a62-400b-bb73-a84b5ee6d232,DR. HEMANT KUMAR,REG_Z4CSMBI4,MBBS DNB,9495797818,,34.2,PRIMARY_CLINICIAN
44f52ab4-d16b-4a92-a00e-521390506061,7319f433-3a62-400b-bb73-a84b5ee6d232,DR. DRAUPADI DEVI,REG_DMTBUFMZ,MBBS MD,9710430205,,28.7,GYNAECOLOGIST
6ca78ae5-7c10-433d-9f65-20c9fb500912,18f428f2-80c7-40cf-8e1f-c54e6478aad6,DR. KIRAN DEVI,REG_YOKSJZGX,MBBS DNB,8097186628,,35.0,SURGEON
c2ca2f0f-8581-4972-9eaf-d919bb705766,18f428f2-80c7-40cf-8e1f-c54e6478aad6,DR. RAM PRASAD,REG_88YWQU0B,MBBS DA,9491539712,,6.4,PRIMARY_CLINICIAN
6e45498d-1718-4167-ad85-f1eb61e2b0be,18f428f2-80c7-40cf-8e1f-c54e6478aad6,DR. DEVENDRA KUMAR,REG_H4Z8K2K0,MBBS MD,9859722749,,28.6,SURGEON
d2174d13-b11e-4dee-9847-c9aaa4e29180,18f428f2-80c7-40cf-8e1f-c54e6478aad6,DR. SHYAM LAL,REG_3JRX3XIB,MBBS,9705629485,,14.3,RADIOLOGIST
654853f1-00a2-4e68-a279-ac1b57b7c61a,18f428f2-80c7-40cf-8e1f-c54e6478aad6,DR. MANJU DEVI,REG_LIM7DTKI,MBBS MS MCh,7509642470,,10.4,RADIOLOGIST
18c7db52-df59-4237-9288-5ee1eae372bd,18f428f2-80c7-40cf-8e1f-c54e6478aad6,DR. ARVIND KUMAR,REG_TDRF10WJ,MBBS MS MCh,7983912740,,23.5,RADIOLOGIST
37742af9-ad49-4e4d-aacd-06b9097b2767,18f428f2-80c7-40cf-8e1f-c54e6478aad6,DR. SHEELA DEVI,REG_A54R6GKA,MBBS MS MCh,9715428693,,1.1,GYNAECOLOGIST
9cc5e72a-edcf-450b-b693-73405ae908a5,d184befa-0281-4317-8c24-42aae42ba84e,DR. PRADEEP KUMAR KURMI,REG_1JK9QRM3,MBBS MS,9491310166,,4.7,GYNAECOLOGIST
8629b2d9-9727-4979-95b5-b66f76ccf39d,d184befa-0281-4317-8c24-42aae42ba84e,DR. GULABO DEVI,REG_LSN93VW0,MBBS MS MCh,7646136617,,9.3,RADIOLOGIST
fdb84260-16de-47bf-be8e-1e5ea350e01a,d184befa-0281-4317-8c24-42aae42ba84e,DR. VIJAY KUMAR RAJBHAR,REG_JOBMF8MC,MBBS DNB,7746069851,,9.1,ANAESTHETIST
120ce5fc-e4df-44c7-b81f-1dccf0fe1ec6,d184befa-0281-4317-8c24-42aae42ba84e,DR. GEETA DEVI,REG_LPRR8OKX,MBBS MS,7721105090,,19.0,SURGEON
5cec72c7-58c6-4c88-8172-5f32e85c4cc4,3c96aabd-e7cb-4c45-ac1c-614097b559da,DR. VIVEK KUMAR KUMAR,REG_W597O90Q,MBBS MS,9716097431,,5.1,SURGEON
fa74ee08-636c-4d43-923f-6c4ffed0eccb,3c96aabd-e7cb-4c45-ac1c-614097b559da,DR. SHEELA DEVI,REG_1EIJ1ZU4,MBBS MD DM,8024871683,,30.1,RADIOLOGIST
2289c017-f1ac-4441-b81d-89f50b3bf7bb,3c96aabd-e7cb-4c45-ac1c-614097b559da,DR. SURESH KUMAR,REG_2ONEFVDB,MBBS MS MCh,9725494640,,7.0,PRIMARY_CLINICIAN
9b4eb117-48fc-4f30-8bd3-00f170450697,7ff394e9-3485-4a4d-8fcd-340365ed2cb4,DR. PUSHPA DEVI,REG_WA9HHM2L,MBBS MD DM,9500473632,,32.1,SURGEON
fc27be4f-9a7c-478b-9133-039129355d95,7ff394e9-3485-4a4d-8fcd-340365ed2cb4,DR. LAXMI DEVI,REG_2Q38T7PL,MBBS MS MCh,8067710695,,21.5,PAEDIATRICIAN
9d83c073-2206-400b-9c0c-db41fea65d0d,7ff394e9-3485-4a4d-8fcd-340365ed2cb4,DR. DEEPAK KUMAR MAURYA,REG_LOUL1XVT,MBBS MS,7043473640,,19.0,RADIOLOGIST
c60d792a-0426-4ed1-950f-eea493cfbc95,7ff394e9-3485-4a4d-8fcd-340365ed2cb4,DR. SUMITRA DEVI,REG_CP2JCFGB,MBBS MS MCh,8098386995,,25.0,ANAESTHETIST
9445b617-4990-495a-a1f0-e90c374d8500,1cb0817d-76d0-48d0-82ac-48635fd57926,DR. SAROJ DEVI,REG_AJFTDD5X,MBBS DA,7540042433,,27.4,ANAESTHETIST
fc46a088-1162-45b7-9b0c-69fb99eedf8d,1cb0817d-76d0-48d0-82ac-48635fd57926,DR. SEEMA DEVI,REG_YZ0QU4C1,MBBS MS,8103990330,,17.9,PRIMARY_CLINICIAN
982fed77-a137-443b-b624-0244a1642baa,1cb0817d-76d0-48d0-82ac-48635fd57926,DR. SHYAM LAL,REG_1IPQSPRY,MBBS MS MCh,7760656563,,29.8,PRIMARY_CLINICIAN
91f51eb8-a32d-48a5-bddb-974bf55824a3,1cb0817d-76d0-48d0-82ac-48635fd57926,DR. RAVI SHANKAR MISHRA,REG_Z6757YVH,MBBS MS MCh,9695997375,,34.8,PAEDIATRICIAN
1e573684-9ffc-418d-85b4-568c54e2c7eb,1cb0817d-76d0-48d0-82ac-48635fd57926,DR. LEELA DEVI,REG_GB8ACDW5,MBBS MS MCh,7891990299,,13.1,ANAESTHETIST
93967462-a9a8-4383-b479-5ce944cc9908,1b2f0ee7-8e17-4f56-8bf1-17613a055ae4,DR. AMIT KUMAR,REG_T0CSX39N,MBBS DA,9619792823,,20.0,ANAESTHETIST
06ceee09-eb85-400e-b66e-d88c5bf3dae8,1b2f0ee7-8e17-4f56-8bf1-17613a055ae4,DR. SHANTI DEVI,REG_79DH9I9M,MBBS DNB,7569869607,,34.6,PAEDIATRICIAN
f6c68f8d-a81d-404b-8682-ed2842a73154,1b2f0ee7-8e17-4f56-8bf1-17613a055ae4,DR. SHIV KUMAR,REG_A0SF1MMZ,MBBS MD DM,7525881759,,30.5,ANAESTHETIST
ed7d19f9-48c1-4402-ac2e-9726b658b7bb,1b2f0ee7-8e17-4f56-8bf1-17613a055ae4,DR. DEVENDRA KUMAR,REG_JECPNOUL,MBBS MS,8013384270,,30.9,PAEDIATRICIAN
9c61ad2a-c6ce-477a-95c9-211a95c65858,1b2f0ee7-8e17-4f56-8bf1-17613a055ae4,DR. PAPPU YADAV,REG_RDQRZNB8,MBBS MS MCh,7794302117,,19.7,RADIOLOGIST
3aec2579-d267-478d-87fc-35c0f030248c,1b2f0ee7-8e17-4f56-8bf1-17613a055ae4,DR. SUSHIL KUMAR GUPTA,REG_BTCRZYWS,MBBS DA,7504018657,,10.9,PRIMARY_CLINICIAN
929139fc-4e70-49a2-a890-57cf314bc809,1b2f0ee7-8e17-4f56-8bf1-17613a055ae4,DR. RADHA DEVI,REG_JLENHUNM,MBBS MD DM,9849428296,,20.6,PRIMARY_CLINICIAN
2c7dac84-0be8-4352-93d7-0a6ee2a0d9f5,dac51237-edbb-4ee9-acf5-9937337ecbe5,DR. SHIV KUMAR,REG_6T60MCIS,MBBS MS,8060370315,,6.0,PAEDIATRICIAN
50849456-ccf6-42d3-863b-d27404de4bba,dac51237-edbb-4ee9-acf5-9937337ecbe5,DR. RAMESH CHANDRA KORI,REG_LC8WZRB8,MBBS MS MCh,7956716562,,22.2,PRIMARY_CLINICIAN
dd33af94-b4f8-4d4a-9d64-7b919a06ef54,dac51237-edbb-4ee9-acf5-9937337ecbe5,DR. SAVITRI DEVI,REG_81J8RJ8D,MBBS MD DM,7602409040,,22.2,RADIOLOGIST
b43fdf9d-5ce9-40f1-b601-8c10db4e7d4d,1bc45ab0-2708-4ce3-9ddb-e3409e93bd52,DR. SUSHILA DEVI,REG_ECBF5DU9,MBBS MS MCh,9670427455,,33.8,PAEDIATRICIAN
505a02ec-6798-4c59-936c-1fb73af2014d,1bc45ab0-2708-4ce3-9ddb-e3409e93bd52,DR. SANTOSHI DEVI,REG_LUVVJBD2,MBBS MS MCh,7899032258,,5.6,ANAESTHETIST
4833210e-ba6b-4ad9-ba44-821a8d691e71,1bc45ab0-2708-4ce3-9ddb-e3409e93bd52,DR. CHAMELI DEVI,REG_5AIO4SFC,MBBS MS,9738680956,,13.0,PRIMARY_CLINICIAN
9df7c5de-a5b0-4de1-8eb1-9aec7856ee9f,1bc45ab0-2708-4ce3-9ddb-e3409e93bd52,DR. SAROJ DEVI,REG_UYZ3M1ZV,MBBS DA,9896706723,,30.1,ANAESTHETIST
23517c6c-f5c4-4ce1-b6c7-d4e0b936d831,1bc45ab0-2708-4ce3-9ddb-e3409e93bd52,DR. JAGDISH PRASAD,REG_9GI0F3OT,MBBS,9766228716,,2.7,SURGEON
a2be8ef4-fc02-44cb-a4c1-2d77acfde096,1bc45ab0-2708-4ce3-9ddb-e3409e93bd52,DR. RAM PRASAD,REG_2SSVBBXP,MBBS MD,7756694509,,21.5,ANAESTHETIST
c70b9111-f472-4083-b1a0-7fac5f67011a,00022a0c-c67a-4d66-a9d6-dab6cb850efd,DR. RAKESH KUMAR MISHRA,REG_I5LWFCR0,MBBS MS,9710172326,,25.2,PAEDIATRICIAN
b32e6ddf-df10-4491-8b1f-e97ac28008af,00022a0c-c67a-4d66-a9d6-dab6cb850efd,DR. SHEELA DEVI,REG_VO2MCM6L,MBBS MS MCh,9717104207,,10.7,PRIMARY_CLINICIAN
c11c429d-5fdf-450f-81eb-0c23caf53a5d,00022a0c-c67a-4d66-a9d6-dab6cb850efd,DR. SHANTI DEVI,REG_6ZZA3QXG,MBBS MS,7661616265,,2.5,GYNAECOLOGIST
3688d5e0-015b-44f8-9c0e-88666ccae276,5e9bcbc0-18e7-4d4e-b2a2-c1a2eeda36cc,DR. GULABO DEVI,REG_FKMFQHKM,MBBS MD,7965657301,,28.0,RADIOLOGIST
934d30f5-b40b-42d1-9f9f-b6683d5556dd,5e9bcbc0-18e7-4d4e-b2a2-c1a2eeda36cc,DR. VIJAY KUMAR,REG_MMZGNC8K,MBBS DNB,7747606766,,24.2,GYNAECOLOGIST
4ab18bb2-32de-47a1-a743-a6264fea67cc,5e9bcbc0-18e7-4d4e-b2a2-c1a2eeda36cc,DR. SUMITRA DEVI,REG_0T24J87Z,MBBS DNB,9688578228,,19.3,RADIOLOGIST
15dc2b5e-c1ff-4503-98f3-02b9b80cfc1a,5e9bcbc0-18e7-4d4e-b2a2-c1a2eeda36cc,DR. PAPPU YADAV,REG_YORFZC1T,MBBS MS MCh,7600837182,,19.1,RADIOLOGIST
e2c987f1-dfd8-4e0a-932a-70c5f7300784,56afb951-aaf4-4664-bdf2-0ac91a4a066d,DR. SUNITA DEVI,REG_U2QI3T8Z,MBBS,7739709469,,18.9,PAEDIATRICIAN
ff9a6761-1bde-4773-b85c-d34135e06553,56afb951-aaf4-4664-bdf2-0ac91a4a066d,DR. LAKHAN LAL,REG_09RRCMFU,MBBS MS MCh,7889725699,,27.1,PRIMARY_CLINICIAN
e9c6a4e9-fb20-4594-81fe-11f8565cfc9c,56afb951-aaf4-4664-bdf2-0ac91a4a066d,DR. ANITA DEVI,REG_FRCB5HJ8,MBBS MD,7583912533,,25.4,ANAESTHETIST
02b7e990-cda8-47de-96a0-4e49f376a2e5,56afb951-aaf4-4664-bdf2-0ac91a4a066d,DR. LAXMI DEVI,REG_4ILKT7I4,MBBS DNB,7803996185,,1.7,SURGEON
8cfb0beb-309c-4206-9764-8f1f7a0a13d0,9ce7a416-a770-4f67-81e0-7b44323fe502,DR. VIVEK KUMAR,REG_MAODQNFQ,MBBS MD,9847760935,,28.3,RADIOLOGIST
c1db8faf-99de-4a40-92d1-0c9880fec14c,9ce7a416-a770-4f67-81e0-7b44323fe502,DR. GUDDU KUMAR,REG_3V6LU3YR,MBBS MD DM,7063748804,,2.8,PAEDIATRICIAN
88af40f8-5595-4e01-b1ff-b42dbcc959f8,9ce7a416-a770-4f67-81e0-7b44323fe502,DR. MUNNI DEVI,REG_ODZXV30L,MBBS MS MCh,7959543264,,8.8,GYNAECOLOGIST
71272d60-3a4b-4017-b6ac-ec2f119000e4,9ce7a416-a770-4f67-81e0-7b44323fe502,DR. POONAM DEVI,REG_NSMFOPOT,MBBS DNB,7535852018,,14.8,SURGEON
a00ed2c4-ac48-4ffa-95a6-469f76d56b63,9ce7a416-a770-4f67-81e0-7b44323fe502,DR. NIRMALA DEVI,REG_RQL0AMQ7,MBBS DA,7823542762,,30.8,PAEDIATRICIAN
8a4eaa8e-c864-49a7-b4af-edfb39419878,329a769e-96ab-48fb-b82a-409c20359649,DR. RAKESH KUMAR,REG_R038RWLI,MBBS MD,9675356385,,29.6,PAEDIATRICIAN
62c97c3e-45b4-4757-aa34-6599a918b4cf,329a769e-96ab-48fb-b82a-409c20359649,DR. LAKHAN LAL,REG_QHQRCOC6,MBBS MD DM,9587448997,,9.1,GYNAECOLOGIST
a619738e-7004-4d7f-9861-0fd1c11a91cd,329a769e-96ab-48fb-b82a-409c20359649,DR. RAJEEV KUMAR,REG_EEIDGB37,MBBS MD,7612711054,,23.8,GYNAECOLOGIST
6057e0bf-22c4-43c3-8cc3-a60bb517ae39,329a769e-96ab-48fb-b82a-409c20359649,DR. SARASWATI DEVI,REG_W2YVJQN6,MBBS DA,7749933922,,13.2,GYNAECOLOGIST
5f653903-e2c4-4fa0-97c9-1689d3ef1a3b,fde585e8-4da2-4045-8edb-dea77f2bfde2,DR. MANJU DEVI,REG_4E6DCKMC,MBBS MS,9792181853,,17.4,PAEDIATRICIAN
e55c7e27-c1ca-45a3-8bc0-5289a7fb7aef,fde585e8-4da2-4045-8edb-dea77f2bfde2,DR. SUMITRA DEVI,REG_7YUPQRTQ,MBBS MS MCh,7082720706,,12.3,SURGEON
f5aa7f87-f6a8-422a-9a9a-b90c35813afe,fde585e8-4da2-4045-8edb-dea77f2bfde2,DR. MUKESH KUMAR,REG_NI5RBI4X,MBBS MD,8040729145,,18.4,RADIOLOGIST
4785c10c-b4e4-4bf5-b31d-d4b44188ab1d,fde585e8-4da2-4045-8edb-dea77f2bfde2,DR. JAGDISH PRASAD,REG_OT453DBQ,MBBS MD DM,7503183404,,11.3,GYNAECOLOGIST
3f83e519-df77-413c-80f0-c4adfa89d9d5,fde585e8-4da2-4045-8edb-dea77f2bfde2,DR. ANIL KUMAR,REG_2NLFVY6M,MBBS,9857479050,,30.8,RADIOLOGIST
9844d608-de56-47c5-8ea5-4b3e415eb328,fde585e8-4da2-4045-8edb-dea77f2bfde2,DR. PRADEEP KUMAR,REG_2XI5YJ1P,MBBS MD,9731868115,,34.0,GYNAECOLOGIST
011bd635-a985-4771-9549-8f78eef0ff99,1c99b149-dc12-40e7-8ff3-21557ced1179,DR. RAJEEV KUMAR,REG_OJYBBTJJ,MBBS MS,7873921989,,3.0,PRIMARY_CLINICIAN
05786004-27e6-4787-880e-4a3b1e4e7f36,1c99b149-dc12-40e7-8ff3-21557ced1179,DR. MANOJ KUMAR,REG_S4C1070Q,MBBS MS,9527861334,,11.1,RADIOLOGIST
588368eb-3a5e-444d-bc78-a7301eeed836,1c99b149-dc12-40e7-8ff3-21557ced1179,DR. SANTOSHI DEVI,REG_U058EXZ2,MBBS MD DM,7855389434,,24.0,RADIOLOGIST
cd242817-8b97-47e8-ba44-52b9de5ee18e,1c99b149-dc12-40e7-8ff3-21557ced1179,DR. GEETA DEVI,REG_23CBJ3N5,MBBS,9547830652,,18.2,PAEDIATRICIAN
02ac296c-03d1-4000-9e46-eadf0033ae1c,1c99b149-dc12-40e7-8ff3-21557ced1179,DR. SAVITRI DEVI,REG_S4JJ2BX4,MBBS DA,9719481723,,29.5,PRIMARY_CLINICIAN
70049404-f9f7-4d2b-9f0e-e9054401640f,1c99b149-dc12-40e7-8ff3-21557ced1179,DR. SUSHILA DEVI,REG_8HL89KF9,MBBS DA,9531672891,,25.0,SURGEON
ec4fa8dd-4340-4e43-86dd-9340c755ca69,773f7fa2-f78a-4b7d-98a4-1a388c138acb,DR. SAVITRI DEVI,REG_CWI0W94K,MBBS DA,9838435879,,29.3,PRIMARY_CLINICIAN
ee8ec50c-3063-4dcc-8e56-25bcf1d0b2c0,773f7fa2-f78a-4b7d-98a4-1a388c138acb,DR. ASHOK KUMAR NISHAD,REG_ZJ8E835G,MBBS MS MCh,9555198880,,17.2,GYNAECOLOGIST
fe6b5f8f-36a5-43aa-8823-44653ef1dd1b,773f7fa2-f78a-4b7d-98a4-1a388c138acb,DR. PREM SHANKAR,REG_I0I3KIF5,MBBS MD DM,9630669320,,33.4,PRIMARY_CLINICIAN
ad955c67-b7b7-4afd-b5f3-cbce11a1d3a2,773f7fa2-f78a-4b7d-98a4-1a388c138acb,DR. REENA DEVI,REG_7TV4JZEC,MBBS,7911648866,,17.5,PRIMARY_CLINICIAN
e18a9af8-9e8d-43b8-868f-2cd18f07799f,773f7fa2-f78a-4b7d-98a4-1a388c138acb,DR. ASHOK KUMAR,REG_D4WWNM2F,MBBS MD DM,9783257099,,7.3,SURGEON
dce8bcdd-db7c-4044-ac50-4351606a79de,773f7fa2-f78a-4b7d-98a4-1a388c138acb,DR. SAROJ DEVI,REG_ZFD24OKM,MBBS DNB,7869423360,,15.1,GYNAECOLOGIST
d8dc441b-a51c-4211-9b6c-2695ad2ee969,634a130c-fcbe-4e59-a818-ddcac4bfae04,DR. SUNITA DEVI,REG_F07OVL61,MBBS MD DM,8176148404,,9.1,ANAESTHETIST
bcbd5815-855d-4d57-bc63-97d9fda55260,634a130c-fcbe-4e59-a818-ddcac4bfae04,DR. KALAWATI DEVI,REG_18392IHB,MBBS MS MCh,8159114598,,2.2,PAEDIATRICIAN
cdb71380-81e7-4d79-bf7b-60222cd8a489,634a130c-fcbe-4e59-a818-ddcac4bfae04,DR. PUSHPA DEVI,REG_DQIWKPCI,MBBS MD DM,9768011910,,4.1,SURGEON
5cb9b25e-eb76-4ad2-bb66-f3f4689d6474,634a130c-fcbe-4e59-a818-ddcac4bfae04,DR. DINESH KUMAR,REG_SLWRP03U,MBBS MS,7611364213,,9.1,GYNAECOLOGIST
7f282ae9-2010-4d26-a8dc-32340fa137b0,634a130c-fcbe-4e59-a818-ddcac4bfae04,DR. VIRENDRA SINGH,REG_LV5XUHNJ,MBBS DA,7988216173,,32.0,PAEDIATRICIAN
25ed60b5-c86b-4f9e-8147-df42afc37f6c,634a130c-fcbe-4e59-a818-ddcac4bfae04,DR. BABLU KUMAR,REG_MC0QOU1W,MBBS MD DM,7598551533,,15.2,GYNAECOLOGIST
38d3dbe4-97f5-4921-80d5-3b2e56d5ad10,535536b6-459d-430e-bdb3-ce4a1fd27e14,DR. RANI DEVI,REG_MBDBTOO8,MBBS MS MCh,8188593258,,28.2,PRIMARY_CLINICIAN
b357414a-855b-48a5-b431-5448b4141b1a,535536b6-459d-430e-bdb3-ce4a1fd27e14,DR. SHYAM LAL,REG_1Y0TF03M,MBBS MS,7873109083,,23.9,SURGEON
861ddc63-9e61-4b1b-aee3-a64eb913fd84,535536b6-459d-430e-bdb3-ce4a1fd27e14,DR. RAJEEV KUMAR,REG_0USAN7JD,MBBS DNB,7546583330,,23.7,PRIMARY_CLINICIAN
70437513-5bb1-4194-81cc-b10dbd639c6a,f3326ff2-35ac-4914-bcf0-0379f732cf20,DR. DINESH KUMAR,REG_K5T10CLG,MBBS DA,9872815723,,14.6,PRIMARY_CLINICIAN
e410c5f9-f23f-44f4-a075-298d55a4a29b,f3326ff2-35ac-4914-bcf0-0379f732cf20,DR. RADHA DEVI,REG_AZIQA9NC,MBBS MD,9840221626,,20.6,PAEDIATRICIAN
3e872a3c-ed21-4b6e-9c11-a70e4a9ad0f3,1b99ed4b-8ebc-414b-b3d9-8635c8ef44da,DR. CHAMELI DEVI,REG_BV6M1S9F,MBBS MD,7022995350,,14.9,PAEDIATRICIAN
9b676269-a2aa-4e78-a6c5-a7a3393eca17,1b99ed4b-8ebc-414b-b3d9-8635c8ef44da,DR. JAGDISH PRASAD CHAUHAN,REG_WKILHBDT,MBBS MD DM,8157952891,,29.5,ANAESTHETIST
4e3e221e-f6f6-4665-a0a1-ccdf3201cc5b,1b99ed4b-8ebc-414b-b3d9-8635c8ef44da,DR. SURESH KUMAR,REG_61NU7P2Z,MBBS MS,7624505249,,33.9,SURGEON
d08b99d3-8247-44ae-8a39-ee19b18f4a83,1b99ed4b-8ebc-414b-b3d9-8635c8ef44da,DR. SHYAM LAL SHUKLA,REG_0GSIWZ8H,MBBS MD,9622630920,,13.7,PAEDIATRICIAN
5b33c0dc-aba0-4c99-8fc3-2d4230d11657,1b99ed4b-8ebc-414b-b3d9-8635c8ef44da,DR. KIRAN DEVI,REG_UM7IO3S5,MBBS MD DM,9786866669,,21.9,ANAESTHETIST
e56da2b9-53ee-42df-97ca-796768a5e3f8,1b99ed4b-8ebc-414b-b3d9-8635c8ef44da,DR. SHIV KUMAR,REG_NK0SRRK4,MBBS MD,7915488584,,17.3,GYNAECOLOGIST
3bc7ff03-abd3-45ae-bc22-52e84254f730,1b99ed4b-8ebc-414b-b3d9-8635c8ef44da,DR. VIRENDRA SINGH,REG_ZTVJHV9W,MBBS MD,9734754362,,7.5,GYNAECOLOGIST
6c28057d-1647-46af-a71b-aadaef35ffba,e44955c4-8e35-4f64-b973-07fdb285e006,DR. REENA DEVI,REG_6X9EH3J2,MBBS DA,7781900295,,16.2,RADIOLOGIST
b1bd1ec5-0aa6-438c-9def-53d60652acd5,e44955c4-8e35-4f64-b973-07fdb285e006,DR. RAM PRASAD,REG_29CDT8PE,MBBS MS,7779968978,,29.7,ANAESTHETIST
39b119d8-2413-46b7-a592-f0f8f58bf3ac,e44955c4-8e35-4f64-b973-07fdb285e006,DR. VIRENDRA SINGH YADAV,REG_DPOKKNIC,MBBS DA,7037154108,,21.4,GYNAECOLOGIST
9c69ec47-cb58-4e2e-81ac-baa481228817,e44955c4-8e35-4f64-b973-07fdb285e006,DR. RAKESH KUMAR,REG_KXG4EKWN,MBBS MD,9423644554,,19.9,ANAESTHETIST
a8c4cf5f-d52f-4b09-a977-d2d175aaed21,5f74e2e2-dde4-4877-afe8-c66f668662b7,DR. RAJEEV KUMAR,REG_3GH31RC5,MBBS,9721642616,,28.0,GYNAECOLOGIST
eef39016-9636-4188-b45c-7f68c98194ad,5f74e2e2-dde4-4877-afe8-c66f668662b7,DR. KALAWATI DEVI,REG_TQ4QEDEI,MBBS,7924354364,,30.7,GYNAECOLOGIST
08e09378-0cfc-4c23-be32-d9945141a2d4,5f74e2e2-dde4-4877-afe8-c66f668662b7,DR. RAJESH KUMAR TIWARI,REG_CVST6NJX,MBBS MS MCh,8076071399,,33.6,GYNAECOLOGIST
d4a82127-a85f-487e-8df3-fb427e97c8e9,5f74e2e2-dde4-4877-afe8-c66f668662b7,DR. PREM SHANKAR VERMA,REG_KISELOFG,MBBS MD,7806917340,,14.9,GYNAECOLOGIST
ab98b8ee-0cfc-4812-a5c2-58b78c0dc2f0,5f74e2e2-dde4-4877-afe8-c66f668662b7,DR. SHIV KUMAR,REG_TKBBC7FO,MBBS MD DM,7700977992,,22.1,ANAESTHETIST
b69bab4e-1141-4d80-81f4-37643e0d269f,5f74e2e2-dde4-4877-afe8-c66f668662b7,DR. SUSHIL KUMAR,REG_Y7LJ3AC4,MBBS DNB,9847134829,,17.3,ANAESTHETIST
552fcdd5-f6e8-4bae-9c7c-0b0d17a95a1b,ed97bf9e-176e-4da6-a616-88f8388d00d8,DR. KUSUM DEVI,REG_2C82CZU5,MBBS MD,7751276527,,25.9,PAEDIATRICIAN
866238df-1801-4f3f-b32e-662c8adc5343,ed97bf9e-176e-4da6-a616-88f8388d00d8,DR. DEEPAK KUMAR,REG_336UKXOU,MBBS MD DM,7810709773,,18.0,PAEDIATRICIAN
2261543a-c3b7-46e9-b076-d34cfc0da9f0,ed97bf9e-176e-4da6-a616-88f8388d00d8,DR. RAJEEV KUMAR,REG_4VQ7WVCY,MBBS MD,7525487185,,20.7,PAEDIATRICIAN
1e6a8b6f-fe65-4f06-9ee9-9e3750eb768a,ed97bf9e-176e-4da6-a616-88f8388d00d8,DR. SHANTI DEVI,REG_KQXLEBPY,MBBS MS MCh,7039712601,,27.4,SURGEON
37734f2e-cc45-4013-9a07-b1c36b161bfd,ed97bf9e-176e-4da6-a616-88f8388d00d8,DR. MUKESH KUMAR DUBEY,REG_I85MNAG1,MBBS DA,9769354820,,11.5,GYNAECOLOGIST
74f9464a-3e42-44e7-a467-4739ed9af79e,210d53e0-7563-4263-a66d-c5cb28e89743,DR. ROHIT KUMAR,REG_2K2KHR6O,MBBS MS MCh,9664970072,,26.8,ANAESTHETIST
412a8cf5-cc25-4c5a-bb4a-f10d25e2680f,210d53e0-7563-4263-a66d-c5cb28e89743,DR. MANJU DEVI,REG_WBMA1DLD,MBBS MD DM,7070877918,,17.1,GYNAECOLOGIST
48a2537c-6fd2-46c9-9539-bc47787f6669,210d53e0-7563-4263-a66d-c5cb28e89743,DR. NIRMALA DEVI,REG_BMVAC2NQ,MBBS MD DM,7606284365,,31.5,PRIMARY_CLINICIAN
ac931a86-277f-4262-95cd-b1f30ee6bd45,210d53e0-7563-4263-a66d-c5cb28e89743,DR. RAMESH CHANDRA,REG_7R254OMA,MBBS,9844495282,,16.7,PRIMARY_CLINICIAN
06efcbdc-96b7-455b-b254-b2a843aa4f11,f028fa1e-2579-4cf3-8f4a-1403c50ecd0b,DR. JAGDISH PRASAD,REG_X0I8JGIL,MBBS MD DM,9740646626,,20.8,GYNAECOLOGIST
283bfb6c-ed3a-44c1-ab62-9b0aab015a79,f028fa1e-2579-4cf3-8f4a-1403c50ecd0b,DR. MANJU DEVI,REG_ZQ57CU65,MBBS MS,7938370382,,9.5,RADIOLOGIST
cf74aebc-2dab-4166-ba69-ca468adc6239,f028fa1e-2579-4cf3-8f4a-1403c50ecd0b,DR. ANIL KUMAR VERMA,REG_KBGKGKIF,MBBS DNB,7070796845,,23.6,GYNAECOLOGIST
d74fbb2b-c42f-49df-9c48-031b326d8f3b,4778b43a-760b-404b-86d1-e2e787fe59e7,DR. MUNNI DEVI,REG_7TC0DFT2,MBBS MS MCh,9828814213,,32.0,PAEDIATRICIAN
007bcf67-43ba-4a03-b349-04fc0c97088d,4778b43a-760b-404b-86d1-e2e787fe59e7,DR. SANTOSHI DEVI,REG_QBUJ1WK1,MBBS MD,9782261666,,8.0,RADIOLOGIST
2cc277c7-3e6b-42ef-bb82-0883aeb2b504,4778b43a-760b-404b-86d1-e2e787fe59e7,DR. KIRAN DEVI,REG_QW7K793C,MBBS MD,7752240440,,17.9,PRIMARY_CLINICIAN
25f8f8bc-2ff6-4720-9f1d-b18051683b9f,4778b43a-760b-404b-86d1-e2e787fe59e7,DR. PRIYA KUMARI,REG_3LLKZX0J,MBBS MD,7922755615,,5.9,PRIMARY_CLINICIAN
2c1efab9-a6e0-42a5-b9c9-4a609f84f7bc,4778b43a-760b-404b-86d1-e2e787fe59e7,DR. DINESH KUMAR JAISWAL,REG_REX3OB70,MBBS DA,9845944747,,12.4,PAEDIATRICIAN
d53a0f38-b4d6-42d5-b123-3256daa846ce,98996e2b-fd7d-42db-9e98-c546a28254cc,DR. SHIV KUMAR,REG_PNTBTX4K,MBBS MD,7847460049,,7.3,SURGEON
e05b4c41-ef78-4ed2-9ba0-3f22100fb0de,98996e2b-fd7d-42db-9e98-c546a28254cc,DR. KALAWATI DEVI,REG_6MOWTDLB,MBBS MD,8186677770,,27.3,RADIOLOGIST
d090b7bb-c454-4353-b70f-f67a2ebe7b42,98996e2b-fd7d-42db-9e98-c546a28254cc,DR. DRAUPADI DEVI,REG_TF1ML1WY,MBBS MS,7576547590,,11.5,PAEDIATRICIAN
b787bc73-3f60-450a-9d2c-fee7f6db0fcd,98996e2b-fd7d-42db-9e98-c546a28254cc,DR. RANI DEVI,REG_CZTG9JDO,MBBS MD,9436556602,,22.1,ANAESTHETIST
0e71c87a-3f5c-4e98-ab1f-bd601a2cc489,b953826f-a93e-45d3-a39a-55df4b2c4a4e,DR. RADHA DEVI,REG_KR7LKAFZ,MBBS MD DM,9777175086,,28.2,PAEDIATRICIAN
1b52ac6e-59e7-485d-bb48-5778ea466c54,b953826f-a93e-45d3-a39a-55df4b2c4a4e,DR. GUDDU KUMAR,REG_NCK7EGQK,MBBS DNB,9672741460,,3.4,GYNAECOLOGIST
c33d227c-61c3-4275-9a93-b885bf2b06af,b953826f-a93e-45d3-a39a-55df4b2c4a4e,DR. LAXMI DEVI,REG_E8KDM8KV,MBBS DA,7514104793,,17.6,ANAESTHETIST
f7e0506c-351a-42d6-9e88-b6067c2b1015,b953826f-a93e-45d3-a39a-55df4b2c4a4e,DR. SAROJ DEVI,REG_ZYNNU6W8,MBBS DA,9810623460,,23.0,GYNAECOLOGIST
c5a0414e-ab8a-4829-9571-6bb58ef123b5,b953826f-a93e-45d3-a39a-55df4b2c4a4e,DR. RAJEEV KUMAR,REG_EUXR2VI5,MBBS MD,9596475273,,19.6,SURGEON
da2f132f-f6f5-49a6-9e9e-d103c3e991bc,43b7d117-b51e-46dc-b26f-696b0ff56c82,DR. DRAUPADI DEVI,REG_KGEWP7RO,MBBS MS MCh,7943659499,,24.5,SURGEON
66f0bd73-2019-4132-8f43-c33e6aa5ee55,43b7d117-b51e-46dc-b26f-696b0ff56c82,DR. SANTOSHI DEVI,REG_7MGMYXAR,MBBS MD,9704071375,,24.9,RADIOLOGIST
577aaccc-9b9c-4784-810d-cf6049a6ad2d,43b7d117-b51e-46dc-b26f-696b0ff56c82,DR. ARVIND KUMAR,REG_9VJUZ8N0,MBBS MS,7931451766,,16.1,GYNAECOLOGIST
e6a4b5e3-a282-471c-a960-7fd20ca99163,43b7d117-b51e-46dc-b26f-696b0ff56c82,DR. KAMLA DEVI,REG_GHZFY45G,MBBS DNB,7736576755,,6.5,ANAESTHETIST
3265a3c5-f18d-4bda-9b17-1763346dbc73,43b7d117-b51e-46dc-b26f-696b0ff56c82,DR. HEMANT KUMAR,REG_B229CSOY,MBBS DA,8089320113,,22.0,SURGEON
11d6cb8d-67a2-43ce-95b4-99ae3911cb0d,43b7d117-b51e-46dc-b26f-696b0ff56c82,DR. LAXMI DEVI,REG_J5MYL2PO,MBBS,9792805115,,6.2,PRIMARY_CLINICIAN
d7fca03a-88dc-4629-9425-637b2e169363,6bab69eb-9afa-4043-a8a8-f7c0b089c088,DR. MUKESH KUMAR,REG_253AFDCS,MBBS DNB,7947807751,,9.7,SURGEON
24e6d9f6-d7b4-4f05-9a27-f2f994bb229a,6bab69eb-9afa-4043-a8a8-f7c0b089c088,DR. HARI OM,REG_PQRY0EA3,MBBS DA,7895596832,,10.3,GYNAECOLOGIST
61b4aad5-9a5d-418b-9440-cca930c6e231,6bab69eb-9afa-4043-a8a8-f7c0b089c088,DR. LEELA DEVI,REG_BIJAKD7C,MBBS MD,7904436050,,10.5,PAEDIATRICIAN
52b4bb02-7e76-4483-b07b-d7a96b1283fc,6bab69eb-9afa-4043-a8a8-f7c0b089c088,DR. PRADEEP KUMAR YADAV,REG_OCG7BVP8,MBBS MS MCh,9724100063,,30.0,GYNAECOLOGIST
7a650cd8-c311-4426-897c-a6907eaae92a,14689f0a-3d52-4137-a6a9-faf2389d7b2d,DR. KALAWATI DEVI,REG_CAH6L80R,MBBS MS MCh,7813973853,,19.5,RADIOLOGIST
51d74c75-ca7e-4d0e-9edf-4747b40e9a6f,14689f0a-3d52-4137-a6a9-faf2389d7b2d,DR. SHEELA DEVI,REG_QPFFYEM7,MBBS MD DM,7789177912,,34.6,RADIOLOGIST
a0167413-abd6-4726-b581-012ec9018f70,14689f0a-3d52-4137-a6a9-faf2389d7b2d,DR. MEENA DEVI,REG_EGRNKL4C,MBBS DA,7749836854,,24.9,SURGEON
6d06c4c6-8f1b-4f76-a608-7b02b781fabb,14689f0a-3d52-4137-a6a9-faf2389d7b2d,DR. JAGDISH PRASAD,REG_4GQ42DUG,MBBS MS MCh,9663930645,,29.1,RADIOLOGIST
ec30c3f5-b476-4bae-848a-fe780f7afa29,14689f0a-3d52-4137-a6a9-faf2389d7b2d,DR. SAVITRI DEVI,REG_JWJQN5YW,MBBS MD DM,7060366622,,12.8,GYNAECOLOGIST
3e09f14d-5370-47dc-a8d1-3ea2db005b0f,14689f0a-3d52-4137-a6a9-faf2389d7b2d,DR. PUSHPA DEVI,REG_OEZHN84E,MBBS MD,8106585753,,21.6,GYNAECOLOGIST
3ee0aa0b-16c5-41ab-9962-060006daf29b,14689f0a-3d52-4137-a6a9-faf2389d7b2d,DR. SURESH KUMAR,REG_XCG943GW,MBBS,8145018888,,18.2,PRIMARY_CLINICIAN
090b66a3-6bea-4901-a0fa-bf6591fe93a0,14689f0a-3d52-4137-a6a9-faf2389d7b2d,DR. DEVENDRA KUMAR,REG_FPBXQ153,MBBS DA,7955960468,,3.7,PRIMARY_CLINICIAN
2ee4b1f5-ef74-4f0b-89ce-baff693b6515,7d30507d-4a27-4c69-b2b8-08eda53ca9a6,DR. KALAWATI DEVI,REG_R82SGNFI,MBBS DA,7849139510,,28.1,PAEDIATRICIAN
04fba8ca-3043-43e7-aed4-942755d8faae,7d30507d-4a27-4c69-b2b8-08eda53ca9a6,DR. RAKESH KUMAR,REG_WYWV2V1T,MBBS,7660775236,,3.3,ANAESTHETIST
aa749624-0c1b-4afd-9935-80b80fb3f33f,7d30507d-4a27-4c69-b2b8-08eda53ca9a6,DR. GUDDU KUMAR,REG_Q1UMEVNM,MBBS MD DM,9672682468,,25.6,PRIMARY_CLINICIAN
0ace79d5-7cc1-435a-9921-9bc8df4cae4e,8c7430a4-0ea6-41ca-b018-056e339aa5b0,DR. BABLU KUMAR,REG_YGC1LEQY,MBBS,9880136845,,20.5,SURGEON
0a509a62-15da-4310-af97-ccbad1cf7871,8c7430a4-0ea6-41ca-b018-056e339aa5b0,DR. CHAMELI DEVI,REG_PPVQCZI4,MBBS DNB,7919777306,,12.9,PAEDIATRICIAN
287ef629-0fde-4f32-b0fd-dd5c22d8d5ca,8c7430a4-0ea6-41ca-b018-056e339aa5b0,DR. RAJEEV KUMAR,REG_D4WLHZV2,MBBS,8044661177,,19.9,RADIOLOGIST
f91a2116-0100-483a-b1f1-de15310f1130,8c7430a4-0ea6-41ca-b018-056e339aa5b0,DR. KUSUM DEVI,REG_NR8B1AM4,MBBS MD DM,7058697372,,16.6,SURGEON
cab1c2d7-d4c4-4ea0-8000-71ec0fca4fa2,96db583d-7981-452f-9291-b456e020d267,DR. DINESH KUMAR PASI,REG_G9BEV11N,MBBS MD,7528760563,,13.0,RADIOLOGIST
e434a177-ee17-47b2-8546-c3eef54d691a,96db583d-7981-452f-9291-b456e020d267,DR. CHAMELI DEVI,REG_HNFMDIN6,MBBS MS,9716405699,,15.7,SURGEON
49545498-a89d-46b6-9937-47b7172390be,8bc71410-a0f1-4c76-800f-5300d9496eca,DR. SARASWATI DEVI,REG_U9ETVLHV,MBBS MD,7917867704,,2.2,PAEDIATRICIAN
c9ed9c35-ddbf-402b-a9b7-27c4c3758543,8bc71410-a0f1-4c76-800f-5300d9496eca,DR. HEMANT KUMAR,REG_ZMNRBFVT,MBBS MS MCh,9830441835,,28.4,RADIOLOGIST
8c4596bc-6412-4277-9b20-5455f67e6cbb,bb35f752-a368-480e-afba-21573ff95c48,DR. MANJU DEVI,REG_IFIBR5Z7,MBBS MD DM,9886345572,,11.9,GYNAECOLOGIST
35fd2ef0-619b-406c-8711-f8760755df4d,bb35f752-a368-480e-afba-21573ff95c48,DR. PRADEEP KUMAR,REG_464JDGN5,MBBS MD DM,7762004307,,13.4,PAEDIATRICIAN
5c98444a-b0a9-4188-bce8-9afe23936960,bb35f752-a368-480e-afba-21573ff95c48,DR. USHA DEVI,REG_JF025QD3,MBBS DNB,9860505551,,30.7,SURGEON
72017d1a-6cc4-4e0f-822f-58b6b4c9448c,bb35f752-a368-480e-afba-21573ff95c48,DR. RADHA DEVI,REG_QGS9G9ET,MBBS,9644715870,,25.8,PRIMARY_CLINICIAN
8d8cb734-8e1c-4c3a-8ea1-dcd117d234b9,77bee0a6-3736-41b7-878e-2044de6db9a2,DR. DEEPAK KUMAR RAJBHAR,REG_ORGAS0R3,MBBS MD,7760679606,,21.2,GYNAECOLOGIST
d35dfd12-21f7-4659-a9d3-fbbbce11c10b,77bee0a6-3736-41b7-878e-2044de6db9a2,DR. RAVINDRA NATH,REG_MCSKO38B,MBBS MS,9436966714,,21.1,RADIOLOGIST
912e6b21-6a68-4dae-af6d-31ea8b756c4d,77bee0a6-3736-41b7-878e-2044de6db9a2,DR. RAKESH KUMAR,REG_SY8VHARB,MBBS MS,9478508373,,32.8,SURGEON
d45e7168-24db-4b3f-a0ca-ac809ad0bcc4,77bee0a6-3736-41b7-878e-2044de6db9a2,DR. NIRMALA DEVI,REG_BBGDX76O,MBBS DNB,9656851315,,27.4,PRIMARY_CLINICIAN
79a4a1f9-f99e-44ff-aafd-8cfc07d4f184,77bee0a6-3736-41b7-878e-2044de6db9a2,DR. PRADEEP KUMAR,REG_F29HO20P,MBBS DA,9714235615,,10.7,PAEDIATRICIAN
10a157a9-5b42-4627-8868-c78a0020cdb3,77bee0a6-3736-41b7-878e-2044de6db9a2,DR. VIRENDRA SINGH,REG_CLQOYS0H,MBBS,7841506895,,1.4,RADIOLOGIST
c7605f56-5d95-4b92-b846-927f23c66c10,77bee0a6-3736-41b7-878e-2044de6db9a2,DR. USHA DEVI,REG_SN19I46C,MBBS,7672533030,,18.9,SURGEON
e728301a-216e-452a-9918-79b964288dc5,77bee0a6-3736-41b7-878e-2044de6db9a2,DR. JAGDISH PRASAD,REG_M988J5YZ,MBBS,7539710684,,14.3,PAEDIATRICIAN
24b98949-0e2d-4fa9-8565-e5f18eea24a1,d4b57a38-fb5d-4322-bb10-6158a89c9ad4,DR. KAMLA DEVI,REG_HSO53KUP,MBBS MD DM,7558992765,,10.3,ANAESTHETIST
a00b9b9a-f0bb-4b99-a31d-ee2cac3365f4,d4b57a38-fb5d-4322-bb10-6158a89c9ad4,DR. GUDDU KUMAR,REG_KTSYJ6DU,MBBS MS MCh,7827154008,,8.0,GYNAECOLOGIST
cab73451-8887-4d16-9649-a2a2faa9b805,d4b57a38-fb5d-4322-bb10-6158a89c9ad4,DR. NIRMALA DEVI,REG_1CEUFSG8,MBBS MD,7739418242,,8.7,RADIOLOGIST
22c72535-bdc7-415d-a365-ccc6e85f9f5b,d4b57a38-fb5d-4322-bb10-6158a89c9ad4,DR. BABLU KUMAR PANDEY,REG_HC7UAOKE,MBBS MD DM,7015216737,,33.4,RADIOLOGIST
861322cc-b8e0-48ef-b59e-e229d174829e,d4b57a38-fb5d-4322-bb10-6158a89c9ad4,DR. NARESH KUMAR,REG_TZCM6T1D,MBBS MS MCh,7769985613,,21.3,GYNAECOLOGIST
36350067-5693-4e58-8c0e-41e51c705322,d4b57a38-fb5d-4322-bb10-6158a89c9ad4,DR. PHOOL KUMARI,REG_S70NYQXP,MBBS MS MCh,9669512657,,19.3,RADIOLOGIST
a71515c5-4b71-4013-8b59-3875a5e2df7d,d4b57a38-fb5d-4322-bb10-6158a89c9ad4,DR. RAJEEV KUMAR,REG_WIGAO8V9,MBBS MS,9788845485,,10.7,ANAESTHETIST
776448d1-cfb4-4c55-8823-2547f014373b,d4b57a38-fb5d-4322-bb10-6158a89c9ad4,DR. NIRMALA DEVI,REG_Y9AVRU85,MBBS,7863650428,,9.9,GYNAECOLOGIST
e73d7170-59d9-4fb3-a2dc-c70251fb94d5,ae1ffb7d-3356-413e-8d09-e4b485d1f91d,DR. VIRENDRA SINGH GAUTAM,REG_7TMX3S1U,MBBS DA,7914886147,,20.1,PRIMARY_CLINICIAN
aaf7715b-81fe-45b5-944c-d0be4192e32e,ae1ffb7d-3356-413e-8d09-e4b485d1f91d,DR. PREM SHANKAR,REG_XYKFWLSH,MBBS MD,7689350544,,20.3,SURGEON
fd21f2dc-907d-4817-b304-c8b014ccd4ed,9790f009-c4ec-4e15-8b88-3762ae3b75cc,DR. LEELA DEVI,REG_AG3WKCAY,MBBS DNB,8030006627,,30.6,PRIMARY_CLINICIAN
2ad91c05-232a-46a4-8efb-34d56273a8f2,9790f009-c4ec-4e15-8b88-3762ae3b75cc,DR. PUSHPA DEVI,REG_MA2Y49K0,MBBS,7011510318,,13.6,GYNAECOLOGIST
233a3931-9a12-4b66-8279-9fe2655183e8,9790f009-c4ec-4e15-8b88-3762ae3b75cc,DR. RAM PRASAD NISHAD,REG_28OEIL7Y,MBBS MS MCh,7940302245,,7.2,PAEDIATRICIAN
784ad50a-ee7e-4d5d-ab49-44c76c249431,9790f009-c4ec-4e15-8b88-3762ae3b75cc,DR. RAMU KAKA,REG_JNAVSG0L,MBBS,9601626831,,6.0,ANAESTHETIST
a7f47f9c-218d-4f8d-99a8-0f497fa8297e,9790f009-c4ec-4e15-8b88-3762ae3b75cc,DR. NIRMALA DEVI,REG_F0Y1H4IE,MBBS MS,9636855852,,17.8,PRIMARY_CLINICIAN
b6fefcd5-fd2e-4621-9896-fc5b2a08f63d,9790f009-c4ec-4e15-8b88-3762ae3b75cc,DR. RAMU KAKA,REG_GKXYX1VC,MBBS MD,7701373937,,20.9,PAEDIATRICIAN
9aacb679-8f6e-48dc-b422-7ab6f2f4d282,9790f009-c4ec-4e15-8b88-3762ae3b75cc,DR. RAVI SHANKAR MAURYA,REG_8PO0QIET,MBBS MD DM,9807225275,,11.9,PRIMARY_CLINICIAN
c4cf2000-2031-421b-b831-19327b9758c1,9790f009-c4ec-4e15-8b88-3762ae3b75cc,DR. SHANTI DEVI,REG_1U9XY9V0,MBBS DNB,7812695740,,30.0,GYNAECOLOGIST
505ad5e6-30d8-42d5-93f0-7f29f35b4172,c82d2e3f-98ce-491b-94c5-f33223488e8a,DR. RAMU KAKA,REG_Q753C24P,MBBS DA,8014322175,,15.2,PRIMARY_CLINICIAN
9bf4f2e5-9e2f-4ea5-84d3-5e8f14a300dd,c82d2e3f-98ce-491b-94c5-f33223488e8a,DR. KALAWATI DEVI,REG_TQOL7N2H,MBBS DA,9736264235,,13.9,ANAESTHETIST
bcc5f05c-7c82-458f-a686-85052c148ef2,c82d2e3f-98ce-491b-94c5-f33223488e8a,DR. KUSUM DEVI,REG_Z5RHLMH2,MBBS MS MCh,9460053889,,4.7,ANAESTHETIST
839b1ef1-66c1-4988-9e1e-1d6864542f81,c82d2e3f-98ce-491b-94c5-f33223488e8a,DR. SUSHILA DEVI,REG_BNH3237E,MBBS,7581642312,,33.6,PRIMARY_CLINICIAN
c17d8eee-168a-41fe-80fb-7f2cf4fb249a,c82d2e3f-98ce-491b-94c5-f33223488e8a,DR. VIJAY KUMAR,REG_Q0GM3VIP,MBBS MS MCh,8182964941,,6.9,RADIOLOGIST
01e0fec2-a439-4613-bb1a-1962719d9eb3,c82d2e3f-98ce-491b-94c5-f33223488e8a,DR. MUKESH KUMAR,REG_ZYRT1WHL,MBBS,7853638989,,31.3,ANAESTHETIST
1674b942-4d9e-46d6-aaa6-8f916812c141,c82d2e3f-98ce-491b-94c5-f33223488e8a,DR. SHYAM LAL,REG_VBZ38BTY,MBBS DNB,7927756885,,1.7,SURGEON
68e12220-99de-4745-b4ee-3353372d823a,c82d2e3f-98ce-491b-94c5-f33223488e8a,DR. PUSHPA DEVI,REG_CQ7ETJWN,MBBS MD,7720669905,,6.8,GYNAECOLOGIST
9b88fdbf-7c00-48cc-8528-f8d3d13bc524,774e84f5-a11e-428d-a490-b6e026c3389e,DR. KAMLA DEVI,REG_W8ZOA1FE,MBBS,7991541055,,3.1,PAEDIATRICIAN
4c04e539-3931-4c52-a913-92a3e1df267d,774e84f5-a11e-428d-a490-b6e026c3389e,DR. SANJAY KUMAR,REG_MTZ2HELX,MBBS DNB,7980881559,,9.4,SURGEON
472b95d0-4a7f-4282-89e8-2638a19538b3,774e84f5-a11e-428d-a490-b6e026c3389e,DR. SURESH KUMAR YADAV,REG_EXMCHJBP,MBBS DNB,7982347277,,17.2,SURGEON
118a911e-7035-4f69-935a-68783d1e3388,774e84f5-a11e-428d-a490-b6e026c3389e,DR. URMILA DEVI,REG_Y32G8J2J,MBBS DA,8082512589,,14.0,PAEDIATRICIAN
6a1d7094-7c2d-45f6-bcf8-f7e9e33a8caf,774e84f5-a11e-428d-a490-b6e026c3389e,DR. LEELA DEVI,REG_3RF67H99,MBBS MD,7086639890,,30.0,SURGEON
46019f80-d039-430e-9cdf-b5db0481d222,169bd8af-394c-4bfd-9a8a-251a3680241d,DR. JAGDISH PRASAD,REG_GM2H7MOL,MBBS MD,8166280071,,13.4,PAEDIATRICIAN
e8330927-d72a-4b8d-b92f-a80e4da7e29e,169bd8af-394c-4bfd-9a8a-251a3680241d,DR. MANOJ KUMAR,REG_4B0VRB08,MBBS DA,7090320599,,10.2,PAEDIATRICIAN
918b0214-ecd2-40d3-8fef-09102598fa2b,169bd8af-394c-4bfd-9a8a-251a3680241d,DR. KUSUM DEVI,REG_O3G3T0G5,MBBS MD DM,7937790038,,18.6,RADIOLOGIST
80494c18-5e55-4209-b387-a0d0bdd4732c,169bd8af-394c-4bfd-9a8a-251a3680241d,DR. NARESH KUMAR,REG_CHLLVQW0,MBBS MS MCh,9666184922,,23.9,PAEDIATRICIAN
98b9c720-b6ac-4d10-b08e-58be3f412808,169bd8af-394c-4bfd-9a8a-251a3680241d,DR. SARASWATI DEVI,REG_XMQYV9GL,MBBS DA,7990601612,,31.9,ANAESTHETIST
63585a3a-eb96-46d9-82e7-966bd07f7ca1,169bd8af-394c-4bfd-9a8a-251a3680241d,DR. ASHOK KUMAR VERMA,REG_511ME4R8,MBBS MS,7024378156,,3.2,RADIOLOGIST
a782ddc1-2b24-43ef-8d7c-01e79d258265,169bd8af-394c-4bfd-9a8a-251a3680241d,DR. PRIYA KUMARI,REG_BF34Q7WC,MBBS,7041109661,,11.6,ANAESTHETIST
457043d5-962a-429f-a70f-16b6d63f32a0,169bd8af-394c-4bfd-9a8a-251a3680241d,DR. DEVENDRA KUMAR,REG_W19TLYZ9,MBBS,9857039652,,17.8,SURGEON
1713dbbf-485b-4b1e-9f21-a36d71076220,44de4e75-8b0c-4958-a2cc-7fc3fa0c125a,DR. RAMU KAKA,REG_1DA9CBDH,MBBS DA,7511070952,,15.4,GYNAECOLOGIST
e1a49631-5374-4a50-956e-be77f00b8a20,44de4e75-8b0c-4958-a2cc-7fc3fa0c125a,DR. PREM SHANKAR SHARMA,REG_O89B4ZEK,MBBS MD DM,8174042997,,31.6,SURGEON
7e7e7686-9b09-4e8e-8f33-622e5c7dee86,44de4e75-8b0c-4958-a2cc-7fc3fa0c125a,DR. RANI DEVI,REG_252ZUS13,MBBS,9558447540,,30.3,ANAESTHETIST
c506d3d2-c62a-4e49-9abe-47060a42d8a7,44de4e75-8b0c-4958-a2cc-7fc3fa0c125a,DR. SANTOSH KUMAR PANDEY,REG_3YOSC38F,MBBS DNB,8051790967,,3.1,RADIOLOGIST
02125cff-cd4f-412a-a8b4-1d5c0dc2a888,44de4e75-8b0c-4958-a2cc-7fc3fa0c125a,DR. KAMLA DEVI,REG_UYYDE9E2,MBBS MS,8042637747,,24.1,PAEDIATRICIAN
f4a66af5-08f0-401b-932d-90aab13476cb,44de4e75-8b0c-4958-a2cc-7fc3fa0c125a,DR. KALAWATI DEVI,REG_5OPE9SOR,MBBS DNB,9791026570,,8.4,PRIMARY_CLINICIAN
914e52af-478f-4b8f-a745-e3f5c1251476,44de4e75-8b0c-4958-a2cc-7fc3fa0c125a,DR. VIJAY KUMAR,REG_LMXXH5E7,MBBS MS MCh,7622666214,,1.9,ANAESTHETIST
4a482ced-ccb4-4682-b18f-67352474ef27,44de4e75-8b0c-4958-a2cc-7fc3fa0c125a,DR. PREM SHANKAR,REG_E8TDEDSN,MBBS MD DM,8061067879,,23.5,PRIMARY_CLINICIAN
fa3ebfe2-b7d8-4776-8023-f3fe46360a31,e143eb48-9803-47ee-a528-afa11a065593,DR. KALAWATI DEVI,REG_DM5RVJXY,MBBS MS MCh,7769144211,,32.2,ANAESTHETIST
dc887271-4140-4936-9be1-ca3a7d0efd6f,e143eb48-9803-47ee-a528-afa11a065593,DR. PHOOL KUMARI,REG_OGV35QYS,MBBS,9579401525,,16.8,PAEDIATRICIAN
ea00e4fd-8312-4634-85a1-9e4cb39c56ee,e143eb48-9803-47ee-a528-afa11a065593,DR. PUSHPA DEVI,REG_XZDVP7GX,MBBS MS,9563708115,,17.8,PAEDIATRICIAN
b8204399-966d-4874-a642-b309832bf733,e143eb48-9803-47ee-a528-afa11a065593,DR. VIVEK KUMAR,REG_NKCCEODW,MBBS DNB,7871479699,,16.8,PRIMARY_CLINICIAN
f16a0919-ad94-4c26-81b9-35f97147ca8c,e143eb48-9803-47ee-a528-afa11a065593,DR. RAJU YADAV SINGH,REG_JKVZ2JEK,MBBS MD DM,7555115495,,27.7,ANAESTHETIST
404fc885-8cc4-4cf3-93da-34bc3da7d9ea,e143eb48-9803-47ee-a528-afa11a065593,DR. MUNNI DEVI,REG_F6MF39QP,MBBS MS MCh,9459017786,,34.5,ANAESTHETIST
df11dd28-cb2e-4353-8f91-a12ff0677902,e143eb48-9803-47ee-a528-afa11a065593,DR. NARESH KUMAR YADAV,REG_DS0FHWZW,MBBS,9849554400,,18.5,SURGEON
7316bbef-7921-4aa9-a448-9fe3469c286d,e143eb48-9803-47ee-a528-afa11a065593,DR. MEENA DEVI,REG_BARBRNZD,MBBS MD DM,7816502368,,11.3,RADIOLOGIST
a8f11118-6865-4685-a008-c6f776786c60,886e768d-710b-4ab0-be65-8fbaa25b0e6d,DR. SANTOSH KUMAR SHUKLA,REG_6BYET4LT,MBBS MD DM,8046358133,,20.6,SURGEON
284eeed8-7c39-42a0-a3cc-b64ad738d475,886e768d-710b-4ab0-be65-8fbaa25b0e6d,DR. RAVINDRA NATH,REG_3WBGAJ26,MBBS MD,7739369633,,20.7,ANAESTHETIST
d9ada195-dae2-48b8-8fa5-59646389e949,787beee6-ff80-4a5b-aeca-4fd2756f0548,DR. PRIYA KUMARI,REG_RCH1QG3H,MBBS MD DM,7830633199,,28.8,GYNAECOLOGIST
0faa9524-e0c7-4c2b-b3fc-9fab0e037404,787beee6-ff80-4a5b-aeca-4fd2756f0548,DR. RAVINDRA NATH,REG_IVMGSPKZ,MBBS MS MCh,7670547781,,3.2,PAEDIATRICIAN
9a719446-2c53-4941-8e4c-ca758ad91f40,ce7867d2-5635-49cc-a736-9403134aac2e,DR. PREM SHANKAR TIWARI,REG_8SYTJUOO,MBBS MD DM,7010042354,,15.8,RADIOLOGIST
a4dfd71d-b671-4ff7-96f0-fd7c3100a4ee,ce7867d2-5635-49cc-a736-9403134aac2e,DR. URMILA DEVI,REG_Z8N3IJHG,MBBS MS MCh,8130478587,,17.6,SURGEON
6ce4743a-6cb0-43dd-9ec7-129ac9e095a7,ce7867d2-5635-49cc-a736-9403134aac2e,DR. ARVIND KUMAR,REG_IWRB4ZI9,MBBS DA,8041490740,,25.5,ANAESTHETIST
03fc7e35-9253-477e-955f-d4ab8ac85ffb,ce7867d2-5635-49cc-a736-9403134aac2e,DR. SHYAM LAL,REG_EMCKDXDU,MBBS,9600125688,,10.0,GYNAECOLOGIST
087a63a8-59d0-4999-8305-6cfa5ad740aa,76d53435-2f53-44c7-977f-fa63dbddef70,DR. GUDDU KUMAR,REG_127TKLCS,MBBS MD DM,7950829994,,4.8,PAEDIATRICIAN
a84450bb-840b-4c72-9e30-a233d6cc4419,76d53435-2f53-44c7-977f-fa63dbddef70,DR. LEELA DEVI,REG_O22CEYHP,MBBS MD DM,7848197768,,22.5,SURGEON
39282989-cced-460b-afd3-0839e1d98b98,76d53435-2f53-44c7-977f-fa63dbddef70,DR. RAJESH KUMAR,REG_XMDS8YXB,MBBS MD DM,7769820500,,30.2,GYNAECOLOGIST
2848aac3-21db-4aec-8eff-967c65e221d7,0309f1cb-d6cd-472f-ba10-6903794d92f9,DR. ROHIT KUMAR,REG_P037YLBF,MBBS DNB,7018242149,,12.2,GYNAECOLOGIST
161ab18b-e7e5-4b01-8b89-2f65272099e5,0309f1cb-d6cd-472f-ba10-6903794d92f9,DR. SHIV KUMAR,REG_DVUB3DXS,MBBS,7767228817,,16.3,PAEDIATRICIAN
9b50da66-1f68-463a-b537-9b61518c5b7f,0309f1cb-d6cd-472f-ba10-6903794d92f9,DR. SURESH KUMAR KUMAR,REG_K7N38BR3,MBBS MD,9711831319,,30.3,SURGEON
354dd9d6-f335-4a70-8fa4-6b4e1ca952f3,0309f1cb-d6cd-472f-ba10-6903794d92f9,DR. RADHA DEVI,REG_TX1VJBVQ,MBBS DNB,7697856089,,11.3,SURGEON
5c18c4e9-d76c-4967-b11b-d8e4d50fe64d,0309f1cb-d6cd-472f-ba10-6903794d92f9,DR. RAMESH CHANDRA SHARMA,REG_9F20KK4B,MBBS MS MCh,9649014075,,3.0,SURGEON
cb6d8933-5b2c-4242-bfe1-75a1b08bf4f9,0309f1cb-d6cd-472f-ba10-6903794d92f9,DR. SUSHILA DEVI,REG_0LTJHLL3,MBBS MD DM,7650796129,,14.3,PAEDIATRICIAN
40da7b21-97bd-4a3e-8ae6-dbbfe9c096f0,0309f1cb-d6cd-472f-ba10-6903794d92f9,DR. VIVEK KUMAR,REG_66LO55MO,MBBS,9735165857,,4.8,PAEDIATRICIAN
dd1c998f-8017-4126-9da3-1f9c8724c900,0a85f16e-2b22-4dca-a10d-5b92201b4906,DR. KALAWATI DEVI,REG_OZSXE4OU,MBBS MD,8194001384,,3.6,RADIOLOGIST
a2269a5f-b04e-4e25-a3ac-efa0bebdb80d,0a85f16e-2b22-4dca-a10d-5b92201b4906,DR. SHIV KUMAR,REG_HX1CJGEX,MBBS DNB,9774481871,,16.8,RADIOLOGIST
3309c851-2720-46a8-b6c7-a6896594e927,0a85f16e-2b22-4dca-a10d-5b92201b4906,DR. ROHIT KUMAR,REG_2GM0MPUN,MBBS MS MCh,9513504879,,18.0,ANAESTHETIST
608d740d-f9c1-4148-ba10-80ec3ebdf39e,0a85f16e-2b22-4dca-a10d-5b92201b4906,DR. RANI DEVI,REG_YT6Z6PVL,MBBS DA,8052080885,,15.2,RADIOLOGIST
779eac31-154b-461f-ab49-0694d57ae3c2,0a85f16e-2b22-4dca-a10d-5b92201b4906,DR. SUSHILA DEVI,REG_V0XBXAFV,MBBS DA,7781722170,,34.8,PRIMARY_CLINICIAN
51a9fd9b-ad69-4fd4-8e8e-7e1481642c37,0a85f16e-2b22-4dca-a10d-5b92201b4906,DR. REENA DEVI,REG_FRV2XBZW,MBBS DA,9627226368,,16.7,GYNAECOLOGIST
fd7d7ef3-0144-43b4-8e25-5950c37b1548,0a85f16e-2b22-4dca-a10d-5b92201b4906,DR. DEEPAK KUMAR,REG_XM8EV8P0,MBBS MS MCh,9884528552,,4.0,ANAESTHETIST
7f3d8f22-68c7-406e-8680-5164523d19c9,82f0c635-e239-4173-a652-e5c58ab0a63e,DR. GULABO DEVI,REG_V8808SVU,MBBS,8155459423,,14.8,RADIOLOGIST
58e1e041-aabc-4d60-9f59-86b9f14b9ec3,82f0c635-e239-4173-a652-e5c58ab0a63e,DR. SANJAY KUMAR,REG_WS40Z60S,MBBS MD DM,8129967641,,32.5,ANAESTHETIST
0d336c41-45c6-4e58-8fc4-aedec0c09d10,82f0c635-e239-4173-a652-e5c58ab0a63e,DR. ARVIND KUMAR,REG_Y8YCS7AT,MBBS MD,7976014467,,30.2,SURGEON
f6994662-580d-4e4a-8cc5-b86a4b0e4250,82f0c635-e239-4173-a652-e5c58ab0a63e,DR. PUSHPA DEVI,REG_9CWU6EXN,MBBS DA,8189187717,,7.4,RADIOLOGIST
687c5e8b-4658-42d2-ac5f-816607f294b1,f6dbadc9-6b8d-41f4-8648-d12113ee3815,DR. KIRAN DEVI,REG_TFT23MYO,MBBS DNB,8088467376,,2.2,PRIMARY_CLINICIAN
09142d57-6165-4ce7-8aea-540cfd7d4c96,f6dbadc9-6b8d-41f4-8648-d12113ee3815,DR. RAM PRASAD,REG_K5B9N8PB,MBBS MD DM,8197710773,,32.6,PRIMARY_CLINICIAN
d46d0a48-aa62-48b8-a2d3-e80ad2b8b6f5,f6dbadc9-6b8d-41f4-8648-d12113ee3815,DR. LEELA DEVI,REG_E89GTF50,MBBS DA,9650370509,,3.1,PRIMARY_CLINICIAN
293ab085-d027-4304-9be4-a2b616a550ad,f6dbadc9-6b8d-41f4-8648-d12113ee3815,DR. BABLU KUMAR,REG_O5GJTLED,MBBS,9862036667,,30.5,PRIMARY_CLINICIAN
85406b89-1db1-4738-923e-9dfa11eba88b,f6dbadc9-6b8d-41f4-8648-d12113ee3815,DR. GULABO DEVI,REG_Y54XNFSY,MBBS MD,7870331087,,24.7,PRIMARY_CLINICIAN
1e9f8541-2767-4567-a09c-b7753dcba181,f6dbadc9-6b8d-41f4-8648-d12113ee3815,DR. PRIYA KUMARI,REG_MNEBCKBT,MBBS,7543650206,,7.9,RADIOLOGIST
755586e3-37ce-4913-bd94-2be96c602615,dc0137f9-20fe-4a85-bfdd-45cf9d56fa5f,DR. URMILA DEVI,REG_NFGUBPJA,MBBS MD,7587511131,,14.7,PAEDIATRICIAN
c315c0f3-ea21-4afa-8804-1af7d677a58f,dc0137f9-20fe-4a85-bfdd-45cf9d56fa5f,DR. AMIT KUMAR,REG_JOX0N4S4,MBBS DA,7595393087,,20.0,ANAESTHETIST
fdb3c0bd-3dd0-4eb3-905f-0e6d7496c2ba,dc0137f9-20fe-4a85-bfdd-45cf9d56fa5f,DR. PAPPU YADAV,REG_LTDWGSZH,MBBS,9533076562,,6.1,SURGEON
28f088c8-343e-42aa-9a11-f83dd5a00319,dc0137f9-20fe-4a85-bfdd-45cf9d56fa5f,DR. AMIT KUMAR,REG_NOZGL25X,MBBS DNB,9536278194,,27.8,ANAESTHETIST
4357696f-110d-4e08-abb8-7b3cc588d98a,dc0137f9-20fe-4a85-bfdd-45cf9d56fa5f,DR. SHEELA DEVI,REG_9Y1P57IO,MBBS MS,8194815122,,5.8,ANAESTHETIST
32cd40c6-4b77-4001-8809-8dda5f9051e3,dc0137f9-20fe-4a85-bfdd-45cf9d56fa5f,DR. DEEPAK KUMAR,REG_LL3VK5I1,MBBS MD,7800843386,,24.7,SURGEON
8181bbcb-0d94-44cf-b242-e683ac776c9f,dc0137f9-20fe-4a85-bfdd-45cf9d56fa5f,DR. RAKESH KUMAR YADAV,REG_KVVF53BW,MBBS MD DM,9623643990,,30.9,GYNAECOLOGIST
1ffc9a5c-6ab2-404e-a823-dff49e0560d0,dc0137f9-20fe-4a85-bfdd-45cf9d56fa5f,DR. RADHA DEVI,REG_D630EZH9,MBBS DNB,9886179764,,7.2,GYNAECOLOGIST
f1bd871a-a230-4ba0-b3e8-673075bc98c4,acf7cc6d-d2d5-450c-8ea2-2e4c3aab8048,DR. DINESH KUMAR,REG_R8OWM1TO,MBBS MS MCh,9626521418,,19.2,PAEDIATRICIAN
4badb8f5-1b20-45b8-9945-93dd5bb5ace8,acf7cc6d-d2d5-450c-8ea2-2e4c3aab8048,DR. ASHOK KUMAR,REG_U8VF8X10,MBBS DA,7944422636,,17.1,PRIMARY_CLINICIAN
ad021d30-d8a7-4393-8666-3182d48f0b52,acf7cc6d-d2d5-450c-8ea2-2e4c3aab8048,DR. LEELA DEVI,REG_FKJZFTGH,MBBS DA,9856739513,,4.5,ANAESTHETIST
04ef1323-d738-49d6-91c9-a316afe12d81,36514112-6034-4d11-bcc2-83c07762bea0,DR. AMIT KUMAR VERMA,REG_O804FTZX,MBBS MS,7610901521,,29.1,PAEDIATRICIAN
3d7e8901-361d-46e9-bee4-e150ad7e7540,36514112-6034-4d11-bcc2-83c07762bea0,DR. RAJU YADAV,REG_SJUNTLJA,MBBS DNB,7083202802,,13.6,GYNAECOLOGIST
23077c4f-d052-45c1-b687-4a15c556d90f,36514112-6034-4d11-bcc2-83c07762bea0,DR. SANJAY KUMAR,REG_KFX0BOUS,MBBS MD DM,9512422435,,14.9,SURGEON
875988fe-c045-47df-aac3-e496f2374fde,36514112-6034-4d11-bcc2-83c07762bea0,DR. MANJU DEVI,REG_YCET6GH2,MBBS DNB,7637247885,,9.1,PRIMARY_CLINICIAN
5693bd2f-632f-452d-905b-e67c350fdcc7,36514112-6034-4d11-bcc2-83c07762bea0,DR. BRIJESH KUMAR,REG_GXFTBUC9,MBBS MS MCh,7897564234,,15.5,SURGEON
ae5cd634-3442-42b2-b2a5-8d74702cc9b6,36514112-6034-4d11-bcc2-83c07762bea0,DR. MUKESH KUMAR,REG_GY7SV0DN,MBBS DA,9727663891,,10.4,SURGEON
54fbc434-3348-415a-8aa9-b833c756170f,cbc9e3ca-7d76-4729-8f89-a5d408538b50,DR. RAJU YADAV SHUKLA,REG_2BC3UYF2,MBBS MD,7092725826,,26.8,RADIOLOGIST
4f698ac4-e707-4cfa-b59e-afcf2299dc21,cbc9e3ca-7d76-4729-8f89-a5d408538b50,DR. BRIJESH KUMAR,REG_MPUEYRGX,MBBS DNB,7883093410,,29.3,PRIMARY_CLINICIAN
d81b4ed2-6748-4ef4-995b-5b73a4378747,cbc9e3ca-7d76-4729-8f89-a5d408538b50,DR. RANI DEVI,REG_OB6NCUC2,MBBS DA,7960626797,,13.9,PAEDIATRICIAN
a197e4ae-e417-4329-b6e2-10d7b0f3e3b6,cbc9e3ca-7d76-4729-8f89-a5d408538b50,DR. SHYAM LAL VERMA,REG_K3DGLJ97,MBBS MD,9846212543,,16.2,GYNAECOLOGIST
267956e3-cf83-487a-a15a-f089e7714cd6,cbc9e3ca-7d76-4729-8f89-a5d408538b50,DR. PUSHPA DEVI,REG_EOQUMXB7,MBBS MD DM,7977040123,,30.1,RADIOLOGIST
15b9e96c-1580-499d-9425-c7b0d3ac90fc,e050b7f7-ff26-49fc-bcdb-4d99402a8a0e,DR. MANJU DEVI,REG_U9WUIQEJ,MBBS MD DM,9825219555,,34.8,PAEDIATRICIAN
92ff225f-cf38-4b61-851e-b390c1f676b1,e050b7f7-ff26-49fc-bcdb-4d99402a8a0e,DR. KAMLA DEVI,REG_202NY6SI,MBBS MD,9787755468,,27.5,SURGEON
2d4df2f5-dfd6-47cb-b82d-01e2b162e4d2,e050b7f7-ff26-49fc-bcdb-4d99402a8a0e,DR. RAM PRASAD,REG_Q0AMMUB0,MBBS MS MCh,8074392848,,33.9,GYNAECOLOGIST
339a085b-4df2-49f0-b4d3-110dc3b5878e,e050b7f7-ff26-49fc-bcdb-4d99402a8a0e,DR. SARASWATI DEVI,REG_ELF3SDNO,MBBS MD DM,9460743389,,2.3,SURGEON
ee5ba310-1314-45b9-84f5-5876e97dbe3e,e050b7f7-ff26-49fc-bcdb-4d99402a8a0e,DR. ANIL KUMAR,REG_YM0AP8JC,MBBS MD,9538693495,,25.2,ANAESTHETIST
8b2f1ace-905b-4b33-9460-b87f62bf8378,e050b7f7-ff26-49fc-bcdb-4d99402a8a0e,DR. RADHA DEVI,REG_EFW43H2D,MBBS DA,9413599723,,5.3,PRIMARY_CLINICIAN
6af48eb8-37e3-4107-8f83-3922d2ecaeba,0ac38087-8f1d-4bb3-91bc-b03fe5299f25,DR. SUSHIL KUMAR,REG_5CBX90FY,MBBS DA,8116337208,,26.4,SURGEON
5eea98db-2061-4c61-b5da-617ed7678695,0ac38087-8f1d-4bb3-91bc-b03fe5299f25,DR. LEELA DEVI,REG_19IVTC3U,MBBS MS,8092167841,,27.2,GYNAECOLOGIST
abd53aad-075e-4f9d-9adc-8d175f0c607a,0ac38087-8f1d-4bb3-91bc-b03fe5299f25,DR. SUMITRA DEVI,REG_KBRAU0X6,MBBS DNB,8080430334,,34.4,PAEDIATRICIAN
8e3ce493-c879-4b84-9001-002f1fe77d11,0ac38087-8f1d-4bb3-91bc-b03fe5299f25,DR. MEENA DEVI,REG_EFFBZD9Y,MBBS MD DM,7504039280,,25.9,ANAESTHETIST
e80643db-b0d0-430f-b1a1-7c587a28125e,0ac38087-8f1d-4bb3-91bc-b03fe5299f25,DR. DEEPAK KUMAR,REG_Z4N8VDK1,MBBS MD DM,9785113953,,25.5,ANAESTHETIST
12df6a2f-f95a-4dfe-bc60-4fa607f21129,0ac38087-8f1d-4bb3-91bc-b03fe5299f25,DR. RAJU YADAV,REG_MJ0TCLBV,MBBS MS MCh,7827305058,,13.2,ANAESTHETIST
74371c67-4a5e-4bff-bad5-28c227b2a1e1,0ac38087-8f1d-4bb3-91bc-b03fe5299f25,DR. USHA DEVI,REG_Q46A75BZ,MBBS MS,9802254084,,28.7,GYNAECOLOGIST
77f12377-974b-489a-a11b-9f29ebdc656b,5c50a41c-8176-4534-acde-b156771df199,DR. RAJESH KUMAR,REG_BQRZ2P5J,MBBS MS,9801949200,,15.1,PRIMARY_CLINICIAN
82d87bc4-30c5-43ec-b8d1-01ac9f9f9b4e,5c50a41c-8176-4534-acde-b156771df199,DR. PUSHPA DEVI,REG_3XU0O90S,MBBS MS MCh,7828930657,,20.6,RADIOLOGIST
bbeb3c5f-5145-4790-95fe-6b3978405491,5c50a41c-8176-4534-acde-b156771df199,DR. BRIJESH KUMAR,REG_N50IA1FO,MBBS MD DM,9672675580,,17.7,GYNAECOLOGIST
014b20bd-a1fb-4365-9670-7e3c98562390,f2f4c833-612c-47b0-b302-f236cb5beb19,DR. PUSHPA DEVI,REG_GN31AR8X,MBBS MD,7900993386,,19.4,PAEDIATRICIAN
efe3c71e-b445-43dd-8329-e47a405939b1,f2f4c833-612c-47b0-b302-f236cb5beb19,DR. URMILA DEVI,REG_6Z5Z55M8,MBBS DNB,7958548879,,16.4,GYNAECOLOGIST
3096b0e1-7ecd-4252-a6c7-915fc55f643e,f2f4c833-612c-47b0-b302-f236cb5beb19,DR. AMIT KUMAR,REG_UWIMPWE3,MBBS DA,7564159709,,9.4,GYNAECOLOGIST
33cabc5c-62b9-46aa-942f-0809825531cc,f2f4c833-612c-47b0-b302-f236cb5beb19,DR. ROHIT KUMAR,REG_1TITHRCP,MBBS MS,7931611524,,33.0,GYNAECOLOGIST
3736837d-cf19-4fc1-91b7-b08959b4bccb,f2f4c833-612c-47b0-b302-f236cb5beb19,DR. RAMU KAKA,REG_8NVDB2CZ,MBBS,8155784706,,6.0,SURGEON
bc51163c-6631-4c08-9c71-17f441dea91d,f2f4c833-612c-47b0-b302-f236cb5beb19,DR. SHEELA DEVI,REG_ZATT8RSE,MBBS MD DM,8021664339,,10.6,PRIMARY_CLINICIAN
71617ccc-66d7-4fe1-ba40-32f95fbb13ce,f2f4c833-612c-47b0-b302-f236cb5beb19,DR. SARASWATI DEVI,REG_HB49Z31V,MBBS,9713547037,,4.4,SURGEON
d4a2108a-a5ea-41b8-a787-367b61cab621,f2f4c833-612c-47b0-b302-f236cb5beb19,DR. AMIT KUMAR DUBEY,REG_Y1YY6KM5,MBBS,9757059735,,24.9,PRIMARY_CLINICIAN
f5412f07-44fa-4712-89d6-c5211a1a9b5a,30a2635e-e25b-4493-b0d7-47d97e9b7905,DR. PREM SHANKAR,REG_NWQ1APHD,MBBS MS MCh,7712251546,,20.1,PAEDIATRICIAN
cd62abbf-4fee-4730-b943-1cdc4bf7c194,30a2635e-e25b-4493-b0d7-47d97e9b7905,DR. SUMITRA DEVI,REG_IPL84POB,MBBS MD,9714651721,,6.2,PAEDIATRICIAN
b18920bc-9441-45d1-b619-b9379ddc79a0,c89a3cc0-2359-4619-a84c-0e6df2a3d623,DR. URMILA DEVI,REG_LLLQ2EIK,MBBS DNB,8123619548,,12.5,PAEDIATRICIAN
464d7347-9650-422e-a58a-e26c5139f5b2,c89a3cc0-2359-4619-a84c-0e6df2a3d623,DR. DINESH KUMAR,REG_R7CU75TF,MBBS,7039981292,,2.0,ANAESTHETIST
47884670-1423-4664-9567-f6ff84ffbf3c,c89a3cc0-2359-4619-a84c-0e6df2a3d623,DR. VIVEK KUMAR,REG_40AU0UVD,MBBS DNB,7890901370,,15.5,PAEDIATRICIAN
e4db027f-3898-4aed-b2ac-34a683f550a3,b608899e-7583-413b-bffe-0de2f1fba9b1,DR. NIRMALA DEVI,REG_UQ6M1RWT,MBBS MS MCh,9408621696,,32.9,RADIOLOGIST
6b62a474-8113-4892-81f7-c38ec7de7cec,b608899e-7583-413b-bffe-0de2f1fba9b1,DR. RAKESH KUMAR,REG_ZTMSD5XU,MBBS MD DM,7622760669,,20.3,ANAESTHETIST
b33ff587-5ede-4872-9b14-6c58d5467e6c,b608899e-7583-413b-bffe-0de2f1fba9b1,DR. HARI OM,REG_223SVTYY,MBBS MS,7889527055,,20.4,ANAESTHETIST
e9d4bf15-add2-43af-83ef-fa09acdb6322,b608899e-7583-413b-bffe-0de2f1fba9b1,DR. SEEMA DEVI,REG_G6BAUCDJ,MBBS,7898021289,,16.3,PAEDIATRICIAN
75eeaa2b-5bec-4b8e-b196-15ba651ca1cb,b608899e-7583-413b-bffe-0de2f1fba9b1,DR. SHYAM LAL,REG_8PEMARJ2,MBBS DA,7929834946,,31.4,RADIOLOGIST
45a434ec-8791-40e4-93fa-edef41dd6444,b608899e-7583-413b-bffe-0de2f1fba9b1,DR. RAVI SHANKAR,REG_0Z88F776,MBBS DNB,7786238266,,29.0,PRIMARY_CLINICIAN
3bc3fca7-bdb5-4505-a4bf-749ccbcb3a20,b608899e-7583-413b-bffe-0de2f1fba9b1,DR. PAPPU YADAV PATEL,REG_FWEZRO7O,MBBS MS MCh,9719186918,,26.1,ANAESTHETIST
1f9b9636-b087-4cb2-a0d5-0e13b95cea96,955003ac-10e8-425c-a740-d329e48f099b,DR. RAJESH KUMAR NISHAD,REG_BYHRR7VU,MBBS DA,9728554081,,9.6,ANAESTHETIST
5bc3247b-7645-4883-8678-f1cd41aac942,955003ac-10e8-425c-a740-d329e48f099b,DR. RAJU YADAV,REG_XVBTPX0Y,MBBS,7884649960,,5.0,PAEDIATRICIAN
752746b9-d2f4-4a41-b6c8-4ab011a65498,955003ac-10e8-425c-a740-d329e48f099b,DR. RAMESH CHANDRA,REG_NP9CSK6Q,MBBS DA,7549494719,,12.1,ANAESTHETIST
e27be90f-e1de-41fa-bb45-55867b9b7223,955003ac-10e8-425c-a740-d329e48f099b,DR. BRIJESH KUMAR,REG_CDU8ZO3U,MBBS MS MCh,8019993432,,4.8,ANAESTHETIST
98e79936-8f3f-43e8-b258-86e570811d89,955003ac-10e8-425c-a740-d329e48f099b,DR. MANJU DEVI,REG_D6NMN92T,MBBS DA,7932095767,,28.9,RADIOLOGIST
69f022cf-c1f8-4002-b5d4-cd33366cdbc5,955003ac-10e8-425c-a740-d329e48f099b,DR. SHANTI DEVI,REG_3TVAJ4FF,MBBS,8033278218,,14.1,GYNAECOLOGIST
70f4629c-196a-41d8-a578-10a20e71a0c0,c6367490-c7be-4c38-a755-57c180c83c74,DR. SUNITA DEVI,REG_SV9HBO3V,MBBS MS,7018222693,,18.7,PRIMARY_CLINICIAN
08357e4a-3ebd-42a1-a318-faa153825f41,c6367490-c7be-4c38-a755-57c180c83c74,DR. VIVEK KUMAR,REG_2NIZPPHM,MBBS DA,8124879476,,4.1,PAEDIATRICIAN
4942ca2e-6253-46c9-a1dc-ee9c5929e633,c6367490-c7be-4c38-a755-57c180c83c74,DR. RAVINDRA NATH JAISWAL,REG_WS7SKA1Z,MBBS MD,7998738444,,21.7,RADIOLOGIST
85067fe3-1fe4-43b4-8504-648a049d5be8,f0a39b48-462c-4632-a2db-53e1f28fb0eb,DR. GEETA DEVI,REG_OAP9V72X,MBBS DNB,9769542806,,10.8,ANAESTHETIST
ba463299-d071-4f74-a093-76bd16a958f8,f0a39b48-462c-4632-a2db-53e1f28fb0eb,DR. MANJU DEVI,REG_6FQDQQHH,MBBS MS MCh,9779033995,,18.5,PAEDIATRICIAN
3344b261-b55a-4a2f-8db0-48900035833c,f0a39b48-462c-4632-a2db-53e1f28fb0eb,DR. DRAUPADI DEVI,REG_TBBP92DS,MBBS DA,7732963509,,20.0,PAEDIATRICIAN
c9efe33b-5b1c-4cf3-8593-9146665db614,f0a39b48-462c-4632-a2db-53e1f28fb0eb,DR. USHA DEVI,REG_TC7U0T3X,MBBS MS MCh,9831109924,,19.4,GYNAECOLOGIST
5f6f7973-48ac-4e8c-a8f0-656ffdadec81,f0a39b48-462c-4632-a2db-53e1f28fb0eb,DR. RAJEEV KUMAR,REG_1LWYABPX,MBBS MS MCh,7690920191,,3.4,SURGEON
39d92065-eb52-4730-8dbf-d6bfaa7ef6ab,f0a39b48-462c-4632-a2db-53e1f28fb0eb,DR. KIRAN DEVI,REG_KI7N2YAZ,MBBS,7731955207,,27.2,PAEDIATRICIAN
ecf82db9-59e8-44a2-93eb-8871282acef8,f0a39b48-462c-4632-a2db-53e1f28fb0eb,DR. LAKHAN LAL,REG_OJGKN1PW,MBBS MS MCh,9607647357,,6.8,GYNAECOLOGIST
b08e04b7-9fa2-45af-919d-bc2addf2d65c,b7220b85-186d-4e82-a7e3-32b1f108eca1,DR. PUSHPA DEVI,REG_LCUCJZWI,MBBS,9619964975,,14.7,ANAESTHETIST
4b289393-25ff-46a9-a076-471541e2e246,b7220b85-186d-4e82-a7e3-32b1f108eca1,DR. MEENA DEVI,REG_JR815DAZ,MBBS DNB,9678344328,,18.9,RADIOLOGIST
a395aded-ee95-4ae2-8264-e15243eadddd,b7220b85-186d-4e82-a7e3-32b1f108eca1,DR. VIJAY KUMAR,REG_BI9L46EW,MBBS MS MCh,7023739692,,17.3,GYNAECOLOGIST
87eff80d-8866-431f-9744-508fc7b36b91,6bba99d2-742e-4c5a-8c79-ddbb7cd6f31d,DR. RAKESH KUMAR PANDEY,REG_H33I1VRJ,MBBS MD,9898165118,,1.9,GYNAECOLOGIST
839c8158-6739-4e25-8ea8-a7a79cea9da8,6bba99d2-742e-4c5a-8c79-ddbb7cd6f31d,DR. REENA DEVI,REG_MAR2QFFD,MBBS,7950511582,,26.0,GYNAECOLOGIST
b7edeaa7-3df2-4a8a-9f37-2660dc826bcc,6bba99d2-742e-4c5a-8c79-ddbb7cd6f31d,DR. GUDDU KUMAR,REG_8CRPNKGT,MBBS DNB,7888101902,,32.5,GYNAECOLOGIST
c40a9250-0735-4430-adce-3ed9d81b2c93,6bba99d2-742e-4c5a-8c79-ddbb7cd6f31d,DR. ASHOK KUMAR,REG_COBXN75P,MBBS MS,8187273796,,25.9,RADIOLOGIST
4e9ab5ba-d4a5-4d7a-83d6-a11e1cb4325e,6bba99d2-742e-4c5a-8c79-ddbb7cd6f31d,DR. GEETA DEVI,REG_SFABZY9W,MBBS MS MCh,7723327742,,22.8,RADIOLOGIST
67e6fe96-aa26-408f-9c44-4a9040a7c5fd,6bba99d2-742e-4c5a-8c79-ddbb7cd6f31d,DR. SAROJ DEVI,REG_V3E23M2J,MBBS DNB,9557293702,,31.5,PAEDIATRICIAN
b73928d6-188a-4b05-bff3-370d434ec5ff,6bba99d2-742e-4c5a-8c79-ddbb7cd6f31d,DR. PREM SHANKAR,REG_MIAXUBPD,MBBS,7994976247,,13.5,SURGEON
f15c0bf9-da42-46ab-95fa-0abf0afd77c0,6bba99d2-742e-4c5a-8c79-ddbb7cd6f31d,DR. DINESH KUMAR,REG_U2IBYIKM,MBBS,7986917716,,23.2,RADIOLOGIST
f8c55442-045c-49f5-82ad-a7191abb0fc9,e47ecee6-4e1d-49bf-ac89-2f3e0a26a2f0,DR. RAVI SHANKAR,REG_IUWS0ORO,MBBS MD,7533439623,,15.7,ANAESTHETIST
f8ce4b19-852a-434f-991b-04507ae9e72c,e47ecee6-4e1d-49bf-ac89-2f3e0a26a2f0,DR. SEEMA DEVI,REG_3VTM8I3I,MBBS MS,9454306513,,18.5,PRIMARY_CLINICIAN
a6494a0d-7357-4035-b102-b4972d5dbc55,7c74a3fe-c833-4480-bf77-3b2569feda4c,DR. RAVINDRA NATH,REG_DKNRU29R,MBBS MS,7908464529,,10.2,ANAESTHETIST
5afbb490-2cba-48be-a83a-5825a3c3eafe,7c74a3fe-c833-4480-bf77-3b2569feda4c,DR. KALAWATI DEVI,REG_P96SIP2C,MBBS MD DM,7851403375,,4.2,ANAESTHETIST
2d03c85d-9e08-43ff-be7d-2c472abe2893,7c74a3fe-c833-4480-bf77-3b2569feda4c,DR. RANI DEVI,REG_NZL9B0QZ,MBBS MD,9591317820,,34.7,SURGEON
eb2e6175-6b4a-43b0-8556-d2d13b0f323d,7c74a3fe-c833-4480-bf77-3b2569feda4c,DR. PUSHPA DEVI,REG_WBG58ZMZ,MBBS MS,9684656161,,9.7,GYNAECOLOGIST
1ee60f36-d747-419c-b151-228712af562e,7c74a3fe-c833-4480-bf77-3b2569feda4c,DR. PREM SHANKAR,REG_XS4NFZVU,MBBS MD DM,7637046740,,32.2,GYNAECOLOGIST
de19b4e2-5b0c-486d-bb9d-fa23b4d399a5,7c74a3fe-c833-4480-bf77-3b2569feda4c,DR. POONAM DEVI,REG_UVCS8CTQ,MBBS MS,9531604785,,32.3,RADIOLOGIST
21607af4-a96e-43d7-8da0-f8ff145ac014,f27404c5-a83c-4f51-aedf-ad940fceb7ac,DR. KALAWATI DEVI,REG_AS3JRMI1,MBBS MD DM,7025944022,,9.7,ANAESTHETIST
6823f637-b38e-407e-a22f-c5b3c0fa7ebd,f27404c5-a83c-4f51-aedf-ad940fceb7ac,DR. KUSUM DEVI,REG_M25VM0X9,MBBS,8123365145,,6.8,ANAESTHETIST
bf13f73e-d479-47fd-8047-cf320500ab50,f27404c5-a83c-4f51-aedf-ad940fceb7ac,DR. RAVI SHANKAR,REG_GQUZ379R,MBBS MD DM,9425224121,,24.1,GYNAECOLOGIST
20f1f91f-f08e-49d2-ace4-368e8233368b,49594842-eeda-440c-9d84-05d23688557a,DR. PHOOL KUMARI,REG_513APARQ,MBBS DNB,9519352794,,4.1,PRIMARY_CLINICIAN
5732bc79-1401-4a59-86ce-006c265f7bc4,49594842-eeda-440c-9d84-05d23688557a,DR. REENA DEVI,REG_UCJ471BC,MBBS DNB,9768017872,,1.2,RADIOLOGIST
5789ef28-27ff-4fa2-9429-7be4f2da495c,49594842-eeda-440c-9d84-05d23688557a,DR. CHAMELI DEVI,REG_ACZ5V701,MBBS MD DM,7881296240,,7.4,GYNAECOLOGIST
a59c3c91-e72e-4a4f-a49e-d3515cccf51e,49594842-eeda-440c-9d84-05d23688557a,DR. CHAMELI DEVI,REG_2DCB8HBP,MBBS MD DM,9747359235,,31.4,GYNAECOLOGIST
4718ee95-fcd9-41d1-b4d7-b82b55ae8572,49594842-eeda-440c-9d84-05d23688557a,DR. RADHA DEVI,REG_2IT2D46C,MBBS DA,9800269258,,29.8,GYNAECOLOGIST
d71cf8dc-1ae2-49a7-a83f-a7d101e380fb,49594842-eeda-440c-9d84-05d23688557a,DR. POONAM DEVI,REG_ZS9JLTMV,MBBS MD,7993550363,,26.5,ANAESTHETIST
93f603f3-abf0-488c-b9a4-ed4478d23111,49594842-eeda-440c-9d84-05d23688557a,DR. SANTOSH KUMAR,REG_02TX3HZ6,MBBS MS MCh,7016202316,,13.7,GYNAECOLOGIST
9dfaa966-4fc7-40d5-8dc6-d8f5d733b87e,d4266dd8-633a-410f-80a4-c0fb72408134,DR. SANTOSHI DEVI,REG_GAMGN9BI,MBBS DNB,9544467582,,32.4,SURGEON
22054f35-6ce9-4816-9164-e949e0c400bb,d4266dd8-633a-410f-80a4-c0fb72408134,DR. SAROJ DEVI,REG_Z0KFTRNX,MBBS,9497108217,,30.5,RADIOLOGIST
6eb07f8a-016b-4cd2-84f8-338007940b85,d4266dd8-633a-410f-80a4-c0fb72408134,DR. AMIT KUMAR CHAUHAN,REG_FTWS19QK,MBBS DA,7695112281,,34.2,GYNAECOLOGIST
1131057c-cfd6-453f-9e7d-02b64a24a7e9,bff61730-ce42-45ce-88dc-74143abbcbbf,DR. MUNNI DEVI,REG_4QUYXOYW,MBBS MS,9865213271,,13.6,RADIOLOGIST
3d9894e5-1c3d-4e62-baf7-73ffe3935bf6,bff61730-ce42-45ce-88dc-74143abbcbbf,DR. KIRAN DEVI,REG_TZEFC73O,MBBS MS,7706097672,,31.8,PRIMARY_CLINICIAN
63fc5732-60e4-4f03-9ac0-48486d7898f6,bff61730-ce42-45ce-88dc-74143abbcbbf,DR. VIVEK KUMAR,REG_Z0UTYY01,MBBS MD,7611730711,,26.0,ANAESTHETIST
78b269f3-1608-4892-a824-334c690cefb9,7b64b485-6350-4f47-9c8a-5482a29027ae,DR. PAPPU YADAV,REG_L806U26T,MBBS,7506639201,,15.6,ANAESTHETIST
b70c3368-9e5b-48e2-8959-fdf5bf900f0e,7b64b485-6350-4f47-9c8a-5482a29027ae,DR. MANJU DEVI,REG_2IO1IRX6,MBBS DNB,7817434456,,19.9,PAEDIATRICIAN
2b921fa6-b1cf-496c-8a73-6de0f78cd33e,7b64b485-6350-4f47-9c8a-5482a29027ae,DR. PRIYA KUMARI,REG_FH9JRTPK,MBBS DNB,7918350523,,16.0,RADIOLOGIST
4e199511-257c-4023-982d-63acdfe389a6,6e4e3210-9365-4047-962a-1969aeb236c7,DR. LAXMI DEVI,REG_KCIXID3U,MBBS DA,7771312481,,25.3,PAEDIATRICIAN
dca7f883-873c-4df9-bff3-6e444cb50672,6e4e3210-9365-4047-962a-1969aeb236c7,DR. RANI DEVI,REG_GRL25U9N,MBBS DA,7713594675,,13.1,GYNAECOLOGIST
00550776-44b5-44db-b359-3cfd6a796418,6e4e3210-9365-4047-962a-1969aeb236c7,DR. VIRENDRA SINGH,REG_YV89WMUM,MBBS MD DM,9855721854,,4.5,PRIMARY_CLINICIAN
1f7a0f1b-1679-4a4d-ab85-6161bf0a9a2f,6e4e3210-9365-4047-962a-1969aeb236c7,DR. PRADEEP KUMAR,REG_JYQI6MER,MBBS DNB,9883546830,,25.0,ANAESTHETIST
3a8848ef-fabf-4cbf-a902-cfa6f9039c0a,6e4e3210-9365-4047-962a-1969aeb236c7,DR. PRADEEP KUMAR PANDEY,REG_F8LX4RC8,MBBS MD,9546937097,,9.1,SURGEON
ee396947-2980-4ee0-b5e0-40b890647f9b,6e4e3210-9365-4047-962a-1969aeb236c7,DR. GEETA DEVI,REG_YX17MMY1,MBBS MD,8187590451,,12.4,ANAESTHETIST
f9cf14b4-1590-4754-8321-7c54b71ad10f,c4828875-f675-42b4-8993-217ba936e17a,DR. SHIV KUMAR CHAUHAN,REG_QFS9WRVT,MBBS MS,9691198495,,9.2,GYNAECOLOGIST
3f11f865-010a-4036-8fd1-ff2700720af9,c4828875-f675-42b4-8993-217ba936e17a,DR. SURESH KUMAR,REG_BG0EHWRH,MBBS MD DM,8108579884,,6.7,PAEDIATRICIAN
ab85db79-3ac0-4c29-b4d9-89af20442fa3,85043c0c-6419-4b00-91e3-b23106776f95,DR. GEETA DEVI,REG_AQDAZVRA,MBBS MS MCh,9778570038,,1.8,ANAESTHETIST
0eeb6917-0da5-44fb-a3a3-625ce3337b68,85043c0c-6419-4b00-91e3-b23106776f95,DR. DRAUPADI DEVI,REG_DSNHBSHN,MBBS MD DM,9889154073,,12.8,PAEDIATRICIAN
b073bf75-a714-4232-ac26-fe86d7356c72,85043c0c-6419-4b00-91e3-b23106776f95,DR. KUSUM DEVI,REG_8OZS42MP,MBBS MD,9655535953,,24.7,ANAESTHETIST
93ea8037-bcb6-47a6-b6ce-0e7535c85329,85043c0c-6419-4b00-91e3-b23106776f95,DR. NIRMALA DEVI,REG_SWVYXGG0,MBBS MD DM,9622375513,,27.7,PAEDIATRICIAN
28de940f-030d-4aab-a6a7-c625c279d2a8,85043c0c-6419-4b00-91e3-b23106776f95,DR. RAMU KAKA,REG_RJ8C40NN,MBBS MD DM,9830255810,,17.9,GYNAECOLOGIST
0183548c-5b2f-41fe-8e49-32dea9570a92,462870a7-d72c-437f-9859-06f5271cc205,DR. DINESH KUMAR,REG_DAM676FI,MBBS,9457642854,,17.4,RADIOLOGIST
ac3386ab-20e2-4dd4-aba2-3704c542729b,462870a7-d72c-437f-9859-06f5271cc205,DR. SUNITA DEVI,REG_UNW7JLEB,MBBS DA,7850216464,,26.1,GYNAECOLOGIST
672f67db-3ad5-4fd8-bbe7-598834011cd8,462870a7-d72c-437f-9859-06f5271cc205,DR. REKHA DEVI,REG_98HSBNE5,MBBS MS,9705004222,,9.0,SURGEON
74cea28b-6a74-4bfe-8a31-c686dd416355,fbf6d91e-85ce-4c17-a954-5d0e839a3c6b,DR. PREM SHANKAR,REG_3DT12KXC,MBBS MD,7622692119,,21.5,RADIOLOGIST
d6b1993f-2094-4007-8156-111186bb9110,fbf6d91e-85ce-4c17-a954-5d0e839a3c6b,DR. NARESH KUMAR GAUTAM,REG_4BMO6L8Y,MBBS MS,9789027340,,5.2,GYNAECOLOGIST
861bbb55-a147-48b8-8bdd-857e8fd4f165,94a284dc-5cf1-4342-8a6f-4f64dedb0a1e,DR. SAVITRI DEVI,REG_IPJZX1VG,MBBS DA,7765602238,,15.4,PAEDIATRICIAN
79bd1b96-5710-464c-b582-14df9b681467,94a284dc-5cf1-4342-8a6f-4f64dedb0a1e,DR. REENA DEVI,REG_S3ORL1EF,MBBS DNB,7839411937,,25.4,PAEDIATRICIAN
32b6e4de-5631-467f-87a4-b1ed117c22fc,94a284dc-5cf1-4342-8a6f-4f64dedb0a1e,DR. LAKHAN LAL,REG_WFVWM1KD,MBBS MD DM,7633480604,,19.2,PAEDIATRICIAN
9739872a-2807-4ab7-bfd5-7c12cb2e145e,a6a70022-e453-4de8-8ef6-bcb7c470235f,DR. DRAUPADI DEVI,REG_FY8FYDTQ,MBBS MD DM,9469614145,,11.6,ANAESTHETIST
2ebabb77-d0da-470d-a1b1-d164bc40ba91,a6a70022-e453-4de8-8ef6-bcb7c470235f,DR. SUMITRA DEVI,REG_M0J63D25,MBBS,7953463456,,27.7,PRIMARY_CLINICIAN
8c85a3d2-980b-4c06-996c-50b00a632047,a6a70022-e453-4de8-8ef6-bcb7c470235f,DR. SUNITA DEVI,REG_AGZHMMED,MBBS MD,9890073960,,19.9,PRIMARY_CLINICIAN
ae018b06-583d-430d-9c20-4fd0b4535625,a6a70022-e453-4de8-8ef6-bcb7c470235f,DR. RAVINDRA NATH,REG_C5VI3WNE,MBBS DNB,7750790759,,24.8,PRIMARY_CLINICIAN
351ad7a2-86ae-4ee2-9f78-3cba74a5b92f,a6a70022-e453-4de8-8ef6-bcb7c470235f,DR. SANJAY KUMAR,REG_QD9898C6,MBBS MD,9794049499,,30.6,PAEDIATRICIAN
cd286d9e-174a-47f6-825f-336cf2bb7ecd,a6a70022-e453-4de8-8ef6-bcb7c470235f,DR. SARASWATI DEVI,REG_8EMGG3WM,MBBS MD,7851493383,,31.0,PRIMARY_CLINICIAN
4307fdbb-21aa-4daf-a2c1-fe5bcde5fc54,a6a70022-e453-4de8-8ef6-bcb7c470235f,DR. LAKHAN LAL,REG_MXLIC23V,MBBS DA,9791214956,,8.8,RADIOLOGIST
62b5bc22-0aa9-40e3-813f-20cd92069783,45e682c8-1edd-43f5-9a9a-63ab65a4f6f5,DR. BRIJESH KUMAR,REG_5SYXB32R,MBBS,7081021055,,34.2,SURGEON
b781290d-5b54-48d4-bdc3-ee94b1189692,45e682c8-1edd-43f5-9a9a-63ab65a4f6f5,DR. KALAWATI DEVI,REG_G83EQI96,MBBS MD DM,9681982079,,13.8,ANAESTHETIST
0dc4db16-7132-4654-a80d-ac1b23950f49,45e682c8-1edd-43f5-9a9a-63ab65a4f6f5,DR. ROHIT KUMAR PATEL,REG_FHYPQ2BY,MBBS DA,7007420248,,12.0,RADIOLOGIST
bb31b57f-d6b6-42ce-b824-18a0647fcbb2,45e682c8-1edd-43f5-9a9a-63ab65a4f6f5,DR. PAPPU YADAV,REG_FFEP2RTD,MBBS MS MCh,7695012194,,1.2,SURGEON
fcc1c448-b81f-4d8e-8c4b-d5b24c4dc790,45e682c8-1edd-43f5-9a9a-63ab65a4f6f5,DR. BABLU KUMAR,REG_AWAES4R1,MBBS MD DM,9803977385,,28.1,PAEDIATRICIAN
42bc8e93-475c-4898-af85-abb3877a20ea,45e682c8-1edd-43f5-9a9a-63ab65a4f6f5,DR. SARASWATI DEVI,REG_UAQMYNWA,MBBS MS,8173498037,,12.5,PRIMARY_CLINICIAN
09854bf0-0e0b-4b8e-8b41-1cc4efb183c8,45e682c8-1edd-43f5-9a9a-63ab65a4f6f5,DR. UMESH KUMAR MISHRA,REG_3XG84XF6,MBBS MS,7030256029,,8.5,GYNAECOLOGIST
070f0f5f-0c36-4d98-9038-b3ec9f3aedea,45e682c8-1edd-43f5-9a9a-63ab65a4f6f5,DR. ASHOK KUMAR,REG_4L9CLZ4E,MBBS MD DM,7967971477,,24.3,PAEDIATRICIAN
9a451907-5454-4873-bdc8-aa4e1ded3df2,4a1932e9-a828-4e48-80e3-b73a3a88bdb5,DR. SANJAY KUMAR,REG_KESGSR6Z,MBBS DA,9738370408,,33.5,GYNAECOLOGIST
f5298215-5484-4335-9038-0022df7ecf30,4a1932e9-a828-4e48-80e3-b73a3a88bdb5,DR. KAMLA DEVI,REG_095SUUYY,MBBS DA,7923365261,,21.6,RADIOLOGIST
fb3fab2a-4d8a-406d-8d9f-5006b7eda62b,836a040a-d9d3-4aca-aea6-b7dceb825023,DR. BRIJESH KUMAR,REG_5AXPQ2R9,MBBS MS MCh,9619100202,,2.9,PAEDIATRICIAN
815064b4-5a05-486b-9941-09a2c800eddb,836a040a-d9d3-4aca-aea6-b7dceb825023,DR. SHEELA DEVI,REG_ZKQEVYW9,MBBS MS MCh,9707837953,,5.3,RADIOLOGIST
99bbb3f8-74ff-4a91-91d0-049956992bc7,a0ca67df-3619-4e3c-ba10-f0e214d3dd90,DR. VIJAY KUMAR,REG_ONDAJJFW,MBBS DNB,9872248103,,31.1,RADIOLOGIST
3d9615af-29c0-4c79-bf42-83209c350a57,a0ca67df-3619-4e3c-ba10-f0e214d3dd90,DR. HARI OM,REG_W9WTB78I,MBBS MS MCh,7979741807,,5.3,SURGEON
2734ed4d-e91c-42dc-930e-dccb1ab1c032,a0ca67df-3619-4e3c-ba10-f0e214d3dd90,DR. POONAM DEVI,REG_CVPCIX5O,MBBS DNB,8038934873,,16.8,SURGEON
68bb4184-6360-4101-b452-94f722ae349e,a0ca67df-3619-4e3c-ba10-f0e214d3dd90,DR. RAJEEV KUMAR,REG_VP9AE7WZ,MBBS DA,7585090806,,27.4,PRIMARY_CLINICIAN
611e396c-3563-436b-8720-a37d1f9fd657,a0ca67df-3619-4e3c-ba10-f0e214d3dd90,DR. RAMU KAKA,REG_E2ORE2D2,MBBS MD,9853938009,,2.7,GYNAECOLOGIST
5766e8d8-6e66-4789-abf5-65cb46b76ee5,a0ca67df-3619-4e3c-ba10-f0e214d3dd90,DR. PRADEEP KUMAR,REG_S6V6AJDQ,MBBS DA,9867325784,,8.5,ANAESTHETIST
bafef2bf-34ae-45c4-befe-b0f041d80106,f6e59df6-7d53-4a43-be31-bc21ed824a40,DR. SUMITRA DEVI,REG_G4HQBEP3,MBBS DA,9640967089,,12.2,ANAESTHETIST
3f70b707-ecdb-4789-8a1f-39b4653cbc20,f6e59df6-7d53-4a43-be31-bc21ed824a40,DR. RADHA DEVI,REG_7Y5FRMPW,MBBS MD,7816461823,,17.6,SURGEON
b7dc9b45-3046-4fb1-ac7b-bceb46ff1702,f6e59df6-7d53-4a43-be31-bc21ed824a40,DR. ANITA DEVI,REG_0AFN6I50,MBBS MD,7801827640,,6.8,PAEDIATRICIAN
1fc7e78d-2360-4d0c-b826-1b884fefcf1b,f6e59df6-7d53-4a43-be31-bc21ed824a40,DR. RAVI SHANKAR,REG_GIPNXRZC,MBBS MS MCh,8098743457,,34.8,PRIMARY_CLINICIAN
2b20ea6a-9d54-4afa-9ca2-a70cf3fdbd53,f6e59df6-7d53-4a43-be31-bc21ed824a40,DR. SHYAM LAL,REG_479UH0LH,MBBS MD DM,9540025979,,26.4,GYNAECOLOGIST
fba3ce0e-1289-4031-aa7f-f8130e85a981,984e0e77-c7d8-4c9e-b4c0-91cb3cfc45d4,DR. KAMLA DEVI,REG_KXC25S7N,MBBS,9431840515,,31.0,SURGEON
f4d6c45e-cbb4-44dc-9d2f-def8491cdff2,984e0e77-c7d8-4c9e-b4c0-91cb3cfc45d4,DR. POONAM DEVI,REG_0EWMZLFK,MBBS MS MCh,7051670196,,9.0,RADIOLOGIST
e3724f96-34a8-4a51-bb21-a78e6a3b690d,f8ab7fcc-9784-4745-b38a-1cfae3f2b9bc,DR. SHEELA DEVI,REG_P4U10Y54,MBBS MS MCh,7718106428,,13.0,SURGEON
71827600-76a5-41f4-ac0e-a119757468ec,f8ab7fcc-9784-4745-b38a-1cfae3f2b9bc,DR. SAROJ DEVI,REG_F27V5N69,MBBS,9873897350,,5.8,SURGEON
4f6f59a7-aaf0-4bb2-9b50-3f1eb6b05599,f8ab7fcc-9784-4745-b38a-1cfae3f2b9bc,DR. DINESH KUMAR,REG_6OQWPLL6,MBBS MS,9735638837,,1.2,ANAESTHETIST
bee07b83-faef-4402-9899-72fc339cac58,f8ab7fcc-9784-4745-b38a-1cfae3f2b9bc,DR. SUNITA DEVI,REG_0KPKLEKP,MBBS MD DM,7847764991,,16.3,SURGEON
ce7f9d77-541d-44e5-936c-e4628f435be4,041b081f-9fbf-412a-936a-314f4fe17d9f,DR. DINESH KUMAR,REG_FUI0G4ZU,MBBS,7697359847,,5.6,RADIOLOGIST
bc812af5-3748-44fe-a531-3542d2025681,041b081f-9fbf-412a-936a-314f4fe17d9f,DR. ANIL KUMAR,REG_KQR1FH3X,MBBS DA,9742337127,,17.0,PRIMARY_CLINICIAN
be989928-ffa8-4363-8802-e92e94207345,041b081f-9fbf-412a-936a-314f4fe17d9f,DR. SEEMA DEVI,REG_D9QJNOE6,MBBS MS,9492892925,,29.6,PAEDIATRICIAN
40fa0a17-5a0e-4554-8a57-ee5b010e4b4b,041b081f-9fbf-412a-936a-314f4fe17d9f,DR. UMESH KUMAR,REG_4U55TX32,MBBS DA,9794474630,,27.1,SURGEON
d9d24d26-7d38-491f-ad63-c00f0d62da2a,041b081f-9fbf-412a-936a-314f4fe17d9f,DR. VIRENDRA SINGH,REG_4PSRKHH1,MBBS MS MCh,8110979747,,22.9,RADIOLOGIST
2d6459f3-8097-4e26-a4b8-7e5ef0dfcf22,a2b628b7-8f1d-46db-92b6-969042c93102,DR. GUDDU KUMAR CHAUHAN,REG_9D4VL3FD,MBBS MS,8149623694,,1.3,ANAESTHETIST
cc963668-32fb-4479-a289-0a879927cb87,a2b628b7-8f1d-46db-92b6-969042c93102,DR. GEETA DEVI,REG_BCFIMW6C,MBBS MS MCh,9609106949,,7.4,PRIMARY_CLINICIAN
3a12ab98-a60b-4977-9392-0c3f59e34724,a2b628b7-8f1d-46db-92b6-969042c93102,DR. NIRMALA DEVI,REG_QNF7ADGT,MBBS DNB,9512653183,,25.4,SURGEON
939bbb16-e04e-4e21-af49-35de61ad77a1,a2b628b7-8f1d-46db-92b6-969042c93102,DR. HEMANT KUMAR,REG_RZW2MFZD,MBBS DNB,7824253835,,31.9,ANAESTHETIST
d650f3ce-8e62-4e00-80ac-35eddc7328d4,a2b628b7-8f1d-46db-92b6-969042c93102,DR. SANTOSH KUMAR,REG_I0X97LQJ,MBBS DNB,9744024786,,32.7,SURGEON
862f9c47-9c71-4abd-abc6-3042a0f48eab,a2b628b7-8f1d-46db-92b6-969042c93102,DR. BABLU KUMAR,REG_XL1CR5WJ,MBBS DA,9442616246,,14.0,GYNAECOLOGIST
cfe9fae5-bb5f-4360-a472-5394666c6e9e,a2b628b7-8f1d-46db-92b6-969042c93102,DR. KUSUM DEVI,REG_72B0PDR3,MBBS MS,7565307685,,4.1,ANAESTHETIST
d535c039-b301-4ca3-b7af-31086e875d2d,cbb3f971-4539-4695-a240-b29207bc78eb,DR. RAJEEV KUMAR SHUKLA,REG_102WQWGK,MBBS DA,7505018990,,15.1,PAEDIATRICIAN
3b58b5dc-8868-465e-89d0-59a2ffbedd5a,cbb3f971-4539-4695-a240-b29207bc78eb,DR. UMESH KUMAR,REG_6UY1L3MO,MBBS MD,7658728081,,10.6,PAEDIATRICIAN
6abd056b-bd77-41b6-a957-b8ee9b23737a,cbb3f971-4539-4695-a240-b29207bc78eb,DR. RAVINDRA NATH,REG_E0AE0LRV,MBBS DNB,7009869299,,31.4,PRIMARY_CLINICIAN
38850fb6-bbf5-4c65-8e91-e04595ca8000,8325ecfe-0863-4a34-b714-c82d017a36e3,DR. SURESH KUMAR,REG_5LLEMFF6,MBBS DA,9772629604,,5.3,PRIMARY_CLINICIAN
4a4d3ab7-8c39-44fb-adf0-bfd8ab3a4a69,8325ecfe-0863-4a34-b714-c82d017a36e3,DR. SHANTI DEVI,REG_2HE3EMKQ,MBBS MD DM,9635149601,,19.3,PRIMARY_CLINICIAN
6c6320db-53fe-4b5c-8f2f-b976e7aa6e9c,8325ecfe-0863-4a34-b714-c82d017a36e3,DR. LAKHAN LAL,REG_9A0Q3GGR,MBBS MS MCh,9532108910,,11.6,GYNAECOLOGIST
8f3fde7d-2aca-42b1-be8a-aa08b96ca508,8325ecfe-0863-4a34-b714-c82d017a36e3,DR. MANJU DEVI,REG_0CZX2QXC,MBBS MD,7504153339,,2.9,PRIMARY_CLINICIAN
dabb9e04-a1dc-4d01-99d8-053c69c6cd94,4d3bc74a-40ab-4dcd-9294-f34fc3408d24,DR. ROHIT KUMAR,REG_W5BAVHAW,MBBS MD DM,8195793934,,12.9,PAEDIATRICIAN
48e47c2b-f902-4580-ae13-65873f1a30e6,4d3bc74a-40ab-4dcd-9294-f34fc3408d24,DR. GULABO DEVI,REG_K0PZMDEO,MBBS MD DM,9601947845,,25.6,ANAESTHETIST
6fc6ab66-6b4a-4200-993d-5eb21a6506b4,4d3bc74a-40ab-4dcd-9294-f34fc3408d24,DR. RAMESH CHANDRA,REG_792ANDEY,MBBS DA,7621477757,,18.0,PRIMARY_CLINICIAN
1eb9f383-b127-4b71-b6e8-48bee7a597be,4d3bc74a-40ab-4dcd-9294-f34fc3408d24,DR. GULABO DEVI,REG_JZF4W00M,MBBS,7026733221,,19.1,RADIOLOGIST
8d62bf28-bd25-455a-9215-efee3bc6ebba,4d3bc74a-40ab-4dcd-9294-f34fc3408d24,DR. SHANTI DEVI,REG_VQEHT7U9,MBBS MD DM,7507348674,,26.3,PAEDIATRICIAN
dda984a4-4fd4-4ea9-8f96-4af3fd9d1e1b,4d3bc74a-40ab-4dcd-9294-f34fc3408d24,DR. SUSHIL KUMAR,REG_K1TQ7DC7,MBBS DA,7829441730,,13.2,GYNAECOLOGIST
88ac8cb9-729d-4b12-b2b4-cc3d423c969c,4d3bc74a-40ab-4dcd-9294-f34fc3408d24,DR. KIRAN DEVI,REG_O2YB8GRO,MBBS MD DM,9877713282,,27.5,SURGEON
a704cc10-dabc-4e2d-834b-d2da55b5d7ec,975d2175-7e14-43de-86aa-003a47ce08f8,DR. RAVI SHANKAR PASI,REG_VQKNFTOU,MBBS MS MCh,9534985815,,34.4,ANAESTHETIST
77592585-e82a-4d1d-ba5f-595365731a78,975d2175-7e14-43de-86aa-003a47ce08f8,DR. RAJU YADAV,REG_WPE64OMU,MBBS DNB,7724416906,,14.6,PAEDIATRICIAN
3b52831a-ae1f-4639-a812-24f8f7acc221,975d2175-7e14-43de-86aa-003a47ce08f8,DR. ARVIND KUMAR NISHAD,REG_TSTWAHCC,MBBS MS,7736713682,,6.4,SURGEON
b09c3aec-60d7-4e40-98bf-58d1c65ecacd,975d2175-7e14-43de-86aa-003a47ce08f8,DR. REENA DEVI,REG_8EAJI6C6,MBBS DA,9577457385,,32.0,PRIMARY_CLINICIAN
c11526c5-fefb-4dd5-9264-d307cd41c5c5,975d2175-7e14-43de-86aa-003a47ce08f8,DR. AMIT KUMAR,REG_4QLT3UWL,MBBS MS MCh,7035559723,,14.6,RADIOLOGIST
fcdca918-5289-402d-96fe-930d3d61878a,975d2175-7e14-43de-86aa-003a47ce08f8,DR. PUSHPA DEVI,REG_PBR2BL7J,MBBS,8165575884,,3.5,PRIMARY_CLINICIAN
959c00b1-8c4a-479f-898f-5f2f98588bbb,975d2175-7e14-43de-86aa-003a47ce08f8,DR. VIVEK KUMAR,REG_52IKI4J4,MBBS MS MCh,8117748819,,21.2,GYNAECOLOGIST
a93608af-95fa-420a-ad2e-b873ba59639c,975d2175-7e14-43de-86aa-003a47ce08f8,DR. REKHA DEVI,REG_3QGWRS23,MBBS DA,7077532119,,23.8,RADIOLOGIST
bee1a37d-b471-4f4f-ab78-4d31a5c4d759,e0939087-ac41-4e0a-bf32-d82c22e257fa,DR. HARI OM KURMI,REG_YWLZC82H,MBBS MS MCh,9866816041,,11.5,GYNAECOLOGIST
0b6324d1-3195-4bd4-9994-d371a7e5b099,e0939087-ac41-4e0a-bf32-d82c22e257fa,DR. DINESH KUMAR,REG_7J01CAG1,MBBS MS,7724041659,,5.7,GYNAECOLOGIST
d58f6163-71fa-44bc-b398-938e76ecadd8,e0939087-ac41-4e0a-bf32-d82c22e257fa,DR. HEMANT KUMAR,REG_3XI0PV6S,MBBS,7027912449,,11.4,RADIOLOGIST
f4e30b89-b462-486a-9964-d1ff41fc109b,e0939087-ac41-4e0a-bf32-d82c22e257fa,DR. SANTOSH KUMAR,REG_1YUI7HRY,MBBS MS MCh,7777102266,,28.6,PRIMARY_CLINICIAN
aebf4d46-176e-4084-affb-50d30286961c,e0939087-ac41-4e0a-bf32-d82c22e257fa,DR. KAMLA DEVI,REG_YBBLHSF3,MBBS,9543055974,,30.6,PAEDIATRICIAN
50bea911-a092-4322-9293-6603b8b3d66b,682a4a50-e514-46f8-88d2-90c351729b29,DR. ARVIND KUMAR,REG_5LAM4GQR,MBBS MS,7992081973,,17.1,PRIMARY_CLINICIAN
e885ca8d-972f-4078-9f59-a1ce626a3805,682a4a50-e514-46f8-88d2-90c351729b29,DR. RAMU KAKA,REG_57I83E82,MBBS DA,7780205246,,18.9,RADIOLOGIST
b35733d4-519c-4ed4-b061-567f6cad47f2,48aae692-87fe-4be9-9b8c-e08d4c44689d,DR. SAVITRI DEVI,REG_YG0VC8O3,MBBS,9582076258,,19.2,RADIOLOGIST
2a43a074-0bb4-48a5-9115-003ed3466a3c,48aae692-87fe-4be9-9b8c-e08d4c44689d,DR. RAVINDRA NATH SHUKLA,REG_N219PKJ8,MBBS MD,9538293459,,34.5,PRIMARY_CLINICIAN
346ec1da-199d-47ec-b3b7-c7e68f18d548,933bac93-7b41-4ae5-84ff-7042c2e5ed5d,DR. NARESH KUMAR DUBEY,REG_16XIFLTY,MBBS DNB,7719046178,,25.9,PAEDIATRICIAN
cbd455c8-070c-4ff0-8c46-3b1a2be7dd4b,933bac93-7b41-4ae5-84ff-7042c2e5ed5d,DR. MUNNI DEVI,REG_LG8VUXGO,MBBS MD,7691631053,,30.2,SURGEON
33c7f87f-453b-4725-a8b1-28e5b6c72e27,933bac93-7b41-4ae5-84ff-7042c2e5ed5d,DR. SANJAY KUMAR,REG_XO94FPB1,MBBS DNB,8199933472,,9.8,SURGEON
0aec6447-5156-42cf-b988-a68cd19c5aaf,933bac93-7b41-4ae5-84ff-7042c2e5ed5d,DR. ANITA DEVI,REG_QB6W4O4B,MBBS MS MCh,9865491910,,15.9,PRIMARY_CLINICIAN
4abe3e98-e39e-48fa-ab55-fc5d036f9563,933bac93-7b41-4ae5-84ff-7042c2e5ed5d,DR. PAPPU YADAV,REG_5EUTO19W,MBBS DA,7020559168,,34.7,RADIOLOGIST
f7bec3e3-6af9-4f23-9601-8ea86378ee03,933bac93-7b41-4ae5-84ff-7042c2e5ed5d,DR. MUKESH KUMAR VERMA,REG_X67ZZ5E8,MBBS MD,8093462618,,8.4,GYNAECOLOGIST
a0993758-508b-4fda-aa14-ebc34fc0db76,933bac93-7b41-4ae5-84ff-7042c2e5ed5d,DR. PHOOL KUMARI,REG_1UAFS6SE,MBBS MD DM,8106163688,,1.4,ANAESTHETIST
6e758d44-bbcd-4142-a7c1-72ac58cf9a18,bf5461ef-17c0-4e98-8b6f-bbb791b3adc5,DR. SHANTI DEVI,REG_DVTJHBLL,MBBS MS MCh,8085623612,,33.8,GYNAECOLOGIST
75ccb552-fbe0-430d-882e-9d2733f790d6,bf5461ef-17c0-4e98-8b6f-bbb791b3adc5,DR. SARASWATI DEVI,REG_Z8SJDGWE,MBBS MS,8161614692,,3.8,ANAESTHETIST
30b68eb3-ce23-4424-81ab-c8e41ef5029d,bf5461ef-17c0-4e98-8b6f-bbb791b3adc5,DR. MANJU DEVI,REG_RAH2N4WV,MBBS DNB,7963169044,,22.4,SURGEON
435e35aa-6768-4c63-9a16-79df59ae6613,db3fdada-75d0-4a5d-b8d1-a53bbd4f446b,DR. USHA DEVI,REG_FHMP14GH,MBBS,7937123852,,21.0,ANAESTHETIST
ee68a286-9b5d-446a-a178-b5cfade250f8,db3fdada-75d0-4a5d-b8d1-a53bbd4f446b,DR. HEMANT KUMAR,REG_FJO20Z7T,MBBS MD DM,9662636549,,22.9,GYNAECOLOGIST
b96c69e8-6b3c-4cd0-90e1-397c6e57b06c,db3fdada-75d0-4a5d-b8d1-a53bbd4f446b,DR. SAROJ DEVI,REG_4DE0Q4Y6,MBBS MD DM,7751160443,,34.8,ANAESTHETIST
c4694a56-b11a-418a-b74b-bb7b390950dd,396f282a-612c-4ce1-9dcf-9330f9dd8328,DR. ARVIND KUMAR,REG_Y4MRVO6Y,MBBS MD DM,8144973959,,20.8,SURGEON
9f83174d-34d8-40e0-b588-c7a3494fa47d,396f282a-612c-4ce1-9dcf-9330f9dd8328,DR. REKHA DEVI,REG_I37XYZ61,MBBS,9468902724,,19.4,SURGEON
4a32df44-9f21-4518-8916-1e501e86ddd6,396f282a-612c-4ce1-9dcf-9330f9dd8328,DR. RAJU YADAV,REG_QO8ZKE7Q,MBBS DA,7868636355,,16.7,SURGEON
84ac3ac4-41c2-43bc-8b91-af429a91d59d,396f282a-612c-4ce1-9dcf-9330f9dd8328,DR. PHOOL KUMARI,REG_F6M72GKR,MBBS MD DM,8150411789,,9.2,GYNAECOLOGIST
34ffafae-ec39-40b7-8c30-54b5a435460b,396f282a-612c-4ce1-9dcf-9330f9dd8328,DR. GUDDU KUMAR,REG_2WTEVEPC,MBBS MD DM,7780019837,,15.2,PAEDIATRICIAN
793a28f7-c368-4b6d-8cdd-43e0d3cc1989,3157d0e1-190e-4ba7-b8f7-d292880a2840,DR. SHIV KUMAR,REG_IGEOH0KW,MBBS MS MCh,8115598469,,23.7,RADIOLOGIST
3870a29c-66ce-4ff2-bcbf-6ebfc1c4bdd7,3157d0e1-190e-4ba7-b8f7-d292880a2840,DR. SUSHILA DEVI,REG_YNPRX2LK,MBBS MD,8192763618,,17.5,RADIOLOGIST
7eb4e56f-60a3-44e1-a4b1-d1a2b3bbbaf2,c6b2aafc-03cc-4fa9-81ba-8ac203cfac70,DR. URMILA DEVI,REG_M9YGHSRX,MBBS MD,9863453438,,3.1,SURGEON
09141a60-c08c-4db1-849a-6d77a37a3a9d,c6b2aafc-03cc-4fa9-81ba-8ac203cfac70,DR. DEEPAK KUMAR,REG_KGHP4DPN,MBBS,7642807996,,21.4,PRIMARY_CLINICIAN
a5e3198b-0180-493f-a875-f7939a5cb56d,c6b2aafc-03cc-4fa9-81ba-8ac203cfac70,DR. NARESH KUMAR,REG_5A8WMV3V,MBBS DA,7554549288,,15.0,ANAESTHETIST
04b99ed9-ab93-4171-abd1-39c25882c4a4,d4a1cb66-9da9-4f16-a5ff-19110e8bc369,DR. RAMESH CHANDRA,REG_AOZWTDIC,MBBS MS,7018902710,,11.7,PAEDIATRICIAN
852222a5-f24d-4210-b830-be9f082d73f5,d4a1cb66-9da9-4f16-a5ff-19110e8bc369,DR. DEEPAK KUMAR,REG_X7Q0GJ97,MBBS MD DM,7546704716,,7.4,RADIOLOGIST
41e8b305-1d41-4d48-bef5-64cfbebf3093,d4a1cb66-9da9-4f16-a5ff-19110e8bc369,DR. ROHIT KUMAR,REG_OGQ1BF6I,MBBS MS,7051796691,,14.8,GYNAECOLOGIST
17455c00-4b1b-42d6-97ba-b67429db9dce,d4a1cb66-9da9-4f16-a5ff-19110e8bc369,DR. RANI DEVI,REG_3CYA0XSR,MBBS MS,7761021259,,6.0,PRIMARY_CLINICIAN
f63b517f-111b-4366-8a13-947799c43601,d4a1cb66-9da9-4f16-a5ff-19110e8bc369,DR. DRAUPADI DEVI,REG_TVDILH81,MBBS MD,9456191302,,27.4,RADIOLOGIST
2c3bec5d-77ce-4f92-9f34-b59ad00debcd,d4a1cb66-9da9-4f16-a5ff-19110e8bc369,DR. GUDDU KUMAR,REG_RD2UGMIN,MBBS MS MCh,8190675059,,27.0,PAEDIATRICIAN
2589f7b8-ed17-4bff-8c0c-b3679fcee8cf,d4a1cb66-9da9-4f16-a5ff-19110e8bc369,DR. SUNITA DEVI,REG_NX05BMX8,MBBS MS,7621690463,,24.3,PAEDIATRICIAN
899e039b-f8fa-473b-8207-254def5da0fe,d4a1cb66-9da9-4f16-a5ff-19110e8bc369,DR. PREM SHANKAR,REG_LC2ECB92,MBBS MD,8128114908,,13.2,GYNAECOLOGIST
c96bed7a-474a-4cf7-b79f-828ca791d353,181a5e6e-e580-4b50-913b-db2a8bb6042e,DR. PAPPU YADAV RAJBHAR,REG_D3RCTK9F,MBBS DA,7694956784,,33.7,PRIMARY_CLINICIAN
c1242247-16e5-4a69-8c4b-065c1632c0fa,181a5e6e-e580-4b50-913b-db2a8bb6042e,DR. SUMITRA DEVI,REG_PBTOJJOL,MBBS MD DM,7525497418,,27.7,GYNAECOLOGIST
ea5e2300-283e-4809-9db6-37d3824339f2,181a5e6e-e580-4b50-913b-db2a8bb6042e,DR. RAJEEV KUMAR,REG_5AB3YVP1,MBBS DA,7745713110,,17.5,GYNAECOLOGIST
2fcaa76d-0e45-467d-8130-04b75932e35d,cbcd707a-7433-4832-a55c-80fd25d1108f,DR. JAGDISH PRASAD,REG_QIPHAEEY,MBBS DNB,9582520892,,31.8,PRIMARY_CLINICIAN
a4a879df-78ee-4da3-852b-e6aaa6d2c369,cbcd707a-7433-4832-a55c-80fd25d1108f,DR. NIRMALA DEVI,REG_XDFPLQQQ,MBBS MD,8079674212,,15.5,PAEDIATRICIAN
08449f87-58f7-4acb-97d0-0c3d9e6d9621,cbcd707a-7433-4832-a55c-80fd25d1108f,DR. PAPPU YADAV DUBEY,REG_JD992PWM,MBBS,7500815579,,17.0,PRIMARY_CLINICIAN
55f8a291-b289-40a0-89ef-cf9e44126d3a,cbcd707a-7433-4832-a55c-80fd25d1108f,DR. RAMESH CHANDRA,REG_VWCLQSJ9,MBBS MS MCh,9754596438,,21.2,RADIOLOGIST
deb513c4-5a1f-4a7a-8500-8d79719f62a1,cbcd707a-7433-4832-a55c-80fd25d1108f,DR. RAMU KAKA,REG_AQAD3HOY,MBBS MS MCh,9681014416,,26.0,GYNAECOLOGIST
2dca91ab-da4d-4077-8bf3-5bcbd9f47923,cbcd707a-7433-4832-a55c-80fd25d1108f,DR. RAKESH KUMAR,REG_ZDNOI644,MBBS MD DM,9672223825,,20.8,GYNAECOLOGIST
1ad675e3-ceec-4c52-900f-71a2c31946f4,229cad6b-6bc2-4cdb-bfeb-46db2e9d3c12,DR. VIRENDRA SINGH,REG_PPROJWVF,MBBS DA,9639965369,,19.0,GYNAECOLOGIST
c2ff1aaa-3811-4d20-acc4-1a93df97da24,229cad6b-6bc2-4cdb-bfeb-46db2e9d3c12,DR. DEEPAK KUMAR,REG_DMHI8YYI,MBBS MD DM,9749021382,,13.7,RADIOLOGIST
f0593eda-b57c-445c-9872-e46ef7dc4a66,229cad6b-6bc2-4cdb-bfeb-46db2e9d3c12,DR. UMESH KUMAR,REG_6CKIT5ZP,MBBS,9556370087,,31.5,RADIOLOGIST
a1c1df36-7703-4b66-bae1-36ed0620a649,229cad6b-6bc2-4cdb-bfeb-46db2e9d3c12,DR. REKHA DEVI,REG_RWAYTE91,MBBS MD,9469736483,,6.9,PRIMARY_CLINICIAN
aa77bbba-2f52-41d7-b5a1-7caac3b14650,229cad6b-6bc2-4cdb-bfeb-46db2e9d3c12,DR. ANITA DEVI,REG_IQ654T97,MBBS DNB,7882082948,,33.7,SURGEON
fa050a4b-85ac-451d-a6dc-8cce92553683,229cad6b-6bc2-4cdb-bfeb-46db2e9d3c12,DR. SANTOSHI DEVI,REG_H7PDOK7S,MBBS DA,7047081729,,5.3,GYNAECOLOGIST
9fec98e5-3264-4cbd-b114-4ea75eae3cc3,229cad6b-6bc2-4cdb-bfeb-46db2e9d3c12,DR. MEENA DEVI,REG_U45U63N6,MBBS MS MCh,9850090955,,3.3,RADIOLOGIST
434b3ec1-8805-4b1c-899b-9cff15030ffd,5451b3cc-7f2b-4346-a2c6-f12a0c8c1d29,DR. NARESH KUMAR PANDEY,REG_NCJOQRMK,MBBS MD DM,9852117669,,34.1,SURGEON
5aba1ffd-1527-423e-ad4e-495a18ef14d7,5451b3cc-7f2b-4346-a2c6-f12a0c8c1d29,DR. LAXMI DEVI,REG_56QF0Y69,MBBS DNB,7590511549,,7.0,ANAESTHETIST
e89c52ec-cac5-4e2e-988b-068432b2af35,5451b3cc-7f2b-4346-a2c6-f12a0c8c1d29,DR. GEETA DEVI,REG_CLODBVKC,MBBS DNB,9773244541,,29.0,PRIMARY_CLINICIAN
e1d22dd1-d0d1-4fc6-a953-c6847c887967,5451b3cc-7f2b-4346-a2c6-f12a0c8c1d29,DR. SUSHIL KUMAR,REG_HK9CH0Z3,MBBS MD DM,7052043926,,7.6,GYNAECOLOGIST
2496a75e-5f57-467e-b6a6-d529109bdd45,5451b3cc-7f2b-4346-a2c6-f12a0c8c1d29,DR. SHEELA DEVI,REG_GNYD3ZPY,MBBS DNB,9461589529,,8.8,PAEDIATRICIAN
a00dde3e-2879-4db4-bfbb-2b8ce2536dac,93d20d4c-ed7f-49f5-9a1c-e76c05f7996a,DR. ANIL KUMAR,REG_CTKURS7U,MBBS MS,7993602245,,29.9,SURGEON
742ad457-19b7-4123-97a6-0ae95be42de0,93d20d4c-ed7f-49f5-9a1c-e76c05f7996a,DR. KAMLA DEVI,REG_GV9TY7CZ,MBBS DNB,7004648916,,20.1,SURGEON
e0c10239-d10c-49e0-b1eb-526efa4bf97a,93d20d4c-ed7f-49f5-9a1c-e76c05f7996a,DR. ARVIND KUMAR,REG_YOLOGAHF,MBBS MS,9424185416,,19.0,PRIMARY_CLINICIAN
cb87687e-c701-4854-bb16-3aefd460c01b,93d20d4c-ed7f-49f5-9a1c-e76c05f7996a,DR. NARESH KUMAR,REG_2HF5W6HM,MBBS,7771811454,,34.0,RADIOLOGIST
7af6755a-7fd7-4bc8-973a-62e81409a581,bd150a8c-94d6-426c-bcd5-c8ae6821be3d,DR. PUSHPA DEVI,REG_W4U67CIK,MBBS DNB,7501881658,,6.8,PAEDIATRICIAN
0238a6aa-049d-434e-a84b-ef4a945e9337,bd150a8c-94d6-426c-bcd5-c8ae6821be3d,DR. LEELA DEVI,REG_8B0GMPWQ,MBBS DA,9598084757,,34.4,ANAESTHETIST
bad53390-1b0b-4542-b45d-3b3913812ab0,bd150a8c-94d6-426c-bcd5-c8ae6821be3d,DR. PREM SHANKAR SHARMA,REG_JYSWZXDU,MBBS,8056532810,,16.4,SURGEON
b99d565e-a699-4354-8735-3724a347a119,187df607-c713-420e-9ce7-c3d01f3db274,DR. HEMANT KUMAR GAUTAM,REG_AOVO94V5,MBBS DNB,7063656705,,30.2,PRIMARY_CLINICIAN
3e2efd5e-8536-46c9-9358-f9a3131a4e2a,187df607-c713-420e-9ce7-c3d01f3db274,DR. PUSHPA DEVI,REG_IDDV97IN,MBBS,9561838865,,34.3,PAEDIATRICIAN
2b5e8b18-8b5a-4f8c-b628-efd39448c83a,187df607-c713-420e-9ce7-c3d01f3db274,DR. SANJAY KUMAR,REG_IFCCWU3S,MBBS MD,9516040108,,14.4,SURGEON
b2426d15-66f4-489c-b7e1-4e2481130253,187df607-c713-420e-9ce7-c3d01f3db274,DR. SHEELA DEVI,REG_TYK5MG7J,MBBS MD DM,9617534829,,31.3,PRIMARY_CLINICIAN
57845319-bd5d-40f6-a85e-3fcde4754161,187df607-c713-420e-9ce7-c3d01f3db274,DR. DINESH KUMAR DUBEY,REG_5EJWVVA4,MBBS,9740713980,,32.8,PAEDIATRICIAN
92c8c458-4789-427b-96c4-788115d92421,187df607-c713-420e-9ce7-c3d01f3db274,DR. SHYAM LAL,REG_NBQPMN7X,MBBS MD DM,7997586756,,28.5,ANAESTHETIST
3b8bec93-e420-4b90-9214-5dd6c8a76854,187df607-c713-420e-9ce7-c3d01f3db274,DR. RAVI SHANKAR,REG_S85X1HNC,MBBS MD DM,7970006083,,9.2,GYNAECOLOGIST
db6ee139-b91c-4610-ab86-fb97d89ed01d,187df607-c713-420e-9ce7-c3d01f3db274,DR. REKHA DEVI,REG_Z7Z7CFST,MBBS DNB,9602517102,,23.1,PRIMARY_CLINICIAN
410fef9f-f4f7-4ae7-bac4-2bf93e4e53ab,3bccff24-ff82-430d-a7b8-7f3b7501585c,DR. VIRENDRA SINGH PANDEY,REG_8PEXK6IP,MBBS MD,8050530073,,21.2,SURGEON
279a504c-dc6c-4b41-a5c9-8ad6e9299ce4,3bccff24-ff82-430d-a7b8-7f3b7501585c,DR. SUMITRA DEVI,REG_5UX4BPYM,MBBS DA,8098016173,,28.4,SURGEON
3718701e-b1c4-46d9-b409-c8911ee84f37,3bccff24-ff82-430d-a7b8-7f3b7501585c,DR. KIRAN DEVI,REG_N22YZCBI,MBBS MS,9792842827,,32.0,PAEDIATRICIAN
aa06f3a5-2a44-4d29-b673-96a17cf85333,d1206565-bbf6-4ced-9d37-3a3f40a4f91d,DR. PUSHPA DEVI,REG_DWYJ49GD,MBBS MS MCh,7696905731,,23.8,SURGEON
9ddd20ab-4708-40a3-884f-3e757129712a,d1206565-bbf6-4ced-9d37-3a3f40a4f91d,DR. KUSUM DEVI,REG_7K3O388C,MBBS MD,7831696370,,5.1,SURGEON
712f4cb1-537f-4ebd-86ad-4ffe911ef187,54747cb6-1cc7-4ffc-bcea-2801ae3d1c6d,DR. POONAM DEVI,REG_DVVZJIST,MBBS MD DM,9680432147,,24.7,ANAESTHETIST
7f210e81-8c0c-4775-bfe4-449b5ce68b26,54747cb6-1cc7-4ffc-bcea-2801ae3d1c6d,DR. SUMITRA DEVI,REG_9MOZJ8BD,MBBS MD DM,7919815521,,9.0,ANAESTHETIST
60fd37fc-fe39-403c-b7e8-4d8a8883817a,54747cb6-1cc7-4ffc-bcea-2801ae3d1c6d,DR. LAXMI DEVI,REG_RW1RFV8Y,MBBS DA,9536106598,,16.8,SURGEON
65ad4712-cb54-4c79-898e-b51f6e5d2038,54747cb6-1cc7-4ffc-bcea-2801ae3d1c6d,DR. SHIV KUMAR,REG_V80A5EYE,MBBS MD,7621905226,,4.5,ANAESTHETIST
842a59e8-22e8-44c6-a8a9-05b9f514a771,54747cb6-1cc7-4ffc-bcea-2801ae3d1c6d,DR. SANTOSHI DEVI,REG_LRMZTX49,MBBS,7036546924,,7.4,RADIOLOGIST
44d6dc56-1d31-4004-8c70-62b85f4282f8,54747cb6-1cc7-4ffc-bcea-2801ae3d1c6d,DR. LAXMI DEVI,REG_JK6SHUDA,MBBS MD DM,9869830282,,3.1,RADIOLOGIST
9c484ac3-310a-47dd-946e-2f70177fc020,3d69bf68-ccd0-45a6-a140-7900c8b813b9,DR. SARASWATI DEVI,REG_FZ1KS28E,MBBS DA,9515858740,,25.9,PAEDIATRICIAN
70da3d5c-940d-450e-9b10-9d61e4181054,3d69bf68-ccd0-45a6-a140-7900c8b813b9,DR. POONAM DEVI,REG_WECQSO6S,MBBS MS,9433915670,,8.5,RADIOLOGIST
12c8ef3f-d958-40b2-9ffc-3e2310341b28,3d69bf68-ccd0-45a6-a140-7900c8b813b9,DR. ANITA DEVI,REG_1LQ7LP1Z,MBBS,7619988819,,29.5,PAEDIATRICIAN
43ad0036-eb38-49d7-a40a-76ba475fca90,3d69bf68-ccd0-45a6-a140-7900c8b813b9,DR. VIVEK KUMAR MAURYA,REG_QJEOGYL0,MBBS DA,7029572710,,16.5,SURGEON
db5d38bb-6ad6-4d42-9f88-445aca3f5a2c,3d69bf68-ccd0-45a6-a140-7900c8b813b9,DR. RAMU KAKA,REG_HO5QAOU0,MBBS MS,7580863219,,3.7,PAEDIATRICIAN
76cd2cde-fefd-4213-be6a-6c7c599dde84,3d69bf68-ccd0-45a6-a140-7900c8b813b9,DR. SHEELA DEVI,REG_K1C8TLAY,MBBS MS MCh,7078904328,,14.0,ANAESTHETIST
d63f8f70-c133-4369-b782-c5c32f3fe3a2,3d69bf68-ccd0-45a6-a140-7900c8b813b9,DR. KUSUM DEVI,REG_HND0WLLB,MBBS DA,9625084243,,5.1,PAEDIATRICIAN
dc5f1782-710d-4097-9b45-d8da573876a5,b3960456-9c63-4f22-8565-50c8b69428ac,DR. SHEELA DEVI,REG_X5SNURVU,MBBS DA,7676995896,,5.3,PRIMARY_CLINICIAN
5f1d602d-dc8c-40b1-a562-7c1683e3f7ce,b3960456-9c63-4f22-8565-50c8b69428ac,DR. GULABO DEVI,REG_I4JYJQET,MBBS,7766593682,,32.2,ANAESTHETIST
d7c4ef4e-dc11-45e1-8666-9cb5364db533,b3960456-9c63-4f22-8565-50c8b69428ac,DR. SHIV KUMAR,REG_UYY6VI82,MBBS,7842093578,,26.6,PRIMARY_CLINICIAN
924221ee-49b6-48b7-8c1a-748faab3e72a,b3960456-9c63-4f22-8565-50c8b69428ac,DR. KUSUM DEVI,REG_VFYV72FO,MBBS MD DM,9866691365,,2.8,SURGEON
c10aec81-63e5-44b4-8ecb-d7cd8b9bc143,b3960456-9c63-4f22-8565-50c8b69428ac,DR. SUSHIL KUMAR TIWARI,REG_Q7AAKPBN,MBBS MD,9769840651,,23.4,GYNAECOLOGIST
f948feea-9d15-4261-a6f8-a185ef528b38,b3960456-9c63-4f22-8565-50c8b69428ac,DR. SUMITRA DEVI,REG_7FVK5GUL,MBBS MD,9814090834,,25.2,PRIMARY_CLINICIAN
d0d0075a-3d9a-4647-a9af-6418d278d2e2,0484a5b1-b318-42e6-99da-774cb419269c,DR. SHIV KUMAR,REG_QSIACVXR,MBBS MD,7999163951,,32.7,RADIOLOGIST
4131e2f3-fbf5-48eb-bd48-6ac6be4af3e4,0484a5b1-b318-42e6-99da-774cb419269c,DR. RAVINDRA NATH,REG_HK7MQSHQ,MBBS DNB,7805422037,,14.3,PAEDIATRICIAN
79babead-deb0-4509-b2d7-87cb79bd7e42,0484a5b1-b318-42e6-99da-774cb419269c,DR. SARASWATI DEVI,REG_8HLMPWAY,MBBS MS MCh,8080299115,,33.9,RADIOLOGIST
30bd25ad-b825-4b1c-ac3a-2df50a5a3e2a,0484a5b1-b318-42e6-99da-774cb419269c,DR. POONAM DEVI,REG_QFEBALC7,MBBS MD,8000420653,,26.8,GYNAECOLOGIST
ba372b33-5ded-43c2-a229-a79c711dd9dc,4f91fae9-942a-4025-bbc0-0eaaf27cd4a8,DR. SHIV KUMAR,REG_1L44Q2CX,MBBS MD,8015682379,,26.8,ANAESTHETIST
042cdcbd-87ca-4d18-adbb-af969e8abaa9,4f91fae9-942a-4025-bbc0-0eaaf27cd4a8,DR. BABLU KUMAR,REG_USEQ3RP0,MBBS DA,9551553750,,14.3,ANAESTHETIST
db5b5a62-9768-4705-8f74-24fcaf10f243,23a7f7dc-25a3-4300-8b49-9819b93a36d2,DR. REKHA DEVI,REG_LEM0TNK9,MBBS,7063543012,,6.4,RADIOLOGIST
7914e9bd-933d-46da-9687-b8e0ed006e8e,23a7f7dc-25a3-4300-8b49-9819b93a36d2,DR. RAJESH KUMAR,REG_YL4HDZ12,MBBS MS MCh,7942722847,,34.8,PAEDIATRICIAN
6ccc8c62-d479-4613-b56b-0bc4bb1b8d2d,23a7f7dc-25a3-4300-8b49-9819b93a36d2,DR. LAKHAN LAL,REG_QNP88U21,MBBS DNB,7647598960,,13.9,RADIOLOGIST
7aec70c2-1332-48cf-a900-347a3dc234e9,23a7f7dc-25a3-4300-8b49-9819b93a36d2,DR. KUSUM DEVI,REG_VNDYQ525,MBBS MD DM,9460761789,,7.5,PRIMARY_CLINICIAN
63c68b72-48ec-42e5-8ab3-65e62cc89ff2,23a7f7dc-25a3-4300-8b49-9819b93a36d2,DR. SURESH KUMAR,REG_46CY07MI,MBBS MS MCh,9569694089,,20.2,GYNAECOLOGIST
79920fa1-9cd0-4ce3-9c16-baf9e221a145,23a7f7dc-25a3-4300-8b49-9819b93a36d2,DR. MEENA DEVI,REG_2RGH8JST,MBBS,7844025835,,29.3,PRIMARY_CLINICIAN
b0486b7b-7fd4-4e58-82d9-7022ee300660,1a5f4d32-d4b3-43a9-afa4-f4e69c80e375,DR. KALAWATI DEVI,REG_TQHKKF3T,MBBS MS MCh,8118503805,,21.4,ANAESTHETIST
7444da35-efba-4af9-90e8-c04f785b3003,1a5f4d32-d4b3-43a9-afa4-f4e69c80e375,DR. SHANTI DEVI,REG_3D1E4MLS,MBBS DA,7994562389,,14.1,PRIMARY_CLINICIAN
949a8102-6fbe-4b12-b712-5e7d5a91cf67,83d7b479-72a0-4875-8dea-21791315c7b2,DR. GEETA DEVI,REG_4KVYL8FC,MBBS DNB,7749291483,,35.0,RADIOLOGIST
082bd51a-8fcb-42b5-ac68-0c65da8a8649,83d7b479-72a0-4875-8dea-21791315c7b2,DR. MANOJ KUMAR,REG_AA62E1KR,MBBS MS MCh,7060962058,,34.0,PRIMARY_CLINICIAN
734bb01c-326c-4c49-a195-d7ab5566fbc6,83d7b479-72a0-4875-8dea-21791315c7b2,DR. SUSHILA DEVI,REG_18U7EKY1,MBBS,7506702636,,22.4,SURGEON
11a3f377-7ac9-4475-bc71-0f181a92d1a2,25799b84-b7f3-48c3-ba9b-7013d7659d7f,DR. RAJEEV KUMAR,REG_LQM497XB,MBBS DNB,8085507795,,24.9,ANAESTHETIST
a4d30d4f-bc76-44e4-b67d-f40da7e8cb4f,25799b84-b7f3-48c3-ba9b-7013d7659d7f,DR. SHEELA DEVI,REG_GU4NGSAO,MBBS MS MCh,7787574155,,5.5,RADIOLOGIST
bc5aaa87-0970-4c63-abd9-6a62e89191d7,25799b84-b7f3-48c3-ba9b-7013d7659d7f,DR. PHOOL KUMARI,REG_TVM1EP1M,MBBS MS,9470144985,,31.1,GYNAECOLOGIST
3c102a8a-7663-42c4-a685-11d9e0993ed0,25799b84-b7f3-48c3-ba9b-7013d7659d7f,DR. AMIT KUMAR,REG_K9YDDWGH,MBBS MD DM,7596319918,,33.4,RADIOLOGIST
94d442d7-0c88-4437-9711-69a492d01f1c,25799b84-b7f3-48c3-ba9b-7013d7659d7f,DR. RAJEEV KUMAR,REG_0WU35AW2,MBBS,7092740798,,3.8,SURGEON
666fcf14-8344-4994-95f5-49219e9ae7f4,25799b84-b7f3-48c3-ba9b-7013d7659d7f,DR. GEETA DEVI,REG_T8UNIPED,MBBS DNB,9495281424,,29.8,GYNAECOLOGIST
563de61c-e166-4888-b00a-11468512f644,25799b84-b7f3-48c3-ba9b-7013d7659d7f,DR. BRIJESH KUMAR,REG_IFF99YKF,MBBS DA,7904577188,,4.0,GYNAECOLOGIST
c4754782-e655-4a6a-a91b-896feec7ecb7,3be409f2-d45f-47c7-afef-1980af1813d9,DR. PHOOL KUMARI,REG_EVNUX5EG,MBBS MD DM,9810727677,,12.6,SURGEON
b10e7866-c0d2-4e87-99fc-a481e27a96fc,3be409f2-d45f-47c7-afef-1980af1813d9,DR. PRIYA KUMARI,REG_O28ZGDOP,MBBS MD DM,7021230966,,5.2,PAEDIATRICIAN
d7a3897b-3f63-4722-bec2-9fa3346e606f,3be409f2-d45f-47c7-afef-1980af1813d9,DR. SHEELA DEVI,REG_HGURL7OI,MBBS MS MCh,7018440096,,17.3,ANAESTHETIST
39592302-b1ec-4fbb-94d8-7395ecb8bf11,3be409f2-d45f-47c7-afef-1980af1813d9,DR. KALAWATI DEVI,REG_AGRG29I3,MBBS MD DM,8049610214,,20.8,ANAESTHETIST
9f75fc54-eb29-43ca-9a46-92347d762e4e,3be409f2-d45f-47c7-afef-1980af1813d9,DR. HEMANT KUMAR,REG_O6XAFVSB,MBBS,7921725747,,34.2,PAEDIATRICIAN
6f2e8281-6161-401e-969e-c92b7559ae79,0a052797-9c5e-48ac-a914-ffde627d3be8,DR. VIRENDRA SINGH,REG_CG5K323R,MBBS DNB,9747347909,,8.1,ANAESTHETIST
e5445098-0ed9-42e4-8c8e-f4ca90159420,0a052797-9c5e-48ac-a914-ffde627d3be8,DR. SUSHILA DEVI,REG_M2V6BJ7A,MBBS MS MCh,9866878933,,23.1,PRIMARY_CLINICIAN
b8ddad9d-c4f6-4526-bc18-3ca9426b5a40,0a052797-9c5e-48ac-a914-ffde627d3be8,DR. SUSHIL KUMAR CHAUHAN,REG_HDJ4DMX0,MBBS DNB,8076365331,,4.0,ANAESTHETIST
92aef9e6-135d-4246-9d80-83c7af27ac30,0a052797-9c5e-48ac-a914-ffde627d3be8,DR. SANTOSHI DEVI,REG_SSNVJ0YC,MBBS MS MCh,7986371975,,24.2,ANAESTHETIST
fac2d584-d3dd-4e84-9611-367663e3e593,0a052797-9c5e-48ac-a914-ffde627d3be8,DR. JAGDISH PRASAD,REG_WDXRWCJ4,MBBS MS,7785396337,,13.5,PRIMARY_CLINICIAN
6eba94b7-8573-435c-a162-a01acc2108f4,0a052797-9c5e-48ac-a914-ffde627d3be8,DR. UMESH KUMAR JAISWAL,REG_J5QYZKS7,MBBS MD DM,7698848650,,7.3,GYNAECOLOGIST
962553b6-f14f-4ee9-bc52-0718ced033a9,0a052797-9c5e-48ac-a914-ffde627d3be8,DR. NARESH KUMAR,REG_ZYFAM33H,MBBS MS,7093598811,,17.3,GYNAECOLOGIST
4c3f896f-efe7-449a-ac8a-5b5d92e04546,0a052797-9c5e-48ac-a914-ffde627d3be8,DR. SANJAY KUMAR,REG_DWU8VA4Y,MBBS MD DM,9634552710,,22.9,ANAESTHETIST
75bbd0a2-4429-431b-b6ec-47bcfac1f7e3,d605dc79-4141-4d2a-af33-5fe1f87608b4,DR. PUSHPA DEVI,REG_8DSO5GTV,MBBS,7758964645,,14.4,SURGEON
52ecda87-069b-4683-a5d0-70079186b017,d605dc79-4141-4d2a-af33-5fe1f87608b4,DR. SANTOSH KUMAR,REG_A04MGEK8,MBBS DNB,7989774822,,1.5,PAEDIATRICIAN
df69545f-d92a-4517-ba5f-6292b8711a73,d605dc79-4141-4d2a-af33-5fe1f87608b4,DR. GEETA DEVI,REG_76OE20IP,MBBS MD DM,8033746791,,32.4,RADIOLOGIST
ea98067f-a454-4a5b-abaa-8d28eaf5f31b,d605dc79-4141-4d2a-af33-5fe1f87608b4,DR. MANJU DEVI,REG_F54WHH5W,MBBS MS MCh,8191999877,,30.1,PRIMARY_CLINICIAN
1a42901c-47eb-4955-b349-9adfdf6ac075,d605dc79-4141-4d2a-af33-5fe1f87608b4,DR. PRADEEP KUMAR PATEL,REG_LA0TOBIM,MBBS MD DM,7072608757,,17.0,RADIOLOGIST
fdd61eb0-455f-41f6-88d2-389b2e7f66ea,e0bfb9d3-454e-45e8-8433-855ca65814c6,DR. RADHA DEVI,REG_P5CIR7DD,MBBS DNB,8049161789,,26.1,GYNAECOLOGIST
a0607104-97ab-4547-98ef-c60da345d550,e0bfb9d3-454e-45e8-8433-855ca65814c6,DR. SUMITRA DEVI,REG_2M5UFOWN,MBBS MD,7839730962,,12.2,PRIMARY_CLINICIAN
693a95eb-7ae6-4ffb-bd4b-2411985a22ad,e0bfb9d3-454e-45e8-8433-855ca65814c6,DR. REENA DEVI,REG_02JCJS6A,MBBS MD DM,7783547408,,17.6,SURGEON
2b0ab4eb-eb68-4330-b504-41cd1a7730db,e0bfb9d3-454e-45e8-8433-855ca65814c6,DR. PHOOL KUMARI,REG_JK8EMWLA,MBBS MS,9761038545,,20.4,GYNAECOLOGIST
737ae3f6-ad0c-4eda-acca-0a553b870fbf,e0bfb9d3-454e-45e8-8433-855ca65814c6,DR. MUNNI DEVI,REG_RYU3B6QF,MBBS MS MCh,7753428417,,25.3,GYNAECOLOGIST
69f5c0af-74f7-4166-abb8-1e64b762fd24,e0bfb9d3-454e-45e8-8433-855ca65814c6,DR. SEEMA DEVI,REG_L6QKDI1H,MBBS MS,7692605634,,22.0,PRIMARY_CLINICIAN
d7cf6ab1-c0bb-4e6d-b2d7-cff0b43ceefe,51c29a49-2b12-4da2-a3c3-22ee900a9ed9,DR. SURESH KUMAR KURMI,REG_VTH3CYXU,MBBS MD DM,7036372065,,12.8,RADIOLOGIST
b069f920-4bde-4b59-b553-2869256879e2,51c29a49-2b12-4da2-a3c3-22ee900a9ed9,DR. DEEPAK KUMAR,REG_W9X1HSNK,MBBS MD,9862582867,,33.9,PAEDIATRICIAN
a8bf036a-b641-4b5e-97de-c950af1485bc,51c29a49-2b12-4da2-a3c3-22ee900a9ed9,DR. CHAMELI DEVI,REG_AEL627T1,MBBS DNB,7500668901,,31.6,PAEDIATRICIAN
c5b527c5-7d5c-479f-94ba-16c7795daf33,51c29a49-2b12-4da2-a3c3-22ee900a9ed9,DR. RAMU KAKA TIWARI,REG_IN70ETYS,MBBS MS MCh,9525815556,,18.1,ANAESTHETIST
c83c902f-7d58-4442-a7ab-826e78128a75,51c29a49-2b12-4da2-a3c3-22ee900a9ed9,DR. MANJU DEVI,REG_YIJUWSVS,MBBS DA,8123372986,,8.2,ANAESTHETIST
6202e1d9-64bc-43c8-a819-9077dd48fb9a,51c29a49-2b12-4da2-a3c3-22ee900a9ed9,DR. ANITA DEVI,REG_NL3F6NTN,MBBS MD,9694253225,,12.8,RADIOLOGIST
d3be8f1b-fb95-4a0e-9b36-058381112f82,8ad6e7c5-1134-4ca0-a5b6-d37ec3e89170,DR. DRAUPADI DEVI,REG_9E5XUT27,MBBS MS,7756195896,,23.3,PAEDIATRICIAN
57ed2fc9-15be-4b70-b2f4-6f603c28e07e,8ad6e7c5-1134-4ca0-a5b6-d37ec3e89170,DR. MEENA DEVI,REG_ZICTYVHQ,MBBS DA,7890180440,,31.3,ANAESTHETIST
4281bfb3-0d55-4930-a794-cbf290c96fb6,20181e87-65d9-4517-94f7-4da4fde9a1dd,DR. PHOOL KUMARI,REG_1WD810LB,MBBS DA,7888239173,,21.5,GYNAECOLOGIST
aff12e75-1650-41ea-a192-392d361271eb,20181e87-65d9-4517-94f7-4da4fde9a1dd,DR. SUSHIL KUMAR RAJBHAR,REG_MG8WTPSJ,MBBS,7573824372,,22.2,SURGEON
46a7990b-8ad1-44b8-9ef4-ae1165db4401,20181e87-65d9-4517-94f7-4da4fde9a1dd,DR. PAPPU YADAV,REG_78ADF57Y,MBBS,9738908544,,24.2,ANAESTHETIST
77d25838-b3fb-4549-bebe-f039995873c0,20181e87-65d9-4517-94f7-4da4fde9a1dd,DR. AMIT KUMAR,REG_K3AWAN7Z,MBBS DNB,7707460073,,27.3,GYNAECOLOGIST
f05dd034-de07-4503-a2c9-f6099f62d8bc,20181e87-65d9-4517-94f7-4da4fde9a1dd,DR. SAROJ DEVI,REG_5W9QE6A3,MBBS MS,9521491900,,2.8,ANAESTHETIST
3fae4dea-988c-4ae8-b47e-c461e85b9bd6,197ee658-3480-43ac-8a97-85d30f089490,DR. BRIJESH KUMAR SINGH,REG_JRZ78NRP,MBBS MD,7791764109,,27.8,RADIOLOGIST
88c3d253-c288-4a8f-896b-15ecb3b678af,197ee658-3480-43ac-8a97-85d30f089490,DR. VIRENDRA SINGH,REG_9NWAWW53,MBBS MS,7910830529,,25.0,PRIMARY_CLINICIAN
0caa261d-cfa3-412d-88c3-470f14f672a2,197ee658-3480-43ac-8a97-85d30f089490,DR. SHYAM LAL KUMAR,REG_W0W5YETW,MBBS MS MCh,9799922044,,22.0,ANAESTHETIST
491b4bf6-ed3e-4787-86c2-46e2f0d18808,52affe87-361a-438a-8fc9-b836ff2f1b38,DR. LAKHAN LAL,REG_OINLNZ2C,MBBS MD,7046642939,,1.9,ANAESTHETIST
1cb73a8a-98bb-408d-88cc-58cfe338055f,52affe87-361a-438a-8fc9-b836ff2f1b38,DR. MANOJ KUMAR,REG_7ZXRKVLF,MBBS DA,7942153532,,6.9,PAEDIATRICIAN
8fa5de2c-c222-49fb-bc36-2543aedca07d,1d42c146-7e60-4514-99de-a79dccd043b7,DR. BRIJESH KUMAR,REG_AC737EGM,MBBS DNB,9570522220,,34.4,GYNAECOLOGIST
e5898a93-265b-495a-830f-3bbb64a03c30,1d42c146-7e60-4514-99de-a79dccd043b7,DR. PRADEEP KUMAR,REG_JSNTCCHG,MBBS MD,7048905375,,4.9,PRIMARY_CLINICIAN
fd8242e7-3124-47ac-86fa-4a25cb76faec,1d42c146-7e60-4514-99de-a79dccd043b7,DR. RAKESH KUMAR,REG_KYN1GKGM,MBBS DA,9887488988,,1.6,ANAESTHETIST
d6a20f91-31d7-42fa-a4c7-0b52b0e08ac3,1d42c146-7e60-4514-99de-a79dccd043b7,DR. SAROJ DEVI,REG_HZ3I73MD,MBBS MS MCh,7677158883,,15.4,SURGEON
ce2323b1-dc0a-4f9a-be6c-b966e81d676a,1d42c146-7e60-4514-99de-a79dccd043b7,DR. JAGDISH PRASAD,REG_3HK6JVKF,MBBS,9434916314,,34.2,PRIMARY_CLINICIAN
f226a3f0-5a51-49e7-a560-3c8094c1fda2,1d42c146-7e60-4514-99de-a79dccd043b7,DR. USHA DEVI,REG_GDYTF0DP,MBBS MD DM,8197918138,,16.0,ANAESTHETIST
4091abb4-ee16-4e83-aabb-8baeb4d2c876,7c6b6b27-ca35-4d9a-a0e5-8ae998f279c7,DR. DINESH KUMAR,REG_WE3Z1ZNM,MBBS MS,8144368314,,5.3,PRIMARY_CLINICIAN
f078ad64-3416-41b4-8263-bc96c932b168,7c6b6b27-ca35-4d9a-a0e5-8ae998f279c7,DR. HEMANT KUMAR,REG_HVQP0KJU,MBBS,8190490879,,18.7,RADIOLOGIST
adcfe18e-921b-41bd-a86e-34ccc6d407e2,7c6b6b27-ca35-4d9a-a0e5-8ae998f279c7,DR. ROHIT KUMAR,REG_IVKXOIUY,MBBS MS MCh,7983790146,,29.5,RADIOLOGIST
afb3efb2-e532-44d7-ad41-cc0a7399d35d,7c6b6b27-ca35-4d9a-a0e5-8ae998f279c7,DR. MEENA DEVI,REG_KGW6L551,MBBS MS MCh,8170834224,,8.6,PAEDIATRICIAN
14764c0a-53a0-4f61-bfb1-12a480bf109c,7c6b6b27-ca35-4d9a-a0e5-8ae998f279c7,DR. GULABO DEVI,REG_7IZNXEX0,MBBS MD DM,9790965462,,14.3,PRIMARY_CLINICIAN
ac759f9c-aa0e-47db-a37b-1241273f9d37,fdac01da-480c-4062-90cd-b13e007732d2,DR. VIRENDRA SINGH,REG_Y00K4JO1,MBBS MS MCh,7705728712,,33.1,SURGEON
d6c46899-d840-4229-8a35-062c9099b1a2,fdac01da-480c-4062-90cd-b13e007732d2,DR. PRIYA KUMARI,REG_CDHSPYLW,MBBS MS,7891545455,,4.7,PRIMARY_CLINICIAN
cff25e93-77aa-4ab0-a755-3670647543a0,fdac01da-480c-4062-90cd-b13e007732d2,DR. SURESH KUMAR,REG_VWIGYAZB,MBBS DNB,7916723513,,5.4,PRIMARY_CLINICIAN
9ced07e8-5700-4d6a-a839-30fdff4c1b40,fdac01da-480c-4062-90cd-b13e007732d2,DR. UMESH KUMAR,REG_9QTUFA5P,MBBS,8093786275,,13.9,PAEDIATRICIAN
82d14b52-b500-4ed3-a498-2eceed927269,fdac01da-480c-4062-90cd-b13e007732d2,DR. SUNITA DEVI,REG_PQGBFUT4,MBBS DA,9570454313,,9.9,RADIOLOGIST
e93f2e5f-3f8a-443e-b57c-2eabea87515c,46ccfaf5-4624-4410-94b8-264a16c2cdec,DR. SHYAM LAL,REG_YZ2IXZDN,MBBS MS,9680495900,,8.2,RADIOLOGIST
2daf82c2-2c41-4514-acce-8a1e4f107625,46ccfaf5-4624-4410-94b8-264a16c2cdec,DR. SEEMA DEVI,REG_N1ET600Z,MBBS DNB,7685785400,,2.4,RADIOLOGIST
6451dc5f-30ed-4634-978c-684543164245,db99333a-caca-4124-bc31-482ab7eb0505,DR. ASHOK KUMAR,REG_LF51BX95,MBBS,9681996475,,9.5,GYNAECOLOGIST
69873453-7ce7-431d-b32e-406ebee9eb2d,db99333a-caca-4124-bc31-482ab7eb0505,DR. PHOOL KUMARI,REG_MOVPWFMT,MBBS DA,7765122041,,16.8,ANAESTHETIST
5a071328-def6-46c9-9701-7a24e803cce9,db99333a-caca-4124-bc31-482ab7eb0505,DR. KIRAN DEVI,REG_ZCLPV3YW,MBBS MD DM,9854988248,,12.5,RADIOLOGIST
697a8677-c852-422b-a927-29cbcef394ad,db99333a-caca-4124-bc31-482ab7eb0505,DR. MANJU DEVI,REG_UFTVFKEC,MBBS DNB,9659513160,,12.3,RADIOLOGIST
69d03b33-dbea-42f9-a0c1-0e0e890ae268,db99333a-caca-4124-bc31-482ab7eb0505,DR. ROHIT KUMAR,REG_54ZDO3ZY,MBBS DA,9836964092,,22.0,GYNAECOLOGIST
2436f8c7-f9d1-4ea2-8a88-d64961a7e2d1,7ec361eb-8edf-48e1-b1c2-d2beff453f59,DR. ROHIT KUMAR,REG_BF4H990B,MBBS MS,7696461245,,14.6,PAEDIATRICIAN
7219a1b8-0c95-4785-ab3c-b4ea62168d94,7ec361eb-8edf-48e1-b1c2-d2beff453f59,DR. MUKESH KUMAR,REG_H7I07TX4,MBBS MS,9403189987,,3.7,RADIOLOGIST
d9910230-44dc-4329-a822-bdb99c6f5084,a230b71c-8e95-4cca-a609-066eaac129c0,DR. SHANTI DEVI,REG_LYAWPEU3,MBBS MS MCh,7645663531,,12.3,GYNAECOLOGIST
298fadb0-8c29-4478-840f-9726c3bf9126,a230b71c-8e95-4cca-a609-066eaac129c0,DR. SUMITRA DEVI,REG_1VUOVSCP,MBBS MS MCh,8076975540,,33.1,GYNAECOLOGIST
b774d7bb-0e0b-458b-b706-e0f5114525aa,a230b71c-8e95-4cca-a609-066eaac129c0,DR. MANJU DEVI,REG_S0DR9FBP,MBBS DA,9561134797,,5.4,GYNAECOLOGIST
cfe1b5c5-3e09-4f65-b72b-8d0d48e5df0b,f443afda-e2dd-42f3-b3ef-6b70ec530a99,DR. VIJAY KUMAR,REG_BR2191LX,MBBS,7667145372,,30.8,PRIMARY_CLINICIAN
e2855c99-ac5c-4e41-a593-5cc5d9699a5a,f443afda-e2dd-42f3-b3ef-6b70ec530a99,DR. HARI OM JAISWAL,REG_1THXRGX0,MBBS MD DM,7833384432,,27.8,PAEDIATRICIAN
76881c0e-1da8-4d03-9a25-8d463466f0b2,f443afda-e2dd-42f3-b3ef-6b70ec530a99,DR. SHEELA DEVI,REG_4VNXXM39,MBBS,7797317527,,8.9,SURGEON
6c3832be-55c3-4abf-87bd-9e8d988d6ab2,83115e24-f21e-45c0-8978-d571ef4a469d,DR. RAJU YADAV MISHRA,REG_ZE3UOPTZ,MBBS MS,7793698114,,4.5,RADIOLOGIST
0919a4af-88e4-4b3c-a9b0-7f280fad5f4c,83115e24-f21e-45c0-8978-d571ef4a469d,DR. SAVITRI DEVI,REG_G12PXGWQ,MBBS MS,7583484607,,33.2,ANAESTHETIST
0de77ea0-1bf1-4c5a-b3e9-4b287509ae26,83115e24-f21e-45c0-8978-d571ef4a469d,DR. REENA DEVI,REG_439BL5X5,MBBS DA,9693578739,,12.4,ANAESTHETIST
1871edd3-c145-4cfb-894e-61187576ddd6,83115e24-f21e-45c0-8978-d571ef4a469d,DR. SHYAM LAL GAUTAM,REG_STIJ783Q,MBBS DNB,9545972822,,1.5,SURGEON
df58724e-310b-409c-ac58-0956aa4706c5,83115e24-f21e-45c0-8978-d571ef4a469d,DR. RAMESH CHANDRA,REG_076EXQAV,MBBS MS MCh,7079537661,,24.4,RADIOLOGIST
cd8e5b47-246c-42d4-b365-bd7ba0c3c325,83115e24-f21e-45c0-8978-d571ef4a469d,DR. PHOOL KUMARI,REG_4JKW4DPO,MBBS MS MCh,9836461104,,16.5,RADIOLOGIST
0b6c34d2-0040-49a9-8ec0-114802132abd,83115e24-f21e-45c0-8978-d571ef4a469d,DR. PHOOL KUMARI,REG_P4YXHG5E,MBBS MS MCh,7710554157,,23.6,GYNAECOLOGIST
e641d627-cb8d-43cf-85dc-d3c36f012bce,c7848bca-d54e-479c-bea7-df47ec8d6f77,DR. GUDDU KUMAR,REG_1G4MYMPU,MBBS DNB,7660913917,,23.3,RADIOLOGIST
85ac614c-ead2-4209-be9b-a14f61b4f86c,c7848bca-d54e-479c-bea7-df47ec8d6f77,DR. PRIYA KUMARI,REG_C6V635N4,MBBS,7930307328,,8.7,PRIMARY_CLINICIAN
dd8d98a8-8704-4041-a990-38b542661e00,c7848bca-d54e-479c-bea7-df47ec8d6f77,DR. DINESH KUMAR SHARMA,REG_3VHJ3FHJ,MBBS MD,9869728702,,20.0,PAEDIATRICIAN
12068fa5-1d9f-4473-96ba-62ab3804f0c3,d2451065-829d-40bd-b02e-3d863fa995ec,DR. DEVENDRA KUMAR,REG_0J4B511B,MBBS MD DM,7859690803,,26.7,SURGEON
dfa60723-6b69-48ef-a1a4-784a1d2ab915,d2451065-829d-40bd-b02e-3d863fa995ec,DR. LAKHAN LAL,REG_QQ26G852,MBBS MD DM,7048072612,,32.3,ANAESTHETIST
e894e8b0-3c69-4691-97e2-6a256d3e2b82,d2451065-829d-40bd-b02e-3d863fa995ec,DR. KAMLA DEVI,REG_UJH0FFQW,MBBS MS,7011794511,,12.1,PAEDIATRICIAN
cdf0c4f0-8d79-44a5-a449-24ec4e025296,d2451065-829d-40bd-b02e-3d863fa995ec,DR. BABLU KUMAR,REG_OAXHIZZ9,MBBS MS,7971279636,,22.3,RADIOLOGIST
5e47f1a9-4c0d-4dfd-b1c3-63d93d51760a,d2451065-829d-40bd-b02e-3d863fa995ec,DR. ANITA DEVI,REG_U43PIJ8V,MBBS DA,7856418684,,22.0,PRIMARY_CLINICIAN
a5f37bb4-ae45-49b1-af4f-ed987de56acc,96305c82-d8ab-45b7-9c62-a81bfa46c417,DR. SANTOSHI DEVI,REG_BF1ZCVLN,MBBS DA,7079369576,,4.4,SURGEON
57b45758-5d58-43b3-b7d4-746f9f6b5678,96305c82-d8ab-45b7-9c62-a81bfa46c417,DR. RAM PRASAD,REG_A75YHAFJ,MBBS DNB,7092609793,,5.8,SURGEON
531c82ab-450f-4cca-afa5-eb493d1e6468,96305c82-d8ab-45b7-9c62-a81bfa46c417,DR. SANTOSHI DEVI,REG_331691TD,MBBS MD DM,7873004885,,31.8,GYNAECOLOGIST
3ca0a9da-a1fe-4a09-b4d2-85461bc56b9f,96305c82-d8ab-45b7-9c62-a81bfa46c417,DR. KIRAN DEVI,REG_4XH06EA7,MBBS MD,8123997570,,29.2,PRIMARY_CLINICIAN
0f00296b-1f12-4b08-b8ac-e72163e95f6b,96305c82-d8ab-45b7-9c62-a81bfa46c417,DR. JAGDISH PRASAD,REG_RV8POXT4,MBBS MD,7827727808,,20.4,GYNAECOLOGIST
f3c9c96f-02c6-4bc0-90c5-ca991fc14f99,ad116e44-2c61-4564-ace0-da6afa66b3ba,DR. REENA DEVI,REG_8SZBQ2CQ,MBBS MS,7658072529,,16.6,PRIMARY_CLINICIAN
0a2e29fb-90d0-4b70-935b-dddc9fb6398a,ad116e44-2c61-4564-ace0-da6afa66b3ba,DR. GULABO DEVI,REG_A9529QP0,MBBS DA,8095572203,,28.7,ANAESTHETIST
354a427f-df45-4771-b4ba-74c879295462,ad116e44-2c61-4564-ace0-da6afa66b3ba,DR. LEELA DEVI,REG_MU5ALO7K,MBBS DA,7731557890,,27.8,PRIMARY_CLINICIAN
8d89c041-c29b-41df-b2b2-35724a4d16e7,ad116e44-2c61-4564-ace0-da6afa66b3ba,DR. SUNITA DEVI,REG_X567HZDO,MBBS MS,9671360051,,3.5,GYNAECOLOGIST
293e776d-594c-46c8-8b5c-1062a5f005be,ad116e44-2c61-4564-ace0-da6afa66b3ba,DR. KIRAN DEVI,REG_BBHVUW8Z,MBBS DNB,9679726309,,33.9,PRIMARY_CLINICIAN
a6022d45-310a-4f22-9daf-844dd657dcc7,567a2f84-a405-43c3-b225-0f407faf4d9b,DR. SARASWATI DEVI,REG_4YE3OY96,MBBS,9609087173,,14.3,PAEDIATRICIAN
59c0539f-9f20-456b-8c53-7074d9386ca0,567a2f84-a405-43c3-b225-0f407faf4d9b,DR. REKHA DEVI,REG_TEQBWGA1,MBBS MD DM,7950440509,,21.2,SURGEON
2bc95ae9-cf6b-4db7-9c40-d65670f3e894,567a2f84-a405-43c3-b225-0f407faf4d9b,DR. MUNNI DEVI,REG_3O0A4DYX,MBBS DNB,7614771858,,24.0,GYNAECOLOGIST
ad6ce8d7-f834-4d11-a17e-c0c78d3d6683,567a2f84-a405-43c3-b225-0f407faf4d9b,DR. MUNNI DEVI,REG_FT7YIIAW,MBBS,9841406501,,2.0,PRIMARY_CLINICIAN
772f4ccd-6e65-4b02-9186-585f396a80f4,567a2f84-a405-43c3-b225-0f407faf4d9b,DR. CHAMELI DEVI,REG_XBX4OYPG,MBBS DNB,7735139420,,1.2,PAEDIATRICIAN
a54db660-1760-48d5-867a-84414a0d4c4a,10a9d67a-b10b-494a-9b94-1a3e8a21e629,DR. NARESH KUMAR,REG_0AKLXZCW,MBBS MD,7017534659,,33.8,SURGEON
f2d44bda-29b7-4b51-bec1-8bd5f0fafde5,10a9d67a-b10b-494a-9b94-1a3e8a21e629,DR. SEEMA DEVI,REG_WZTK35HL,MBBS MD DM,7968104314,,6.5,GYNAECOLOGIST
3020990b-e001-4d39-bca2-8c19ce93ce56,10a9d67a-b10b-494a-9b94-1a3e8a21e629,DR. GEETA DEVI,REG_E0YEX20Q,MBBS MD,8170908767,,33.9,RADIOLOGIST
ca1b12df-366d-4a77-8976-b752142bfeb7,3e62dcc9-83fe-468f-b3b1-0662ba5b31f8,DR. ARVIND KUMAR,REG_0PAXB4PK,MBBS DNB,9688715073,,11.0,SURGEON
bafdcdd1-20e9-4ec2-943b-ce08a173b336,3e62dcc9-83fe-468f-b3b1-0662ba5b31f8,DR. ARVIND KUMAR,REG_J3KR48IW,MBBS DA,7620592127,,32.9,PRIMARY_CLINICIAN
4f06182f-4586-4917-95ca-363b1a330476,3e62dcc9-83fe-468f-b3b1-0662ba5b31f8,DR. SUSHILA DEVI,REG_VNIAIQIV,MBBS,8169761849,,20.0,ANAESTHETIST
dcf24d56-a980-49c9-b8ec-b39b5bee2fdf,3e62dcc9-83fe-468f-b3b1-0662ba5b31f8,DR. DINESH KUMAR,REG_XHHXWX85,MBBS MD DM,9893498869,,14.3,RADIOLOGIST
44d63533-6d82-4797-b109-a110a7d1f442,b8690143-950f-4ee7-a5d8-4ee70f60e750,DR. SHEELA DEVI,REG_WHUG2DL1,MBBS MD,7972671919,,4.8,ANAESTHETIST
4501ce83-17dd-4892-9eb3-e35801d44fba,b8690143-950f-4ee7-a5d8-4ee70f60e750,DR. MUNNI DEVI,REG_5T350Y54,MBBS MD,7707673619,,7.0,ANAESTHETIST
199bea47-ba3e-459e-93ce-36c4b0a6ed2a,b8690143-950f-4ee7-a5d8-4ee70f60e750,DR. ASHOK KUMAR,REG_OZVHHRO0,MBBS MS MCh,7077609701,,23.6,PRIMARY_CLINICIAN
0446ead1-84b3-408e-8388-7953a06e4dd3,b8690143-950f-4ee7-a5d8-4ee70f60e750,DR. GUDDU KUMAR,REG_WK5R4QD8,MBBS DA,9422811185,,25.5,PAEDIATRICIAN
0ae7f5f5-02c6-4608-a3bf-ab28b104e52e,b8690143-950f-4ee7-a5d8-4ee70f60e750,DR. CHAMELI DEVI,REG_L4JBFG4W,MBBS MS MCh,9522853335,,1.4,ANAESTHETIST
1a17612d-e5f1-45cd-bd71-5e4434e1a1cf,a48e3033-8056-4595-b32b-6d6740402864,DR. JAGDISH PRASAD PASI,REG_T750CYXZ,MBBS MS MCh,9415187026,,3.1,ANAESTHETIST
6f785646-13da-4c56-a2c5-c54cc56fb81c,a48e3033-8056-4595-b32b-6d6740402864,DR. POONAM DEVI,REG_4T88P5I4,MBBS DNB,7726559037,,17.0,GYNAECOLOGIST
28752c67-bd87-4d09-9a8f-155a07ff3366,a48e3033-8056-4595-b32b-6d6740402864,DR. ROHIT KUMAR,REG_EQTVY7M2,MBBS MD,8183816373,,14.4,PAEDIATRICIAN
15925ab6-94cd-45b1-b506-df2c68ed96ed,ef8c5d06-94f4-4ae4-a5a9-ce75a8d6bac6,DR. PREM SHANKAR MAURYA,REG_78Q1OYCX,MBBS DA,9851004317,,6.1,ANAESTHETIST
e2ebd278-017e-46f6-8b97-05da1c00b256,ef8c5d06-94f4-4ae4-a5a9-ce75a8d6bac6,DR. REKHA DEVI,REG_8X6ILX3L,MBBS MD,7828627239,,16.1,GYNAECOLOGIST
9a86fcec-317e-472d-9edc-80898b395bf5,ef8c5d06-94f4-4ae4-a5a9-ce75a8d6bac6,DR. PUSHPA DEVI,REG_DA6O5FWZ,MBBS DNB,7730345823,,12.4,PAEDIATRICIAN
f96e527b-66cc-4d30-a78c-efb87db7be2a,ef8c5d06-94f4-4ae4-a5a9-ce75a8d6bac6,DR. GEETA DEVI,REG_99YHT3QE,MBBS MS MCh,9702378664,,14.1,PAEDIATRICIAN
012a5a22-71c4-4395-ad96-15e8902013d0,ef8c5d06-94f4-4ae4-a5a9-ce75a8d6bac6,DR. KIRAN DEVI,REG_G58W0RLX,MBBS MD,9499033161,,20.4,RADIOLOGIST
994163e6-d9ed-472c-a107-844c87c83482,ef8c5d06-94f4-4ae4-a5a9-ce75a8d6bac6,DR. RAJU YADAV,REG_YDHJLJBY,MBBS MD DM,7781998661,,1.9,GYNAECOLOGIST
d840c7db-c8ce-4051-a689-dc7377780f94,ef8c5d06-94f4-4ae4-a5a9-ce75a8d6bac6,DR. RAM PRASAD,REG_ZLBD0NGI,MBBS DA,7644998820,,27.7,GYNAECOLOGIST
46aea4c5-4413-4f2f-9697-a6f114352a0c,ef8c5d06-94f4-4ae4-a5a9-ce75a8d6bac6,DR. SUMITRA DEVI,REG_ZJU05VXX,MBBS DNB,7702305392,,10.1,SURGEON
804bbda6-0c1a-4503-ad6f-b58588cb8117,ad536887-87c6-4a8f-a488-60e6dcf59bf2,DR. PREM SHANKAR,REG_OTHFMLPJ,MBBS MD,7722525829,,17.8,GYNAECOLOGIST
c35a3723-d83e-483b-b4d3-e5214bc52bba,ad536887-87c6-4a8f-a488-60e6dcf59bf2,DR. BRIJESH KUMAR,REG_7RAG55TZ,MBBS MS,7621129698,,6.3,PAEDIATRICIAN
541cb249-281b-4037-b914-76614a3f4bc9,ad536887-87c6-4a8f-a488-60e6dcf59bf2,DR. RAJESH KUMAR,REG_PTVF2P8K,MBBS MD,9562697468,,34.4,SURGEON
27883009-738e-4aaa-bf1c-cfb322e53f5d,ad536887-87c6-4a8f-a488-60e6dcf59bf2,DR. UMESH KUMAR,REG_4DIK4QVH,MBBS MD,9487721125,,6.8,PAEDIATRICIAN
87bc383f-5814-46d7-a151-13fa227056e9,ad536887-87c6-4a8f-a488-60e6dcf59bf2,DR. SHEELA DEVI,REG_YEUB7QE2,MBBS MS,7891195010,,6.9,GYNAECOLOGIST
0f439faf-a57a-47ec-b1e5-323aac226191,ad536887-87c6-4a8f-a488-60e6dcf59bf2,DR. PHOOL KUMARI,REG_IFWCIYAH,MBBS MS MCh,9756768483,,16.3,RADIOLOGIST
52b87392-7ffe-49b5-8fa8-f451be172186,ad536887-87c6-4a8f-a488-60e6dcf59bf2,DR. PAPPU YADAV CHAUHAN,REG_QD0B731R,MBBS MS MCh,9885880811,,17.7,RADIOLOGIST
e7958f60-b24d-40c1-a77c-d5967f76b918,ad536887-87c6-4a8f-a488-60e6dcf59bf2,DR. RAJEEV KUMAR,REG_796HL3I5,MBBS,9433149881,,9.2,SURGEON
2e80376c-a2dd-48f9-beca-de7009ac1e9d,c734e493-63c3-4ca2-92fc-a1815a246b47,DR. SHEELA DEVI,REG_CK1W4I1K,MBBS MD DM,7952948847,,7.8,GYNAECOLOGIST
c92a7c55-30d0-4a4f-be99-edd1c948fe26,c734e493-63c3-4ca2-92fc-a1815a246b47,DR. DINESH KUMAR,REG_ZAASKAJZ,MBBS MS,9896809608,,22.8,RADIOLOGIST
6ee5e60d-10d9-465f-8497-81b101249094,de763910-8db1-4875-af20-19665c35714d,DR. RADHA DEVI,REG_9JFJ14V2,MBBS DNB,7619322071,,9.4,SURGEON
7bf6b5f5-d31a-44c5-b720-b6e5bb0727e9,de763910-8db1-4875-af20-19665c35714d,DR. HARI OM,REG_8LO85S3K,MBBS DA,7002328251,,3.5,RADIOLOGIST
24d1cf99-955d-4805-bc82-4a10847b309a,de763910-8db1-4875-af20-19665c35714d,DR. ARVIND KUMAR RAJBHAR,REG_6VTM81N4,MBBS MD,9496927553,,23.6,ANAESTHETIST
5976df8c-85f5-4fd5-81fb-545a5edbbf96,de763910-8db1-4875-af20-19665c35714d,DR. REENA DEVI,REG_TUORXFV3,MBBS MD,7609227692,,15.5,ANAESTHETIST
f75a1dd8-e0fd-46ea-8ba1-914155b62ebd,8a971fb0-fa85-4836-b3f5-9622ba8af71e,DR. SAROJ DEVI,REG_Z52F9ZIP,MBBS MD DM,8192623682,,8.1,PRIMARY_CLINICIAN
d1b7ae82-b30a-463c-80c8-7804b42b1a79,8a971fb0-fa85-4836-b3f5-9622ba8af71e,DR. RAMU KAKA,REG_DN0IW2FJ,MBBS MS,7683512954,,19.7,RADIOLOGIST
9267bd3a-df5a-47fe-801a-f55703027da6,8a971fb0-fa85-4836-b3f5-9622ba8af71e,DR. GUDDU KUMAR,REG_B0A1SVDP,MBBS DNB,8044451622,,19.4,ANAESTHETIST
34a2a9cd-225d-4089-abf1-8a5972b95f4d,9174ced4-f019-4246-8827-a065aa44eb01,DR. UMESH KUMAR,REG_EI16ETEK,MBBS DA,9444374208,,25.1,PRIMARY_CLINICIAN
c5eef298-1c5f-4627-9771-f5253f6fb368,9174ced4-f019-4246-8827-a065aa44eb01,DR. KUSUM DEVI,REG_CMX5Y85P,MBBS MS,9464197366,,2.9,SURGEON
5b83cff9-2cc0-4c63-996c-31397ab76bae,9174ced4-f019-4246-8827-a065aa44eb01,DR. GUDDU KUMAR,REG_4IL5AP9B,MBBS MD,9513072442,,25.2,ANAESTHETIST
85393a63-9a8a-4299-bab9-3b91f43da23c,9174ced4-f019-4246-8827-a065aa44eb01,DR. ANITA DEVI,REG_8A7LPW7Q,MBBS DA,7681592249,,10.3,PAEDIATRICIAN
3e355f56-85f9-4236-b1ce-115abbb1b833,9174ced4-f019-4246-8827-a065aa44eb01,DR. GUDDU KUMAR,REG_SBERMP30,MBBS MS MCh,8150229979,,22.5,PRIMARY_CLINICIAN
6e3c8676-d5bf-4feb-aaf3-0c59276ec1c0,9174ced4-f019-4246-8827-a065aa44eb01,DR. KALAWATI DEVI,REG_G5K1UMXB,MBBS MS MCh,7880246776,,29.0,GYNAECOLOGIST
6102830d-ab77-462b-8e81-ef3d6286621f,7f6e29aa-913b-44e9-8b13-d2da50c8faa6,DR. SUMITRA DEVI,REG_PQXZ387O,MBBS DNB,9542802558,,12.7,PRIMARY_CLINICIAN
e3c34e71-65e9-41b0-a72f-d8b5b4b56655,7f6e29aa-913b-44e9-8b13-d2da50c8faa6,DR. SARASWATI DEVI,REG_MHLYGBYR,MBBS MS,7050344828,,13.8,RADIOLOGIST
06df8b57-75de-4048-8bd2-604bbbc95b9a,7f6e29aa-913b-44e9-8b13-d2da50c8faa6,DR. RAKESH KUMAR,REG_VAGJ46BU,MBBS DA,9667924024,,11.6,PRIMARY_CLINICIAN
23d4c7c7-923c-474d-aca2-b42d6d9a8cc5,7f6e29aa-913b-44e9-8b13-d2da50c8faa6,DR. SHANTI DEVI,REG_T9KKF965,MBBS MD,9589561126,,30.7,SURGEON
de3071e0-ae52-432b-9d35-aff104a1ef0d,7f6e29aa-913b-44e9-8b13-d2da50c8faa6,DR. RAVINDRA NATH,REG_AIKI7ZG7,MBBS MD DM,7080527289,,27.0,GYNAECOLOGIST
16908955-ef8a-42b9-896c-21c9ed3a09a7,c038720e-e3e3-48a5-9cbf-445e2974968d,DR. SANTOSHI DEVI,REG_PC62EZV5,MBBS MS,9497628268,,13.8,RADIOLOGIST
e7cafa0c-f2a9-40fd-afe8-22d349fc2a86,c038720e-e3e3-48a5-9cbf-445e2974968d,DR. SANTOSH KUMAR,REG_4MPFTD1S,MBBS MD DM,9802757449,,27.5,GYNAECOLOGIST
503f4dfa-bcd1-4167-913d-f2ea12e2f9d4,c038720e-e3e3-48a5-9cbf-445e2974968d,DR. SEEMA DEVI,REG_X03A076Z,MBBS MD,8152716178,,24.8,RADIOLOGIST
f70684b8-cd38-4c3e-b013-77bf4b6b513f,c038720e-e3e3-48a5-9cbf-445e2974968d,DR. RANI DEVI,REG_SIETLN4D,MBBS MS,9819706556,,28.9,ANAESTHETIST
3014785f-52a8-4f08-ab15-19d263ae425e,c038720e-e3e3-48a5-9cbf-445e2974968d,DR. DEEPAK KUMAR,REG_75I0XSOE,MBBS DA,7913391146,,11.4,ANAESTHETIST
853db0e6-2521-44bd-96ae-0fd7abbc7b78,c038720e-e3e3-48a5-9cbf-445e2974968d,DR. RAKESH KUMAR,REG_45QXES5V,MBBS MD DM,9482508402,,8.0,SURGEON
931dc25b-33b1-4728-baaa-5a5c63b65442,c038720e-e3e3-48a5-9cbf-445e2974968d,DR. ANITA DEVI,REG_V0JQX8F5,MBBS MD,9438227108,,2.2,ANAESTHETIST
63f92f02-2bce-46c3-af12-c3e567364c6e,4ecaad2c-00a8-41f9-aefa-bfd837ff5171,DR. RAMU KAKA SHUKLA,REG_67DKMBQ2,MBBS MD,7855175127,,20.1,ANAESTHETIST
45623808-e1e9-4484-b948-55165f069c83,4ecaad2c-00a8-41f9-aefa-bfd837ff5171,DR. DINESH KUMAR,REG_AP7EOEIF,MBBS MD,7641357094,,3.8,PRIMARY_CLINICIAN
96f7e557-4fea-41df-bdf4-eb3305262024,4ecaad2c-00a8-41f9-aefa-bfd837ff5171,DR. SHIV KUMAR,REG_9BPRJNNT,MBBS,9894304115,,29.2,PRIMARY_CLINICIAN
4cf3e89f-43d7-4b2d-94fe-fdeff2caa2e7,4ecaad2c-00a8-41f9-aefa-bfd837ff5171,DR. LEELA DEVI,REG_YVF0JQY9,MBBS MD DM,7907821604,,11.3,SURGEON
04c9cf5d-d33f-42ed-925d-387e29502967,4ecaad2c-00a8-41f9-aefa-bfd837ff5171,DR. DEEPAK KUMAR,REG_ASZZEG3E,MBBS MS,7734548602,,19.2,RADIOLOGIST
d9adb2fe-61a0-44a4-9d6e-2f31481f8d86,4ecaad2c-00a8-41f9-aefa-bfd837ff5171,DR. SAVITRI DEVI,REG_786YO2CM,MBBS DA,9734717826,,12.8,SURGEON
074f01c1-14e6-4695-a9c7-7730c0532c33,73029354-bdeb-4153-bf97-41982cabaa29,DR. MANOJ KUMAR,REG_U5G0MZ98,MBBS DNB,7026223778,,14.5,RADIOLOGIST
0f63c92c-5275-45af-81d0-82c927d87efe,73029354-bdeb-4153-bf97-41982cabaa29,DR. VIRENDRA SINGH,REG_66XC8ZKJ,MBBS DA,9758801774,,29.5,ANAESTHETIST
4ac63888-0f2e-4a84-ac7f-5d9fdde2b939,73029354-bdeb-4153-bf97-41982cabaa29,DR. PAPPU YADAV,REG_O0YK38Y3,MBBS MD DM,9895623117,,31.9,SURGEON
34c99a6c-6e62-40ba-9073-2c80448e8f98,73029354-bdeb-4153-bf97-41982cabaa29,DR. ROHIT KUMAR,REG_T10UOHY7,MBBS MD,9609196970,,25.5,SURGEON
c96678b4-f9f6-4e53-b057-be9e444bc047,73029354-bdeb-4153-bf97-41982cabaa29,DR. MEENA DEVI,REG_YS5TBN54,MBBS MD,9623648034,,15.7,ANAESTHETIST
c17d718a-89b5-48fa-bae1-505b9c81ab40,73029354-bdeb-4153-bf97-41982cabaa29,DR. SHYAM LAL,REG_LLP9Z77A,MBBS MD,8068342931,,28.6,RADIOLOGIST
30351888-e487-4ff4-8117-d3b62981543d,73029354-bdeb-4153-bf97-41982cabaa29,DR. KUSUM DEVI,REG_3N9R1WK8,MBBS MD DM,8196563363,,23.3,ANAESTHETIST
87e7c22d-547b-48ed-b722-42cba07f0c97,73029354-bdeb-4153-bf97-41982cabaa29,DR. MANOJ KUMAR,REG_OJNYOX8Y,MBBS DA,8082830688,,20.2,GYNAECOLOGIST
06dbf991-09ec-407e-a282-3bb48332c378,a1aa09e4-b67d-4082-8faa-b83940e779f8,DR. RAKESH KUMAR,REG_J9MH1I3T,MBBS MS,9611511919,,2.8,PRIMARY_CLINICIAN
bfe74901-2f2c-4dc1-b496-b0d05a128118,a1aa09e4-b67d-4082-8faa-b83940e779f8,DR. SUSHIL KUMAR GUPTA,REG_YJ35RF2V,MBBS DA,7786495035,,34.6,RADIOLOGIST
7a5c7353-fed8-412b-a87f-b698c54fef26,a1aa09e4-b67d-4082-8faa-b83940e779f8,DR. LAKHAN LAL,REG_WO8UX9F9,MBBS MD,7758376723,,27.5,GYNAECOLOGIST
b9ab2714-629b-47ef-ba49-1fdad60f5307,a1aa09e4-b67d-4082-8faa-b83940e779f8,DR. REKHA DEVI,REG_V9LWT0WK,MBBS MS MCh,8031652756,,19.4,ANAESTHETIST
12077c47-c118-4d6f-9174-6ca61c050c54,a1aa09e4-b67d-4082-8faa-b83940e779f8,DR. PUSHPA DEVI,REG_VA3DD8KJ,MBBS MS,7741580298,,25.7,SURGEON
923eb355-c024-4806-ad09-2aff698a2c5a,a1aa09e4-b67d-4082-8faa-b83940e779f8,DR. RAVI SHANKAR,REG_Q728ETLK,MBBS MS,9717372457,,8.2,GYNAECOLOGIST
0bd9a1d7-d41a-449d-adf2-67cd2833c0b1,a1aa09e4-b67d-4082-8faa-b83940e779f8,DR. DEEPAK KUMAR,REG_1F3N04W0,MBBS MS,9733482888,,22.8,RADIOLOGIST
41d96b55-332b-4e24-8df9-e8156312e9c6,8ae6a2f3-be22-4775-b473-81f5c37133f1,DR. LAKHAN LAL,REG_RJQPKIJ1,MBBS,9675161297,,30.6,RADIOLOGIST
f1023e00-e5a4-4933-bdd4-35488434caa8,8ae6a2f3-be22-4775-b473-81f5c37133f1,DR. VIRENDRA SINGH,REG_9K4KG888,MBBS MD DM,8086899947,,23.0,GYNAECOLOGIST
e956674a-baa7-4738-84b9-5cef982995ad,797abff9-f90d-4ab6-b9d6-f9737b14ac1e,DR. REKHA DEVI,REG_XBFCYH5V,MBBS MS,9663700322,,2.2,ANAESTHETIST
7918606f-0791-4c7a-9d92-0bab69d82058,797abff9-f90d-4ab6-b9d6-f9737b14ac1e,DR. RADHA DEVI,REG_OZ1AR3WK,MBBS DA,9520056361,,27.5,ANAESTHETIST
0d06e67b-ab96-40b8-a2fb-f51fd3392987,797abff9-f90d-4ab6-b9d6-f9737b14ac1e,DR. BRIJESH KUMAR,REG_77N22DDT,MBBS MD,9560051737,,4.5,GYNAECOLOGIST
2ab38b7a-0f77-43c0-9719-12be1dfde689,797abff9-f90d-4ab6-b9d6-f9737b14ac1e,DR. KALAWATI DEVI,REG_AG1QFZ4E,MBBS,8107593362,,5.5,GYNAECOLOGIST
47f2fbe9-5510-49ff-a1b4-eb435793d594,797abff9-f90d-4ab6-b9d6-f9737b14ac1e,DR. LAXMI DEVI,REG_SY16Q8UR,MBBS,9468473907,,12.4,ANAESTHETIST
682c45ca-6ae6-46ea-a3d4-1ef1a3f0f015,797abff9-f90d-4ab6-b9d6-f9737b14ac1e,DR. KUSUM DEVI,REG_O94HYB56,MBBS DA,9647802223,,10.1,ANAESTHETIST
1b793020-1ed4-4bf5-81a7-b408b4fdfc9e,7a917e17-ad91-49da-8aa0-3688c4992991,DR. POONAM DEVI,REG_WVQL2ZJH,MBBS DA,7052687611,,21.0,PAEDIATRICIAN
cacff3e9-23c4-447f-8949-47c3dd22cf97,7a917e17-ad91-49da-8aa0-3688c4992991,DR. SUNITA DEVI,REG_YNQIS8KZ,MBBS DA,9601174869,,22.6,GYNAECOLOGIST
bb9c6b95-6ac4-4699-b7e6-cd9104f28443,7a917e17-ad91-49da-8aa0-3688c4992991,DR. ANIL KUMAR,REG_KDMCYFZ3,MBBS DA,8048752083,,21.5,GYNAECOLOGIST
eb961d19-cc30-4e52-999c-8cf5bdfad677,7a917e17-ad91-49da-8aa0-3688c4992991,DR. RAVINDRA NATH,REG_G2YZLH6Y,MBBS DA,7728559900,,7.7,GYNAECOLOGIST
5353dc16-8f1c-4a15-beb8-4d1c0d5477ae,7a917e17-ad91-49da-8aa0-3688c4992991,DR. SANJAY KUMAR,REG_PVJCS19Z,MBBS MD,8038785324,,2.1,RADIOLOGIST
6a6d7c72-df97-4d95-838d-6815a92c01ee,7a917e17-ad91-49da-8aa0-3688c4992991,DR. UMESH KUMAR,REG_X0DE9EEO,MBBS MD DM,7798661023,,22.7,PRIMARY_CLINICIAN
d56003d3-c698-4f7b-ae75-ee8821d00490,7a917e17-ad91-49da-8aa0-3688c4992991,DR. RAJESH KUMAR,REG_L9O1L7U6,MBBS,9740005656,,20.6,SURGEON
c286a200-68a6-42b8-8a1f-26373ac37076,7a917e17-ad91-49da-8aa0-3688c4992991,DR. SAROJ DEVI,REG_28MBYWF0,MBBS MD DM,7635075479,,28.0,RADIOLOGIST
c36b030c-62fe-4395-95fa-3d2097bdba90,7c354af0-50a7-4be2-b8dc-4888d6d30374,DR. BABLU KUMAR KURMI,REG_F24SYN46,MBBS MS MCh,7731192770,,29.5,PAEDIATRICIAN
5b6b3bb3-ee2d-4b84-9046-bbfce02f9249,7c354af0-50a7-4be2-b8dc-4888d6d30374,DR. GEETA DEVI,REG_UY7JI7JB,MBBS MS,7836778929,,24.6,PAEDIATRICIAN
62c867fe-0954-4bbf-af16-17dce0557d57,3bce3988-243e-4ade-8f58-92ce3d1e3285,DR. VIVEK KUMAR,REG_FB9M3EGC,MBBS MD DM,7835327048,,2.1,PRIMARY_CLINICIAN
17f824b5-37e0-4970-ac06-346da8b6628a,3bce3988-243e-4ade-8f58-92ce3d1e3285,DR. RAVINDRA NATH,REG_THVBUAVT,MBBS MS,7580415898,,23.9,SURGEON
acfd6db6-b20f-4f2a-bdb5-ab50654a67c0,3bce3988-243e-4ade-8f58-92ce3d1e3285,DR. CHAMELI DEVI,REG_F4J1NUGU,MBBS MS MCh,7079697666,,20.4,ANAESTHETIST
2a57ef7c-8e91-4cf2-b99c-a42df6889dca,3bce3988-243e-4ade-8f58-92ce3d1e3285,DR. RAVI SHANKAR,REG_S6XHTJHW,MBBS DA,7609179890,,3.5,GYNAECOLOGIST
f890a9b1-e88a-45a0-bcc6-5fc05560752c,3bce3988-243e-4ade-8f58-92ce3d1e3285,DR. BABLU KUMAR,REG_X8N10H7V,MBBS,7592035290,,11.8,PAEDIATRICIAN
434967da-0b23-47b9-9797-6fe3f9282bab,d4d95dd0-47d9-4ba9-a400-0ffe2332c143,DR. SHIV KUMAR,REG_P39SZ6IP,MBBS MD DM,8161269658,,32.8,PRIMARY_CLINICIAN
9cee1f07-5a85-47ab-918f-7973a865775b,d4d95dd0-47d9-4ba9-a400-0ffe2332c143,DR. ASHOK KUMAR,REG_ZPUVHOSJ,MBBS MS,9881354160,,6.6,ANAESTHETIST
e193e74a-e801-42cc-b112-c05f12c476d0,d4d95dd0-47d9-4ba9-a400-0ffe2332c143,DR. LEELA DEVI,REG_H4M2QPQB,MBBS DNB,7023706082,,27.2,PRIMARY_CLINICIAN
c83aa22f-93e4-4ed1-916d-8b94f31f7d7e,d4d95dd0-47d9-4ba9-a400-0ffe2332c143,DR. SUSHIL KUMAR VERMA,REG_JZGTLT2J,MBBS MD,8038891301,,7.1,PAEDIATRICIAN
20bee59e-3a73-4770-b662-6214166ad991,d4d95dd0-47d9-4ba9-a400-0ffe2332c143,DR. CHAMELI DEVI,REG_BEK6Y2HL,MBBS DNB,9842086541,,13.1,PAEDIATRICIAN
a5178cf1-62b7-4ca2-9770-2d52235c167d,d4d95dd0-47d9-4ba9-a400-0ffe2332c143,DR. SUSHILA DEVI,REG_ZQ8NXA6G,MBBS MD DM,9581875596,,22.1,PAEDIATRICIAN
c00046fc-b477-467d-b7d3-afdfc72eaa1f,f17fae2a-5931-4ff9-ae7e-cfa624788501,DR. NARESH KUMAR KUMAR,REG_IL7I2X36,MBBS MS,8187052772,,3.6,GYNAECOLOGIST
0e2d3eab-ce79-43c9-8318-6d455ea91ab6,f17fae2a-5931-4ff9-ae7e-cfa624788501,DR. DRAUPADI DEVI,REG_DHSGQHL1,MBBS DA,8015398469,,1.1,ANAESTHETIST
695c0716-17d4-4143-8c59-f9931ded643b,f17fae2a-5931-4ff9-ae7e-cfa624788501,DR. SHIV KUMAR,REG_2KJBVLFD,MBBS DA,7898393861,,29.3,SURGEON
62a70602-87b5-4c7a-acc3-f29956d98a57,f17fae2a-5931-4ff9-ae7e-cfa624788501,DR. REKHA DEVI,REG_18PBI8GH,MBBS MD,8000311575,,6.8,PAEDIATRICIAN
c57a1340-1a86-4add-977b-2873cdad87f5,f17fae2a-5931-4ff9-ae7e-cfa624788501,DR. DRAUPADI DEVI,REG_15MHUNTB,MBBS MS,8088481625,,3.5,RADIOLOGIST
f1f4d7b0-e874-4cc7-a3ec-17347cb380b4,7c85c491-a6e2-48d1-bed6-83d569e7c4ec,DR. SUMITRA DEVI,REG_62Q4VDDL,MBBS MD,7030790273,,17.7,GYNAECOLOGIST
aa46e49d-53f6-4317-ab78-e72438095303,7c85c491-a6e2-48d1-bed6-83d569e7c4ec,DR. DRAUPADI DEVI,REG_ZUHYY7PT,MBBS MD,7512909901,,23.2,SURGEON
b9d7fa1c-c94b-48a4-82d6-1288f3d77c5d,7c85c491-a6e2-48d1-bed6-83d569e7c4ec,DR. LAXMI DEVI,REG_18O666T8,MBBS MS,7978863916,,23.4,SURGEON
3f7ac367-d85b-473a-b6aa-29bbca7fdaf8,7c85c491-a6e2-48d1-bed6-83d569e7c4ec,DR. RAVI SHANKAR,REG_4WVG959Y,MBBS MS,7590761474,,7.9,PRIMARY_CLINICIAN
14a28bc2-dfb2-4ff1-b83f-4ac3fe8ea0b2,7c85c491-a6e2-48d1-bed6-83d569e7c4ec,DR. POONAM DEVI,REG_ERC5VKLH,MBBS MD,8155116227,,27.3,RADIOLOGIST
b5b20d1a-28a0-4367-acab-29c33a0a79dc,7c85c491-a6e2-48d1-bed6-83d569e7c4ec,DR. PHOOL KUMARI,REG_IJPR7COP,MBBS MS MCh,7081536679,,28.5,PRIMARY_CLINICIAN
aaaa8529-7af2-4c2d-8b6d-fb6e59e6d48c,7c85c491-a6e2-48d1-bed6-83d569e7c4ec,DR. LAXMI DEVI,REG_PLV92SSL,MBBS DNB,8183839143,,11.5,ANAESTHETIST
d16ed0c2-e0fb-4d94-bf6a-404d20de9ff3,b42f3d82-c77f-4b8e-a658-8d1cbadf10f2,DR. KUSUM DEVI,REG_PAT622Y3,MBBS MD DM,9539994869,,6.3,RADIOLOGIST
c66cb40f-dd40-4edd-a68c-8638183d2125,b42f3d82-c77f-4b8e-a658-8d1cbadf10f2,DR. NIRMALA DEVI,REG_41BT3YT2,MBBS,7067297500,,20.6,PRIMARY_CLINICIAN
b9d9071f-9189-446c-ae5f-e3cee3bf3111,b42f3d82-c77f-4b8e-a658-8d1cbadf10f2,DR. MEENA DEVI,REG_T5MH5A4L,MBBS DA,9751658215,,16.1,RADIOLOGIST
cce660ed-6a7a-40a6-aa32-ca1983d0fcc2,b42f3d82-c77f-4b8e-a658-8d1cbadf10f2,DR. DRAUPADI DEVI,REG_SUPH7MJS,MBBS MD,9594542984,,20.7,GYNAECOLOGIST
a62a94e1-ec06-4023-894c-3667fbed2ee5,b42f3d82-c77f-4b8e-a658-8d1cbadf10f2,DR. PAPPU YADAV,REG_RXCF3TQD,MBBS MS MCh,7900991222,,18.0,GYNAECOLOGIST
d5de875a-07b5-4a7c-828f-d68986a4d82d,8205c20a-c739-4130-940c-99739372b984,DR. KUSUM DEVI,REG_8HDZG80M,MBBS MS,7581439579,,18.4,RADIOLOGIST
10d92476-4289-4072-8fb9-a161290139b4,8205c20a-c739-4130-940c-99739372b984,DR. ARVIND KUMAR RAJBHAR,REG_YM3PF55S,MBBS MD DM,8129769367,,7.7,PAEDIATRICIAN
285b5e48-873a-4bea-967d-101b9847f0a3,8205c20a-c739-4130-940c-99739372b984,DR. RAVI SHANKAR,REG_66V5IP5D,MBBS MS MCh,9656312376,,1.5,RADIOLOGIST
e1639c48-cd1c-4b1b-93da-2ff0d24f1464,174bfd7b-dc54-4970-bcbc-bee4aedffc05,DR. DEEPAK KUMAR,REG_DUYLJA30,MBBS MD DM,9633592369,,6.9,RADIOLOGIST
800df84b-15b1-4144-bfb1-7759312ebd76,174bfd7b-dc54-4970-bcbc-bee4aedffc05,DR. MANOJ KUMAR,REG_48FCBNVH,MBBS MS,7803858695,,32.9,SURGEON
3fce9304-eb40-45ec-a8bc-a456fa441ab1,174bfd7b-dc54-4970-bcbc-bee4aedffc05,DR. HEMANT KUMAR DUBEY,REG_9V98A4X4,MBBS MD DM,8076964230,,1.1,ANAESTHETIST
4d040e5f-205e-42e5-88aa-036e46dcf6b9,174bfd7b-dc54-4970-bcbc-bee4aedffc05,DR. SAVITRI DEVI,REG_5605LINA,MBBS MS,9740216997,,32.3,PRIMARY_CLINICIAN
54a24aa4-118d-4dc4-9f41-4c4851584634,174bfd7b-dc54-4970-bcbc-bee4aedffc05,DR. PHOOL KUMARI,REG_EYRC6W7N,MBBS MS,8136757277,,7.1,SURGEON
48cfdf55-0371-45a9-a7f6-425787fb9460,d640cf60-5ba6-4230-bb61-c8deebdb6377,DR. ANITA DEVI,REG_FM47N9SG,MBBS MD,9611240784,,34.5,SURGEON
1763ccdb-6676-4a7b-9b58-96bede0216a7,d640cf60-5ba6-4230-bb61-c8deebdb6377,DR. ROHIT KUMAR,REG_CM5SJKRR,MBBS DNB,9566839053,,15.3,PAEDIATRICIAN
0414948c-05c7-44de-b662-3a8c930f0275,d640cf60-5ba6-4230-bb61-c8deebdb6377,DR. RADHA DEVI,REG_O1X5NCRA,MBBS MD DM,7091363261,,21.9,ANAESTHETIST
2e8c6fe0-7961-4bf8-aca3-2c52d79b0439,d640cf60-5ba6-4230-bb61-c8deebdb6377,DR. RAJEEV KUMAR,REG_6VTWGAST,MBBS DA,7874091318,,6.0,ANAESTHETIST
b47d81d4-4737-4634-9a66-79785f2f10a9,d640cf60-5ba6-4230-bb61-c8deebdb6377,DR. PRIYA KUMARI,REG_H7TWH7P5,MBBS MD DM,7594444829,,2.7,GYNAECOLOGIST
e1039a57-6bc5-424e-8617-fae3032e3a3a,d640cf60-5ba6-4230-bb61-c8deebdb6377,DR. PHOOL KUMARI,REG_1SQAH27V,MBBS DNB,7554732969,,4.3,RADIOLOGIST
1addb80b-9b0b-4393-abc9-32125247c598,d640cf60-5ba6-4230-bb61-c8deebdb6377,DR. MUKESH KUMAR,REG_GE39AX0C,MBBS DA,9718011163,,27.3,GYNAECOLOGIST
9a53d1b1-c9b9-41b0-a2b4-43dff5974e96,50cc0f58-7482-4a76-a1da-c7ced84088d2,DR. RAJESH KUMAR,REG_MZYY9W9L,MBBS MD DM,7723910051,,28.2,GYNAECOLOGIST
6203a021-9077-4b95-bee3-43452fc6fac1,50cc0f58-7482-4a76-a1da-c7ced84088d2,DR. USHA DEVI,REG_HOO3JPE1,MBBS MS,7072336284,,21.1,PAEDIATRICIAN
80a610db-efdd-4175-a149-7113b0da2345,50cc0f58-7482-4a76-a1da-c7ced84088d2,DR. LAKHAN LAL,REG_QEP1EVMC,MBBS MS MCh,9692669771,,32.3,PAEDIATRICIAN
bb3f7406-6598-485c-8b3d-0cd12a17fc7c,50cc0f58-7482-4a76-a1da-c7ced84088d2,DR. GUDDU KUMAR,REG_H2ZMLDT2,MBBS MD DM,8001146495,,33.8,ANAESTHETIST
fd0a3131-2105-45e0-99b5-7e4240d6b3e6,50cc0f58-7482-4a76-a1da-c7ced84088d2,DR. RAVINDRA NATH KUMAR,REG_FK2C0GWH,MBBS DNB,9881374439,,26.8,ANAESTHETIST
4013e452-3a61-4af0-b538-16688fb97978,50cc0f58-7482-4a76-a1da-c7ced84088d2,DR. MEENA DEVI,REG_KIQ16WLO,MBBS DA,9481236769,,13.4,PAEDIATRICIAN
07895fa3-08be-42aa-a237-45651c9c9cae,50cc0f58-7482-4a76-a1da-c7ced84088d2,DR. SHANTI DEVI,REG_U8KLY27D,MBBS MD DM,7523436872,,32.1,PRIMARY_CLINICIAN
d5f3d0a9-5752-40d1-97e6-a7db298ce528,50cc0f58-7482-4a76-a1da-c7ced84088d2,DR. PREM SHANKAR,REG_HEUCK8GZ,MBBS MD,7637696141,,19.8,RADIOLOGIST
5356f8b8-4d16-4195-8c30-bddd80a0797d,7a8bc033-3325-4dd6-806c-1bfc49e276e0,DR. DRAUPADI DEVI,REG_Z5MS83BX,MBBS,8129276043,,10.1,SURGEON
a067cc50-04bd-4348-bff9-e12703f178b6,7a8bc033-3325-4dd6-806c-1bfc49e276e0,DR. SHEELA DEVI,REG_H59P1K3D,MBBS MD DM,9722607165,,28.9,ANAESTHETIST
a2a78f05-f900-418f-9c82-3a16ad1d7d32,7a8bc033-3325-4dd6-806c-1bfc49e276e0,DR. MANJU DEVI,REG_BMI5BPP3,MBBS MS MCh,9547596889,,4.8,SURGEON
cb292b78-b88b-477e-a955-5929f0b9f122,7a8bc033-3325-4dd6-806c-1bfc49e276e0,DR. PREM SHANKAR,REG_CLY0DI8R,MBBS DNB,7955118903,,18.8,PAEDIATRICIAN
d0bcc964-81f5-45a2-846f-57e2f129d72e,7a8bc033-3325-4dd6-806c-1bfc49e276e0,DR. ASHOK KUMAR SINGH,REG_RSCXLU4H,MBBS MD DM,9661953895,,24.4,PAEDIATRICIAN
00c29a14-bd32-4652-9a46-9d348a2465b0,7a8bc033-3325-4dd6-806c-1bfc49e276e0,DR. PRIYA KUMARI,REG_H6TGSS8M,MBBS DNB,9806920715,,22.3,SURGEON
66b21780-6bae-45b5-a069-bee840a2e9ba,1cd05726-e3c2-4312-af30-0cf760a021ca,DR. PRADEEP KUMAR,REG_90H4SLO0,MBBS DNB,9840382702,,28.6,RADIOLOGIST
85f91f6e-8937-4cdd-8cf9-731e4f395095,1cd05726-e3c2-4312-af30-0cf760a021ca,DR. RAM PRASAD,REG_QBDSCVIY,MBBS DA,7007642650,,29.8,ANAESTHETIST
3a3aa259-4731-4ef5-8511-ead5a0ec38d9,1cd05726-e3c2-4312-af30-0cf760a021ca,DR. MUKESH KUMAR CHAUHAN,REG_AGTGFL6L,MBBS DA,9746805687,,3.6,ANAESTHETIST
2e025368-febe-434a-bb77-51c80c65dc1c,1cd05726-e3c2-4312-af30-0cf760a021ca,DR. RAVINDRA NATH,REG_3EM4XHT4,MBBS MS,7609012529,,18.9,PAEDIATRICIAN
8ba04787-8100-4de7-8bdf-d7f7ee2fa28f,1cd05726-e3c2-4312-af30-0cf760a021ca,DR. PREM SHANKAR,REG_AD2IZXOZ,MBBS MD DM,7957769957,,5.1,PAEDIATRICIAN
a1eb2b3b-f72b-4182-bae3-493dd1d36bb8,1cd05726-e3c2-4312-af30-0cf760a021ca,DR. PREM SHANKAR,REG_TFYHGBTN,MBBS DNB,9407381196,,32.2,RADIOLOGIST
5f6e55f0-44d7-4ffd-8f98-1fa30a27aba5,1cd05726-e3c2-4312-af30-0cf760a021ca,DR. RADHA DEVI,REG_MRXY5O1T,MBBS MD,9890536380,,28.7,ANAESTHETIST
0daabf2d-f323-4b11-aa49-56d1aed4dd83,1cd05726-e3c2-4312-af30-0cf760a021ca,DR. RAJU YADAV,REG_IPO7UEUR,MBBS DA,7974296305,,7.0,PAEDIATRICIAN
784ac966-4b5c-4cd1-b5c5-5c44d6379823,b71f78c9-b54c-438c-b9a0-f45c943d6101,DR. LAXMI DEVI,REG_JY8GSSX4,MBBS MS MCh,7781545533,,30.6,GYNAECOLOGIST
535f6bf4-5f01-4357-9363-827fc58b2faa,b71f78c9-b54c-438c-b9a0-f45c943d6101,DR. SEEMA DEVI,REG_TVBM7UBT,MBBS DNB,9692334239,,34.7,PRIMARY_CLINICIAN
2c9adf90-0d94-491c-a084-7f91f7449df0,b71f78c9-b54c-438c-b9a0-f45c943d6101,DR. BABLU KUMAR,REG_BWIQK9MN,MBBS MD,7993884843,,25.2,PAEDIATRICIAN
25a3a201-789c-4c09-a8f3-32d10ed2c591,b71f78c9-b54c-438c-b9a0-f45c943d6101,DR. URMILA DEVI,REG_XU5URPG0,MBBS,9675559616,,30.8,ANAESTHETIST
272cd909-ed86-4c8c-be7e-1bc6439bfb72,b71f78c9-b54c-438c-b9a0-f45c943d6101,DR. SUMITRA DEVI,REG_0N9WEWK5,MBBS MD DM,7620169914,,2.5,ANAESTHETIST
f2d0f931-8ca1-491c-9fbf-ac15eb7a74bf,fcd30e45-1d96-4c5e-b614-657bd7d67c80,DR. RAVI SHANKAR,REG_F1XPS4SZ,MBBS DA,9765246412,,9.0,RADIOLOGIST
2e40d219-bd6c-457c-a686-f93653ca45f6,fcd30e45-1d96-4c5e-b614-657bd7d67c80,DR. SUSHIL KUMAR,REG_I68JZ7J6,MBBS MD,7940176536,,12.0,PAEDIATRICIAN
685eb1d3-35f8-4136-b05f-2e465afbedc7,fcd30e45-1d96-4c5e-b614-657bd7d67c80,DR. SUMITRA DEVI,REG_7W613L4U,MBBS MS,8079731202,,12.2,PAEDIATRICIAN
12f356c2-9e42-42e0-b045-b721ea836e63,fcd30e45-1d96-4c5e-b614-657bd7d67c80,DR. REKHA DEVI,REG_K7F6V1YD,MBBS MD,7839146024,,5.9,RADIOLOGIST
5cb710d2-7e10-49c7-a88e-1841864d4761,fcd30e45-1d96-4c5e-b614-657bd7d67c80,DR. USHA DEVI,REG_ZOCVQKR3,MBBS MS,8079368896,,29.2,GYNAECOLOGIST
1d02cb1a-93a8-4919-ad88-b57b572f6131,fcd30e45-1d96-4c5e-b614-657bd7d67c80,DR. ANITA DEVI,REG_I4XUD1RF,MBBS,7992257596,,34.9,GYNAECOLOGIST
9799a2b4-84ad-4eb8-b6dc-8d0cff72635c,fcd30e45-1d96-4c5e-b614-657bd7d67c80,DR. PAPPU YADAV GAUTAM,REG_NALRKGNN,MBBS MD,7711911120,,32.0,GYNAECOLOGIST
595a9296-60cf-437c-b7fb-fb91395ec1b3,66155c71-af84-45d5-8ea6-b73003e0abf3,DR. RAJESH KUMAR,REG_QCNENT5I,MBBS MS,7063960407,,18.6,GYNAECOLOGIST
c1199bcf-65d5-4357-9a2b-57d2a8e74ae4,66155c71-af84-45d5-8ea6-b73003e0abf3,DR. NIRMALA DEVI,REG_FX4YWY0L,MBBS,9543686403,,20.4,PRIMARY_CLINICIAN
f0152774-0dcc-44da-a01a-e501ec315d1b,66155c71-af84-45d5-8ea6-b73003e0abf3,DR. SHEELA DEVI,REG_UBH1SMJQ,MBBS MS,7650614286,,32.6,PRIMARY_CLINICIAN
956770a5-88a3-46ef-91ab-dffe95e3f827,66155c71-af84-45d5-8ea6-b73003e0abf3,DR. KIRAN DEVI,REG_STPJZ04Q,MBBS DA,7594758710,,14.4,ANAESTHETIST
3ce17709-5c81-4d1b-9649-c4b9941e964b,bd2ee2be-fb07-45fb-bd79-d20378c11117,DR. REENA DEVI,REG_J9ZOP4I4,MBBS MS,8159206142,,14.8,RADIOLOGIST
d61df164-f4d8-4a8d-92c4-0455965ac21b,bd2ee2be-fb07-45fb-bd79-d20378c11117,DR. SHEELA DEVI,REG_2SQSPNGN,MBBS DA,7738087589,,33.6,PAEDIATRICIAN
3287043b-afc0-49ce-9da8-fd99464d212e,bd2ee2be-fb07-45fb-bd79-d20378c11117,DR. SEEMA DEVI,REG_HI5R3UUT,MBBS,9870372300,,25.3,RADIOLOGIST
74b56997-515b-4284-a2e4-4c18dea0bf29,1cc6597e-1ba8-4ce3-9eff-d60c34bca131,DR. RANI DEVI,REG_88SKHM8K,MBBS MD,7515630242,,22.3,GYNAECOLOGIST
0b2ac4e6-4da8-447b-83a9-0cd205edc35f,1cc6597e-1ba8-4ce3-9eff-d60c34bca131,DR. KIRAN DEVI,REG_9SSMM2FN,MBBS,8188253587,,14.4,GYNAECOLOGIST
4ad9453c-1439-4a84-9551-e2eea145aa40,1cc6597e-1ba8-4ce3-9eff-d60c34bca131,DR. AMIT KUMAR KURMI,REG_BRJ0N5CE,MBBS MS,9484099737,,11.4,RADIOLOGIST
1f45599c-a37a-4945-b621-bb2e143ca387,1cc6597e-1ba8-4ce3-9eff-d60c34bca131,DR. KAMLA DEVI,REG_A83M05DE,MBBS,7789175062,,15.5,ANAESTHETIST
48210910-02a2-4818-8286-24b5aefa7a61,1cc6597e-1ba8-4ce3-9eff-d60c34bca131,DR. NIRMALA DEVI,REG_1JHYKW1W,MBBS,7787247147,,8.1,GYNAECOLOGIST
b641f6a0-2110-4aa5-9b02-225047f73ff7,ff474499-b2db-44f9-9d8b-a0f27e956680,DR. LAKHAN LAL,REG_NP5AYCGL,MBBS MD DM,7896318518,,18.6,RADIOLOGIST
f6f85dde-8478-4615-94e4-94e98610741f,ff474499-b2db-44f9-9d8b-a0f27e956680,DR. REENA DEVI,REG_HZL2GNNF,MBBS,9832660954,,9.5,RADIOLOGIST
53ea39a4-325a-4a77-9ed9-baf43724f9e9,ff474499-b2db-44f9-9d8b-a0f27e956680,DR. PREM SHANKAR,REG_IS5U2CF8,MBBS MS MCh,7513126855,,33.0,SURGEON
3227499a-01d1-42fb-8087-ac515277011d,ff474499-b2db-44f9-9d8b-a0f27e956680,DR. SHYAM LAL,REG_WV4BECXY,MBBS DA,8055209174,,3.6,ANAESTHETIST
722253e2-c193-47cb-be9c-5d7441796722,ff474499-b2db-44f9-9d8b-a0f27e956680,DR. PRADEEP KUMAR,REG_ZABO8S6I,MBBS,8177414888,,10.1,SURGEON
d3032efa-b5ae-4db8-99f5-229c8ba2593b,ff474499-b2db-44f9-9d8b-a0f27e956680,DR. SUNITA DEVI,REG_V2RTKUL0,MBBS,9518830525,,16.5,PRIMARY_CLINICIAN
16910456-60f8-4abd-a2c7-652aa7a1b960,ff474499-b2db-44f9-9d8b-a0f27e956680,DR. SANTOSHI DEVI,REG_AB3QBKD6,MBBS DNB,7910306716,,27.9,PRIMARY_CLINICIAN
ec91e46d-a569-4ec5-95ed-87de813a309e,ff474499-b2db-44f9-9d8b-a0f27e956680,DR. ANITA DEVI,REG_2N7ER2LU,MBBS,7841152892,,1.5,GYNAECOLOGIST
7aa14ce0-9f5e-42f0-a522-a55f2092dbc7,4ae42283-66a2-4f6d-a8c4-8d9859d08b81,DR. RAJESH KUMAR,REG_YL77P91T,MBBS,9671447083,,22.4,RADIOLOGIST
8bf22210-4bb2-4856-924f-c5c3d66997bf,4ae42283-66a2-4f6d-a8c4-8d9859d08b81,DR. PREM SHANKAR,REG_NXHGXN0B,MBBS MD,7699108810,,5.6,RADIOLOGIST
d9635ed9-bb28-45a1-b2b1-527c6327172c,f892830e-8560-4f93-8818-caf6dd5b284b,DR. NARESH KUMAR,REG_XID1Z90E,MBBS MD,8049312927,,2.5,PRIMARY_CLINICIAN
4ddeb690-3071-4980-bb8a-e04820044c20,f892830e-8560-4f93-8818-caf6dd5b284b,DR. PRIYA KUMARI,REG_MC0TMR2Y,MBBS MS,7792943730,,12.8,PAEDIATRICIAN
4ad05fc1-ce44-436b-86af-dbdc4333aa0d,f892830e-8560-4f93-8818-caf6dd5b284b,DR. MUKESH KUMAR,REG_FHT6XI4D,MBBS,9419820406,,10.5,ANAESTHETIST
09d857f8-4c70-4e03-a8f9-dc4dfedf2261,f892830e-8560-4f93-8818-caf6dd5b284b,DR. SHANTI DEVI,REG_MP9V4BKY,MBBS,9830881738,,16.7,SURGEON
9207c672-3730-4ddc-8da3-a01da7c4e360,f892830e-8560-4f93-8818-caf6dd5b284b,DR. SURESH KUMAR,REG_0GRL2N64,MBBS MS,7908140874,,27.8,RADIOLOGIST
81914a64-c40c-450e-ae6a-5004436431cc,97dcb20d-4eb6-47b6-93c4-8a4a779e0045,DR. SARASWATI DEVI,REG_DFBNHOXS,MBBS MD,9895902736,,28.9,GYNAECOLOGIST
0913e0b7-fdf5-411f-864f-ac5d03cb23bc,97dcb20d-4eb6-47b6-93c4-8a4a779e0045,DR. JAGDISH PRASAD,REG_M94Q1245,MBBS,8177761514,,22.4,SURGEON
1c5c2d0b-babd-41c2-8095-a44be9a93593,97dcb20d-4eb6-47b6-93c4-8a4a779e0045,DR. BRIJESH KUMAR,REG_TOGCGU5K,MBBS MS,9822383566,,12.0,GYNAECOLOGIST
37ac47cd-d9ad-4187-a945-22011093a4d4,97dcb20d-4eb6-47b6-93c4-8a4a779e0045,DR. RAJEEV KUMAR,REG_PJJE403U,MBBS DNB,7576722178,,12.6,PAEDIATRICIAN
a8d736e6-082b-48b8-8bb3-eabae63a0aaf,97dcb20d-4eb6-47b6-93c4-8a4a779e0045,DR. URMILA DEVI,REG_DJVD3W8U,MBBS,9694182380,,33.8,RADIOLOGIST
25d24586-ccb9-492f-bffb-2af0fc2c42f9,97dcb20d-4eb6-47b6-93c4-8a4a779e0045,DR. SHYAM LAL,REG_M456OPZL,MBBS MD,7518042947,,8.7,GYNAECOLOGIST
057e4787-95d9-4bd2-8f80-aff513ccb304,758e531b-0cc1-4015-aaf2-0bb889c7a16d,DR. REKHA DEVI,REG_OH3EWDYB,MBBS MS MCh,7936864801,,9.5,ANAESTHETIST
829f5da4-6cd0-4c3d-94f2-01536749ec55,758e531b-0cc1-4015-aaf2-0bb889c7a16d,DR. URMILA DEVI,REG_ACOUQXUG,MBBS DNB,7672937997,,6.6,SURGEON
352dc46d-a50e-4de0-bf7c-b3e655768ba0,758e531b-0cc1-4015-aaf2-0bb889c7a16d,DR. PHOOL KUMARI,REG_WUEU1EED,MBBS DA,9700612842,,14.2,PRIMARY_CLINICIAN
4c2177f8-05f3-4d16-89df-153beb5e2a76,758e531b-0cc1-4015-aaf2-0bb889c7a16d,DR. RAMU KAKA,REG_E7619YPM,MBBS MS,7637869742,,13.8,GYNAECOLOGIST
8234c296-e437-43d3-8724-9cf4263bffc8,758e531b-0cc1-4015-aaf2-0bb889c7a16d,DR. POONAM DEVI,REG_JKX2F35B,MBBS MD DM,9504161550,,13.3,PRIMARY_CLINICIAN
b2d5f669-d94b-43bc-bfca-213684f5357c,758e531b-0cc1-4015-aaf2-0bb889c7a16d,DR. SAVITRI DEVI,REG_VQ78RSL0,MBBS DNB,7990276510,,3.9,GYNAECOLOGIST
fe37ac9a-108e-4741-8ddf-f1413bd1da52,758e531b-0cc1-4015-aaf2-0bb889c7a16d,DR. SUMITRA DEVI,REG_C1JSSCKL,MBBS DNB,9678464553,,8.9,ANAESTHETIST
cebd6d93-6c17-4225-bf4f-affac4c737de,4c51929c-ecbc-4d9b-98a2-f85f2f88e7ea,DR. MUNNI DEVI,REG_8BWA58ZY,MBBS MS,7716250754,,26.0,RADIOLOGIST
4956de86-1762-44da-a4c7-f6786d7b2dc5,4c51929c-ecbc-4d9b-98a2-f85f2f88e7ea,DR. ANITA DEVI,REG_G5IVLVG7,MBBS MD DM,9732126902,,31.5,GYNAECOLOGIST
d875a1e4-79fe-41d3-abee-4d5bed4e2306,4c51929c-ecbc-4d9b-98a2-f85f2f88e7ea,DR. BABLU KUMAR JAISWAL,REG_T1LU2Y47,MBBS MS MCh,9899712944,,8.2,PAEDIATRICIAN
6d0bc6f0-650e-43ad-b4f9-0cbb57f4172e,7db8e352-3f79-4326-9bbd-942c6ae3210e,DR. RAKESH KUMAR,REG_4CBI4NOO,MBBS DNB,7645143518,,13.9,ANAESTHETIST
f0d64626-cbea-4973-b021-bb3c5610583f,7db8e352-3f79-4326-9bbd-942c6ae3210e,DR. KIRAN DEVI,REG_FFB1WLKO,MBBS MS,7580281116,,23.8,ANAESTHETIST
f1e83c30-ce17-4593-83a4-f8910dd30889,7db8e352-3f79-4326-9bbd-942c6ae3210e,DR. LAXMI DEVI,REG_6JGYN0RE,MBBS,7843531959,,6.2,SURGEON
513823b0-41fa-4670-9032-97728bb68b7e,7db8e352-3f79-4326-9bbd-942c6ae3210e,DR. HEMANT KUMAR,REG_QKBJS3BW,MBBS MS MCh,9744133676,,24.0,SURGEON
10793dc8-9dfa-4085-be87-6fbc79005700,7db8e352-3f79-4326-9bbd-942c6ae3210e,DR. SUMITRA DEVI,REG_Z2S1V339,MBBS MS MCh,9446507706,,12.5,ANAESTHETIST
e416933a-a38c-44d2-914c-70e6c041c9e5,7db8e352-3f79-4326-9bbd-942c6ae3210e,DR. CHAMELI DEVI,REG_4IVAPA9E,MBBS MS,7761230664,,24.6,PRIMARY_CLINICIAN
a6206181-de81-4967-b512-b5d2d8ce1a5c,7db8e352-3f79-4326-9bbd-942c6ae3210e,DR. GULABO DEVI,REG_3RIBWK24,MBBS MS MCh,7795219057,,30.2,PAEDIATRICIAN
8ea79cce-d2f9-4c8c-a35b-305448ea2e04,7db8e352-3f79-4326-9bbd-942c6ae3210e,DR. PREM SHANKAR,REG_6JNDCVAA,MBBS MD DM,9536547177,,17.3,RADIOLOGIST
e73ad7c2-9064-42b0-9ec0-9a1a8986d8f1,8d104833-7669-4afb-adb6-cbdb1c33700d,DR. SUNITA DEVI,REG_ZQXZY4EP,MBBS,7053644024,,12.1,SURGEON
393627ca-e666-4c03-b867-c3d623aa453e,8d104833-7669-4afb-adb6-cbdb1c33700d,DR. MUNNI DEVI,REG_LJLTG4PS,MBBS DA,9790344050,,28.6,RADIOLOGIST
ebffe979-7d33-461c-95b4-a8d01dd51847,692657c3-3813-422c-bb78-b387a75b029b,DR. PHOOL KUMARI,REG_QTI3F45H,MBBS MS MCh,9570940583,,32.8,PRIMARY_CLINICIAN
3af88272-2abc-4937-bd16-d78493a845a8,692657c3-3813-422c-bb78-b387a75b029b,DR. RAM PRASAD KORI,REG_BET433CP,MBBS DNB,9429682526,,14.4,RADIOLOGIST
d1b7cd38-2865-4fcd-95e2-7f20edc3c029,692657c3-3813-422c-bb78-b387a75b029b,DR. SAVITRI DEVI,REG_RUE7XDO5,MBBS DA,7894269795,,4.4,PRIMARY_CLINICIAN
2780d551-d784-43b7-a1ce-2fadba8669ca,692657c3-3813-422c-bb78-b387a75b029b,DR. GUDDU KUMAR TIWARI,REG_LT5DW8XU,MBBS DNB,8047144404,,14.3,GYNAECOLOGIST
325b01fb-0087-4f3d-9960-2fafa2ce9ac4,692657c3-3813-422c-bb78-b387a75b029b,DR. MUNNI DEVI,REG_ONYXZSB1,MBBS,7011734978,,16.0,ANAESTHETIST
d281c3aa-cb9c-4e46-bcc5-b69b64fd7a9d,692657c3-3813-422c-bb78-b387a75b029b,DR. RAM PRASAD,REG_VG7C3JK6,MBBS,9482437543,,13.8,RADIOLOGIST
73f523bf-8206-4b46-8b07-052b31312597,e1d4116b-e654-48fa-b52e-b09f62dc0e81,DR. ASHOK KUMAR,REG_QLYWAJJY,MBBS DA,9556700286,,24.2,SURGEON
25abc7e1-7ad8-4a4f-a5e0-0fda881c8608,e1d4116b-e654-48fa-b52e-b09f62dc0e81,DR. BRIJESH KUMAR MAURYA,REG_UNHM33DH,MBBS MS,9438454080,,24.2,ANAESTHETIST
8848c475-e044-445e-950e-534cbc9f36e3,e1d4116b-e654-48fa-b52e-b09f62dc0e81,DR. SUSHIL KUMAR,REG_3PE31QVM,MBBS DA,9899095105,,20.2,GYNAECOLOGIST
90aaba95-ba36-4bff-8a7d-e231a4505247,e1d4116b-e654-48fa-b52e-b09f62dc0e81,DR. MANOJ KUMAR KORI,REG_CJ3B5DVZ,MBBS MS MCh,9436678691,,9.6,RADIOLOGIST
eea1133a-f4e6-4455-9c7a-e3c797511f11,e1d4116b-e654-48fa-b52e-b09f62dc0e81,DR. SAVITRI DEVI,REG_CFTF1VV5,MBBS MS MCh,9483900065,,23.7,RADIOLOGIST
a77e6b32-4ab9-466e-bd04-31d14f2199cd,e1d4116b-e654-48fa-b52e-b09f62dc0e81,DR. DEEPAK KUMAR KORI,REG_7VT55OOC,MBBS DA,7532646213,,25.6,RADIOLOGIST
1dd4f8b0-1402-43e2-a7f3-f92fcdde3c5a,e1d4116b-e654-48fa-b52e-b09f62dc0e81,DR. LAXMI DEVI,REG_PX0GX0II,MBBS DNB,7706399008,,22.7,PAEDIATRICIAN
59b3619e-8d10-42a3-973d-f49aa76fcf8c,ccbff8d8-f02d-426d-a04e-afd0603f7dfc,DR. REENA DEVI,REG_BODK3PEN,MBBS MS,7776525760,,19.8,PRIMARY_CLINICIAN
ff961691-03e4-440a-a9ed-41f4f9ed8a5c,ccbff8d8-f02d-426d-a04e-afd0603f7dfc,DR. RAMU KAKA,REG_C2G5NV7S,MBBS MS MCh,9475255684,,2.7,PRIMARY_CLINICIAN
da687ab9-b384-4b27-b645-d0d82097f993,ccbff8d8-f02d-426d-a04e-afd0603f7dfc,DR. SUSHIL KUMAR,REG_S3WP2K38,MBBS MS MCh,7514220380,,3.7,SURGEON
94bd99ab-b766-4bd0-a0b9-dda6639563e7,ccbff8d8-f02d-426d-a04e-afd0603f7dfc,DR. KIRAN DEVI,REG_L84DXJXG,MBBS MD,8022575296,,23.3,GYNAECOLOGIST
69e03147-373b-462c-9f09-b9e3c528fc88,ccbff8d8-f02d-426d-a04e-afd0603f7dfc,DR. MUNNI DEVI,REG_8C7KCO15,MBBS MS MCh,9714030409,,18.4,ANAESTHETIST
c423ad54-4510-4f1e-8843-76550a7e0647,ccbff8d8-f02d-426d-a04e-afd0603f7dfc,DR. RAJEEV KUMAR,REG_GUHXCFZQ,MBBS MS,9694746688,,1.0,ANAESTHETIST
87a25c09-1798-43f8-b37b-e1de227d141c,80effd9c-cf91-4862-8951-24df3b811a6d,DR. SAROJ DEVI,REG_8Q7ZGDFH,MBBS DNB,9467416908,,6.1,RADIOLOGIST
258ac13a-12ce-463d-be13-eea172f3a527,80effd9c-cf91-4862-8951-24df3b811a6d,DR. URMILA DEVI,REG_MG4T1RIK,MBBS,7705715451,,25.5,GYNAECOLOGIST
f4258053-4c77-4143-9b3e-11164f57e5fe,80effd9c-cf91-4862-8951-24df3b811a6d,DR. DINESH KUMAR SHUKLA,REG_1WGQMQB9,MBBS MS,9771279727,,22.5,PAEDIATRICIAN
d2ad8779-a718-471a-93be-65f8ff5881d2,80effd9c-cf91-4862-8951-24df3b811a6d,DR. SHANTI DEVI,REG_3BVR0ETN,MBBS MS MCh,9423822086,,24.6,ANAESTHETIST
16859e88-d2f6-484f-91e5-9b8da60bf6dc,80effd9c-cf91-4862-8951-24df3b811a6d,DR. MANJU DEVI,REG_WHFXPW0Q,MBBS MD,7853701249,,4.4,RADIOLOGIST
1e47deee-8c21-4b27-8ceb-3798de6f16ca,80effd9c-cf91-4862-8951-24df3b811a6d,DR. SANJAY KUMAR,REG_5OJ9JB54,MBBS,9669913098,,10.7,PRIMARY_CLINICIAN
3896149c-dd41-4d5e-8edd-95634a4d4d0f,80effd9c-cf91-4862-8951-24df3b811a6d,DR. BRIJESH KUMAR,REG_6420QPK8,MBBS MD DM,7726782917,,5.9,PRIMARY_CLINICIAN
16386765-0478-4033-9740-3e153053c299,80effd9c-cf91-4862-8951-24df3b811a6d,DR. VIVEK KUMAR,REG_REVTSYMW,MBBS MS MCh,8010711277,,28.6,SURGEON
003fb2ce-432c-43d1-9653-7a3fbd20194b,9d17a940-6381-4800-aeb5-06b692d8cfc4,DR. RANI DEVI,REG_BM8AW6HA,MBBS DA,9431695480,,32.3,ANAESTHETIST
dc77bcae-98a3-4671-b7d1-9c5ad3554fae,9d17a940-6381-4800-aeb5-06b692d8cfc4,DR. SUSHILA DEVI,REG_QVNZH921,MBBS MS,9707517671,,22.5,GYNAECOLOGIST
5c2aece7-9419-459a-9f89-9b6a4715e465,9d17a940-6381-4800-aeb5-06b692d8cfc4,DR. VIRENDRA SINGH,REG_S6Y702CY,MBBS,7780003245,,29.2,GYNAECOLOGIST
a0d31e0b-7a5f-4d31-a95c-b54d34aa185f,9d17a940-6381-4800-aeb5-06b692d8cfc4,DR. SAROJ DEVI,REG_X6XIUET6,MBBS DA,7646180589,,29.8,SURGEON
01f23389-1362-4d97-b289-6307a4816eb7,9d17a940-6381-4800-aeb5-06b692d8cfc4,DR. RAJU YADAV,REG_B8M6EE6H,MBBS,9841726556,,2.5,SURGEON
dee2f5a2-e16b-4c79-877d-8f1a82edb640,9d17a940-6381-4800-aeb5-06b692d8cfc4,DR. SANTOSHI DEVI,REG_O1NF6QS5,MBBS MS,7615107174,,2.6,PAEDIATRICIAN
5c21f46d-b5bd-414b-9d6b-9168fb31c7a3,9d17a940-6381-4800-aeb5-06b692d8cfc4,DR. KUSUM DEVI,REG_DQ5EEUTE,MBBS DNB,9814148709,,6.0,ANAESTHETIST
873ef461-2603-40ea-b556-59f20e922383,778f9df5-9d72-4e82-a40e-e8a6175ce696,DR. RAMU KAKA YADAV,REG_4MI1XF5X,MBBS MD DM,8145383727,,5.0,SURGEON
70a19373-9c9d-41c2-a661-7b1cb601c8b8,778f9df5-9d72-4e82-a40e-e8a6175ce696,DR. MUNNI DEVI,REG_6W0L0ARB,MBBS DNB,9563268520,,11.8,ANAESTHETIST
b411c79d-37fc-4151-8d7c-87304b333a93,841f2477-39c6-4da5-9c5b-351c6e8b3328,DR. SUNITA DEVI,REG_BP56CQ7A,MBBS DA,7721751399,,27.3,PAEDIATRICIAN
1c4a2fba-2933-47ab-adb2-45fcc50f86dd,841f2477-39c6-4da5-9c5b-351c6e8b3328,DR. POONAM DEVI,REG_F7IZ2GXX,MBBS MS,9584954895,,30.5,SURGEON
23693472-5cfe-43ab-b1cb-ba94761bdec3,841f2477-39c6-4da5-9c5b-351c6e8b3328,DR. POONAM DEVI,REG_I9230IU7,MBBS MD DM,7566316707,,8.9,PRIMARY_CLINICIAN
307cac5a-cea2-423b-b8f2-55757cac17c9,06c42dfc-acb0-4df4-9dcf-1636649e604c,DR. KALAWATI DEVI,REG_JC8P6Q7T,MBBS MS,7813261515,,26.1,SURGEON
3e8e665d-5430-4e3b-ac86-41ab7a1a71f3,06c42dfc-acb0-4df4-9dcf-1636649e604c,DR. PHOOL KUMARI,REG_NH9YZ6MW,MBBS MD,9491175478,,14.2,GYNAECOLOGIST
91e2ecae-f939-4f74-935b-9e39fa23573d,06c42dfc-acb0-4df4-9dcf-1636649e604c,DR. REKHA DEVI,REG_1VM6CH1S,MBBS MS,7565872345,,26.5,PRIMARY_CLINICIAN
770da111-65ad-477e-8a3c-1bd5bb545f9f,06c42dfc-acb0-4df4-9dcf-1636649e604c,DR. MUNNI DEVI,REG_AGHC8KYQ,MBBS,7795359721,,22.9,PRIMARY_CLINICIAN
833a6819-510f-4865-ad14-49c03c2a2c29,8a08772e-88df-4961-bee3-259ec79e1670,DR. VIVEK KUMAR JAISWAL,REG_BWS5U40L,MBBS DA,7915729365,,4.7,SURGEON
669a9a29-456d-4c55-bb1b-7c97c59c53bc,8a08772e-88df-4961-bee3-259ec79e1670,DR. RANI DEVI,REG_2Z49QASQ,MBBS DNB,8058216867,,20.3,GYNAECOLOGIST
706267c9-7d04-4a1d-be13-083f4dc3ad19,8a08772e-88df-4961-bee3-259ec79e1670,DR. LEELA DEVI,REG_94LI9I5P,MBBS MS,7757629293,,7.8,GYNAECOLOGIST
c1003fdf-c78f-4f88-8a29-d9ce53f6d1dc,8a08772e-88df-4961-bee3-259ec79e1670,DR. MUKESH KUMAR LODHI,REG_X6CJ19X2,MBBS MS MCh,7074974800,,16.4,SURGEON
db060e78-9973-4f0e-abff-57aaefbf5c59,8a08772e-88df-4961-bee3-259ec79e1670,DR. DINESH KUMAR,REG_799ML4LX,MBBS MS MCh,9617839797,,3.3,PRIMARY_CLINICIAN
2b76c27b-e7da-4d38-a2b6-bb7a65e92d50,8a08772e-88df-4961-bee3-259ec79e1670,DR. KUSUM DEVI,REG_PBDNXLKA,MBBS MD DM,9588213476,,5.6,ANAESTHETIST
