hospital_specialty_id,hospital_id,specialty_code,specialty_name,admissions_prev_fy,admissions_before_last_year
42ed4d41-6a66-4092-bc64-3c42dfc0650d,79212271-c452-4987-990b-2917f610086b,BURNS,Burns & Plastic Surgery,1232,604
440f95b0-a7c5-4de0-b1ae-d5bd41f96997,79212271-c452-4987-990b-2917f610086b,ENT,ENT,548,1327
4d78e57e-f0c9-42c3-ba54-12f1a39a9409,79212271-c452-4987-990b-2917f610086b,OPTH,Ophthalmology,440,140
604c18b3-8596-495d-955e-010d61b90acf,79212271-c452-4987-990b-2917f610086b,ORTH,Orthopaedics,470,620
a5741b22-9f63-4b79-88c8-277d76f1e39b,79212271-c452-4987-990b-2917f610086b,CARD,Cardiology,90,1553
b45511aa-ebf1-405f-992a-f127cdbce079,784ebc03-77b5-47d2-b590-bd52a5bb47d0,OPTH,Ophthalmology,1176,780
3a397edc-d9ac-4a7c-8572-9c29564c77b1,784ebc03-77b5-47d2-b590-bd52a5bb47d0,ORTH,Orthopaedics,1528,983
6b7d767a-318e-4c88-bd41-0fee9335f485,1561406f-edb3-4119-8917-d1a9f26b1447,OBG,Obstetrics & Gynaecology,1713,1465
fd5f51e7-394f-40e2-91b2-c2d43ca88703,1561406f-edb3-4119-8917-d1a9f26b1447,ORTH,Orthopaedics,1450,255
ebaa85d7-239e-47d0-9221-d48dd586c777,1561406f-edb3-4119-8917-d1a9f26b1447,PEDS,Paediatrics,971,1453
79bf6cf2-9d05-4e23-bf00-4ad8602101e8,f9a0b9af-663b-4b2c-b4a9-a8a56b99a8dd,MED,General Medicine,1315,212
b83efb03-8fef-436f-8787-aabb81d709dc,f9a0b9af-663b-4b2c-b4a9-a8a56b99a8dd,ENT,ENT,1207,1058
4b8ba813-5d52-4c7f-8007-69a93c2c3504,f9a0b9af-663b-4b2c-b4a9-a8a56b99a8dd,DERM,Dermatology,229,1322
2c9fb36a-700b-4aef-bdff-4a07485552d4,f9a0b9af-663b-4b2c-b4a9-a8a56b99a8dd,GS,General Surgery,602,1101
f570f254-8f74-4d69-a680-b72e878bf3dc,f9a0b9af-663b-4b2c-b4a9-a8a56b99a8dd,BURNS,Burns & Plastic Surgery,1779,1384
69b4a8c2-9f3d-41ca-a7f2-a8c4f80f0626,18aab093-844f-4b2b-81f0-34c936832cd4,ENT,ENT,1926,201
f5f3f6ca-5830-4e06-8c35-842f57be990d,18aab093-844f-4b2b-81f0-34c936832cd4,OBG,Obstetrics & Gynaecology,160,1746
5c790611-2281-48b2-b801-bdafa5d792f6,18aab093-844f-4b2b-81f0-34c936832cd4,MED,General Medicine,625,1475
fa726f9b-64f2-4f56-98cb-5a9bdc847b80,18aab093-844f-4b2b-81f0-34c936832cd4,OPTH,Ophthalmology,996,1092
72d386a8-ead0-40ba-8970-836f2d2412de,6c68ced4-7801-48b9-9fd7-16063376ad14,PEDS,Paediatrics,1000,1009
e451fb47-1120-4cdf-ad33-66c1d4f33c5d,6c68ced4-7801-48b9-9fd7-16063376ad14,ORTH,Orthopaedics,1733,1592
1ff90091-7673-445b-b0a4-be371e50455c,6c68ced4-7801-48b9-9fd7-16063376ad14,BURNS,Burns & Plastic Surgery,245,457
d0a09189-8cea-41a9-83cd-dec7d5c9eee8,6c68ced4-7801-48b9-9fd7-16063376ad14,OBG,Obstetrics & Gynaecology,1603,290
6459f27a-496a-4383-98e6-54153b8d1a2c,6c68ced4-7801-48b9-9fd7-16063376ad14,NEURO,Neurology,479,684
3be17199-f27f-4e2e-aa3a-e18af4cf1e43,bc446fea-52b0-42fa-8703-a4ee5a3a5a90,PEDS,Paediatrics,294,1676
0e6b17fc-e401-4573-91be-305e85df65c8,bc446fea-52b0-42fa-8703-a4ee5a3a5a90,OBG,Obstetrics & Gynaecology,609,1290
5d6965d6-a8a9-40c2-9ef3-e2fb6925c124,bc446fea-52b0-42fa-8703-a4ee5a3a5a90,DERM,Dermatology,571,551
d3bce783-8043-4e7c-a66a-be8884230d90,bc446fea-52b0-42fa-8703-a4ee5a3a5a90,GS,General Surgery,922,1699
4ffb5d05-3225-43d2-8124-765e28d65890,bc446fea-52b0-42fa-8703-a4ee5a3a5a90,ONCO,Oncology,1234,347
bac07977-6724-4c63-9e67-e5fda896b231,59a8efba-d5b6-4d65-a2f6-361f9965cae3,CARD,Cardiology,601,984
31ba185c-85b8-476b-83ec-cdf26e5e6a5b,59a8efba-d5b6-4d65-a2f6-361f9965cae3,GS,General Surgery,1388,1000
a0078972-b768-4556-a7bd-e0ed76c5e44b,59a8efba-d5b6-4d65-a2f6-361f9965cae3,MED,General Medicine,149,1116
1742b860-0b6e-4818-9634-138a6b756119,59a8efba-d5b6-4d65-a2f6-361f9965cae3,NEURO,Neurology,1960,622
2e6a09f0-39ce-447e-82ed-de36a16b9457,59a8efba-d5b6-4d65-a2f6-361f9965cae3,ORTH,Orthopaedics,663,701
2f88f0ac-b9a9-4aa6-806a-89837f9e52ca,59a8efba-d5b6-4d65-a2f6-361f9965cae3,NEPHRO,Nephrology,1986,177
2b261fc6-dec2-4cd9-8554-3eea334817fd,50f6ceec-8460-4167-8d6b-3b199d81525e,PSYCH,Psychiatry,963,1225
17390ee5-42d3-4a41-86f8-bd311c5a53c5,50f6ceec-8460-4167-8d6b-3b199d81525e,ENT,ENT,899,1222
12e009c6-17af-47dd-b129-c389265bbddb,50f6ceec-8460-4167-8d6b-3b199d81525e,ORTH,Orthopaedics,1499,1595
8d7dce7b-6663-44e1-908e-96601b29a720,50f6ceec-8460-4167-8d6b-3b199d81525e,OPTH,Ophthalmology,1700,459
0ebfcc6d-532d-41d5-be69-b65aa5d81fae,87b65ca7-bf10-41ed-8229-7524f6b3a30d,URO,Urology,1757,664
93600604-f73a-41a8-8e83-f3a4bb825863,87b65ca7-bf10-41ed-8229-7524f6b3a30d,CARD,Cardiology,1216,1097
07b54949-2635-4ee7-aad7-054aed7d1bf9,87b65ca7-bf10-41ed-8229-7524f6b3a30d,OBG,Obstetrics & Gynaecology,1183,1112
ed0284a7-b411-4ce3-94be-8a69452abe6a,d31b4920-2059-47f5-83ab-ae5df3b24e6b,GS,General Surgery,418,681
c4ae6fbd-55fc-4421-9abc-8e09a39b5733,d31b4920-2059-47f5-83ab-ae5df3b24e6b,ORTH,Orthopaedics,1553,582
38db0dec-59ba-4195-a4ad-546116d595c0,d31b4920-2059-47f5-83ab-ae5df3b24e6b,MED,General Medicine,729,819
c5e7ce48-5187-4c52-8097-1992a549513a,2621e5d6-3fdd-4caa-b8a8-df10690bbe49,OBG,Obstetrics & Gynaecology,161,1182
11d9ba5a-385e-4630-b1d0-0029936469d3,2621e5d6-3fdd-4caa-b8a8-df10690bbe49,URO,Urology,444,213
b7621d4f-04aa-4273-a163-309efc609dd9,2621e5d6-3fdd-4caa-b8a8-df10690bbe49,ORTH,Orthopaedics,682,355
3cefbf7e-a6b0-4c92-9e6e-385ce2a43068,2621e5d6-3fdd-4caa-b8a8-df10690bbe49,OPTH,Ophthalmology,129,734
01a38212-9a52-408c-9b2b-7d13a4237078,95f235be-b1f5-44dd-bd72-e4ff493eed15,DERM,Dermatology,513,1292
5cf3dacf-adb3-4e1c-9924-093c439cacc6,95f235be-b1f5-44dd-bd72-e4ff493eed15,OPTH,Ophthalmology,206,1600
2bdeb1b4-169d-4a33-804c-25df575a1c82,95f235be-b1f5-44dd-bd72-e4ff493eed15,GS,General Surgery,1315,1139
4d1707b0-a92a-4588-b788-ff2edf241fc8,95f235be-b1f5-44dd-bd72-e4ff493eed15,ENT,ENT,1824,561
642ea8a0-8b83-469c-a340-d15d565c0f9c,95f235be-b1f5-44dd-bd72-e4ff493eed15,URO,Urology,601,1569
8f633d95-0360-4db9-bd82-5f92361fde93,24267565-7dcb-4f3b-b6cd-1c0f075379c0,OBG,Obstetrics & Gynaecology,814,100
87b8fecc-51e2-4aa7-a4d9-348a6f9cb600,c278f54d-0390-47b6-bda2-b51aec673c31,OPTH,Ophthalmology,826,86
49190fd7-4213-47df-9a41-92775a7e2844,c278f54d-0390-47b6-bda2-b51aec673c31,GS,General Surgery,1116,1329
e57dce9e-4989-4a51-b73f-3744b19b238c,e7843a89-5bc2-4ede-aeb9-fd6e59d9481b,CARD,Cardiology,217,574
4fd589cb-4e29-4efa-bfd3-ecd37d9a0827,e7843a89-5bc2-4ede-aeb9-fd6e59d9481b,PSYCH,Psychiatry,1773,710
0139aa88-f01d-409e-b1b7-ad4c0c64f753,9878f087-5008-4e9a-91db-118ffc6d2f1e,GS,General Surgery,666,1626
e9b68bcb-3a6b-46eb-ac91-61b988783a52,9878f087-5008-4e9a-91db-118ffc6d2f1e,MED,General Medicine,1242,443
0ba3b3ba-4d05-4531-9e53-adaf36eb97ec,9878f087-5008-4e9a-91db-118ffc6d2f1e,ENT,ENT,1979,199
81f6423c-36b2-4ca0-af75-477bc597314a,485db366-f036-4f19-ad67-c51b84a49903,OBG,Obstetrics & Gynaecology,1993,650
1745a2f8-4fde-46db-a92c-dbab93e00339,485db366-f036-4f19-ad67-c51b84a49903,MED,General Medicine,1565,1254
6393d079-bdba-4f70-9875-8dc2bea209e6,973c72b6-a78b-45a8-b525-868353af84ea,OBG,Obstetrics & Gynaecology,1783,1528
eb00abd1-820c-4c9b-8082-029c094cce66,973c72b6-a78b-45a8-b525-868353af84ea,MED,General Medicine,1130,475
ff61eef3-6156-4a33-b655-c16b04e82cae,973c72b6-a78b-45a8-b525-868353af84ea,OPTH,Ophthalmology,461,98
67356432-5534-4ad9-b526-b11c644bcd27,058fe129-afd7-4499-9973-cdcad110e8a3,ONCO,Oncology,628,671
fac2c398-4b8c-4e1c-a6f9-2864f950dc52,058fe129-afd7-4499-9973-cdcad110e8a3,GS,General Surgery,1601,799
3c4fb314-6223-4f00-a99d-457e3a1cedef,7517a147-10ac-4547-a6e5-398e0aec8db6,OBG,Obstetrics & Gynaecology,345,577
f2f0768c-4add-4a49-8adb-083c510f4b2f,7517a147-10ac-4547-a6e5-398e0aec8db6,OPTH,Ophthalmology,1942,1219
3dfc0daa-4571-452b-921f-0b664f284493,7517a147-10ac-4547-a6e5-398e0aec8db6,CARD,Cardiology,642,279
c19a4f8d-b710-49d8-9fce-2f5ddc70c1ce,7517a147-10ac-4547-a6e5-398e0aec8db6,ORTH,Orthopaedics,1670,161
638df95f-9e1a-415a-b020-6a2a07a89564,be9655cd-9695-463d-a93c-4ee77f4c34e6,OBG,Obstetrics & Gynaecology,1880,424
8238e5e9-b100-4c36-819f-d0773b2a19a9,be9655cd-9695-463d-a93c-4ee77f4c34e6,OPTH,Ophthalmology,160,1256
25c3e98d-36b4-4582-8fff-7489ada7c642,be9655cd-9695-463d-a93c-4ee77f4c34e6,PEDS,Paediatrics,299,283
1c957381-5da3-4b1f-8da4-6a2e1f8276b0,be9655cd-9695-463d-a93c-4ee77f4c34e6,GS,General Surgery,561,1114
50f7be13-cae3-4ac6-ac6d-9af24961ba5d,91f99c76-03d3-4e2a-82f0-e10b815f00b9,OPTH,Ophthalmology,1562,941
ebfa3865-78bf-4b20-8280-95ff1db6121b,91f99c76-03d3-4e2a-82f0-e10b815f00b9,CARD,Cardiology,1480,1735
1d22ad37-b8cc-4c08-886d-b89a0f9f2370,20439481-0474-4d67-b71e-4556ab11eec7,MED,General Medicine,1703,1573
56f46fa4-f51d-4cd5-bfbc-a2802ed27e94,20439481-0474-4d67-b71e-4556ab11eec7,PEDS,Paediatrics,1972,1072
958c2553-2a39-4c31-9196-adae39aabc53,20439481-0474-4d67-b71e-4556ab11eec7,NEURO,Neurology,1180,630
b2b771f4-d4fd-4277-801c-133fc25e07a8,20439481-0474-4d67-b71e-4556ab11eec7,CARD,Cardiology,692,905
e76d06b9-5209-424c-be68-2d818ab90afc,f42e3415-07e8-4f42-8fde-494bab346766,MED,General Medicine,265,103
3d16b9b4-13c1-4de9-bdcf-0c507ba6b550,f42e3415-07e8-4f42-8fde-494bab346766,OBG,Obstetrics & Gynaecology,1316,1514
d26a941e-ca4f-4180-805a-cf9d26a10818,f42e3415-07e8-4f42-8fde-494bab346766,URO,Urology,1969,960
88742118-4d3f-4bde-a863-c9af4d2484a9,f42e3415-07e8-4f42-8fde-494bab346766,ORTH,Orthopaedics,80,1510
bbfa2ca2-d7c8-4043-93d9-f80fa88159e8,f42e3415-07e8-4f42-8fde-494bab346766,OPTH,Ophthalmology,158,1135
9e39efc4-1847-4104-b914-09f907387976,824bb4d8-1753-491b-b8c1-0e2edc738286,OBG,Obstetrics & Gynaecology,1802,860
5fc9d965-b63e-4c74-83ed-bca574333f60,824bb4d8-1753-491b-b8c1-0e2edc738286,ORTH,Orthopaedics,472,134
4f0ea9dc-d655-4bae-a8d9-0dba997fcf86,824bb4d8-1753-491b-b8c1-0e2edc738286,OPTH,Ophthalmology,844,397
c0c1d2af-9497-4b3e-8f04-7d3e5846220d,824bb4d8-1753-491b-b8c1-0e2edc738286,CARD,Cardiology,603,282
fdda1382-b3f8-48af-bc17-cd92e86c7381,f9cf7cc9-66f4-4e4d-9eb2-c42e95a2cf4d,ORTH,Orthopaedics,1434,176
79e5dcf3-c9c1-4886-840a-b3045774cc28,f9cf7cc9-66f4-4e4d-9eb2-c42e95a2cf4d,PSYCH,Psychiatry,1427,443
9cd68b64-8a86-472e-b5be-b5bd9f44ac09,f9cf7cc9-66f4-4e4d-9eb2-c42e95a2cf4d,CARD,Cardiology,593,635
35d6c75c-1319-4a68-9dd6-b9150c93c3b8,f9cf7cc9-66f4-4e4d-9eb2-c42e95a2cf4d,GS,General Surgery,1152,1731
f78581b5-c724-4789-ae3f-a66f70f24e61,f9cf7cc9-66f4-4e4d-9eb2-c42e95a2cf4d,MED,General Medicine,1020,163
bcbe48f7-7c43-435b-aef6-b439b6df0971,a4af1771-116a-403f-976a-2598d16ab6d5,CARD,Cardiology,1901,924
b89612d7-798b-4b88-a507-04fbff70d568,a4af1771-116a-403f-976a-2598d16ab6d5,BURNS,Burns & Plastic Surgery,1551,720
69a4b47c-2a2a-4ed8-91b0-e77830e6da22,a4af1771-116a-403f-976a-2598d16ab6d5,GS,General Surgery,1282,1493
95287427-3f4b-45e3-91a9-daec6a5f7237,a4af1771-116a-403f-976a-2598d16ab6d5,OBG,Obstetrics & Gynaecology,952,1105
e8364b79-121c-4aeb-911a-7fea2e9ca32a,a4af1771-116a-403f-976a-2598d16ab6d5,MED,General Medicine,1066,856
047f0d0b-ed02-46d2-917b-dbde9a26c708,a4af1771-116a-403f-976a-2598d16ab6d5,NEURO,Neurology,1396,1420
ee66eed2-4907-445a-969f-fe3b631c7ffe,383efd30-cbe2-4006-a0d0-f5e8d18e4a7e,OBG,Obstetrics & Gynaecology,1491,534
9b469786-bad9-455f-8c64-777120e023a7,beab9dec-94ad-4cb1-95ca-dde775efb204,GS,General Surgery,1326,1182
74c525d4-6f93-40fe-8d6f-78ab81552129,beab9dec-94ad-4cb1-95ca-dde775efb204,MED,General Medicine,1980,1429
c2341286-f098-4fa8-917a-a8f16a5479bd,beab9dec-94ad-4cb1-95ca-dde775efb204,OBG,Obstetrics & Gynaecology,528,1429
bb6cf909-1654-4abe-82dc-b78d08512db0,beab9dec-94ad-4cb1-95ca-dde775efb204,PEDS,Paediatrics,1108,326
8bb410c7-8ef3-4b94-978c-b2ad7c8d85ff,7edeb341-4f12-4e75-b43e-a189b9d38f28,OBG,Obstetrics & Gynaecology,1425,1659
5cb1e690-4878-458c-b4ff-548fb182868b,7edeb341-4f12-4e75-b43e-a189b9d38f28,DERM,Dermatology,338,469
2dc9577d-8bc4-46a4-b35b-992a5c047376,7edeb341-4f12-4e75-b43e-a189b9d38f28,MED,General Medicine,541,638
85d0b281-6094-44ec-9983-0a37851e094e,7edeb341-4f12-4e75-b43e-a189b9d38f28,OPTH,Ophthalmology,1274,901
b1792ba6-1b42-4184-9999-e162fd1d089d,7edeb341-4f12-4e75-b43e-a189b9d38f28,NEURO,Neurology,173,660
c07b3f43-6353-4ccf-b0c1-b44d88a3d08c,cbbb28b2-f37d-43a6-a2a5-fc6e95c2e9df,MED,General Medicine,784,1712
09b40140-84af-4265-a0d1-8b7513e9d3cc,cbbb28b2-f37d-43a6-a2a5-fc6e95c2e9df,OPTH,Ophthalmology,1089,1501
2549716e-2437-435a-a5d5-79bff46e8752,cbbb28b2-f37d-43a6-a2a5-fc6e95c2e9df,URO,Urology,1759,346
339ab93d-5b60-4b0f-89fd-f329c53f6384,cbbb28b2-f37d-43a6-a2a5-fc6e95c2e9df,ORTH,Orthopaedics,1178,944
dcbaa2e5-442a-4dd7-b29a-9b96eff95895,cbbb28b2-f37d-43a6-a2a5-fc6e95c2e9df,OBG,Obstetrics & Gynaecology,1573,974
ee354349-fac6-4c7a-a37b-87a78798df7a,6370ad26-6d44-4337-9ee9-dd0dc9f87a18,GS,General Surgery,498,531
dd08721c-22c1-4091-9bd3-30731cf30eda,6370ad26-6d44-4337-9ee9-dd0dc9f87a18,MED,General Medicine,1683,542
6679fd10-9c70-4ec5-96b7-9473a92a6451,d99ed17c-5b07-41ee-926d-ee4d1a0db132,CARD,Cardiology,897,1570
b993388d-d185-488b-bbc3-dc461d3deae3,d99ed17c-5b07-41ee-926d-ee4d1a0db132,OBG,Obstetrics & Gynaecology,440,644
3d10c3e5-2300-43f7-8467-de54ff3f76aa,d99ed17c-5b07-41ee-926d-ee4d1a0db132,MED,General Medicine,754,1261
2553160f-7f63-4d18-9736-48bea339b0b0,d99ed17c-5b07-41ee-926d-ee4d1a0db132,OPTH,Ophthalmology,805,1563
e27760ee-5142-4390-90a1-c1a015eb0a0f,b3131489-f06b-425d-9ccd-467eb7e1d542,MED,General Medicine,179,153
04c49099-085d-45dd-a657-72965e28c6b7,b3131489-f06b-425d-9ccd-467eb7e1d542,OBG,Obstetrics & Gynaecology,665,178
b8241a3f-f224-4d48-b385-77bd1c0c98e4,b3131489-f06b-425d-9ccd-467eb7e1d542,ORTH,Orthopaedics,445,1153
56174ac5-2616-46d1-837d-0754565c9b81,b3131489-f06b-425d-9ccd-467eb7e1d542,ONCO,Oncology,1621,772
69cab0a5-8215-4c55-a842-2479f76586e1,b3131489-f06b-425d-9ccd-467eb7e1d542,CARD,Cardiology,1021,1256
6feb21d9-8f0d-44ef-b2e3-8f948ec571fe,b3131489-f06b-425d-9ccd-467eb7e1d542,GS,General Surgery,969,381
1d1ad4a3-b223-4f32-8c3c-33a5a3820091,92a4daba-b6b6-45e5-9f77-f852770dcb99,OBG,Obstetrics & Gynaecology,187,280
9e751f55-1986-414e-b6a5-9524aed76ecb,92a4daba-b6b6-45e5-9f77-f852770dcb99,GS,General Surgery,1368,231
4df79ada-bdd4-40eb-b276-292ec468c5e6,92a4daba-b6b6-45e5-9f77-f852770dcb99,CARD,Cardiology,638,785
09ea3dba-2361-4494-8661-c64d69afaf91,92a4daba-b6b6-45e5-9f77-f852770dcb99,PEDS,Paediatrics,600,636
ecfbfff5-c774-49b7-9fa1-9fede5872712,d7935ac2-8820-4c6e-9ece-961b1da38c93,PEDS,Paediatrics,989,807
940bb2ef-2c42-4799-a735-b9dfb0b94e1b,d7935ac2-8820-4c6e-9ece-961b1da38c93,GS,General Surgery,624,1244
38fde99f-e9a4-420b-bee1-1add830e7d94,b8e2b260-4f55-4d4e-9246-3cd376a42856,OPTH,Ophthalmology,728,1265
0ed5e562-6f20-4a21-ab61-3b722497ec46,b8e2b260-4f55-4d4e-9246-3cd376a42856,OBG,Obstetrics & Gynaecology,1036,478
bb87ac36-431d-477b-8a6c-783ac1424c0c,b8e2b260-4f55-4d4e-9246-3cd376a42856,MED,General Medicine,336,1003
974d794c-337d-4bf7-a32e-8be77fef253b,b123c7ac-cb54-4042-ba26-b405b5c62baa,MED,General Medicine,519,1348
398a6188-e0a4-4b2e-9aee-4b3dcb68c8d2,b123c7ac-cb54-4042-ba26-b405b5c62baa,URO,Urology,1068,425
dab45aa0-ddd2-476e-8aa8-ddacf763fc26,b123c7ac-cb54-4042-ba26-b405b5c62baa,OBG,Obstetrics & Gynaecology,1939,543
700f0c8c-bf82-4483-b639-173d27136cfc,b123c7ac-cb54-4042-ba26-b405b5c62baa,PEDS,Paediatrics,845,79
cad25eb6-9d66-4c83-8afe-be273a21cd12,b026ca22-e993-4dd3-b76c-295589021af4,ONCO,Oncology,1081,1290
79a703b3-2c19-4a87-bfed-6cbcc5f200da,b026ca22-e993-4dd3-b76c-295589021af4,ORTH,Orthopaedics,343,1651
f9025250-cd69-45a2-8150-2004b47f0456,b026ca22-e993-4dd3-b76c-295589021af4,MED,General Medicine,787,1491
eaa594ec-4d76-4cd4-9f0c-2d1359b81261,b026ca22-e993-4dd3-b76c-295589021af4,DERM,Dermatology,317,1438
24c8e5ab-5371-4cf9-a969-ce2517e3e14c,0645da7f-f79d-4890-a1e0-a51a7a9cf6e7,OBG,Obstetrics & Gynaecology,443,1067
b722b102-970e-4dfb-9232-86a51b71bcea,2527c1b6-82d8-470e-9ca0-8e06deb23ed0,NEURO,Neurology,341,196
5e69f4e7-c532-4693-8e65-465e7800a3bb,2527c1b6-82d8-470e-9ca0-8e06deb23ed0,OBG,Obstetrics & Gynaecology,1970,290
6ec7c5c9-c7a9-4534-b26e-386dc7cb08b1,2527c1b6-82d8-470e-9ca0-8e06deb23ed0,OPTH,Ophthalmology,1247,1584
433758cf-ce4a-4bb5-8f97-407912f6d5f7,2527c1b6-82d8-470e-9ca0-8e06deb23ed0,ORTH,Orthopaedics,1299,473
e4af803a-b2c2-4c95-8e16-1826826fb423,08fc1f3d-a6f1-4ea0-90e5-580a39dd2baf,OBG,Obstetrics & Gynaecology,1803,1269
6f8a5513-8e7d-464f-89a6-3cffb84f45cd,08fc1f3d-a6f1-4ea0-90e5-580a39dd2baf,MED,General Medicine,779,370
362b60ba-2e22-404d-bcde-0e9e2b98c880,ced61793-a093-460c-b537-afcf03865341,OBG,Obstetrics & Gynaecology,1352,1612
b261903a-81b7-4039-9871-8e608d04b4e2,ced61793-a093-460c-b537-afcf03865341,OPTH,Ophthalmology,1391,700
3a66614c-c6a4-4a9a-b1bc-40bc7bb57165,ced61793-a093-460c-b537-afcf03865341,ORTH,Orthopaedics,1116,533
e1b727f4-6f29-4664-a846-2faff16f4c9f,ced61793-a093-460c-b537-afcf03865341,NEURO,Neurology,953,880
43b2eafc-d0cb-4e1c-95f4-664966bf2a17,b715add2-8aa2-44b1-a656-5fd5923104bc,CARD,Cardiology,1885,628
e6782874-8832-476f-aad1-203d887f3a68,b715add2-8aa2-44b1-a656-5fd5923104bc,OBG,Obstetrics & Gynaecology,1830,705
7ff9e56d-cd86-4eaa-b433-ead5b3ee8337,b715add2-8aa2-44b1-a656-5fd5923104bc,MED,General Medicine,1583,514
77303c2a-5766-44a4-b5ab-1e67d8b1067f,1671be92-42b2-455e-b48c-cbaf29a378cb,NEPHRO,Nephrology,709,344
94b83b63-3642-4074-9a9d-2bdd8f743ddd,1671be92-42b2-455e-b48c-cbaf29a378cb,OPTH,Ophthalmology,1503,693
b9c07c93-8138-408a-835a-49949df3be6a,310c286a-875d-456f-b815-37edfb352216,NEURO,Neurology,1850,1613
ffa3cec3-af36-4693-86a6-290a74ef3c55,310c286a-875d-456f-b815-37edfb352216,OPTH,Ophthalmology,1931,1219
9f99336d-e2bc-4cac-bccd-73e0006be8d7,310c286a-875d-456f-b815-37edfb352216,GS,General Surgery,891,267
52c1c130-e989-48d6-b618-efb696243187,310c286a-875d-456f-b815-37edfb352216,OBG,Obstetrics & Gynaecology,1821,1562
f44ca6b4-20bc-4b1e-ae1d-df5546e581e9,310c286a-875d-456f-b815-37edfb352216,PEDS,Paediatrics,1881,40
2e4eda68-cbb8-4046-a855-c6e610f4cd75,4dbc8e1d-62ce-4605-81f1-8497ff07e2f4,CARD,Cardiology,483,1213
89a57bf2-8c39-46ad-b30d-2568f493ba21,4dbc8e1d-62ce-4605-81f1-8497ff07e2f4,GS,General Surgery,1460,667
73b8e62e-851d-4931-b3ca-d743d6103265,4dbc8e1d-62ce-4605-81f1-8497ff07e2f4,ORTH,Orthopaedics,850,1592
97c71481-fd97-4fe1-a73e-3f076cdca338,4dbc8e1d-62ce-4605-81f1-8497ff07e2f4,OBG,Obstetrics & Gynaecology,97,1788
e7aeb0c0-7bb6-4ae9-894b-435317313282,4dbc8e1d-62ce-4605-81f1-8497ff07e2f4,MED,General Medicine,999,291
55164b17-5f09-4b45-b380-5f2fa8dc9321,1c09b438-b333-46b6-bc80-2db6ea3cc378,PSYCH,Psychiatry,229,1571
044cd7b3-e515-419b-b3f4-fa86a9ebda55,1c09b438-b333-46b6-bc80-2db6ea3cc378,OPTH,Ophthalmology,561,492
61f03750-01c1-4546-81ca-727d9057405d,1c09b438-b333-46b6-bc80-2db6ea3cc378,ORTH,Orthopaedics,844,1634
bc176467-adf8-401a-8372-c515b090339d,1c09b438-b333-46b6-bc80-2db6ea3cc378,OBG,Obstetrics & Gynaecology,582,1193
bd948196-2e4f-46bb-9033-ed00d81b2245,37a7248b-0a18-4b56-b333-4f11d5643ec8,OBG,Obstetrics & Gynaecology,862,580
3098ee4a-4a7b-4e93-945b-c02110f17df2,37a7248b-0a18-4b56-b333-4f11d5643ec8,GS,General Surgery,1966,92
8bf9ff9f-9601-4d6a-ab22-fb292572c332,86a5dc96-32d0-4859-ae22-c8b3841132d4,OBG,Obstetrics & Gynaecology,451,1361
de1d61c1-d73c-4070-a970-be94b64b895c,86a5dc96-32d0-4859-ae22-c8b3841132d4,GS,General Surgery,175,1391
6dd87a83-3493-40e3-86eb-3dfbb8aba81f,2b6476b1-abcf-4e12-a7ab-c43ea29f80ad,GS,General Surgery,1693,518
718d3521-0071-4bd4-89a3-f89ebad7b9cc,2b6476b1-abcf-4e12-a7ab-c43ea29f80ad,MED,General Medicine,89,1463
90248f89-d1d4-42e6-abc2-6ff72412205c,2b6476b1-abcf-4e12-a7ab-c43ea29f80ad,ENT,ENT,1200,1382
8056f408-1d3e-43b0-975b-8998b0e786b4,2b6476b1-abcf-4e12-a7ab-c43ea29f80ad,ONCO,Oncology,832,783
d8a944b7-17e4-41eb-9343-ba86f2104bad,2b6476b1-abcf-4e12-a7ab-c43ea29f80ad,OBG,Obstetrics & Gynaecology,1619,610
06e8801a-9f8e-42c7-a082-a5da35043fb1,2b6476b1-abcf-4e12-a7ab-c43ea29f80ad,ORTH,Orthopaedics,1627,1755
b00dd3ea-c6e6-40a2-bf3c-60e66c7bb19f,40cd2163-9c7f-4bd9-8a9d-7a5d870c2fc9,OBG,Obstetrics & Gynaecology,110,895
ef946dbb-1ac5-48c5-8ec3-9f0fd6cf49cd,40cd2163-9c7f-4bd9-8a9d-7a5d870c2fc9,GS,General Surgery,562,1692
b94d73cd-71bf-422a-8e2b-e6633fb75e75,40cd2163-9c7f-4bd9-8a9d-7a5d870c2fc9,PEDS,Paediatrics,1076,1567
199e004d-28f8-4342-aced-7354d528e784,40cd2163-9c7f-4bd9-8a9d-7a5d870c2fc9,ENT,ENT,1093,485
bacb8e82-a83c-40e1-b452-040dc3b6848d,40cd2163-9c7f-4bd9-8a9d-7a5d870c2fc9,ONCO,Oncology,1111,244
ebf0380e-0c6c-429e-8f5a-34c1a142d7fa,eed44eec-432d-4fdb-860a-a82d9acee039,MED,General Medicine,1672,1525
cd5d2759-fc1a-47d1-90a3-692d615efc09,eed44eec-432d-4fdb-860a-a82d9acee039,GS,General Surgery,691,561
42d6767e-c6a3-45fa-970c-fba578b482dd,eed44eec-432d-4fdb-860a-a82d9acee039,URO,Urology,220,1762
20587bfb-1328-4202-a44b-2ab562ebeb7e,eed44eec-432d-4fdb-860a-a82d9acee039,ENT,ENT,969,894
46b4f8bf-6593-4561-8f44-30f957482992,eed44eec-432d-4fdb-860a-a82d9acee039,OBG,Obstetrics & Gynaecology,645,273
1ae14af5-ba01-489e-a5a2-d350f11ac156,eed44eec-432d-4fdb-860a-a82d9acee039,OPTH,Ophthalmology,1218,640
52b451f8-33c4-44e3-8d33-6ad55e173350,af8efed9-e4cb-4d10-93f2-5771c0e8dfa5,ORTH,Orthopaedics,1523,281
86e67e19-6798-497f-abd7-9791a46c45c8,af8efed9-e4cb-4d10-93f2-5771c0e8dfa5,ONCO,Oncology,371,959
31e24874-3035-4073-8cdc-b9dd97548cad,b16b2e13-7767-4898-b98d-289acf8aad62,ORTH,Orthopaedics,508,199
d3734617-ad15-446d-8950-1aa0fc45296b,b16b2e13-7767-4898-b98d-289acf8aad62,MED,General Medicine,269,1515
d0a742a8-00f4-43b9-903f-f01110067009,b16b2e13-7767-4898-b98d-289acf8aad62,URO,Urology,663,1371
4ca7883e-c216-40d5-b698-6f4dcf67c061,b16b2e13-7767-4898-b98d-289acf8aad62,PSYCH,Psychiatry,1653,551
10f82077-29c3-4db4-91d2-c804d0392f16,b16b2e13-7767-4898-b98d-289acf8aad62,CARD,Cardiology,1574,1516
d31efd78-ca62-4e2b-bd90-5a9b5b40e24e,b16b2e13-7767-4898-b98d-289acf8aad62,NEURO,Neurology,1514,1494
b0c55ebb-9a1a-40cd-b671-4ca0e05866d5,b16b2e13-7767-4898-b98d-289acf8aad62,OBG,Obstetrics & Gynaecology,592,1712
9244f6a1-5c90-4727-9fd5-fb6770140d52,b313cb2c-8092-45e6-a324-01f2adcba66b,CARD,Cardiology,1406,534
0b5826ba-050d-41aa-b0c9-47b1c751796d,b313cb2c-8092-45e6-a324-01f2adcba66b,OPTH,Ophthalmology,422,819
e1d2e347-a323-46ad-a88e-6141f5f90e35,b313cb2c-8092-45e6-a324-01f2adcba66b,OBG,Obstetrics & Gynaecology,919,481
96b92788-d280-48c3-a621-bf436327b0a0,b313cb2c-8092-45e6-a324-01f2adcba66b,NEURO,Neurology,63,1190
61fd19b7-3200-4c27-8ccd-6b52107196de,f6eb9bab-f267-4baf-a395-a2ce070960ef,OBG,Obstetrics & Gynaecology,1143,1005
edcf6efa-5e1a-42c2-885b-33a6a92c7fee,f6eb9bab-f267-4baf-a395-a2ce070960ef,GS,General Surgery,1258,95
ec2914ea-366e-4e76-b5db-5c39d7a2780a,f6eb9bab-f267-4baf-a395-a2ce070960ef,MED,General Medicine,850,1367
f20c45ca-69e9-4c47-9671-d9c46ab9ae27,87d075c8-0a84-4cac-b249-a7d144a620b8,GS,General Surgery,309,442
771d0015-1045-417c-9fb9-6e4f873a1300,87d075c8-0a84-4cac-b249-a7d144a620b8,OBG,Obstetrics & Gynaecology,1935,825
db755faf-3b0b-46d4-ac91-7527e64c21c4,4aa43dd6-19ca-4612-ad28-04e82c2e6585,OBG,Obstetrics & Gynaecology,461,457
2ee7f99c-577e-4bd6-9c19-1df9a5e027e6,4aa43dd6-19ca-4612-ad28-04e82c2e6585,GS,General Surgery,573,891
a129e826-e272-40ed-ac37-9a9d3a78f068,4aa43dd6-19ca-4612-ad28-04e82c2e6585,NEURO,Neurology,1754,1741
3fc74903-f762-4a65-83f5-565017bfb570,4aa43dd6-19ca-4612-ad28-04e82c2e6585,ORTH,Orthopaedics,1151,218
5dcb46ba-3f17-4e7d-9d58-9c486831e0e2,4aa43dd6-19ca-4612-ad28-04e82c2e6585,NEPHRO,Nephrology,407,41
e2760215-96de-47c9-976a-e4b17decff7e,168f0e25-0776-4872-a1c1-5ba7491a3910,ORTH,Orthopaedics,1519,1373
e2804987-fc88-4c3e-ab45-3c7ecfdea558,168f0e25-0776-4872-a1c1-5ba7491a3910,OBG,Obstetrics & Gynaecology,1850,1453
2a3f59da-0bee-4947-b635-d8e626d3cf46,9aad09cb-c280-49cf-a789-776d88414bc0,MED,General Medicine,611,259
b13d9474-c74c-480f-9b16-277dfd32e963,9aad09cb-c280-49cf-a789-776d88414bc0,GS,General Surgery,220,322
d61e9dc9-6fac-470e-bbd8-657ceacdecdb,9aad09cb-c280-49cf-a789-776d88414bc0,ORTH,Orthopaedics,975,710
45201111-ffe7-421b-9b79-dd391045c1fd,5f336a30-f600-4b00-affb-c0c067ec58e7,GS,General Surgery,1551,1382
b735cfe7-4013-4ac2-976a-9947a8444cee,5f336a30-f600-4b00-affb-c0c067ec58e7,ENT,ENT,953,414
4af84f97-1881-4c2c-aba0-507a3183e6f1,5f336a30-f600-4b00-affb-c0c067ec58e7,ORTH,Orthopaedics,1376,814
ec753d73-5017-4179-8507-9cef1de3f5a1,5f336a30-f600-4b00-affb-c0c067ec58e7,MED,General Medicine,1526,1684
33ce10fd-6548-4b75-b1dc-1eae2000407b,5f336a30-f600-4b00-affb-c0c067ec58e7,NEURO,Neurology,1992,1532
f02ab1e2-08f3-419c-bb65-3cbdb83662e4,7caf5089-aa04-4bd3-9ae5-9a9aac526376,GS,General Surgery,981,411
e0aaa03f-7cd8-4c4c-8127-b718c6e3c425,7caf5089-aa04-4bd3-9ae5-9a9aac526376,ENT,ENT,471,290
1ee96c28-c04e-4d19-93fd-0c85f150f4a5,7caf5089-aa04-4bd3-9ae5-9a9aac526376,CARD,Cardiology,1119,483
c0878133-3adf-49e7-8b99-275d02dcf3ad,7caf5089-aa04-4bd3-9ae5-9a9aac526376,OBG,Obstetrics & Gynaecology,1808,568
6db8ea38-58cf-4a9e-9168-ecf096bf003f,deb5187d-54f9-4098-80f1-7d1d43623d85,URO,Urology,1730,774
e36d6c33-af32-47fa-bdd3-c12bd7bbed4f,deb5187d-54f9-4098-80f1-7d1d43623d85,ONCO,Oncology,1560,836
5bbd9287-a4a2-4f83-af6f-50bd74a1972f,4a136301-a03a-44a0-8772-6eab6583e721,ORTH,Orthopaedics,1286,1082
8178fc9f-c132-4aab-8bc8-fe6634f63aef,59c718e7-cfa6-43c6-84d9-9fd9e47107f2,ORTH,Orthopaedics,1493,494
9372a05a-bc0f-40bb-bf20-c553922d9568,59c718e7-cfa6-43c6-84d9-9fd9e47107f2,CARD,Cardiology,670,98
5c68d026-a8d8-469a-a583-60fd796afd0e,59c718e7-cfa6-43c6-84d9-9fd9e47107f2,MED,General Medicine,622,1090
1079187e-35f5-4d3e-b741-52ca79c5a317,59c718e7-cfa6-43c6-84d9-9fd9e47107f2,DERM,Dermatology,152,161
14ed4a8c-04f3-4e1c-a16b-ebe2dd513f99,1b12dcc2-fe8c-4394-a67a-bb50ff052226,OPTH,Ophthalmology,926,523
e1e9966c-f0c2-4fe1-b1e4-31beb1d5503b,1b12dcc2-fe8c-4394-a67a-bb50ff052226,ORTH,Orthopaedics,1930,1351
bd47cea2-10f8-4111-8cb1-9f2fb7116936,1b12dcc2-fe8c-4394-a67a-bb50ff052226,ONCO,Oncology,1737,1444
82ad032f-2a8c-4898-9811-b9cbf7e0df62,1b12dcc2-fe8c-4394-a67a-bb50ff052226,MED,General Medicine,1605,1305
d5688ecb-1491-4213-9703-bba097883292,00582642-333b-45ec-9c60-e5b3aebe0577,GS,General Surgery,376,530
e5f15970-94a0-4711-af67-6ade8ade40a4,00582642-333b-45ec-9c60-e5b3aebe0577,ORTH,Orthopaedics,1187,1751
8eae6b7b-25f9-496a-83b2-1c2200599730,00582642-333b-45ec-9c60-e5b3aebe0577,MED,General Medicine,408,751
4326d99a-b1f6-4477-9051-0ca11641000a,00582642-333b-45ec-9c60-e5b3aebe0577,BURNS,Burns & Plastic Surgery,475,412
fd4f4d2f-4a91-4f34-b527-4fece1616969,d781fc7e-e867-49ae-ad48-1a3babfece87,OBG,Obstetrics & Gynaecology,787,1300
727ece9d-14c9-470e-b668-dd2122e5074b,d781fc7e-e867-49ae-ad48-1a3babfece87,CARD,Cardiology,574,461
a342ef9e-3b7d-47e3-8b68-0ccc5d889672,d781fc7e-e867-49ae-ad48-1a3babfece87,GS,General Surgery,1322,547
a381e567-1ca8-4bd2-be5b-e7c29c720927,6a5af65d-f9ac-4884-b719-f5a6d994348f,MED,General Medicine,910,1220
e1d3b5b3-a596-4720-be7f-62de4f912815,6a5af65d-f9ac-4884-b719-f5a6d994348f,NEURO,Neurology,613,1761
6a003dbf-82cd-4171-b3ca-364821c01062,309707bb-cb0b-41ba-b1cc-dc8c1807a945,GS,General Surgery,1167,1729
3d2cb3ff-9c81-465e-828a-9352a6a61b06,309707bb-cb0b-41ba-b1cc-dc8c1807a945,URO,Urology,1271,1384
c059f4b0-eb86-4204-82bf-2b87488c7217,309707bb-cb0b-41ba-b1cc-dc8c1807a945,OPTH,Ophthalmology,451,324
88509873-d66c-4620-b213-28c5d7f32f7c,309707bb-cb0b-41ba-b1cc-dc8c1807a945,OBG,Obstetrics & Gynaecology,303,1787
6898a12f-7e28-4f00-bfc2-143a0ae0bd4b,309707bb-cb0b-41ba-b1cc-dc8c1807a945,CARD,Cardiology,1472,612
99f8ec12-6e66-45aa-abd7-0ec7436505dd,3efb1b56-6fbf-49d4-ba7f-909feb0b898b,OBG,Obstetrics & Gynaecology,69,519
9ad58387-1c77-4fe6-bbbe-6d2e18a604aa,3efb1b56-6fbf-49d4-ba7f-909feb0b898b,URO,Urology,305,1759
8462bfe7-8613-4c7a-b2a9-08b9e23b3b63,3efb1b56-6fbf-49d4-ba7f-909feb0b898b,PEDS,Paediatrics,118,1559
a39009df-d6f2-4642-8a52-0d84bd24d1af,3efb1b56-6fbf-49d4-ba7f-909feb0b898b,CARD,Cardiology,408,588
35fe1e39-5ddf-4d90-8dbd-9cd0575fa664,3efb1b56-6fbf-49d4-ba7f-909feb0b898b,NEURO,Neurology,186,1104
723dc949-75bc-4d63-bdb7-f5a90451784a,3efb1b56-6fbf-49d4-ba7f-909feb0b898b,ORTH,Orthopaedics,1572,1303
81f679e1-7ba8-4826-b9f3-b835fd8d97e0,3efb1b56-6fbf-49d4-ba7f-909feb0b898b,DERM,Dermatology,1653,1660
7871062d-e1a0-4d88-8e45-20eb490d945b,23ee16c7-d2bb-42e0-aee3-4f9ce3e9e2b6,GS,General Surgery,1718,265
e2d1569d-7f00-473c-893b-2736955abdc3,23ee16c7-d2bb-42e0-aee3-4f9ce3e9e2b6,OBG,Obstetrics & Gynaecology,969,1649
d0b7a803-5b5d-4616-84c7-9f3d33a12403,23ee16c7-d2bb-42e0-aee3-4f9ce3e9e2b6,ORTH,Orthopaedics,1513,1648
e1889a34-da3a-4c2f-94a8-7af4a2ad1007,23ee16c7-d2bb-42e0-aee3-4f9ce3e9e2b6,CARD,Cardiology,994,675
4a7b080e-ddb5-4351-8bb9-910559680b10,23ee16c7-d2bb-42e0-aee3-4f9ce3e9e2b6,URO,Urology,618,976
71f0e84d-dcf4-49b2-be60-907914713902,23ee16c7-d2bb-42e0-aee3-4f9ce3e9e2b6,ENT,ENT,413,1663
9b292e5f-b6b4-4c27-95fe-896c9f71b212,23ee16c7-d2bb-42e0-aee3-4f9ce3e9e2b6,ONCO,Oncology,1168,1322
50c697ae-898e-4bfb-8ded-456a0a072c37,eb2cc5e3-174a-44f9-9b61-bf7dbb550701,ENT,ENT,991,1625
7f4c0dde-63a8-47e9-8fd5-8e1b96534284,eb2cc5e3-174a-44f9-9b61-bf7dbb550701,OBG,Obstetrics & Gynaecology,1376,1526
4e58c1a1-d6a3-4231-b2bb-15b0204db267,652f43d6-de19-471a-aa92-bf89906ef03c,NEPHRO,Nephrology,1015,668
da4f7c86-aa4b-4a91-81ea-39b35ea8bef8,652f43d6-de19-471a-aa92-bf89906ef03c,ORTH,Orthopaedics,1894,1251
8f14e17d-542e-418f-9b89-04e9fdccbbc3,0be6a73e-7fdf-43f1-918d-d73356870c23,PSYCH,Psychiatry,743,1723
89a04b50-5fa8-4f3b-b1ed-93eca01328f8,0be6a73e-7fdf-43f1-918d-d73356870c23,NEPHRO,Nephrology,276,250
46de8ef0-d77a-4994-9498-8c91580d084f,0be6a73e-7fdf-43f1-918d-d73356870c23,OBG,Obstetrics & Gynaecology,1576,1742
7ba9e6e7-39dc-4225-8e6e-995424eb02ad,96a65710-3273-498b-97c7-fa3615b7aaac,OPTH,Ophthalmology,353,1359
842f5631-7dbb-4a08-a323-d0ba3c24ebdf,96a65710-3273-498b-97c7-fa3615b7aaac,OBG,Obstetrics & Gynaecology,190,54
ddccac93-b9f6-4525-a68c-397e11a2c3af,927da465-917a-4740-a92b-683e25a2aa74,PEDS,Paediatrics,594,232
e2c09b2c-fbbf-4827-9ebf-76eda2961680,927da465-917a-4740-a92b-683e25a2aa74,ORTH,Orthopaedics,1696,445
d9d3777a-e539-41ac-8393-3320f142a24c,927da465-917a-4740-a92b-683e25a2aa74,NEURO,Neurology,892,595
6f121826-1a8d-4a8e-bf4d-fce477d36d65,927da465-917a-4740-a92b-683e25a2aa74,GS,General Surgery,1898,1585
6727bcf6-24ae-4206-80eb-8c4209029e7a,6fd6afb1-c990-4fb6-a3dd-c67e7a81926d,NEURO,Neurology,1735,1069
35e0ecb9-8a28-4689-b503-b30845fbe213,6fd6afb1-c990-4fb6-a3dd-c67e7a81926d,NEPHRO,Nephrology,201,298
a43f4706-8284-4d6e-aa62-701eb23ffde4,6fd6afb1-c990-4fb6-a3dd-c67e7a81926d,OPTH,Ophthalmology,1742,1312
2f0ab87f-f4dd-4923-acae-e64ac7f96b05,6fd6afb1-c990-4fb6-a3dd-c67e7a81926d,GS,General Surgery,357,133
0901440d-df68-44e5-99f3-8811f7fdf7e5,6fd6afb1-c990-4fb6-a3dd-c67e7a81926d,OBG,Obstetrics & Gynaecology,1573,472
23966555-1e0a-4726-8275-4aa2f0c2e65e,6fd6afb1-c990-4fb6-a3dd-c67e7a81926d,MED,General Medicine,794,327
4db4a410-8caa-4aa7-ae2d-bef9fab99292,46cd8169-1b4a-4fe2-b419-6c34bba1f11a,CARD,Cardiology,1252,980
030f4933-b773-41c3-97e8-d78704adf4ed,46cd8169-1b4a-4fe2-b419-6c34bba1f11a,NEURO,Neurology,841,1211
bce38746-fa84-41f4-8532-07d79a9408e1,46cd8169-1b4a-4fe2-b419-6c34bba1f11a,URO,Urology,1176,175
080455b1-09cb-4654-a406-570a25179c46,46cd8169-1b4a-4fe2-b419-6c34bba1f11a,MED,General Medicine,1911,1696
111f48d8-6f58-4918-b74d-198e5b67d618,46cd8169-1b4a-4fe2-b419-6c34bba1f11a,OBG,Obstetrics & Gynaecology,1007,1342
3995d440-06a5-4f75-a1d8-fbd60e942ee9,ddf4e038-eee1-4aad-bf3c-340501d42a3b,OBG,Obstetrics & Gynaecology,534,1292
e6d5c471-bbe6-4ed7-b176-1b1cc29ee044,ddf4e038-eee1-4aad-bf3c-340501d42a3b,MED,General Medicine,369,857
62ec4cf6-751f-4041-8a1d-cddb2cc224a4,ddf4e038-eee1-4aad-bf3c-340501d42a3b,BURNS,Burns & Plastic Surgery,837,1620
b52f47b5-1180-4592-9aa4-dfea4e9ec44d,6026e193-5b9a-42fd-a78f-91ab822c513d,GS,General Surgery,1820,104
075ef92e-12ff-4cfb-ac5e-112b6063ac18,6026e193-5b9a-42fd-a78f-91ab822c513d,OBG,Obstetrics & Gynaecology,541,210
b761282b-e3ce-4e9e-8e8d-5fbbdb61670c,6026e193-5b9a-42fd-a78f-91ab822c513d,ORTH,Orthopaedics,1397,443
f5c4d52b-3c59-46e0-8a2a-cb6c7c40fbfa,07a052b6-d2b1-4437-860e-65dde31e467e,MED,General Medicine,1105,134
fc3a5164-1314-4952-9b49-b67254e7e15b,07a052b6-d2b1-4437-860e-65dde31e467e,NEPHRO,Nephrology,1789,1437
82844d45-fe03-41f8-9b54-e2188616254a,07a052b6-d2b1-4437-860e-65dde31e467e,ONCO,Oncology,1028,786
1ff05544-086e-4260-8ae9-d2d3607a4cf8,5c727695-ed4c-4f29-b909-7d1af1979889,PEDS,Paediatrics,1574,1249
4c6872bf-c165-4401-a26e-0925a7270674,5c727695-ed4c-4f29-b909-7d1af1979889,OBG,Obstetrics & Gynaecology,74,1538
0b01cb9c-92b3-4a25-aac3-504ddc7b8c2e,5c727695-ed4c-4f29-b909-7d1af1979889,MED,General Medicine,1176,1458
8a996f3a-87fd-4584-9b2d-1f5e28f8b8d6,47125a51-149b-47ee-9cbf-ae6720705295,GS,General Surgery,1681,1676
05791358-87f7-455c-9a9b-b435a495b13e,47125a51-149b-47ee-9cbf-ae6720705295,MED,General Medicine,697,526
5ca64655-5c5a-42ad-99e8-f43546d596d2,47125a51-149b-47ee-9cbf-ae6720705295,OBG,Obstetrics & Gynaecology,854,144
60e8363a-7d20-4339-b35d-5200f737b27b,47125a51-149b-47ee-9cbf-ae6720705295,PSYCH,Psychiatry,1826,1356
9ba818a9-c444-46ab-bcc9-90167828edae,47125a51-149b-47ee-9cbf-ae6720705295,CARD,Cardiology,166,461
f44954a4-b681-4f2a-82f7-34d163a0141b,8908553e-a57b-4755-81e4-7004f49e51f1,URO,Urology,411,813
680be543-f991-4039-b64e-59eeffb44271,8908553e-a57b-4755-81e4-7004f49e51f1,CARD,Cardiology,743,770
f0247369-1c6f-4760-b65f-429c68fe0342,8908553e-a57b-4755-81e4-7004f49e51f1,MED,General Medicine,1957,1308
586f5699-e82a-4a5a-9b64-dbe2959234e1,8908553e-a57b-4755-81e4-7004f49e51f1,OBG,Obstetrics & Gynaecology,680,615
bb16b2fb-2bd4-4b1b-9047-222a92f5152f,8a2d1075-4c99-4e9f-b320-50d5c4a91f4a,MED,General Medicine,898,450
b74e6c7e-c8f7-4e59-a288-cdfa3e1cff86,8a2d1075-4c99-4e9f-b320-50d5c4a91f4a,OBG,Obstetrics & Gynaecology,1150,1434
d5027597-28d9-432c-aac4-a5651931d7a5,8a2d1075-4c99-4e9f-b320-50d5c4a91f4a,GS,General Surgery,869,1573
f2460600-e20f-4534-b9cd-4b37b6f41f89,df5917a9-32ee-43e2-82ef-87eb5dd91e82,OBG,Obstetrics & Gynaecology,948,1578
ddeeb577-c5e9-4b5e-bce4-530202fea273,df5917a9-32ee-43e2-82ef-87eb5dd91e82,PEDS,Paediatrics,945,587
c6c4a01d-f5d1-49a4-aaa7-e624dc95e42b,df5917a9-32ee-43e2-82ef-87eb5dd91e82,GS,General Surgery,1074,888
07e57e30-b99d-4064-bd0b-36dab8467c5f,df5917a9-32ee-43e2-82ef-87eb5dd91e82,NEURO,Neurology,157,982
687bb7fb-0da7-4c1f-b0eb-6e1966be9ce5,2e6c7540-d36e-4602-9a66-c1c11e0c1a77,ENT,ENT,1222,717
7d49994d-b0fd-49e8-92c6-8a57dcbd12bb,2e6c7540-d36e-4602-9a66-c1c11e0c1a77,ORTH,Orthopaedics,1096,599
a6af1f74-549e-4011-9413-5f8109f936f2,2e6c7540-d36e-4602-9a66-c1c11e0c1a77,MED,General Medicine,903,1489
57f7f4fa-8180-45b2-a367-0356ff665328,2e6c7540-d36e-4602-9a66-c1c11e0c1a77,OBG,Obstetrics & Gynaecology,1593,786
27b4e652-e2a2-4c18-98bd-175a62a21302,b0e846eb-f1ac-4d53-8a36-7dfb7eedd2ab,OPTH,Ophthalmology,718,1449
868c885c-2971-48d2-8a0f-208163282428,b0e846eb-f1ac-4d53-8a36-7dfb7eedd2ab,MED,General Medicine,1650,1669
05d31ca3-953f-4c44-b3cb-c17d6bff4a33,b0e846eb-f1ac-4d53-8a36-7dfb7eedd2ab,OBG,Obstetrics & Gynaecology,1588,343
91d338e3-a713-4b36-9842-1e1228c60aa4,b0e846eb-f1ac-4d53-8a36-7dfb7eedd2ab,CARD,Cardiology,626,1640
7320b771-038d-4106-a166-72c6f8710a03,b0e846eb-f1ac-4d53-8a36-7dfb7eedd2ab,GS,General Surgery,471,1701
1338d08d-740f-4fd5-bb44-7873f0289dbf,6b5b9eb1-a8cb-4dcc-a3ed-c810f07feac5,URO,Urology,185,133
dc230630-54b4-41fa-a43a-65e2c9b5c6ec,6b5b9eb1-a8cb-4dcc-a3ed-c810f07feac5,CARD,Cardiology,596,1529
fecb66db-0521-45ab-a92d-92bea1442f0b,6b5b9eb1-a8cb-4dcc-a3ed-c810f07feac5,OBG,Obstetrics & Gynaecology,119,50
c7a2ecfb-da28-4285-af04-c6e2a0976c24,809ff073-96e2-4170-ac65-c8e1906d329f,PEDS,Paediatrics,826,565
cf3b23f1-d6e1-4fb5-8b48-eca17ed3b165,809ff073-96e2-4170-ac65-c8e1906d329f,OBG,Obstetrics & Gynaecology,813,231
9c5fd053-d905-49be-be11-f23cec414339,809ff073-96e2-4170-ac65-c8e1906d329f,NEPHRO,Nephrology,1900,1115
02dc8d2b-a385-4cdc-91ed-7b7dce70b585,c07802b7-0e29-4a50-bb6c-404c4becd9f4,URO,Urology,1507,48
bebcb442-c98f-470a-9820-a045bf106b17,c07802b7-0e29-4a50-bb6c-404c4becd9f4,OBG,Obstetrics & Gynaecology,1577,1099
cc59eab0-6b2a-4cff-b07b-743fe46731bf,c07802b7-0e29-4a50-bb6c-404c4becd9f4,GS,General Surgery,1384,222
1b68ed62-73a0-476e-851c-15b8f9b01223,8c28e7b6-bbce-4f3e-b496-0b5d11471805,OBG,Obstetrics & Gynaecology,1076,1259
2f35ab38-adcc-41fc-ae7f-fd0899e67867,8c28e7b6-bbce-4f3e-b496-0b5d11471805,MED,General Medicine,1026,1155
d33a6423-b4a7-43a4-822d-988cf42de18f,8c28e7b6-bbce-4f3e-b496-0b5d11471805,OPTH,Ophthalmology,1334,174
0d76bf87-e6ed-4ca3-aff4-e84400994020,3c9da9cb-ea34-42ec-a054-f09e6f21177a,OPTH,Ophthalmology,1049,566
b4f5be38-8572-4eb8-8fdc-8ebc1d101e8a,3c9da9cb-ea34-42ec-a054-f09e6f21177a,PEDS,Paediatrics,1542,1475
0aaec3f3-f7a2-42cc-9dc0-b3603ecf86d6,3c9da9cb-ea34-42ec-a054-f09e6f21177a,GS,General Surgery,1976,1524
5f34e9a7-4c1a-460d-abc0-311d4237e054,3c9da9cb-ea34-42ec-a054-f09e6f21177a,OBG,Obstetrics & Gynaecology,1792,1151
19911f21-83a7-45d2-b303-89b12aa87699,f459efc7-a94b-4fcd-a1b8-cfde96de1283,MED,General Medicine,499,1790
2a49c150-21f2-4b96-a4b1-6309682e8dfb,f459efc7-a94b-4fcd-a1b8-cfde96de1283,GS,General Surgery,1662,871
6f1ce6b2-d78b-4395-8dd2-57db619483ec,f459efc7-a94b-4fcd-a1b8-cfde96de1283,ENT,ENT,1976,684
49747e77-e980-446d-8815-1c5088dbc601,f459efc7-a94b-4fcd-a1b8-cfde96de1283,CARD,Cardiology,1254,190
e81bb61b-9d1f-4bf5-816f-b996ee846bfc,f459efc7-a94b-4fcd-a1b8-cfde96de1283,OBG,Obstetrics & Gynaecology,1992,655
9df37953-1d90-4893-8800-a08c6691316d,5cd21b7d-188f-4966-b23c-d377c153a291,MED,General Medicine,316,484
4e4f6964-a2c6-4baf-8aa5-15ed072649ef,5cd21b7d-188f-4966-b23c-d377c153a291,GS,General Surgery,576,1340
2141e7c2-090f-4811-94c6-e79a8ad9e698,add41731-c1ec-4042-ba9c-e962f7bdc5bf,OBG,Obstetrics & Gynaecology,1016,1729
7245ca56-84a1-459b-92ff-f5b33a5a0347,add41731-c1ec-4042-ba9c-e962f7bdc5bf,CARD,Cardiology,1396,1249
3ae74753-1a18-484c-8b79-cf87da5980e5,add41731-c1ec-4042-ba9c-e962f7bdc5bf,PEDS,Paediatrics,496,480
4feb7c65-b6f6-4010-a67c-a7ed3f454b4e,add41731-c1ec-4042-ba9c-e962f7bdc5bf,GS,General Surgery,149,245
13f29b29-8332-4d45-b9c9-159cf586c3dc,add41731-c1ec-4042-ba9c-e962f7bdc5bf,NEPHRO,Nephrology,573,458
000317c1-5721-48bb-a64d-f3cdbf2390cd,62e1ce57-4241-4364-92cb-7637c17b5c01,ORTH,Orthopaedics,320,1230
c60c24b3-4384-4384-80fc-d570d01d4d33,62e1ce57-4241-4364-92cb-7637c17b5c01,CARD,Cardiology,1109,1227
d64fbf28-1349-4107-9420-025918bd0130,62e1ce57-4241-4364-92cb-7637c17b5c01,URO,Urology,74,1486
18d6e210-8e68-404c-aea7-b12948bb72ae,62e1ce57-4241-4364-92cb-7637c17b5c01,ENT,ENT,958,855
39d772ce-1df0-4c34-9c84-a89aa979f2b1,6321512d-78a5-425f-8038-d29cd7a8473a,ORTH,Orthopaedics,75,508
bba8903a-4f0e-4516-9295-c291b1a92d51,6321512d-78a5-425f-8038-d29cd7a8473a,GS,General Surgery,1695,1351
30d4fa6f-9cfd-49d0-8dc2-590d6bb132ed,6321512d-78a5-425f-8038-d29cd7a8473a,OPTH,Ophthalmology,1218,417
19c1054a-8146-47ae-bb84-0ae9be2ed730,6321512d-78a5-425f-8038-d29cd7a8473a,MED,General Medicine,1945,1742
cd32d436-fa01-4427-a835-ac75ad23b2c6,f526b874-7f37-4702-9f00-e29cfcb4ab96,OPTH,Ophthalmology,702,1218
4e79ef47-9165-4024-92c6-22558682e666,f526b874-7f37-4702-9f00-e29cfcb4ab96,OBG,Obstetrics & Gynaecology,1432,281
80321906-6376-40d0-9b14-96b7c72e9b99,f526b874-7f37-4702-9f00-e29cfcb4ab96,NEURO,Neurology,1267,723
6959dfa2-16b4-4372-8a57-e4f74a79a5e7,8dd88ab8-586d-4275-9334-22ec58d9d619,OBG,Obstetrics & Gynaecology,1007,1714
64551e19-8054-4dc1-ae38-e0b8a82e9236,8dd88ab8-586d-4275-9334-22ec58d9d619,GS,General Surgery,1397,1655
bc0a6fe2-9022-4dd7-a636-27259de7a0a0,8dd88ab8-586d-4275-9334-22ec58d9d619,NEURO,Neurology,1853,1520
f4559c33-46e4-4f76-8572-866024644e78,8dd88ab8-586d-4275-9334-22ec58d9d619,URO,Urology,302,990
2c99534d-5a9b-4e14-bdef-7dc2b78da715,4d56d6b6-a141-4fc8-92df-d45f140de17f,URO,Urology,194,1526
42ae02c2-9d59-4914-8906-d54da9e085d4,4d56d6b6-a141-4fc8-92df-d45f140de17f,OBG,Obstetrics & Gynaecology,1754,923
d9455afb-e50a-4bee-a5a5-46533b02b28a,5280d74c-6d65-4538-abc9-bd70711ec5c2,MED,General Medicine,279,1267
6f37df60-fd2e-4d1c-875e-c84afd27923c,5280d74c-6d65-4538-abc9-bd70711ec5c2,ENT,ENT,697,968
8ea9fdae-e596-44f6-a193-befbe795852b,5280d74c-6d65-4538-abc9-bd70711ec5c2,DERM,Dermatology,1369,608
507047c6-7717-4f13-a09a-1144b35061d8,4f95535a-c061-42c5-847a-64846c9e8a33,OPTH,Ophthalmology,1046,1783
16a3cddd-e120-41f2-bf5e-09b7afc6403f,4f95535a-c061-42c5-847a-64846c9e8a33,GS,General Surgery,1662,64
7c70868c-5812-4e73-ab29-eaa66dce3195,4f95535a-c061-42c5-847a-64846c9e8a33,ORTH,Orthopaedics,1341,134
e7e54c13-1519-4c65-9490-71996d6e9292,4f95535a-c061-42c5-847a-64846c9e8a33,DERM,Dermatology,833,1329
5b0fa490-7041-472f-a703-ddd7a8159e1f,6ce061b1-33a7-4aa9-bdac-4dacbc2438c0,OBG,Obstetrics & Gynaecology,854,192
f604acdd-0b52-4fcc-a475-5082d4d49512,6ce061b1-33a7-4aa9-bdac-4dacbc2438c0,BURNS,Burns & Plastic Surgery,603,715
b09ce645-8f59-4770-a7a3-9b307b17c6e8,6ce061b1-33a7-4aa9-bdac-4dacbc2438c0,NEURO,Neurology,1437,1174
0604013d-f6f0-476e-b5f6-360c1cfaa5bc,6ce061b1-33a7-4aa9-bdac-4dacbc2438c0,URO,Urology,62,463
b6b5b50c-766c-49ea-aa73-d4132d887ef4,0aaa24cd-1bbb-43a7-9436-41404a94c435,PSYCH,Psychiatry,244,86
6686125f-6b30-4c2c-b787-5c813efa0525,0aaa24cd-1bbb-43a7-9436-41404a94c435,ORTH,Orthopaedics,331,1134
fb0f8f0b-54ce-4825-9244-6b1d109cd9c4,0aaa24cd-1bbb-43a7-9436-41404a94c435,OBG,Obstetrics & Gynaecology,1693,272
a8b2aaf8-9be8-4f63-93ba-bafe442fae63,0aaa24cd-1bbb-43a7-9436-41404a94c435,GS,General Surgery,660,512
648a411b-92a1-4989-807f-d06eba78f23a,7df6476c-36e5-4b7f-b491-d544b865d70c,OBG,Obstetrics & Gynaecology,493,834
5010c3a9-db04-4992-b892-9902fffd3d7b,7df6476c-36e5-4b7f-b491-d544b865d70c,ORTH,Orthopaedics,1476,1340
4572478b-b42a-4bdc-8255-900a303d2e4a,86558851-1882-453c-9ea1-67d2603900dc,GS,General Surgery,1789,480
fe56143c-9d63-4838-a816-07cd7e9febbc,86558851-1882-453c-9ea1-67d2603900dc,OBG,Obstetrics & Gynaecology,762,582
955b9dc4-fe65-4edd-84d5-8f6273380f6a,0b493dcd-55d3-4b54-b522-8dfccbf41872,DERM,Dermatology,692,1595
92d6cb63-208a-44b4-b83d-e243c7c152f8,0b493dcd-55d3-4b54-b522-8dfccbf41872,OBG,Obstetrics & Gynaecology,1372,1201
fbfa2fc2-7dd1-41ef-9487-4fb7e32b4051,0b493dcd-55d3-4b54-b522-8dfccbf41872,GS,General Surgery,888,259
f7447ba0-7af4-40fa-9d55-efdebd2439f3,0b493dcd-55d3-4b54-b522-8dfccbf41872,CARD,Cardiology,130,392
72ca18ff-0d2f-4195-9794-36b1402bc033,0b493dcd-55d3-4b54-b522-8dfccbf41872,ORTH,Orthopaedics,1122,929
fd4977aa-1930-4f99-9ef9-9505a01bb625,5a00f0f2-b63b-413a-80b4-85459ec37495,OBG,Obstetrics & Gynaecology,606,1161
da1c9933-924e-4a70-99d6-f6e1fa5ab385,5a00f0f2-b63b-413a-80b4-85459ec37495,GS,General Surgery,633,1645
4708501c-9f38-4339-a7f5-d7c2333f5669,5a00f0f2-b63b-413a-80b4-85459ec37495,DERM,Dermatology,586,1795
c26d240c-87ce-4b09-8c21-a3e910704ef4,b3e3bc01-458c-4c2c-84c6-f008c0086c48,GS,General Surgery,1481,1415
f5f9e26a-e45b-4874-905f-741466e68887,17ce9a4b-a046-4323-ac24-e42df9a0588d,OBG,Obstetrics & Gynaecology,387,1305
3e0c3af6-3169-4608-b9ef-ecb744decc96,17ce9a4b-a046-4323-ac24-e42df9a0588d,MED,General Medicine,898,948
2f197837-f362-49c1-80f1-80eabb026b43,17ce9a4b-a046-4323-ac24-e42df9a0588d,GS,General Surgery,1732,943
9c6c6f88-cf78-43f8-b8e2-51789c1a7af8,17ce9a4b-a046-4323-ac24-e42df9a0588d,ORTH,Orthopaedics,728,1306
5eea3bb2-77de-4456-a759-b9cc1f39fc32,7cb7d8d0-5a14-4534-ac0d-b0cdb0b4cee8,MED,General Medicine,455,738
2062cf1d-3d1c-4615-b945-e5a6823ec035,7cb7d8d0-5a14-4534-ac0d-b0cdb0b4cee8,ORTH,Orthopaedics,1461,1641
00c58723-872a-4ec0-9523-262d00e955be,7cb7d8d0-5a14-4534-ac0d-b0cdb0b4cee8,NEPHRO,Nephrology,223,901
4962bc3b-1de6-4f50-b666-225d9a54e76f,7cb7d8d0-5a14-4534-ac0d-b0cdb0b4cee8,DERM,Dermatology,1048,1778
53147b3a-b4e7-438f-b3d3-ab6b4a8fc45f,7cb7d8d0-5a14-4534-ac0d-b0cdb0b4cee8,PEDS,Paediatrics,437,944
0ff72544-f22c-40f9-9d16-42ab468656c0,b79eae79-6919-4ab6-9461-71469bffe8f0,OBG,Obstetrics & Gynaecology,1051,506
c0a893b1-a3ed-4470-a0d8-38f4ba366b73,3119e15b-f4c5-4a03-ab6e-7d7d3f74d54d,OBG,Obstetrics & Gynaecology,847,47
994fb17d-08ee-45b8-8491-363d69bf0322,3119e15b-f4c5-4a03-ab6e-7d7d3f74d54d,PSYCH,Psychiatry,333,1753
ce3b9f20-3dcb-4748-945e-3084e9804390,3119e15b-f4c5-4a03-ab6e-7d7d3f74d54d,PEDS,Paediatrics,290,1001
21aad729-f3bb-4bd9-abbc-f05a712cb277,3119e15b-f4c5-4a03-ab6e-7d7d3f74d54d,GS,General Surgery,304,716
5f2bed79-8067-48d9-82b8-3d57af65934d,7f9c4249-b2f5-4ace-a88b-cdfa28a441b4,ONCO,Oncology,1930,1628
1172a38c-b3ea-4090-b1ed-c1768948a522,7f9c4249-b2f5-4ace-a88b-cdfa28a441b4,OBG,Obstetrics & Gynaecology,786,457
af10e5c2-e4c5-4f88-af5f-556748d7881a,7f9c4249-b2f5-4ace-a88b-cdfa28a441b4,CARD,Cardiology,1452,439
a74696c0-eb56-492a-be23-3dd543d849de,7f9c4249-b2f5-4ace-a88b-cdfa28a441b4,GS,General Surgery,1005,996
5902bfec-d720-44d7-8134-d5152037e944,a320e738-29ac-4256-aadd-e2552664bcc8,OBG,Obstetrics & Gynaecology,1791,571
7e9656f7-254e-4ba2-bcd7-5add37b6e932,a320e738-29ac-4256-aadd-e2552664bcc8,OPTH,Ophthalmology,963,1034
add66f32-3349-4fbb-8583-df107c0cfe6a,a320e738-29ac-4256-aadd-e2552664bcc8,MED,General Medicine,1575,172
1edbc6a9-001f-4569-b855-27ba8e62fa13,53ead09c-f759-4df0-afba-406cc5f961b3,ORTH,Orthopaedics,250,1211
409d49ee-780e-41f7-9c61-1b3d98318094,53ead09c-f759-4df0-afba-406cc5f961b3,CARD,Cardiology,705,1410
4ee85784-16d3-45ce-972f-6f86c50c08f8,b1aeb9da-52c6-4616-991a-527d6a3eed4d,OBG,Obstetrics & Gynaecology,475,1578
226cce25-a44b-4a1a-8541-8b563d16f344,b1aeb9da-52c6-4616-991a-527d6a3eed4d,OPTH,Ophthalmology,834,1757
03aaf455-1798-4ae0-bc03-8fdf529485bc,b1aeb9da-52c6-4616-991a-527d6a3eed4d,GS,General Surgery,1235,1385
b7097931-3740-493c-97a4-239df08f1ae5,a54d6572-ec7c-4135-8180-cc668623d7fe,MED,General Medicine,1164,469
65f619b0-59e2-47fe-8a8a-83a72c5f0522,a54d6572-ec7c-4135-8180-cc668623d7fe,PSYCH,Psychiatry,197,1769
5f5e1389-ceb3-4e1d-bad2-8478f4729759,a54d6572-ec7c-4135-8180-cc668623d7fe,PEDS,Paediatrics,1782,473
588448d0-d605-4603-8257-9303377d09e6,a54d6572-ec7c-4135-8180-cc668623d7fe,CARD,Cardiology,494,1139
b43a7fa5-d604-4111-a3db-ad25041d43b6,a54d6572-ec7c-4135-8180-cc668623d7fe,ORTH,Orthopaedics,1036,604
0fb5a6d9-f573-4c84-bc55-08565bda76d8,65729bca-d04c-4300-b365-1b42386327e8,GS,General Surgery,1045,170
0bef9ba6-1a8e-4359-b2de-f65cd66239e1,65729bca-d04c-4300-b365-1b42386327e8,PEDS,Paediatrics,591,789
7bf8e1b3-51d4-400c-980d-b6a1e3e92725,65729bca-d04c-4300-b365-1b42386327e8,MED,General Medicine,288,1114
70ccee5f-e046-470b-a41c-7f7b20964e48,65729bca-d04c-4300-b365-1b42386327e8,CARD,Cardiology,604,1269
bc9d8154-1100-4fb6-82d4-0eb29415b588,bfa9e74b-32d6-48ce-be16-b19fc2bb025f,ORTH,Orthopaedics,1273,602
ca7d82b1-706d-4e2e-8085-3150dc4afc98,bfa9e74b-32d6-48ce-be16-b19fc2bb025f,CARD,Cardiology,1401,663
ab82f528-135f-4759-b776-5d7ab1c9e494,bfa9e74b-32d6-48ce-be16-b19fc2bb025f,PEDS,Paediatrics,127,976
a0e8276b-e7ee-47e7-9f1f-3d36ea7e777b,bfa9e74b-32d6-48ce-be16-b19fc2bb025f,ENT,ENT,1789,118
ff216201-1215-4bcc-b234-4575e47addbe,bfa9e74b-32d6-48ce-be16-b19fc2bb025f,BURNS,Burns & Plastic Surgery,313,1232
896713d1-c41a-4766-9686-70cdeff58e24,bfa9e74b-32d6-48ce-be16-b19fc2bb025f,GS,General Surgery,1603,1344
a15936cc-3308-46ec-8a05-3154d3438fcc,f9d49c0d-30a1-4fef-84ca-73db08a0d844,PEDS,Paediatrics,1601,91
01da58a1-f1e5-4bbf-826e-a399e5627a7f,f9d49c0d-30a1-4fef-84ca-73db08a0d844,OBG,Obstetrics & Gynaecology,949,1425
297e86b4-7c73-4b65-9362-00d4ee2352a4,f9d49c0d-30a1-4fef-84ca-73db08a0d844,MED,General Medicine,1823,1503
a50b10d6-ae54-47d2-a000-68ea6f8db4d6,f9d49c0d-30a1-4fef-84ca-73db08a0d844,NEURO,Neurology,1663,896
0a784859-5947-428f-a297-6c66aab6793c,f9d49c0d-30a1-4fef-84ca-73db08a0d844,GS,General Surgery,710,465
e761567d-225b-40ec-9a2c-72f4d1a7cb93,823975a1-876c-402d-9dd1-be395baf2ce5,PEDS,Paediatrics,644,1084
74c337e3-1c10-415d-a152-6a67c3933f4c,823975a1-876c-402d-9dd1-be395baf2ce5,CARD,Cardiology,703,481
6f745487-f494-4179-80a1-f518ddc3b6b7,823975a1-876c-402d-9dd1-be395baf2ce5,GS,General Surgery,1605,1218
c2617a57-0113-4e9b-8941-d74d1569ca27,823975a1-876c-402d-9dd1-be395baf2ce5,MED,General Medicine,1984,1584
661d5754-aa9c-47a7-8ece-02a50ee5c5b0,09446572-47bb-448a-be74-82f4a2a50d20,ONCO,Oncology,1039,1258
733259c3-0319-4e29-bb36-b344fb9e0f90,09446572-47bb-448a-be74-82f4a2a50d20,OBG,Obstetrics & Gynaecology,1087,342
9e82cb35-3010-42c2-87b0-6a4fb0e34720,09446572-47bb-448a-be74-82f4a2a50d20,MED,General Medicine,717,269
c76c740d-2348-4bfb-882e-7cc63e56a570,09446572-47bb-448a-be74-82f4a2a50d20,PSYCH,Psychiatry,254,1065
b89b63bd-4e34-423f-b50f-8f9d0eaf1e52,09446572-47bb-448a-be74-82f4a2a50d20,DERM,Dermatology,956,1296
0cb6b0ec-7619-4bb8-bce3-a851684574ba,4e1babf2-a4ee-4a12-8701-f213236daae5,OBG,Obstetrics & Gynaecology,195,851
fc58ca34-c759-411c-a50e-1977cfb658e9,4e1babf2-a4ee-4a12-8701-f213236daae5,GS,General Surgery,776,67
1b49d193-9c85-4adc-8129-92ca8527f2f3,4e1babf2-a4ee-4a12-8701-f213236daae5,OPTH,Ophthalmology,1389,75
384491eb-397a-45e5-9e3e-a8847d2432cb,4e1babf2-a4ee-4a12-8701-f213236daae5,ONCO,Oncology,1736,180
df0be0e2-e632-4696-8b0f-a2dbafe89d30,4e1babf2-a4ee-4a12-8701-f213236daae5,CARD,Cardiology,1962,102
e2ee1347-f2b3-4dcd-8fc0-3fd399979353,4e1babf2-a4ee-4a12-8701-f213236daae5,MED,General Medicine,1045,1061
e25dcc21-f703-46db-b81a-9018e5ca2cb0,451e702a-3890-467e-a7b6-f99915540ea2,GS,General Surgery,1211,1049
837988b4-c614-4bdf-b636-896e5070b2f3,451e702a-3890-467e-a7b6-f99915540ea2,OBG,Obstetrics & Gynaecology,1698,768
95f99d55-a8bf-4226-a00b-f777de59c189,ada15fd7-ebe9-4bd5-950b-8a6f5b0e031e,OBG,Obstetrics & Gynaecology,1544,1148
1f4e3a27-1ae6-48e7-986c-f7816f8a4d5f,ada15fd7-ebe9-4bd5-950b-8a6f5b0e031e,ORTH,Orthopaedics,459,1737
cc4b5d0f-b3ff-4ad7-adcf-852c8ab0fe4a,ada15fd7-ebe9-4bd5-950b-8a6f5b0e031e,NEURO,Neurology,1981,327
7fae85a4-4d69-469f-98ba-1ef4c96970e9,ada15fd7-ebe9-4bd5-950b-8a6f5b0e031e,ONCO,Oncology,685,1416
d9892c42-5093-4f76-8e31-e01ee5ebadf6,64332df1-0fd4-4153-950a-593efe09e1e1,ORTH,Orthopaedics,84,297
e71ba133-8cbe-490b-887c-fa8599462fb2,64332df1-0fd4-4153-950a-593efe09e1e1,OPTH,Ophthalmology,685,568
f5ec685d-afb9-422c-9250-11853a9ec06e,64332df1-0fd4-4153-950a-593efe09e1e1,CARD,Cardiology,1712,202
089a6932-ca1e-486f-a892-a6dad15aaf25,fba472da-6c1e-4f56-bdf6-d3c15e72872f,MED,General Medicine,937,1072
e9a02dff-4028-4f1b-865d-7415a194f61b,fba472da-6c1e-4f56-bdf6-d3c15e72872f,DERM,Dermatology,381,1300
5df17e4d-c99d-4709-b2d4-5ef7fd12d42b,3cd12cbf-cc19-45ec-ac8d-b2a68901a173,NEURO,Neurology,938,118
1a89ed59-6589-4af4-98cd-ccbc53f819f7,3cd12cbf-cc19-45ec-ac8d-b2a68901a173,GS,General Surgery,771,1587
2ed89555-1506-4bd4-acb0-7a58d89b86df,3cd12cbf-cc19-45ec-ac8d-b2a68901a173,OBG,Obstetrics & Gynaecology,1285,1233
98528582-90ed-47c0-9a84-d116c5a0fe34,3cd12cbf-cc19-45ec-ac8d-b2a68901a173,PEDS,Paediatrics,411,238
6b2b851c-727f-40eb-9038-815a2573902b,3cd12cbf-cc19-45ec-ac8d-b2a68901a173,MED,General Medicine,879,133
a106c69b-05e5-4238-b6c1-86bb0f673c48,9bbf9c2d-2037-4d42-9a7c-b6f4eb1e5c64,ONCO,Oncology,1221,981
abd38964-221f-4cfe-bf97-d5f88cce7fa1,9bbf9c2d-2037-4d42-9a7c-b6f4eb1e5c64,NEURO,Neurology,59,809
0ebba085-a433-409b-bbaf-7b11726e0beb,9bbf9c2d-2037-4d42-9a7c-b6f4eb1e5c64,ORTH,Orthopaedics,1208,1606
357f822f-a1f7-46e8-8005-fe335b55203a,aa5bacad-5830-42fe-80e5-d3dd9c2ed424,OPTH,Ophthalmology,1242,1645
73d2ef1e-b678-4235-972d-d77c078a5eaa,aa5bacad-5830-42fe-80e5-d3dd9c2ed424,CARD,Cardiology,393,473
2193a419-0fda-4aad-89b8-0ea6fcc44ff5,aa5bacad-5830-42fe-80e5-d3dd9c2ed424,OBG,Obstetrics & Gynaecology,1121,399
e598a64c-46ab-4aa4-867e-bbfad863a4f0,aa5bacad-5830-42fe-80e5-d3dd9c2ed424,MED,General Medicine,145,1692
9dcb152f-6af9-4639-ae02-5fa08b743b94,a35db00a-d1b5-4e90-9b52-5af75ce38efe,OPTH,Ophthalmology,1075,1173
c7ccd17a-f96b-4e8c-89cc-4a99a123590e,a35db00a-d1b5-4e90-9b52-5af75ce38efe,OBG,Obstetrics & Gynaecology,1869,822
b826ffd0-c7c3-4df3-9d65-e3fb8745daff,a35db00a-d1b5-4e90-9b52-5af75ce38efe,URO,Urology,1537,688
96856a66-7316-4cfb-b231-b506fdd58d14,a35db00a-d1b5-4e90-9b52-5af75ce38efe,GS,General Surgery,1437,203
73d9a50f-8cec-41cc-b258-a3b397e1e8c4,3195b4fa-9765-4e14-a6cb-ee9578600c2b,MED,General Medicine,1423,419
25c2b99e-ca56-4584-944f-d40747a413ca,3195b4fa-9765-4e14-a6cb-ee9578600c2b,OBG,Obstetrics & Gynaecology,649,1019
34b459af-cdd0-4aa3-9ab0-08c53d810a26,fbdc9d86-2ab9-4bc4-b67d-8d9445b85d85,NEURO,Neurology,671,1475
19ee6bad-c6e7-4c9b-975f-49fe69136b9d,fbdc9d86-2ab9-4bc4-b67d-8d9445b85d85,ORTH,Orthopaedics,1793,573
12faab38-4a92-46da-912f-100e2cbad364,fbdc9d86-2ab9-4bc4-b67d-8d9445b85d85,GS,General Surgery,285,1194
bd1a847a-6238-4509-a0e8-cf075400f72a,c921f284-89d0-414c-b884-0698cacb1ff4,GS,General Surgery,327,141
57f950c3-0d02-4e02-95be-e610450db86a,c921f284-89d0-414c-b884-0698cacb1ff4,CARD,Cardiology,1546,1783
515d53eb-8a29-47b4-9bf7-d3bba6206879,c921f284-89d0-414c-b884-0698cacb1ff4,URO,Urology,226,1724
9bff4ebb-133f-4923-82e8-7b4e31b84e9f,c921f284-89d0-414c-b884-0698cacb1ff4,ENT,ENT,1468,1244
79e7f088-1890-4d86-bf0d-0d63f72ed629,c921f284-89d0-414c-b884-0698cacb1ff4,OBG,Obstetrics & Gynaecology,1234,1245
a1ee3e97-7ead-4d5e-89bd-cd8c90318399,c921f284-89d0-414c-b884-0698cacb1ff4,NEURO,Neurology,689,310
31f29b20-e6db-4a34-a6ce-c8e9bf5e5895,150964f5-2918-4ad6-a93d-e43125ccb674,ORTH,Orthopaedics,735,1324
07794417-8ac0-41c9-be03-e718e5028e5d,150964f5-2918-4ad6-a93d-e43125ccb674,GS,General Surgery,935,1639
6aedb9b2-0e58-4cca-bfcb-32871a3bec0a,944b0add-7df4-4a7b-b9fb-8552b629c7ea,ONCO,Oncology,136,473
4d30891d-f7bb-434f-8d0a-2841c1460d06,944b0add-7df4-4a7b-b9fb-8552b629c7ea,CARD,Cardiology,782,253
4cfea744-3e35-455e-8311-bf4bad262a86,944b0add-7df4-4a7b-b9fb-8552b629c7ea,URO,Urology,711,537
07a1cb8a-cb69-440a-8cd8-6d9990113a56,604f77e0-867d-4f47-b005-035ccfe6eafe,OBG,Obstetrics & Gynaecology,1023,1645
a20cd1da-032d-4bf4-b35f-ef2ef5d96270,604f77e0-867d-4f47-b005-035ccfe6eafe,CARD,Cardiology,861,1112
5f92ca5b-799d-4f57-912c-1f82a7aac352,20de12a3-7dd8-442b-9626-29a6389fc66f,CARD,Cardiology,542,249
2b45cd6a-780b-465e-9074-655cca181318,20de12a3-7dd8-442b-9626-29a6389fc66f,OBG,Obstetrics & Gynaecology,108,1505
33ed1349-f6f8-4fdb-9a61-fd098cae07c7,20de12a3-7dd8-442b-9626-29a6389fc66f,URO,Urology,1674,872
802cad10-922d-482c-9f0b-398ab240f4bb,20de12a3-7dd8-442b-9626-29a6389fc66f,PEDS,Paediatrics,945,1256
177bd19f-986a-482d-818d-e6a110835431,20de12a3-7dd8-442b-9626-29a6389fc66f,ONCO,Oncology,1114,129
c79bfe3c-f8e8-4df2-ab8c-2c6080f2a409,91143462-8c05-49cb-ac2f-8cb088470310,OBG,Obstetrics & Gynaecology,1503,863
ccef9b90-0c4b-4f31-b207-a10722e51d62,91143462-8c05-49cb-ac2f-8cb088470310,PEDS,Paediatrics,512,1099
1c97a9d0-4fdd-4670-97af-767c67ed630f,91143462-8c05-49cb-ac2f-8cb088470310,GS,General Surgery,950,340
845c6243-a73f-45d7-bed4-b47d3e50bd61,91143462-8c05-49cb-ac2f-8cb088470310,ORTH,Orthopaedics,817,733
9974f4b0-a735-482a-9c42-ee36b68d1325,e76e2d70-bae7-4f52-ba4d-f8bf3ba50dde,CARD,Cardiology,471,1414
7a53952c-b856-4f9a-aee8-e6d58dde430d,e76e2d70-bae7-4f52-ba4d-f8bf3ba50dde,DERM,Dermatology,675,1330
aee07786-f862-4c62-b427-e441d367aebe,e76e2d70-bae7-4f52-ba4d-f8bf3ba50dde,GS,General Surgery,1196,1222
442d4e2a-97fc-4fe7-8396-29568e735e85,e76e2d70-bae7-4f52-ba4d-f8bf3ba50dde,MED,General Medicine,815,836
6679005d-05eb-46e8-b0bc-cbc2325c652a,e76e2d70-bae7-4f52-ba4d-f8bf3ba50dde,OBG,Obstetrics & Gynaecology,501,1089
a079befe-908d-4025-aee3-4d950c6412ae,6f7f05c1-29a4-4a3b-9f1d-8ce43825e456,OBG,Obstetrics & Gynaecology,94,108
4cce9a2b-8bea-4013-acff-590b18a5311f,6f7f05c1-29a4-4a3b-9f1d-8ce43825e456,PEDS,Paediatrics,1863,259
d1d1f0ff-eaf1-4cd7-b660-76020b0abcc7,1984f2c7-b8f9-409a-82f1-2e0eca512cb0,OBG,Obstetrics & Gynaecology,89,824
fb51e9b5-7069-4ea5-8103-17064c3f8086,1984f2c7-b8f9-409a-82f1-2e0eca512cb0,CARD,Cardiology,738,1378
97fe2f28-0c96-4273-a0fc-a2e2c43106e0,1984f2c7-b8f9-409a-82f1-2e0eca512cb0,NEURO,Neurology,186,326
fe403a8e-f5f5-4d6a-a21d-d3440d475831,dbbf8923-8a9c-4ff1-9dcb-cc4cddd986ab,OBG,Obstetrics & Gynaecology,217,1335
2136c8ed-bba3-4630-827b-6f7022de3d4f,dbbf8923-8a9c-4ff1-9dcb-cc4cddd986ab,MED,General Medicine,1184,1178
3783f7df-2a1e-492c-a354-9180a062173f,49db68b9-3223-46a9-8bd3-1d8f7674eaa5,OBG,Obstetrics & Gynaecology,725,321
d85d4270-2541-476b-8683-7a4dba3ffca5,49db68b9-3223-46a9-8bd3-1d8f7674eaa5,ORTH,Orthopaedics,686,802
e93884fc-7482-4a4e-908d-6f696feabd50,49db68b9-3223-46a9-8bd3-1d8f7674eaa5,ONCO,Oncology,1547,426
0407eafc-d227-40ae-84f8-9afa7a9e2a7e,49db68b9-3223-46a9-8bd3-1d8f7674eaa5,MED,General Medicine,851,1779
ee8d4ed2-361f-4180-82c2-c0755903c933,49db68b9-3223-46a9-8bd3-1d8f7674eaa5,CARD,Cardiology,1593,65
6981e48b-5993-46b1-9e63-7ad78106cd8b,82d1e6ad-438a-4a16-8ecc-e03e8526342c,OBG,Obstetrics & Gynaecology,1904,223
99cea7de-8ea4-4c9d-baa6-b43372b4cf22,82d1e6ad-438a-4a16-8ecc-e03e8526342c,OPTH,Ophthalmology,1172,1209
e7aab483-2355-450d-90aa-ff47f2a3cb34,e2a93f01-18b0-45e6-b874-423881ce819e,OBG,Obstetrics & Gynaecology,848,1396
0262f185-fc0c-4825-b2a3-1c1337cfcce7,e2a93f01-18b0-45e6-b874-423881ce819e,ORTH,Orthopaedics,1414,1210
e682d934-cdd2-4f4f-9c9e-58b3abffd05a,c2e2a4f7-dd0c-4b9d-b9ef-cfa2d6f71875,MED,General Medicine,912,231
270749a4-bf29-4131-bb2f-d56d07cdf6b3,c2e2a4f7-dd0c-4b9d-b9ef-cfa2d6f71875,GS,General Surgery,98,522
f44609b2-ff8f-4935-b3c5-3ddc4c4dd0ef,c2e2a4f7-dd0c-4b9d-b9ef-cfa2d6f71875,OBG,Obstetrics & Gynaecology,135,708
56dab632-30b6-4344-bdb8-40514e4c79c3,c2e2a4f7-dd0c-4b9d-b9ef-cfa2d6f71875,ORTH,Orthopaedics,853,172
8f370cc4-7c2f-4de7-93ee-7f487c907f00,37f8d188-6fb6-403e-bdc9-409b6a860db1,OBG,Obstetrics & Gynaecology,1612,492
5669d8c3-01e1-4dd0-9491-f3f5336bb9ee,37f8d188-6fb6-403e-bdc9-409b6a860db1,ORTH,Orthopaedics,1123,1091
8a273370-5467-4b60-982f-021045c031bd,37f8d188-6fb6-403e-bdc9-409b6a860db1,NEURO,Neurology,1589,560
1f7b09a1-579f-4f8e-93e5-f97e5a44ab96,37f8d188-6fb6-403e-bdc9-409b6a860db1,ONCO,Oncology,1524,1105
c7729ecd-734e-400e-bf59-d219e75c601b,37f8d188-6fb6-403e-bdc9-409b6a860db1,GS,General Surgery,830,1493
599e4211-fa5a-47e6-b58d-e1b90fbfb310,37f8d188-6fb6-403e-bdc9-409b6a860db1,CARD,Cardiology,1240,848
99640eae-8e92-4379-b2ba-dfc6f90c3ced,f754a303-30fa-4752-8aa1-7bf5d8e745df,MED,General Medicine,175,209
db59ca83-a55c-4674-806a-845252c2b84d,f754a303-30fa-4752-8aa1-7bf5d8e745df,GS,General Surgery,1795,799
c9b79404-7b42-405d-82fa-32de5ef72826,f754a303-30fa-4752-8aa1-7bf5d8e745df,OPTH,Ophthalmology,1592,1420
41046a51-fb96-47e2-b2b3-beced417a020,e552a21d-d3e8-4f48-b58f-a41bb6a0351c,NEURO,Neurology,1671,1618
9796e869-4409-4b77-b64c-04b20ac90f43,e552a21d-d3e8-4f48-b58f-a41bb6a0351c,BURNS,Burns & Plastic Surgery,304,541
a20d2f8f-296b-49e1-b649-6dfd941a95ae,e552a21d-d3e8-4f48-b58f-a41bb6a0351c,GS,General Surgery,433,530
4f26990d-5d75-4ff8-a4c3-c2ec9ba9f4db,d4291d82-6767-43db-add6-acdccea508e7,GS,General Surgery,1256,1600
173ca94b-e5aa-4e4f-987e-1f37ad71b2c9,d4291d82-6767-43db-add6-acdccea508e7,PEDS,Paediatrics,288,1499
98a75f4a-8bf6-4e55-ac27-1b7f745c2d42,ca12a5ce-276e-4c62-a9cb-5dea3878d2e3,URO,Urology,291,716
9598a9c3-422a-4161-b230-b5aeac0c88f9,ca12a5ce-276e-4c62-a9cb-5dea3878d2e3,OPTH,Ophthalmology,1813,593
dfb72ac0-c7c0-4e7a-a3ff-e2c4debfb6fd,ca12a5ce-276e-4c62-a9cb-5dea3878d2e3,GS,General Surgery,1553,1405
76041a19-7775-4740-9672-a5e3d2301371,ca12a5ce-276e-4c62-a9cb-5dea3878d2e3,NEURO,Neurology,230,1258
9e63234e-ad20-497c-a449-ffcb11181b86,420e4cba-1468-4bc7-b980-d35a71071515,GS,General Surgery,505,824
878a97fd-c7f1-46af-bfad-b49be50e94d3,420e4cba-1468-4bc7-b980-d35a71071515,NEURO,Neurology,381,1340
1c76d7f4-f11c-49e6-bbf3-05719757e838,420e4cba-1468-4bc7-b980-d35a71071515,ORTH,Orthopaedics,981,1709
68f268e4-f76e-4995-8d56-0330ba3f3259,420e4cba-1468-4bc7-b980-d35a71071515,NEPHRO,Nephrology,1525,720
a2c591ff-5b1b-4dd0-b568-2921da182478,2445f348-8d9f-449e-9d43-5672fe4f8930,GS,General Surgery,384,1660
fa81232d-6306-42c8-b550-d0b1f8f5de88,2445f348-8d9f-449e-9d43-5672fe4f8930,OBG,Obstetrics & Gynaecology,1735,551
050cde40-cd3e-497c-9d6d-f1513d7cb8a4,2445f348-8d9f-449e-9d43-5672fe4f8930,ORTH,Orthopaedics,532,1219
12e15a9d-9360-469d-8f30-c39b66ddd9a7,18eeee38-9b25-44e2-b392-d988c640078d,ORTH,Orthopaedics,373,651
1cdda354-1d05-4446-b6f4-ba8e0100b727,18eeee38-9b25-44e2-b392-d988c640078d,DERM,Dermatology,187,273
90bbb182-723d-4c32-87f8-5df2b8f11b24,18eeee38-9b25-44e2-b392-d988c640078d,ONCO,Oncology,1904,301
5f99e6c6-c8ca-4f1f-9a7a-87151ebab1dc,18eeee38-9b25-44e2-b392-d988c640078d,URO,Urology,1776,1632
1509f24c-3197-420c-ab7c-f349b122e0ec,2b855e3e-e7a1-4dbd-b1a9-6b9e49850376,PEDS,Paediatrics,886,1679
3de4b64e-db72-41dd-86b0-5accd335d923,2b855e3e-e7a1-4dbd-b1a9-6b9e49850376,ORTH,Orthopaedics,514,1758
c79ecd3c-ef0d-4e3f-82cd-873176eb5a2f,26eba5c0-c3c0-4d49-8580-d5487713c307,MED,General Medicine,1317,1392
aa1584ba-8a03-4bc8-8c3c-cfa88e0a5650,26eba5c0-c3c0-4d49-8580-d5487713c307,OBG,Obstetrics & Gynaecology,1960,838
ffb2dcd7-2918-4c4b-a91f-01472fd4c1bc,26eba5c0-c3c0-4d49-8580-d5487713c307,ORTH,Orthopaedics,297,1638
18e07f48-1a6b-4893-8dfc-062df65d5122,ed9b5ded-be2d-49a0-bbe7-c416eefbe753,OBG,Obstetrics & Gynaecology,854,1249
bd8bcacd-6986-478a-9322-28ed3ec401a5,ed9b5ded-be2d-49a0-bbe7-c416eefbe753,ENT,ENT,1438,185
a4b5ea0d-485a-47d2-bc0d-34605a927b5f,ed9b5ded-be2d-49a0-bbe7-c416eefbe753,NEPHRO,Nephrology,1552,1306
4ff3adc8-ea93-4339-8745-ca5d53846ecf,2eccdbdf-0bc5-4179-9e23-51eec32278fd,OBG,Obstetrics & Gynaecology,1936,1557
06cc80ef-d463-4cc0-9afc-eb4a8bb97f05,2eccdbdf-0bc5-4179-9e23-51eec32278fd,GS,General Surgery,740,66
d2f8cb4a-dbf1-447d-8c15-706ba4f77c9a,561c6756-7503-4a21-98e9-5329e3f9fb03,OBG,Obstetrics & Gynaecology,288,381
cca51af2-97b0-438d-bf9a-915be616387a,561c6756-7503-4a21-98e9-5329e3f9fb03,CARD,Cardiology,290,1036
67949a58-5f0f-4c21-add2-598253636500,561c6756-7503-4a21-98e9-5329e3f9fb03,NEURO,Neurology,1811,1504
f70375a0-be86-4c31-b29b-551fafec114b,561c6756-7503-4a21-98e9-5329e3f9fb03,ORTH,Orthopaedics,1950,1566
588c1807-6b18-476b-b118-905539242fbd,561c6756-7503-4a21-98e9-5329e3f9fb03,DERM,Dermatology,1958,943
2670f0b1-81b4-4970-b395-0ef21e0a9356,6db2e3d0-46ea-4f45-8fdb-d3992e7cb3c6,NEPHRO,Nephrology,1208,1113
756f1a9b-2d12-466e-af63-2dbd952dc2a0,6db2e3d0-46ea-4f45-8fdb-d3992e7cb3c6,GS,General Surgery,1559,919
524362ef-96ba-4d3f-896d-ec30e650957f,6db2e3d0-46ea-4f45-8fdb-d3992e7cb3c6,OPTH,Ophthalmology,797,663
5143a90d-7c08-4e10-a5e0-98e27b315458,ba53cc57-82f6-48ba-8036-2b938713af86,MED,General Medicine,851,978
0f983491-566f-4d5d-b9e1-135e10e93a78,ba53cc57-82f6-48ba-8036-2b938713af86,ORTH,Orthopaedics,1492,725
175ec7df-bc40-463e-bc3b-3e9256dda4f9,ba53cc57-82f6-48ba-8036-2b938713af86,OBG,Obstetrics & Gynaecology,455,1768
f3d3c9fd-d771-4e55-8ac2-2c8f53bf8b7a,05ad7939-0c4c-4eda-ad82-1f0e7d34b9dc,OBG,Obstetrics & Gynaecology,1522,1085
4d642385-6df2-428e-b855-d6e1a766f77e,05ad7939-0c4c-4eda-ad82-1f0e7d34b9dc,OPTH,Ophthalmology,441,1226
5847488b-cdaf-40ce-9894-105ed266dd4d,05ad7939-0c4c-4eda-ad82-1f0e7d34b9dc,CARD,Cardiology,1150,1384
9c8ef7c9-78df-4540-b9cd-ee081ea1780a,00f8442d-86d0-4541-9c00-058a2358230e,URO,Urology,1720,1090
a7c97a2b-d0d2-4275-b300-406fac749645,00f8442d-86d0-4541-9c00-058a2358230e,DERM,Dermatology,1190,1079
6db5e938-247c-4824-915f-6cba15e556a7,00f8442d-86d0-4541-9c00-058a2358230e,ORTH,Orthopaedics,1709,1600
ba5c455c-b3ab-4ac5-828d-be4d944a8ff7,496e204d-5705-48aa-a53d-97d1060242b0,OPTH,Ophthalmology,1021,103
84df507d-011c-4a52-b6be-4c1a6d358a6d,496e204d-5705-48aa-a53d-97d1060242b0,OBG,Obstetrics & Gynaecology,1769,100
e01c48ef-3a86-458d-bab1-d604280aa8e2,496e204d-5705-48aa-a53d-97d1060242b0,CARD,Cardiology,400,323
55bb7c6f-b72f-44b1-9e88-20b590f81fb4,496e204d-5705-48aa-a53d-97d1060242b0,MED,General Medicine,241,1317
0c14b7a3-4fb8-4fb8-b1f2-cf9070d1a218,496e204d-5705-48aa-a53d-97d1060242b0,ENT,ENT,336,1644
16e070c5-093b-4756-a903-e4286cd81b8f,5eb0fc61-eb72-4d50-9f5d-4c0353309b1e,MED,General Medicine,275,508
b012bdf8-6a92-45a6-b1e5-796f7f75ac4b,5eb0fc61-eb72-4d50-9f5d-4c0353309b1e,OBG,Obstetrics & Gynaecology,1424,415
4eab2dc1-b212-4697-911d-017f7720cb4c,5eb0fc61-eb72-4d50-9f5d-4c0353309b1e,URO,Urology,1677,189
b7b1ee43-ac8b-43b7-b0bb-f796c73de43d,0b3525a2-042d-44f3-b887-e0bc4805045b,GS,General Surgery,1034,237
a4b1bc08-98a2-485a-8124-9a78e18e16b3,0b3525a2-042d-44f3-b887-e0bc4805045b,URO,Urology,1154,1335
ab0c5995-ccaa-486a-84a3-ad37dfd8a99f,0b3525a2-042d-44f3-b887-e0bc4805045b,OBG,Obstetrics & Gynaecology,1361,1403
02125110-eef5-4e84-942d-311a9d73f2fc,0b3525a2-042d-44f3-b887-e0bc4805045b,ENT,ENT,1226,199
47a3aafd-07e3-40e6-a607-f24b8749384f,d5055393-65e4-45c4-b5ff-3ca4b7471a2f,OBG,Obstetrics & Gynaecology,537,1088
2e919489-72b8-4aae-a566-183c959cde45,d5055393-65e4-45c4-b5ff-3ca4b7471a2f,MED,General Medicine,586,1752
7f5f9e94-f947-4542-be7f-b7e903a41c57,d5055393-65e4-45c4-b5ff-3ca4b7471a2f,URO,Urology,1078,1534
24474c1b-ecb2-405b-93c3-8ad7cdf8b98a,c4b48c32-d14b-4c07-bd08-287151034193,URO,Urology,1547,173
c323abc2-8694-4200-a70f-ac9acf518c11,c4b48c32-d14b-4c07-bd08-287151034193,ORTH,Orthopaedics,1146,1213
74d67dac-5b2d-41ff-aa9a-b3bc243465ba,c4b48c32-d14b-4c07-bd08-287151034193,CARD,Cardiology,884,1678
e8eb8675-e86b-480b-a6f3-8781bbdadd1e,94bb3526-ed70-4e3a-a814-6323ad0d9e3a,ORTH,Orthopaedics,881,1424
e562dc21-df28-412d-a1c3-46d1f92cbcff,94bb3526-ed70-4e3a-a814-6323ad0d9e3a,NEPHRO,Nephrology,1960,649
c8c502a3-1edc-4e49-bf95-0a882d3ace48,94bb3526-ed70-4e3a-a814-6323ad0d9e3a,OBG,Obstetrics & Gynaecology,399,1203
b0f1b19d-6b76-43a6-bf5e-8e40d29802ad,94bb3526-ed70-4e3a-a814-6323ad0d9e3a,GS,General Surgery,744,943
88cac3ee-22eb-4ffe-8618-458d726fbd4d,5387ea1a-cb1f-4458-a8f5-bfabdc6e906b,OBG,Obstetrics & Gynaecology,472,106
d70cfb09-956b-42fc-9a25-f8f3b51627d8,5387ea1a-cb1f-4458-a8f5-bfabdc6e906b,ONCO,Oncology,1208,162
cd0633a1-fade-43d9-9350-c0eb8c55d7b1,5387ea1a-cb1f-4458-a8f5-bfabdc6e906b,GS,General Surgery,61,1156
e275c9d2-d441-408e-a72b-4d38b2d48d7f,5387ea1a-cb1f-4458-a8f5-bfabdc6e906b,MED,General Medicine,1331,627
079e075c-3a2e-4ba3-8499-ed5009892af7,6cd2a30c-4e21-4b8b-9a50-0534c6dfde5a,ENT,ENT,493,1321
ad07e016-1bd6-4674-bb88-ecb50dfffa12,6cd2a30c-4e21-4b8b-9a50-0534c6dfde5a,MED,General Medicine,1340,1138
ebf7d948-10d3-4dc8-aa76-c6d083e796ea,6cd2a30c-4e21-4b8b-9a50-0534c6dfde5a,OBG,Obstetrics & Gynaecology,1947,184
28b874f2-475a-47d6-a097-c5de097ee472,6cd2a30c-4e21-4b8b-9a50-0534c6dfde5a,OPTH,Ophthalmology,1327,1122
98848df9-eb06-485b-8338-5678ed8c83e2,eaa8a982-e287-46db-97da-0fcee066c814,ORTH,Orthopaedics,217,1427
857944d1-f2b8-4430-af4d-160f9bb6500e,eaa8a982-e287-46db-97da-0fcee066c814,OBG,Obstetrics & Gynaecology,1347,1796
9f7e172e-b943-4c0a-b3ce-7dbf430f25ea,eaa8a982-e287-46db-97da-0fcee066c814,OPTH,Ophthalmology,1466,361
45f5edba-6b5f-4aeb-b351-debfbc03144a,eaa8a982-e287-46db-97da-0fcee066c814,MED,General Medicine,1274,594
af31bec1-2ad7-4a5d-ac29-cf4b83330439,0484b4b0-be1a-47cf-af1f-988540649809,OBG,Obstetrics & Gynaecology,314,488
036a08c2-c368-460b-9173-c03edffb5cf9,0484b4b0-be1a-47cf-af1f-988540649809,ONCO,Oncology,519,190
0b8d68a8-1d02-49c5-b546-3afd1bb35cf6,0484b4b0-be1a-47cf-af1f-988540649809,NEURO,Neurology,1076,682
a2aadf37-89a4-4656-be8d-4ff795386a50,0484b4b0-be1a-47cf-af1f-988540649809,URO,Urology,289,86
39c0bfd9-b664-45fc-9cbf-2249e5988f02,0484b4b0-be1a-47cf-af1f-988540649809,GS,General Surgery,1283,750
709f3ccf-a3a0-4e4c-a9a4-7f013b44a46a,b61d1047-5de7-4eab-bd9b-2d1b23b44a57,ENT,ENT,496,295
b5dd2b85-ce68-4008-8012-26413f359103,b61d1047-5de7-4eab-bd9b-2d1b23b44a57,OBG,Obstetrics & Gynaecology,282,1594
3b9918ea-2765-412a-a469-385e3ae0a151,b61d1047-5de7-4eab-bd9b-2d1b23b44a57,URO,Urology,1804,674
82413726-a3cc-46d0-8a56-6940d3028123,b61d1047-5de7-4eab-bd9b-2d1b23b44a57,ORTH,Orthopaedics,471,1664
d60704fe-a0b6-489c-bf28-2cd23d0f31c4,9114cd94-bb73-4868-98e5-e7921839d79f,URO,Urology,617,499
fac040d1-7bd2-48af-b56f-1fb4ffb361e4,9114cd94-bb73-4868-98e5-e7921839d79f,OBG,Obstetrics & Gynaecology,110,1353
57383e44-0632-436e-9c6f-1fba08264386,89834b8c-a4e0-4700-8e5e-09ecc579955f,NEURO,Neurology,852,1055
ced20703-f8b7-4602-b888-04b068aac84a,89834b8c-a4e0-4700-8e5e-09ecc579955f,MED,General Medicine,217,589
fd41a469-0832-428e-9b27-c70d73b96097,89834b8c-a4e0-4700-8e5e-09ecc579955f,OBG,Obstetrics & Gynaecology,529,417
03bc4900-bf7f-406e-884c-297968f135b5,89834b8c-a4e0-4700-8e5e-09ecc579955f,GS,General Surgery,1652,864
e9b9f449-772c-4a7e-9d5d-4321b11dc26e,433f7571-593e-4b39-89c8-49115b68c702,NEPHRO,Nephrology,1373,1688
7c27dcea-29ad-4735-968b-ea236d7321fe,433f7571-593e-4b39-89c8-49115b68c702,GS,General Surgery,404,180
8f150813-f511-40e0-9a21-ed0dccef252a,433f7571-593e-4b39-89c8-49115b68c702,PEDS,Paediatrics,1722,993
0e13201c-8eb0-469b-9921-6ce2e7663a05,433f7571-593e-4b39-89c8-49115b68c702,DERM,Dermatology,1344,1223
cec738da-048b-48e7-a329-6722ab7392f4,433f7571-593e-4b39-89c8-49115b68c702,MED,General Medicine,180,251
152bdc71-c6eb-454a-ae87-e8225e3ac8a8,a1752c7c-7223-4e9e-bd32-3f670ed10ae4,CARD,Cardiology,1301,1085
962aab31-4e79-4ef7-bae0-1109674d1cfd,a1752c7c-7223-4e9e-bd32-3f670ed10ae4,ENT,ENT,578,840
7b5bca48-1c46-42ba-8737-d251f58b1b61,a1752c7c-7223-4e9e-bd32-3f670ed10ae4,OBG,Obstetrics & Gynaecology,1774,916
3d885499-1f0d-4bf7-bd31-3245ec0fdbaf,a1752c7c-7223-4e9e-bd32-3f670ed10ae4,URO,Urology,957,1717
35ad9217-2602-4f85-aaae-1547290f1531,de42d267-71ae-4a05-9d05-bd021a94ba07,OBG,Obstetrics & Gynaecology,728,754
43fb6df7-3291-4362-8ae5-feb44b316152,de42d267-71ae-4a05-9d05-bd021a94ba07,ORTH,Orthopaedics,1088,1744
0cdd1711-526b-4f12-b3a6-320039d6d939,de42d267-71ae-4a05-9d05-bd021a94ba07,NEURO,Neurology,1360,175
c0987e9c-c9d4-4829-9128-e2cd00300679,de42d267-71ae-4a05-9d05-bd021a94ba07,PEDS,Paediatrics,1807,1117
c56b0170-d02d-4b2a-ad68-e076acb35ff1,86f87c6b-bbc9-4d7c-a22f-b605d4655338,OBG,Obstetrics & Gynaecology,1094,1457
2bd36c9d-ca5d-40fc-830a-596d25c2f912,86f87c6b-bbc9-4d7c-a22f-b605d4655338,URO,Urology,1853,395
4287efab-e341-426e-b076-2309fa9094cc,86f87c6b-bbc9-4d7c-a22f-b605d4655338,ORTH,Orthopaedics,1827,723
bad0f93a-ebf3-4d58-8990-35409865a911,86f87c6b-bbc9-4d7c-a22f-b605d4655338,ONCO,Oncology,819,1702
5bd1d961-054c-463c-aff0-29ea5296f798,4e53eac0-1a87-48c6-a78e-cbd8142393f4,URO,Urology,318,67
2af7c6d4-1e9f-4608-ab4a-a2c692744b5b,4e53eac0-1a87-48c6-a78e-cbd8142393f4,ORTH,Orthopaedics,771,564
256481c1-a6eb-4b8f-bbb9-5b67c7f749b3,4579ce56-d734-4c9a-882d-5b50dc705204,URO,Urology,1823,769
38e8ef27-8d64-484e-ba9e-d9b86298db2b,4579ce56-d734-4c9a-882d-5b50dc705204,OBG,Obstetrics & Gynaecology,158,1410
86ca450b-c5bc-4f56-8a8f-816ac3c8dee7,4579ce56-d734-4c9a-882d-5b50dc705204,GS,General Surgery,482,611
16e942f2-ef48-4d20-91d2-46f91f572810,3234c76e-4303-4225-b839-9398cec4cdc7,CARD,Cardiology,453,808
ce7599c0-cf16-4fb1-9cc7-50fc2190b237,3234c76e-4303-4225-b839-9398cec4cdc7,ORTH,Orthopaedics,1401,1456
975ca6f0-2f01-478e-9aa5-f08f2f885bec,72926ebd-da37-49e2-ab3c-b839808859f6,OBG,Obstetrics & Gynaecology,1656,417
45b50c93-f13f-470b-8909-afc1539380e1,72926ebd-da37-49e2-ab3c-b839808859f6,NEURO,Neurology,1019,92
b7bb957c-8df7-4f4f-948c-06e20494b6ab,72926ebd-da37-49e2-ab3c-b839808859f6,URO,Urology,1053,786
77ec87e4-f325-43e7-a352-d0836d40a9ec,e760e769-6a81-4473-b54e-25d937a168e6,GS,General Surgery,300,614
963a7c5a-7b9f-4ce0-9dac-f27f64930a86,e760e769-6a81-4473-b54e-25d937a168e6,NEURO,Neurology,887,419
be6e37e1-6cf7-4e6d-b906-b080740abfcb,e2ff33c6-6b11-4a0e-9f82-74a0da350c86,URO,Urology,120,1452
b92d0117-e59f-4ba1-9d85-9ef86b7e5bee,e2ff33c6-6b11-4a0e-9f82-74a0da350c86,ORTH,Orthopaedics,767,1191
06d08f19-23db-4b37-95d4-42e03024c3ac,a8cf8709-3705-46ee-9b0b-5844ae8f8608,CARD,Cardiology,55,1632
14e75521-53c4-4a75-83d2-7347b3241e0c,a8cf8709-3705-46ee-9b0b-5844ae8f8608,OBG,Obstetrics & Gynaecology,1657,701
e8be644b-7186-4d41-ac8d-d4bf147b7e4d,a8cf8709-3705-46ee-9b0b-5844ae8f8608,ORTH,Orthopaedics,614,1388
1cbb13ed-3c2a-46c8-9178-235c11ba2df5,04a9b909-4b22-4fc6-98e2-683bc8c848f9,OBG,Obstetrics & Gynaecology,641,1745
84b84a98-420c-4fd1-9cea-d7fbacddfe54,04a9b909-4b22-4fc6-98e2-683bc8c848f9,PSYCH,Psychiatry,488,1410
42c350ef-d8a5-4807-9b1c-25e3c0dceba3,9f2f7283-1558-4ebe-84b5-2c48bf754ce3,ONCO,Oncology,1286,1432
c56b9a60-f524-452b-84a2-0ec6313d2833,9f2f7283-1558-4ebe-84b5-2c48bf754ce3,OPTH,Ophthalmology,157,1199
384c2d0f-f0e9-4040-9dca-c4c280192eee,9f2f7283-1558-4ebe-84b5-2c48bf754ce3,GS,General Surgery,888,888
87daa6ea-78c1-4589-9273-c21d108fc4a0,9f2f7283-1558-4ebe-84b5-2c48bf754ce3,BURNS,Burns & Plastic Surgery,130,1279
6a04f4ae-7e8e-4d63-b4d6-658541385cde,9f2f7283-1558-4ebe-84b5-2c48bf754ce3,OBG,Obstetrics & Gynaecology,1430,1644
41f8438f-743c-4a1b-9868-486b0e37b4cf,5e61eaf4-4d9a-4bf5-ad2d-e905a8860727,ORTH,Orthopaedics,1113,875
ca469985-3814-4c38-be1f-d15dd7b94d1d,5e61eaf4-4d9a-4bf5-ad2d-e905a8860727,GS,General Surgery,346,159
903caceb-53a4-4251-a301-79cafda7e85a,5e61eaf4-4d9a-4bf5-ad2d-e905a8860727,PEDS,Paediatrics,590,1151
f84c1cfa-5515-4d2f-be89-d7562de605f2,5e61eaf4-4d9a-4bf5-ad2d-e905a8860727,OBG,Obstetrics & Gynaecology,90,172
560285fe-1e6e-4975-b62b-93ec39f2b2ae,5ddf7e87-91eb-4b43-9b6a-cee7be05af4b,CARD,Cardiology,236,1465
698030ac-657f-43a6-a315-d165b5dbf56c,5ddf7e87-91eb-4b43-9b6a-cee7be05af4b,URO,Urology,272,1134
3d20eeb1-5721-470b-b97b-2e1cd0cd58fe,183ddbc7-8a42-4100-b692-25b41d411a44,MED,General Medicine,145,838
a8bc5f1f-6abd-4d0e-bdeb-1952d4b91600,24411a34-0594-4ffa-bfda-178000be841c,NEURO,Neurology,322,1281
c3ecc4fa-5377-479a-ba7a-5205a6bf1093,24411a34-0594-4ffa-bfda-178000be841c,ORTH,Orthopaedics,612,1640
dde20755-0c7b-4f1c-8860-2475fe41394c,24411a34-0594-4ffa-bfda-178000be841c,OBG,Obstetrics & Gynaecology,612,419
6eae0dae-056b-4528-88da-1aad2f6e351a,71def1dc-e3a2-4d9f-b3b3-3a134ac38e5a,OBG,Obstetrics & Gynaecology,96,638
cc852184-6967-4c7e-9e4f-ff381418e5d9,71def1dc-e3a2-4d9f-b3b3-3a134ac38e5a,NEPHRO,Nephrology,1307,848
53cb57fe-b61a-411b-97f0-a300e030037e,71def1dc-e3a2-4d9f-b3b3-3a134ac38e5a,GS,General Surgery,349,1395
9983ae10-3191-48f3-b5ab-0eccadfe62d9,71def1dc-e3a2-4d9f-b3b3-3a134ac38e5a,PEDS,Paediatrics,1305,653
bccba682-41ac-44e5-be63-4106eb257dec,71def1dc-e3a2-4d9f-b3b3-3a134ac38e5a,ENT,ENT,500,1059
a1ba65f3-7140-49d6-a4b6-2fada8348288,fc2d21cc-7648-4ebf-9a20-d6c993088189,ENT,ENT,1626,1613
e3423654-d6eb-4c5e-9bb8-cd4a06719d2c,fc2d21cc-7648-4ebf-9a20-d6c993088189,MED,General Medicine,1428,511
d96133d4-5cd8-4d97-9d6b-0022229badf9,fc2d21cc-7648-4ebf-9a20-d6c993088189,BURNS,Burns & Plastic Surgery,1897,1612
ddd73575-e569-4fe7-85c3-a639a6c03f51,fc2d21cc-7648-4ebf-9a20-d6c993088189,URO,Urology,791,924
c358ae58-62ab-4b7e-9bda-e803406d34d8,842d46e3-3d55-4b31-b26b-b9801a0918a8,OBG,Obstetrics & Gynaecology,1798,874
d5b295e5-ef69-4407-a19f-67e07d1400d2,842d46e3-3d55-4b31-b26b-b9801a0918a8,URO,Urology,747,1572
454d4921-de09-4aca-bd82-767f03cb1078,842d46e3-3d55-4b31-b26b-b9801a0918a8,CARD,Cardiology,1946,551
8db882b1-9fda-429e-ab9f-186c08359f22,842d46e3-3d55-4b31-b26b-b9801a0918a8,GS,General Surgery,552,1250
e0a1a6d4-ccf4-4167-8854-a60deda54752,842d46e3-3d55-4b31-b26b-b9801a0918a8,OPTH,Ophthalmology,634,1398
8e559644-533e-4795-a871-65aff4702c81,842d46e3-3d55-4b31-b26b-b9801a0918a8,PEDS,Paediatrics,1732,845
f0f70a92-098b-4b76-8c53-0c8c4902dc08,889a8e3b-c080-4fd6-a51d-2a0f9a940daa,GS,General Surgery,340,1077
294130e5-1286-42c0-8c10-c395d7601e41,889a8e3b-c080-4fd6-a51d-2a0f9a940daa,OBG,Obstetrics & Gynaecology,1248,103
e91519be-1096-430d-a9c2-0398f8457a16,889a8e3b-c080-4fd6-a51d-2a0f9a940daa,MED,General Medicine,923,52
e1773372-935d-4c91-904d-305a61a6f448,889a8e3b-c080-4fd6-a51d-2a0f9a940daa,ORTH,Orthopaedics,1445,478
64bb33a5-154a-4d99-91ea-d6b7e6bac7a1,bdfff4f6-d719-42e0-a099-2bc29e5af732,DERM,Dermatology,762,270
676dbbe7-da38-4dcc-b09e-905dd25fff67,bdfff4f6-d719-42e0-a099-2bc29e5af732,ONCO,Oncology,1275,1208
7a96b475-f1e6-4f31-ad90-5b39bedb82ee,bdfff4f6-d719-42e0-a099-2bc29e5af732,OBG,Obstetrics & Gynaecology,1851,459
976f31bf-9d37-4802-9063-52dd43be8a75,2ec17cf7-15f7-4bc1-b24c-0fad95e318a1,GS,General Surgery,1763,236
d00460c9-ce7a-4c51-a225-aea9be894caf,2ec17cf7-15f7-4bc1-b24c-0fad95e318a1,ORTH,Orthopaedics,1615,486
0f7efee0-36b0-4a65-8bc1-0e28034142a0,2ec17cf7-15f7-4bc1-b24c-0fad95e318a1,OBG,Obstetrics & Gynaecology,866,1067
3ad22a38-e18f-4b69-83bf-dbb30b8df9fd,1cc54768-2d4a-4929-b71a-faadf9b03af5,GS,General Surgery,1023,76
691eb8cd-88da-4d3b-938e-13682866eedb,1cc54768-2d4a-4929-b71a-faadf9b03af5,URO,Urology,205,1798
4773a599-a569-4bc1-87c8-d314d8c9d2fd,7469f721-a5c5-442b-8175-ba3e661ee28a,OPTH,Ophthalmology,861,508
b9499293-9986-4b06-8207-bbf81b9db741,7469f721-a5c5-442b-8175-ba3e661ee28a,MED,General Medicine,153,1293
a0d01e74-2f81-460d-8982-f28024ff072a,07493c1c-2032-4f04-a8be-01d65e5d0a51,OBG,Obstetrics & Gynaecology,1247,778
68cac7f7-d405-4749-a6e6-09e06abb8df7,07493c1c-2032-4f04-a8be-01d65e5d0a51,GS,General Surgery,1579,903
c6533e21-b25c-471f-b1f7-b66867b4ac7d,07493c1c-2032-4f04-a8be-01d65e5d0a51,PEDS,Paediatrics,136,1543
03674b0b-8248-4318-972c-2937a9a8c09f,07493c1c-2032-4f04-a8be-01d65e5d0a51,OPTH,Ophthalmology,1767,1643
19a6cef1-cbdb-42b1-a59f-c6aed62cb9b2,07493c1c-2032-4f04-a8be-01d65e5d0a51,ENT,ENT,427,494
a5490cd5-b1bc-4023-bca3-4e42480877e7,758813dc-97a7-4005-8104-a90e216eacfc,ENT,ENT,597,1017
469ab0b0-a144-40f1-9c2f-5d69cacabd70,758813dc-97a7-4005-8104-a90e216eacfc,GS,General Surgery,541,645
4d390f70-5d63-4802-8819-9576250088a7,758813dc-97a7-4005-8104-a90e216eacfc,OPTH,Ophthalmology,475,124
5efbb5ae-0e02-4594-b13d-c02634a54f10,758813dc-97a7-4005-8104-a90e216eacfc,MED,General Medicine,377,1795
9c74b8ff-347e-4979-a669-14e5427a6b6c,758813dc-97a7-4005-8104-a90e216eacfc,PEDS,Paediatrics,502,66
6b49a271-f6a9-4f96-8cee-1fb8b7ca3e39,b67f38fc-b061-4476-b9df-fa4782aa80b5,OBG,Obstetrics & Gynaecology,1213,1262
7f3414e7-7cb5-48cf-8837-5ffc52677086,b67f38fc-b061-4476-b9df-fa4782aa80b5,PEDS,Paediatrics,1221,861
fe93bb48-3a8d-44ab-8249-6df97cd2046a,d69260e4-339a-4592-adcd-ab5e5fab0286,PEDS,Paediatrics,1122,1465
9eb9044f-6d79-4a39-9b2a-7a1f53f0ddf7,d69260e4-339a-4592-adcd-ab5e5fab0286,CARD,Cardiology,1612,1520
3f53d7f3-f00f-48c1-96de-ca7b78b67e43,01b1ac9a-b279-4287-b7c9-672a9f739faf,MED,General Medicine,609,183
1299328c-07f9-4042-8642-0e7f12a23b2d,01b1ac9a-b279-4287-b7c9-672a9f739faf,PSYCH,Psychiatry,1641,1438
218dc46d-a549-439c-8fe0-c9b90e948884,01b1ac9a-b279-4287-b7c9-672a9f739faf,GS,General Surgery,1789,436
69eb5c6b-9478-449c-8a23-75e394b98d6a,01b1ac9a-b279-4287-b7c9-672a9f739faf,NEURO,Neurology,1924,557
2055bc3b-506b-43c6-91fe-91b402633bca,01b1ac9a-b279-4287-b7c9-672a9f739faf,OBG,Obstetrics & Gynaecology,407,585
3d3356a9-7750-47ac-a220-20dab96515f5,2c47cf2f-06c6-439a-8bd4-b8057bc14e83,ORTH,Orthopaedics,504,611
19e61b11-e521-443f-9d52-9cec991a0b7a,2c47cf2f-06c6-439a-8bd4-b8057bc14e83,GS,General Surgery,938,529
6aca77fa-440c-425f-ab6c-5d20a3b2fb39,2c47cf2f-06c6-439a-8bd4-b8057bc14e83,OBG,Obstetrics & Gynaecology,1847,1318
87b1ff5e-a94b-4b0e-8a9e-87d1d94cfc86,2c47cf2f-06c6-439a-8bd4-b8057bc14e83,NEURO,Neurology,570,1249
c345e39d-0b31-4f80-bfcb-2566783e6a3d,3bfa5202-683d-4c96-b57e-d90f4e583b89,ORTH,Orthopaedics,813,208
ace38c5f-9b21-4c1d-935a-eb5623532732,3bfa5202-683d-4c96-b57e-d90f4e583b89,CARD,Cardiology,1515,95
f918d351-904b-4f3b-bf06-fac8efcb0137,3bfa5202-683d-4c96-b57e-d90f4e583b89,GS,General Surgery,377,1319
11627f23-fe41-4406-9375-9d3444007a22,7930b01e-fe60-4367-b07f-3ebc6726b6e3,OPTH,Ophthalmology,123,630
55a43832-390d-467d-ba02-9a7259af5783,7930b01e-fe60-4367-b07f-3ebc6726b6e3,PEDS,Paediatrics,1106,1268
63274ce9-d8fa-4038-ba00-4644e4f397ff,7930b01e-fe60-4367-b07f-3ebc6726b6e3,ORTH,Orthopaedics,604,1043
f71ac306-3ad3-40b9-be6b-f78600a9fef5,7930b01e-fe60-4367-b07f-3ebc6726b6e3,MED,General Medicine,1782,1417
eabf4433-532c-42dc-9285-0fd8e9be582b,ab7a702e-228b-4579-ae2a-65c150f833bf,ONCO,Oncology,404,323
e0a0915b-02c4-4862-b9ac-98b0d49747ac,ab7a702e-228b-4579-ae2a-65c150f833bf,OBG,Obstetrics & Gynaecology,904,323
3c4ac525-e5ba-43a1-92ff-26f1be76df14,ab7a702e-228b-4579-ae2a-65c150f833bf,NEURO,Neurology,1890,716
bfb91722-b75a-49b0-8b93-bb537bc3d746,ab7a702e-228b-4579-ae2a-65c150f833bf,CARD,Cardiology,78,939
b4da4415-64ef-4446-8135-f0ac5ecf6f45,4829e973-f82f-4764-b305-7e52cf548e68,MED,General Medicine,1079,49
d6770f47-cd78-4e81-9da2-33a75b334b2f,4829e973-f82f-4764-b305-7e52cf548e68,GS,General Surgery,1290,1009
4fc41b47-c186-49b5-8620-9cd5cee66d16,a8bca0d7-22da-4393-aa6e-c853ffe030e7,OPTH,Ophthalmology,980,1014
da8f1c19-00ac-4104-93df-a62a5255590f,a8bca0d7-22da-4393-aa6e-c853ffe030e7,OBG,Obstetrics & Gynaecology,378,1277
6ca7d368-8292-43a8-a27b-1de222e75b26,a8bca0d7-22da-4393-aa6e-c853ffe030e7,GS,General Surgery,234,1176
e7fd4b72-b909-4728-aa4a-1c991d70320d,a8bca0d7-22da-4393-aa6e-c853ffe030e7,URO,Urology,903,1496
ba2a18de-6a8e-4ad6-9168-b1ef1ffee74a,a8bca0d7-22da-4393-aa6e-c853ffe030e7,MED,General Medicine,382,1412
b34bb82c-1cf5-40e1-9583-13a0ca2ac0bc,a8bca0d7-22da-4393-aa6e-c853ffe030e7,DERM,Dermatology,1228,1245
921ef1d0-c05e-40bb-8780-e0a970d34524,20f10240-070c-42f6-a7aa-4152217b8794,PEDS,Paediatrics,1023,800
f4edb8d2-515e-456f-bbdc-17f4fb09ee54,20f10240-070c-42f6-a7aa-4152217b8794,MED,General Medicine,1942,904
bc149d83-6acb-48a8-84b5-e293acf57a56,20f10240-070c-42f6-a7aa-4152217b8794,OBG,Obstetrics & Gynaecology,1565,674
90558d12-32d5-4944-9e32-5f48fd0347bb,c0ac23d2-7ed2-48c4-be3c-67f131b622ea,CARD,Cardiology,401,759
c4c04067-f69a-4991-bebb-2a43ee7242cb,c0ac23d2-7ed2-48c4-be3c-67f131b622ea,OBG,Obstetrics & Gynaecology,374,1072
8fc28651-88fa-4ed0-9cd7-c6d1c4ccafac,c0ac23d2-7ed2-48c4-be3c-67f131b622ea,OPTH,Ophthalmology,961,1464
b3032fbd-72c0-463a-b1e1-f3612f0ae0a2,c0ac23d2-7ed2-48c4-be3c-67f131b622ea,ENT,ENT,566,1420
40b11f18-1c23-4004-afec-8a39b6c33d9a,14622dbc-3e07-4dfa-83e9-fee29cb49118,ORTH,Orthopaedics,116,1476
63dbd12a-fb2b-4857-9f7b-7db53e02fc3f,14622dbc-3e07-4dfa-83e9-fee29cb49118,PEDS,Paediatrics,1205,584
c514b234-0440-4a7e-aeec-a7e949986005,14622dbc-3e07-4dfa-83e9-fee29cb49118,MED,General Medicine,475,550
2e357dde-e7ed-45da-8e29-993abf1d749d,14622dbc-3e07-4dfa-83e9-fee29cb49118,URO,Urology,1016,1669
c5123c43-383a-4574-a6de-6d80b1830c60,14622dbc-3e07-4dfa-83e9-fee29cb49118,OPTH,Ophthalmology,1991,821
e35eb0e8-313a-431b-b75b-c5f83563d160,14622dbc-3e07-4dfa-83e9-fee29cb49118,GS,General Surgery,1643,1656
6a4660fb-60de-4a90-ab38-51689af2cdd8,7874e354-349f-4c7f-afe1-cd8abcbf9343,URO,Urology,710,1643
a406d3a3-265d-4706-8dd0-b553f1b2c70e,7874e354-349f-4c7f-afe1-cd8abcbf9343,PEDS,Paediatrics,528,1786
7a927efb-71d8-4705-88da-3415c9e3ffb5,415e594d-ec73-4fd4-b01a-0eae58bacad9,ORTH,Orthopaedics,1976,1019
fef1f2f6-f8e5-47f1-8d7b-5157d25376c8,415e594d-ec73-4fd4-b01a-0eae58bacad9,OBG,Obstetrics & Gynaecology,1318,860
f78fee40-f193-4492-914b-c044ab003fc5,8b5dde1e-f33c-4840-9ed7-e11c9ef89c2d,CARD,Cardiology,1121,404
2d43a230-d1be-47ed-9ee8-f1e740cd4030,8b5dde1e-f33c-4840-9ed7-e11c9ef89c2d,URO,Urology,331,644
681a6217-fb39-4ebd-9130-92a0b1942e3c,8b5dde1e-f33c-4840-9ed7-e11c9ef89c2d,OPTH,Ophthalmology,696,1716
ae85bd1b-17b3-4bad-9e08-6ef1c17260a2,8b5dde1e-f33c-4840-9ed7-e11c9ef89c2d,DERM,Dermatology,1002,611
92a49356-7c23-4eac-ab9f-58a25f6f4905,f7254784-38dd-420f-b5df-7b8d170d3452,GS,General Surgery,130,1242
e4a40574-b910-44ce-ad8d-6ab209849b93,f7254784-38dd-420f-b5df-7b8d170d3452,MED,General Medicine,589,422
f6667055-4f17-4959-a94b-cd6827df4397,f7254784-38dd-420f-b5df-7b8d170d3452,ORTH,Orthopaedics,1111,701
f25fba1a-84df-42cf-ac0f-497efab6d1f3,03980638-e27c-4ced-8df0-ecfead3b8496,GS,General Surgery,1385,1041
f67871a9-0f03-4e24-a880-64535e1864af,03980638-e27c-4ced-8df0-ecfead3b8496,OBG,Obstetrics & Gynaecology,792,368
f9f57063-8f1c-4c63-a0e4-847285eba19b,fe6b0548-b615-4c70-acb7-dbf0b2167390,ONCO,Oncology,1122,1214
ce1b126b-ef0a-4732-8844-9f6b962780ea,fe6b0548-b615-4c70-acb7-dbf0b2167390,CARD,Cardiology,1965,846
978a7b96-70e2-4d8d-91ad-a2596a40b091,fe6b0548-b615-4c70-acb7-dbf0b2167390,OBG,Obstetrics & Gynaecology,1549,551
64dc46dc-15f7-48ca-975e-7bb340b87e7d,fe6b0548-b615-4c70-acb7-dbf0b2167390,ORTH,Orthopaedics,1829,1414
514619aa-4045-4af1-9c4f-fd0ba6b8b041,85d41920-65fe-4bee-bc7b-77c3b478e92e,DERM,Dermatology,1407,1037
9ac396d5-f82a-4947-9206-5be076d62ea5,85d41920-65fe-4bee-bc7b-77c3b478e92e,ORTH,Orthopaedics,569,677
9dfa4369-2c43-4c17-8bb5-c5b86e0a8428,2bf50a3a-2318-4c54-ba0f-e5797d1825e9,GS,General Surgery,1289,1686
fcaccf3d-4a8c-485d-a342-4fa465bfee22,2bf50a3a-2318-4c54-ba0f-e5797d1825e9,OBG,Obstetrics & Gynaecology,1215,815
e57c0cef-93b4-4373-8851-dfdef089b9da,2bf50a3a-2318-4c54-ba0f-e5797d1825e9,MED,General Medicine,1151,307
2616be9f-e7d0-4f31-a22a-9ef05d28c8e6,2bf50a3a-2318-4c54-ba0f-e5797d1825e9,PEDS,Paediatrics,112,343
69cf3d86-9d2a-49fb-8928-e0629fac42c9,2bf50a3a-2318-4c54-ba0f-e5797d1825e9,ORTH,Orthopaedics,76,1793
797c4b99-2235-4b7f-bc81-15eceef2b6d0,55aec539-fde1-4ea1-8ae6-a6c140b652a3,OBG,Obstetrics & Gynaecology,1546,1507
a6b79684-e434-43e5-bb3d-700e8618a45b,55aec539-fde1-4ea1-8ae6-a6c140b652a3,MED,General Medicine,591,1256
1087de51-1997-4cf5-9574-37ce4ae5d5d7,55aec539-fde1-4ea1-8ae6-a6c140b652a3,OPTH,Ophthalmology,114,846
1c515160-5824-4f1b-9aa8-773a8b337b3d,55aec539-fde1-4ea1-8ae6-a6c140b652a3,ORTH,Orthopaedics,274,249
982cd7c4-b661-4244-a32a-3eceea818474,55aec539-fde1-4ea1-8ae6-a6c140b652a3,NEURO,Neurology,520,1168
ab8302e7-e439-4b93-a70b-c8fe0448b128,678a9d99-f865-4498-9cdc-2793d64799e1,OPTH,Ophthalmology,787,1295
a21f5678-f250-47f9-85dd-8b848c353494,678a9d99-f865-4498-9cdc-2793d64799e1,MED,General Medicine,288,1553
5f998dbf-4044-4b73-bcce-b8f758766936,678a9d99-f865-4498-9cdc-2793d64799e1,OBG,Obstetrics & Gynaecology,1820,1319
7a0793f2-c3b9-44cd-b72b-bd784e9e6992,60982dad-6a46-4042-8070-db1c1284ef78,MED,General Medicine,747,904
66635a4d-1a1b-4035-9c28-e6ef70d37da5,60982dad-6a46-4042-8070-db1c1284ef78,URO,Urology,891,1669
f41ddf47-e51a-4c83-a3a3-c8846153c234,369c4792-d860-46d9-9e91-928c88baf369,OPTH,Ophthalmology,1603,1345
c14ba3cd-7c53-4e59-a954-0c532ea95ec6,369c4792-d860-46d9-9e91-928c88baf369,OBG,Obstetrics & Gynaecology,395,55
e6717e85-76fd-4439-8701-b8865e8f35d1,369c4792-d860-46d9-9e91-928c88baf369,ONCO,Oncology,1027,800
915f2829-5004-4a0b-b40f-b87fbc5098a4,6e6ec9a2-31f0-4e47-96bd-7c837cf0470f,MED,General Medicine,461,600
2eecc3ae-e0f4-4b01-b878-711e91825077,6e6ec9a2-31f0-4e47-96bd-7c837cf0470f,PEDS,Paediatrics,1793,555
5833101f-6ea8-4335-9fd6-4a3aaa5383da,c16b7c0d-590b-4fb0-b2e7-3bb1c0f81008,DERM,Dermatology,572,329
3fc3e3cc-baf4-4a3e-b8cc-008418ca9dd4,c16b7c0d-590b-4fb0-b2e7-3bb1c0f81008,ORTH,Orthopaedics,1860,1757
d701f100-6d9f-4290-847d-01bef50fd1a1,c16b7c0d-590b-4fb0-b2e7-3bb1c0f81008,MED,General Medicine,1620,518
9a27a89b-edac-47cb-82b1-2315b05bec63,c16b7c0d-590b-4fb0-b2e7-3bb1c0f81008,URO,Urology,658,202
1a6e05ef-e857-4252-a3a8-f444f04c2f55,c16b7c0d-590b-4fb0-b2e7-3bb1c0f81008,ENT,ENT,1797,751
36668184-c7b0-416c-afe1-4c40f7814ade,c16b7c0d-590b-4fb0-b2e7-3bb1c0f81008,CARD,Cardiology,175,1161
689b7ff8-cb29-41f0-9049-daa58b7664a9,1ea8738a-f517-427e-8744-9c7bcab365f0,OPTH,Ophthalmology,430,1370
7660ef0f-9e30-4f49-9fc1-8dbac7f1d6e6,1ea8738a-f517-427e-8744-9c7bcab365f0,GS,General Surgery,99,1236
ef42a0b8-e5b2-448a-b606-e40f40674763,3ad4306b-33ba-495a-be38-434868832ac7,OBG,Obstetrics & Gynaecology,1124,1474
4f09d99e-74f9-477f-8dfb-17918a11a153,3ad4306b-33ba-495a-be38-434868832ac7,ORTH,Orthopaedics,103,1382
5b1731a3-9af4-4d57-afda-8acb14bda28f,3ad4306b-33ba-495a-be38-434868832ac7,GS,General Surgery,324,1482
3d177332-7cf1-4f24-9f48-18def8804965,3ad4306b-33ba-495a-be38-434868832ac7,NEURO,Neurology,706,1084
27c9900a-fed7-4feb-a2a2-dbc98a4326ce,0eddfa85-d109-42c8-8fb8-739048a7a330,ONCO,Oncology,1628,174
dc15195b-352b-4505-b744-88af862819ac,0eddfa85-d109-42c8-8fb8-739048a7a330,PSYCH,Psychiatry,1050,1094
3ca61e62-b91f-4d23-89f0-b8bfc934673d,0eddfa85-d109-42c8-8fb8-739048a7a330,GS,General Surgery,130,1085
2ab15ef5-b9b1-40e1-a061-e56ccc97ca61,0eddfa85-d109-42c8-8fb8-739048a7a330,ORTH,Orthopaedics,1774,265
2353a4b8-fcaa-4c4a-919c-d8d3fb52106d,0eddfa85-d109-42c8-8fb8-739048a7a330,OBG,Obstetrics & Gynaecology,1562,774
d14b0c8e-d843-41c6-9aa3-ac52666a26f4,0eddfa85-d109-42c8-8fb8-739048a7a330,PEDS,Paediatrics,1860,1234
5e1a188d-aad7-45a4-814b-fcf85acf1e3c,7f08db5a-758e-41ff-9702-28fa6d926ea2,PEDS,Paediatrics,1068,1216
dcb41d73-352e-4464-ae18-0e6b8236e9ab,7f08db5a-758e-41ff-9702-28fa6d926ea2,GS,General Surgery,1059,391
fc534c03-e555-4861-803e-167932f7d7c1,7f08db5a-758e-41ff-9702-28fa6d926ea2,ORTH,Orthopaedics,1637,1481
4d96f41c-79bd-4d7c-bf6d-ce0909d741e9,27056224-0cc0-4751-97e8-82aa00a12121,OPTH,Ophthalmology,1394,698
f5a6df0b-611c-42db-aca2-0fc1b78ba5e6,27056224-0cc0-4751-97e8-82aa00a12121,OBG,Obstetrics & Gynaecology,1872,1312
1f2cda2a-5f54-45d6-8820-461a879dde20,27056224-0cc0-4751-97e8-82aa00a12121,MED,General Medicine,1836,469
f55c22e9-c0f9-4b18-87b1-8046f0a30847,27056224-0cc0-4751-97e8-82aa00a12121,ENT,ENT,826,220
9bc7f020-0c78-4098-b922-b84778ff6195,b5f97da6-b51c-4684-ae37-09d8fc8ac3a5,GS,General Surgery,664,1263
5105c985-0316-4119-8d50-4d1a139dc125,b5f97da6-b51c-4684-ae37-09d8fc8ac3a5,OBG,Obstetrics & Gynaecology,1676,1672
ba1b7f25-7af9-43bc-9490-5abee9410736,b5f97da6-b51c-4684-ae37-09d8fc8ac3a5,OPTH,Ophthalmology,1914,1748
7cf3ffd2-76a2-441b-aae0-dcd03e6bce00,ba6ac79b-a4da-4811-a342-a7749e9b06d5,OBG,Obstetrics & Gynaecology,1776,427
4bd6740b-cf33-48bd-8273-0cc4fd70e399,ba6ac79b-a4da-4811-a342-a7749e9b06d5,OPTH,Ophthalmology,590,1638
144e3926-ed30-4f5c-a004-adfe4c1d88f5,37c2029e-65e3-4f0a-8c71-cb31a2f88e56,OBG,Obstetrics & Gynaecology,1629,1780
28be1c0a-1140-468c-a3fa-a4742b223d29,37c2029e-65e3-4f0a-8c71-cb31a2f88e56,ONCO,Oncology,1847,849
02a0e3fd-04f0-4ed4-a4d8-167dbcc2acd9,37c2029e-65e3-4f0a-8c71-cb31a2f88e56,GS,General Surgery,1582,1237
86195106-0449-48d9-857b-32fb968b3826,24a8ccd5-ac48-4d76-b7d1-46ad5da7d5a2,ORTH,Orthopaedics,1034,869
ce3a4987-ebdd-45a5-81a1-50655d5ce0c0,24a8ccd5-ac48-4d76-b7d1-46ad5da7d5a2,PEDS,Paediatrics,1773,300
baad73df-764b-4566-91a9-5ca14b7b73e2,24a8ccd5-ac48-4d76-b7d1-46ad5da7d5a2,OBG,Obstetrics & Gynaecology,652,1711
cffad0dd-815b-475c-b1c0-d62efc2d4bee,24a8ccd5-ac48-4d76-b7d1-46ad5da7d5a2,GS,General Surgery,497,255
78285a4e-9d4f-4bf7-aaab-a1dde5d51a7d,9c7f91cf-ca53-474b-8fa4-fa52c1f46601,CARD,Cardiology,1803,281
9ea586dc-3922-4b5e-a041-b408b68c3b31,9c7f91cf-ca53-474b-8fa4-fa52c1f46601,ENT,ENT,583,1208
5f8dec17-4c4b-45da-a7c1-07fe731b5829,9c7f91cf-ca53-474b-8fa4-fa52c1f46601,OBG,Obstetrics & Gynaecology,1575,711
30b00151-8053-480e-908e-6f8c0d347255,9c7f91cf-ca53-474b-8fa4-fa52c1f46601,GS,General Surgery,557,1379
93585f6b-408b-4895-ab6b-bab986093350,9c7f91cf-ca53-474b-8fa4-fa52c1f46601,MED,General Medicine,989,947
f6c576e2-4310-46da-8fa9-4ad1fb821527,9c7f91cf-ca53-474b-8fa4-fa52c1f46601,PSYCH,Psychiatry,548,1624
174ce490-e42d-43a5-a143-b20e7926c439,84cb3c64-3ecc-4541-b8e8-f057bdb261b5,MED,General Medicine,637,1542
f323ec54-3927-41e4-99e0-94bea9d4dac9,84cb3c64-3ecc-4541-b8e8-f057bdb261b5,ORTH,Orthopaedics,869,699
4da38bad-9a92-46b6-9ede-4a9f0df9546b,84cb3c64-3ecc-4541-b8e8-f057bdb261b5,PEDS,Paediatrics,738,1540
f68d850b-dd42-4cc8-b1b0-c3c6915f10b3,84cb3c64-3ecc-4541-b8e8-f057bdb261b5,URO,Urology,1566,1267
bdb8dc15-bc09-400f-81a0-db9a4d537a09,84cb3c64-3ecc-4541-b8e8-f057bdb261b5,CARD,Cardiology,725,624
7e030ded-bac3-4304-a02d-53cd58be4fcb,dd570872-afe8-481b-a77b-40b538abea65,GS,General Surgery,434,498
1e04b7e9-31bc-4236-98b2-5cc7daa0939d,dd570872-afe8-481b-a77b-40b538abea65,CARD,Cardiology,1764,1094
a6573de8-453e-4b7a-9722-a4e00367f34b,537c7ad0-ba00-4d6b-84f9-77004e5657af,GS,General Surgery,1564,1751
67781dbb-1da6-41ce-9f97-97e13832c025,537c7ad0-ba00-4d6b-84f9-77004e5657af,ORTH,Orthopaedics,607,1098
b62d83b8-431b-4d3d-b828-92a179aafa2a,af0c2126-411f-4ebf-a509-5b165c8e064d,ORTH,Orthopaedics,337,688
678430ac-b279-48a0-9bef-2cb139f59c2e,af0c2126-411f-4ebf-a509-5b165c8e064d,GS,General Surgery,1177,874
6cc78f36-0c46-4fb7-abb0-6074f9f37c5e,af0c2126-411f-4ebf-a509-5b165c8e064d,ENT,ENT,1131,408
7c2e55ca-562e-4a07-9b31-36fd63133b53,ab9584e4-0dd5-4187-a760-7dfa89cb6e08,ORTH,Orthopaedics,335,1045
2ef3fb48-9f63-4221-89ba-8eb2d837f30b,ab9584e4-0dd5-4187-a760-7dfa89cb6e08,OPTH,Ophthalmology,89,561
81ca90c8-ca55-4fd4-aca4-3c9acf7840d8,ab9584e4-0dd5-4187-a760-7dfa89cb6e08,OBG,Obstetrics & Gynaecology,1480,1165
e1154098-c038-4cd6-8fc4-75a01d6da13f,ab9584e4-0dd5-4187-a760-7dfa89cb6e08,ONCO,Oncology,220,712
c6fea4d1-d5f3-463a-8cb8-ef76261061d6,d9e9beab-32ba-47c7-b316-8c2019c2f0b6,OPTH,Ophthalmology,1264,1769
178ff591-80d0-488d-a837-6a0053391348,d9e9beab-32ba-47c7-b316-8c2019c2f0b6,ORTH,Orthopaedics,1702,788
aeb6159a-43d0-432d-9049-d2a3920812df,d9e9beab-32ba-47c7-b316-8c2019c2f0b6,ONCO,Oncology,67,343
25d11958-4d12-48fc-bfcd-ae562b066515,d9e9beab-32ba-47c7-b316-8c2019c2f0b6,GS,General Surgery,603,1427
e83a76f5-d820-4382-bb5f-26765eac169e,d9e9beab-32ba-47c7-b316-8c2019c2f0b6,MED,General Medicine,990,1120
65fdc00e-31c1-47cc-ae45-2071c354a93e,0c26b695-3200-4bf1-a4ae-9b9d48b07d79,PEDS,Paediatrics,1286,264
84a1c911-f889-4671-bde2-077a2bcca3f6,0c26b695-3200-4bf1-a4ae-9b9d48b07d79,ORTH,Orthopaedics,167,1445
20c2a7c7-7fbd-4016-b7fa-7eff3dbfb49c,35d13594-7d71-4af5-b9a4-593c846ee525,MED,General Medicine,1874,1589
c44d2b84-a248-40ed-9bd5-cd708b235fd9,35d13594-7d71-4af5-b9a4-593c846ee525,URO,Urology,80,1083
294db909-90bc-4278-b1a0-9d95d026de96,35d13594-7d71-4af5-b9a4-593c846ee525,OBG,Obstetrics & Gynaecology,1631,683
ac500cb3-91ba-4310-bbd1-3d03aee1a7fc,dac7e629-3879-4271-8080-e2d19d7abe61,URO,Urology,812,237
1305a85b-a5c8-40cf-8339-d194ec810ed0,dac7e629-3879-4271-8080-e2d19d7abe61,NEURO,Neurology,468,767
f08a9116-45ff-4ef5-8a5a-8d8ce0bb1de9,dac7e629-3879-4271-8080-e2d19d7abe61,OBG,Obstetrics & Gynaecology,323,775
01700a62-cf3d-46e8-9d39-afad271ea227,dac7e629-3879-4271-8080-e2d19d7abe61,GS,General Surgery,273,68
5957ca6d-f41b-43bf-a7d2-a6913c72abed,b0f66a2c-793a-4064-8e9b-af17984a259f,MED,General Medicine,1179,1310
60ab87e0-e200-43c0-a4a1-caacad6fdd09,b0f66a2c-793a-4064-8e9b-af17984a259f,PSYCH,Psychiatry,1790,1047
40077ac4-ac3f-45d3-be53-f77561142fa1,b0f66a2c-793a-4064-8e9b-af17984a259f,GS,General Surgery,608,990
0af83486-19c8-4561-aab6-01ee8266afde,b0f66a2c-793a-4064-8e9b-af17984a259f,OBG,Obstetrics & Gynaecology,947,195
2ac19d16-f097-4e81-a3e1-085e7c16a9cb,b0f66a2c-793a-4064-8e9b-af17984a259f,URO,Urology,496,1430
0c9c2905-9e6f-47b7-918c-87db276ebe02,f797271d-dc74-4cfe-b2d4-6f8490b5a758,OBG,Obstetrics & Gynaecology,1719,1174
0bf254cc-eefe-4fba-b254-b4de5240cb7d,f797271d-dc74-4cfe-b2d4-6f8490b5a758,ENT,ENT,522,609
53af8440-be2b-473c-b897-d11264f7cf70,f797271d-dc74-4cfe-b2d4-6f8490b5a758,URO,Urology,126,62
11e1fa7f-1e01-4075-836e-834f67d17f93,d3bcd033-d541-46a7-b8ec-8b8160691de0,MED,General Medicine,701,69
2ba85291-403d-4215-a7f2-2e833a1fc9f5,d3bcd033-d541-46a7-b8ec-8b8160691de0,GS,General Surgery,103,500
ab2fbc88-3393-482e-bf7e-8c66cdc38872,d3bcd033-d541-46a7-b8ec-8b8160691de0,OBG,Obstetrics & Gynaecology,479,630
cdd1121b-7088-4917-ac16-a9be8d92a21a,b342c6dc-22fb-44bd-b333-9db0f6d69463,OBG,Obstetrics & Gynaecology,304,805
ac799edd-1ad9-4533-b52e-38e8f4f6394b,b342c6dc-22fb-44bd-b333-9db0f6d69463,CARD,Cardiology,1694,1229
4a4c8e41-b873-4fea-8bc6-fdea9ebcd0d0,b342c6dc-22fb-44bd-b333-9db0f6d69463,OPTH,Ophthalmology,712,1204
6bcd4c9c-c652-42f9-b93f-40052026909f,b342c6dc-22fb-44bd-b333-9db0f6d69463,PEDS,Paediatrics,1752,207
f89e8ca3-0631-4017-9db8-278e28a68e3b,b342c6dc-22fb-44bd-b333-9db0f6d69463,ORTH,Orthopaedics,1245,335
efca8ab7-7c5b-44a8-a76e-9cb642bc5e5d,9643f308-b07f-45ab-8906-08a9e8b27e58,OBG,Obstetrics & Gynaecology,1523,67
f3fdaf51-8bcb-4351-83cb-fea7915ac105,9643f308-b07f-45ab-8906-08a9e8b27e58,URO,Urology,389,1123
508e5b17-66cf-49f9-b35d-a06986496ddb,c40bea65-5718-446f-ac83-17c68116b849,OBG,Obstetrics & Gynaecology,940,1079
f6b1ddc1-2161-492f-b2d8-7ed025f3b207,c40bea65-5718-446f-ac83-17c68116b849,PEDS,Paediatrics,1117,1509
b0f30f8c-2500-47ed-a21c-28ec8bd2b4a0,c40bea65-5718-446f-ac83-17c68116b849,URO,Urology,1126,176
38097c07-50da-455d-b7b1-1090ebe8d717,c40bea65-5718-446f-ac83-17c68116b849,GS,General Surgery,1680,1276
84dce57d-3895-4634-bd27-a5db1cb39d9e,0306bb9f-3644-4d8b-ab42-d532c54439c3,MED,General Medicine,1792,1186
96ce4ae7-aadc-460a-a109-af6c3b95c7fe,0306bb9f-3644-4d8b-ab42-d532c54439c3,OBG,Obstetrics & Gynaecology,1443,269
4415e9af-27c3-4df0-bb5e-026fd95789bb,826bb3c7-e3a4-46d7-a157-b370dc2e7ec0,OBG,Obstetrics & Gynaecology,1912,405
4c77bc53-ee6f-4341-9f82-53dfc943accf,1ab89dc0-9656-4e5d-be4c-cb4af81cb6ca,ORTH,Orthopaedics,1474,946
33cbe7a3-f0ef-4b28-9ec7-48cc6b74e662,1ab89dc0-9656-4e5d-be4c-cb4af81cb6ca,URO,Urology,1975,1107
540c0d4e-f8c3-410e-8b16-c96cac0c09a2,1ab89dc0-9656-4e5d-be4c-cb4af81cb6ca,OBG,Obstetrics & Gynaecology,1591,225
5bf4a134-fa2a-46b0-8c86-172269f5f0b1,95b396b3-a7b5-4ead-950a-344bb0e2e82d,OBG,Obstetrics & Gynaecology,211,748
441b7559-f62d-4a3a-a6cc-72838aece727,95b396b3-a7b5-4ead-950a-344bb0e2e82d,GS,General Surgery,1211,439
46f7c6a8-86c4-44e2-b8f6-2ef295858a1b,95b396b3-a7b5-4ead-950a-344bb0e2e82d,ORTH,Orthopaedics,341,1634
42c6f570-58bb-4906-831b-9af2b189fa2d,e82a7601-d470-48ca-9608-5019c046d880,URO,Urology,1414,477
fe7731f1-d64d-4615-a390-43ec85e6d2de,e82a7601-d470-48ca-9608-5019c046d880,CARD,Cardiology,1022,282
062a6da4-0b0b-44c7-91d4-3acdf1e8e769,e82a7601-d470-48ca-9608-5019c046d880,OBG,Obstetrics & Gynaecology,242,630
aa019554-14c5-4715-ad21-3024b700245c,e82a7601-d470-48ca-9608-5019c046d880,PEDS,Paediatrics,374,95
41432ba1-f508-4040-b001-d34e6cd61de8,e82a7601-d470-48ca-9608-5019c046d880,MED,General Medicine,528,1053
435d393c-1df0-4753-a352-9150b3b95b43,d2d71c15-213b-466d-89a0-cf8cd46262dd,GS,General Surgery,1442,1786
755a75b1-c961-46c7-9ac2-a6c9b16623b4,d2d71c15-213b-466d-89a0-cf8cd46262dd,MED,General Medicine,1443,601
6d2a8e62-9ebd-4e93-90cb-13580069d9f8,d2d71c15-213b-466d-89a0-cf8cd46262dd,ONCO,Oncology,779,896
37506b20-d3b2-407d-87c6-6aef9fbf8639,d2d71c15-213b-466d-89a0-cf8cd46262dd,ORTH,Orthopaedics,1046,821
6ae0fa9f-83fd-4862-a5c8-45a937a16a3b,d2d71c15-213b-466d-89a0-cf8cd46262dd,NEURO,Neurology,1109,343
423b75db-d777-4b38-87b1-0e9c4a6bf92d,553815e9-2e4c-4548-b1aa-384955efe102,CARD,Cardiology,1851,224
5bfc83a2-f707-4985-9326-4bc7f0aaafd7,553815e9-2e4c-4548-b1aa-384955efe102,GS,General Surgery,306,469
7541248e-1c36-411d-af12-62adb91949d4,553815e9-2e4c-4548-b1aa-384955efe102,MED,General Medicine,1525,294
138cfdcb-11ab-41fb-9956-ce0505384530,0fdb4a5d-7ce4-4089-8a48-4f60009d0228,ONCO,Oncology,79,1296
bf9b7124-2d56-4717-9b3a-ba9e567684af,0fdb4a5d-7ce4-4089-8a48-4f60009d0228,OBG,Obstetrics & Gynaecology,1717,489
88f5373c-e8c7-4ba3-b4d7-1b4b049a3402,1d3a19ae-1cbb-4be6-9eb5-c7fb27c37f56,URO,Urology,1938,1066
f0c144c9-d03a-44dc-bcce-5890b28a416d,1d3a19ae-1cbb-4be6-9eb5-c7fb27c37f56,CARD,Cardiology,365,1751
bbac7c15-a04e-4491-ad74-0aeda7df405f,1d3a19ae-1cbb-4be6-9eb5-c7fb27c37f56,OBG,Obstetrics & Gynaecology,402,985
be916f50-b3da-4767-9a3d-bcf3e7487651,1d3a19ae-1cbb-4be6-9eb5-c7fb27c37f56,GS,General Surgery,1847,986
f760123d-7f9c-42ff-83f3-9f09f52b0a78,89922aea-4531-4d7a-bd0f-f69598d210d9,ORTH,Orthopaedics,1625,1186
78cb564b-67aa-4b1d-bf2a-3cc57800aa6a,89922aea-4531-4d7a-bd0f-f69598d210d9,ENT,ENT,659,992
39589caf-a8b5-49c4-ab98-605291e06cf6,89922aea-4531-4d7a-bd0f-f69598d210d9,OPTH,Ophthalmology,768,200
19bf2b98-e407-4bd2-81a6-f6ae4082a87f,e2e727d4-9d94-4289-b802-c49ccd07eacf,MED,General Medicine,443,616
36cb2c47-0d1d-4b32-ae0f-f7fad5f540fc,e2e727d4-9d94-4289-b802-c49ccd07eacf,CARD,Cardiology,537,825
9b604e28-3dae-40fd-8b4d-22ad06b30911,eae81fbf-5d63-4f6c-8ac7-e57c3756f6ea,GS,General Surgery,1323,1006
14c39276-6714-4de5-99df-570a79fbf6be,eae81fbf-5d63-4f6c-8ac7-e57c3756f6ea,MED,General Medicine,1605,1171
34d506bc-60b9-4247-9504-ed3217be33a0,eae81fbf-5d63-4f6c-8ac7-e57c3756f6ea,NEURO,Neurology,1225,1019
c46a3179-604d-40d8-872f-6aed70a9134d,eae81fbf-5d63-4f6c-8ac7-e57c3756f6ea,PSYCH,Psychiatry,863,1102
10d6f742-a0ef-4724-80a1-7d353b48def0,c5111042-5405-4a6a-8a2e-af7fdcba722a,GS,General Surgery,1860,767
ca386351-6e9b-417e-bfee-38f01b8ba8e8,c5111042-5405-4a6a-8a2e-af7fdcba722a,OBG,Obstetrics & Gynaecology,1645,339
76950145-86e8-4802-94bd-3632f1864af9,d2bff3da-843f-4478-8e9f-63581ac43517,ORTH,Orthopaedics,1865,1544
1f7e0ef4-9891-47e9-ac6b-b390af6d61df,d2bff3da-843f-4478-8e9f-63581ac43517,GS,General Surgery,1442,1039
deb086af-3769-48b4-8a12-d16c7f5ac261,d2bff3da-843f-4478-8e9f-63581ac43517,OBG,Obstetrics & Gynaecology,1720,1760
97fbbe0f-a2a5-4067-94d2-90089914e4f9,d2bff3da-843f-4478-8e9f-63581ac43517,CARD,Cardiology,1531,1674
f5242064-821d-499d-bf40-442fcf573099,b021220d-d23d-482d-a75c-997064c3ae1a,OBG,Obstetrics & Gynaecology,1593,1391
cbe2f1b2-87e3-4577-9c3d-d1bec46846af,b021220d-d23d-482d-a75c-997064c3ae1a,OPTH,Ophthalmology,211,1672
a0437432-6ac0-4e07-adfd-a2bbba0d4435,b021220d-d23d-482d-a75c-997064c3ae1a,GS,General Surgery,1536,683
b0a24f67-bce8-4025-bc01-e9e0daa7df5d,b021220d-d23d-482d-a75c-997064c3ae1a,PEDS,Paediatrics,1327,814
68caaba6-8993-4b8a-a9a0-12de86d4f2b7,b021220d-d23d-482d-a75c-997064c3ae1a,MED,General Medicine,421,1559
7ae0c55c-fb37-48b7-be9f-c4fb8e647b23,e57023f4-4ae9-4610-8988-ef0aea4418a9,OBG,Obstetrics & Gynaecology,488,1178
033850db-5458-42bb-9800-697f62a0b0ba,e57023f4-4ae9-4610-8988-ef0aea4418a9,GS,General Surgery,610,502
36928398-682e-4b84-97a7-2174904a2aba,e57023f4-4ae9-4610-8988-ef0aea4418a9,MED,General Medicine,132,1210
08e8d455-55c8-4276-999c-c056a84391eb,e57023f4-4ae9-4610-8988-ef0aea4418a9,PEDS,Paediatrics,286,899
98039a9c-34cd-4e0e-9cd6-80cfc0411364,2562603a-f641-494b-9a83-8ed4199c35c2,OBG,Obstetrics & Gynaecology,1494,107
39f11590-0569-4623-aa3b-962b0bba5904,2562603a-f641-494b-9a83-8ed4199c35c2,NEURO,Neurology,1730,783
ff2791b6-9cbd-4c1a-9ce4-7d088b4dd7bb,490159cc-18a1-478d-932a-8aca001b6a7e,ONCO,Oncology,708,888
f24cd1bb-4ece-4e60-ae79-f8a506d65b4c,490159cc-18a1-478d-932a-8aca001b6a7e,OBG,Obstetrics & Gynaecology,1950,711
37b12f7f-e29e-49e1-9701-cc5d0f6f8eec,490159cc-18a1-478d-932a-8aca001b6a7e,ENT,ENT,1990,583
5a32c32a-c4bd-4a7f-8f6b-6b3e00c074fb,490159cc-18a1-478d-932a-8aca001b6a7e,MED,General Medicine,1504,506
8b4fccf8-5583-4ec4-983f-13d8710b7978,490159cc-18a1-478d-932a-8aca001b6a7e,BURNS,Burns & Plastic Surgery,1344,1262
85093556-6224-4c31-b184-27470b4fee88,490159cc-18a1-478d-932a-8aca001b6a7e,PEDS,Paediatrics,1846,917
8f39faf7-4adb-4dd7-8587-417a3c214dd0,44958a58-81df-434f-96f0-be6dfd69bf93,OBG,Obstetrics & Gynaecology,379,541
a5d7693e-c8e4-4b05-a3bc-b1efe1afd930,757a18c5-44c9-452a-9bcd-3e80d3a727c3,OBG,Obstetrics & Gynaecology,793,1560
3c3e7244-1943-4187-8a07-365e8c949c19,757a18c5-44c9-452a-9bcd-3e80d3a727c3,GS,General Surgery,1180,125
e036aba4-5e6e-4047-9af8-cee08602c022,757a18c5-44c9-452a-9bcd-3e80d3a727c3,ORTH,Orthopaedics,773,82
9dd5f772-5c14-480c-b56d-2c50268bdf92,ac3fb7ca-4212-4d8d-b52b-57c23a2b041d,OPTH,Ophthalmology,413,1667
b240d413-8c1e-47be-93b0-f5099e6d920e,ac3fb7ca-4212-4d8d-b52b-57c23a2b041d,DERM,Dermatology,268,1781
34bc836a-30fa-4ae1-8421-437d0a0fd62a,ac3fb7ca-4212-4d8d-b52b-57c23a2b041d,URO,Urology,1952,773
707209ce-ded2-463c-93b8-bffaad7ab5cc,4cafab4d-d68d-491e-8179-1cbedb8d964f,MED,General Medicine,665,681
eb96525c-c54d-4b7c-b9c8-9710f27b1d4c,4cafab4d-d68d-491e-8179-1cbedb8d964f,OBG,Obstetrics & Gynaecology,647,442
808810a8-65a6-4ddc-aacb-ad6b9e4e154c,4cafab4d-d68d-491e-8179-1cbedb8d964f,PEDS,Paediatrics,1575,136
22f98794-9c8c-4a7e-97f2-eec4c6c7ed2d,b1a01709-3640-4987-952c-c1da803e56e5,PSYCH,Psychiatry,765,960
3212e913-9de3-4764-9392-167892131068,b1a01709-3640-4987-952c-c1da803e56e5,URO,Urology,1875,460
87a0f25d-37fa-4344-8bd2-06cbe206e6d4,b1a01709-3640-4987-952c-c1da803e56e5,ORTH,Orthopaedics,687,761
d902f60f-1d63-455a-bbf4-c738742c1bbe,b1a01709-3640-4987-952c-c1da803e56e5,ONCO,Oncology,1162,1155
7d5d81e3-50f9-48ab-94e8-75f846f5a947,b1a01709-3640-4987-952c-c1da803e56e5,NEURO,Neurology,388,484
759811f4-e18e-47d8-9301-f89fbfb97060,517ea751-83de-4af4-89b3-bd52b1e8eee5,ORTH,Orthopaedics,244,249
87a696aa-9994-4835-8ab8-b9060bc97761,517ea751-83de-4af4-89b3-bd52b1e8eee5,URO,Urology,924,588
6fccc65e-09b6-42af-93e5-8f0db1581ccd,3fd1b318-260c-4c2b-969f-25f3f2b164a8,MED,General Medicine,870,1114
3436b4ed-827e-43fc-8920-3d78aaf98f2e,3fd1b318-260c-4c2b-969f-25f3f2b164a8,URO,Urology,581,890
3c81060f-bcef-4ef9-b32d-4fcb4a7a4630,350580da-c699-43df-b0d1-5da92941d91b,OBG,Obstetrics & Gynaecology,1947,1526
129b141a-8b89-4385-be3c-6d095ebaf60c,350580da-c699-43df-b0d1-5da92941d91b,ORTH,Orthopaedics,1380,1727
10d848d5-8a3b-4b42-8565-ac317c6c058f,350580da-c699-43df-b0d1-5da92941d91b,PSYCH,Psychiatry,1250,505
eac7afdb-ee69-4504-a52b-44c8bbab52d7,fec07a51-028c-45a9-b37a-8c97290377c6,PEDS,Paediatrics,676,1517
a47babad-80e8-4329-baf4-e998c2da9f31,fec07a51-028c-45a9-b37a-8c97290377c6,GS,General Surgery,191,626
c629c443-5603-4d50-90ae-4b67ae5afe97,fec07a51-028c-45a9-b37a-8c97290377c6,CARD,Cardiology,67,422
44f42488-9ee6-4820-a13b-111a64951dd5,fec07a51-028c-45a9-b37a-8c97290377c6,OBG,Obstetrics & Gynaecology,1981,558
052cd266-9036-4ce8-8924-726159aaf410,03be9c3b-f7fd-436a-9425-c2bde0dbbb71,MED,General Medicine,1338,1101
f4e68e1a-9b06-45dc-80c8-93ea5eb6b30c,03be9c3b-f7fd-436a-9425-c2bde0dbbb71,OBG,Obstetrics & Gynaecology,1638,983
aca0949d-8827-474a-83a9-9b41c3b72d18,03be9c3b-f7fd-436a-9425-c2bde0dbbb71,URO,Urology,1254,1710
95ea6916-d94f-406b-8703-d2e8963b13ac,03be9c3b-f7fd-436a-9425-c2bde0dbbb71,OPTH,Ophthalmology,1091,227
1fb9913d-2a4c-4449-b304-850b3be8017c,03be9c3b-f7fd-436a-9425-c2bde0dbbb71,NEPHRO,Nephrology,254,886
fe6c7ba4-8b37-464f-8162-21a9a911557a,03be9c3b-f7fd-436a-9425-c2bde0dbbb71,NEURO,Neurology,1406,1719
c0e833b7-801b-426d-ba36-25196bb9a9e2,2163c87a-f07b-4c48-9cc1-9dda5357ecb8,MED,General Medicine,1941,312
02070f7a-5c23-4003-8d83-2c4518757f45,2163c87a-f07b-4c48-9cc1-9dda5357ecb8,CARD,Cardiology,349,807
22e84b7a-6d61-4bbe-8f95-345ed6afe2d8,2163c87a-f07b-4c48-9cc1-9dda5357ecb8,OPTH,Ophthalmology,1152,1003
719febea-dcdc-42d3-82b0-3b7b74195556,2163c87a-f07b-4c48-9cc1-9dda5357ecb8,URO,Urology,380,934
8759f245-bd41-4f03-b13f-b57ba7dc29ac,2163c87a-f07b-4c48-9cc1-9dda5357ecb8,GS,General Surgery,822,328
6d4118cb-d57f-4cc6-bdbd-6304f0184e64,2163c87a-f07b-4c48-9cc1-9dda5357ecb8,OBG,Obstetrics & Gynaecology,1104,946
cea0fbc2-0549-4499-960f-f9dde9a16161,713533b3-d576-4b3c-9300-8c3985baf538,ORTH,Orthopaedics,575,270
74c00652-63b8-4f11-9e37-236f3cdd2192,713533b3-d576-4b3c-9300-8c3985baf538,ONCO,Oncology,1950,1410
1c908dd4-b8e3-409c-aeb1-42c8117feff0,713533b3-d576-4b3c-9300-8c3985baf538,OPTH,Ophthalmology,1312,1462
9139e677-5f45-4b95-b0bc-2b0a75cdb17f,713533b3-d576-4b3c-9300-8c3985baf538,OBG,Obstetrics & Gynaecology,1025,449
d4e1e371-c4e3-45a8-b0ca-212b999209ec,9c903e15-2d9a-42da-aaeb-26fe91b012f4,OBG,Obstetrics & Gynaecology,82,1422
35b46dd2-efa8-4172-a18a-952ddf9a72ad,9c903e15-2d9a-42da-aaeb-26fe91b012f4,PSYCH,Psychiatry,777,1786
4d943218-156d-42aa-ac64-23222314fbab,9c903e15-2d9a-42da-aaeb-26fe91b012f4,GS,General Surgery,1724,734
af9c9fee-1133-491a-a542-10250fc8aa65,82345f0d-f2e9-41d8-bfea-e76efbcffc72,ORTH,Orthopaedics,79,104
5a36056b-9ba6-46fa-a6aa-74ed38d583e0,82345f0d-f2e9-41d8-bfea-e76efbcffc72,PEDS,Paediatrics,1068,61
975ffa46-f472-48b9-893f-a36b5ba5e692,82345f0d-f2e9-41d8-bfea-e76efbcffc72,GS,General Surgery,1122,607
9c747358-145d-4142-9c22-940b57116f32,84f42872-598e-431d-bf84-f1bbca673743,OBG,Obstetrics & Gynaecology,250,1029
f6caa423-3ddb-4287-bfa3-37946ada4f67,84f42872-598e-431d-bf84-f1bbca673743,GS,General Surgery,1131,665
406a2fa6-1473-4f32-8e42-6e25a305b274,b3e4b426-63a9-4591-bc44-6dcb2cec9cbe,OBG,Obstetrics & Gynaecology,1345,1307
993f9875-c4b6-4083-b8d1-d0fd17a48b0d,b3e4b426-63a9-4591-bc44-6dcb2cec9cbe,OPTH,Ophthalmology,1107,1130
42218ca5-74dc-4431-806e-25dd1a8a654d,b3e4b426-63a9-4591-bc44-6dcb2cec9cbe,ENT,ENT,1704,1088
ac211a71-ddc6-42a2-be04-836dc99abd50,b3e4b426-63a9-4591-bc44-6dcb2cec9cbe,GS,General Surgery,1321,1779
73eeb535-5f43-4555-bb4d-38d456f0ee45,fe09c7d2-0b32-4b08-80c5-59cb53c94db4,GS,General Surgery,693,285
feb5830e-1714-43bf-a129-c184d8db2b6e,fe09c7d2-0b32-4b08-80c5-59cb53c94db4,MED,General Medicine,1498,121
9a868267-31ae-4d07-a9df-75edf1599f31,fe09c7d2-0b32-4b08-80c5-59cb53c94db4,CARD,Cardiology,1396,939
6fe4d951-bcb1-459e-bbd7-58cd5b3ca78b,d7fdc7a5-25a5-4b3e-9830-2b9930184562,ORTH,Orthopaedics,1933,1605
13a46210-c62b-4f91-a5aa-7383e16dafda,d7fdc7a5-25a5-4b3e-9830-2b9930184562,GS,General Surgery,797,737
37d1c178-c66c-4f27-b160-7d610d742603,d7fdc7a5-25a5-4b3e-9830-2b9930184562,NEURO,Neurology,1153,1546
9d460b42-6291-4aa7-aab4-3fbfae0f821c,d7fdc7a5-25a5-4b3e-9830-2b9930184562,OBG,Obstetrics & Gynaecology,455,1722
7e4c6a03-e819-4926-a4d6-e0feb76a6b23,d7fdc7a5-25a5-4b3e-9830-2b9930184562,PEDS,Paediatrics,116,1570
b8686a3c-fcbb-4a1c-834f-128a66047549,d7fdc7a5-25a5-4b3e-9830-2b9930184562,ENT,ENT,1426,982
6601636a-b1bf-44d6-8ba7-9e674731d619,d7fdc7a5-25a5-4b3e-9830-2b9930184562,OPTH,Ophthalmology,1194,1028
ef077b9e-8721-41e8-9cd8-76e4fc748945,de51e0c8-f3d3-4f61-8c9b-8d2b772b9418,ORTH,Orthopaedics,1179,1406
829519fd-89f2-4ac1-8fc2-f9ca6b6e41c4,de51e0c8-f3d3-4f61-8c9b-8d2b772b9418,ENT,ENT,636,579
7bec4550-61b7-4806-af99-48ef19be0525,de51e0c8-f3d3-4f61-8c9b-8d2b772b9418,GS,General Surgery,1515,1517
c536aa4c-b5db-4f15-b025-be07d559ae21,1f307dd4-cc5b-4781-8eeb-cd6fec447118,MED,General Medicine,1017,1194
f8d7966f-261e-49fb-a27d-a212695dc740,1f307dd4-cc5b-4781-8eeb-cd6fec447118,OBG,Obstetrics & Gynaecology,696,1145
ba8285c7-a00e-42e7-9002-b62bf285c652,1f307dd4-cc5b-4781-8eeb-cd6fec447118,OPTH,Ophthalmology,1976,1551
044c7285-0458-4674-a0e1-b2cfce0f5eb6,0de021a9-c3da-4762-ad65-5d7a0bfa64ce,OBG,Obstetrics & Gynaecology,1417,430
53753fae-63d1-466d-8a34-a00955c17d44,0de021a9-c3da-4762-ad65-5d7a0bfa64ce,URO,Urology,868,1272
41f7917e-2a18-45be-b0e5-302608881e74,0de021a9-c3da-4762-ad65-5d7a0bfa64ce,OPTH,Ophthalmology,272,1666
3eca1f0f-cc87-4d8e-b0c7-0dbe6e6ddcd6,0de021a9-c3da-4762-ad65-5d7a0bfa64ce,PEDS,Paediatrics,1075,358
9e595738-938d-4984-ae00-009e5a689d99,fbbde75b-b012-4dbd-a60d-fb85f78424ac,BURNS,Burns & Plastic Surgery,282,1646
05d48a3e-61a3-4a33-9097-32a9022634c3,fbbde75b-b012-4dbd-a60d-fb85f78424ac,OBG,Obstetrics & Gynaecology,1187,1792
bb05d5d2-1097-4550-9032-7c92172b0ab9,c6aebe6b-8bd1-4d2b-874b-06938d9e3c05,DERM,Dermatology,262,1061
cd317ec0-700f-4548-8786-f354fb939acb,c6aebe6b-8bd1-4d2b-874b-06938d9e3c05,GS,General Surgery,296,185
14a32d72-bcec-420b-9a64-58346dc0ed3e,c6aebe6b-8bd1-4d2b-874b-06938d9e3c05,OBG,Obstetrics & Gynaecology,1624,845
abd272ae-c375-4306-90f3-66daa444bd9c,c6aebe6b-8bd1-4d2b-874b-06938d9e3c05,NEURO,Neurology,1771,1321
42386d0a-52ed-4a7b-8813-25aa9ae80522,c6aebe6b-8bd1-4d2b-874b-06938d9e3c05,ORTH,Orthopaedics,1935,1179
9f3031cd-ff3c-41ea-a4d0-abea0f0f4cd0,7a927937-2e3a-4b83-b6c8-223e527f674b,PEDS,Paediatrics,1623,582
2cd3f710-39b3-4653-aa33-b908e38b2ef8,7a927937-2e3a-4b83-b6c8-223e527f674b,MED,General Medicine,1772,1264
8b057eb5-32ce-44ab-b53a-7937b82200fe,7a927937-2e3a-4b83-b6c8-223e527f674b,CARD,Cardiology,1184,470
86f94370-606d-42d3-ae1e-a92bd6a6d437,7a927937-2e3a-4b83-b6c8-223e527f674b,OPTH,Ophthalmology,1574,375
7c1288bd-df2b-44d6-a8f9-bbbfddaf8002,119361e7-e632-4df7-9ac3-ab6e0e2f03fb,OBG,Obstetrics & Gynaecology,538,1553
bd2c7a93-63ed-4c1e-8390-7201f282bb55,119361e7-e632-4df7-9ac3-ab6e0e2f03fb,GS,General Surgery,1412,1364
19718b05-a36e-4691-b53b-b8a255d545a3,119361e7-e632-4df7-9ac3-ab6e0e2f03fb,MED,General Medicine,606,64
01e4d1aa-4dcb-4576-9e4e-da37caf08001,6bfad725-0cbe-4dce-a4ba-1a5e76b17847,OBG,Obstetrics & Gynaecology,280,1382
c6579827-2b62-4725-ba98-0dc80f77e60a,6bfad725-0cbe-4dce-a4ba-1a5e76b17847,URO,Urology,1900,1576
8b3d5f5f-cd69-43dc-996f-a17acac76f11,6bfad725-0cbe-4dce-a4ba-1a5e76b17847,ORTH,Orthopaedics,599,791
a04abda1-0ea9-4a38-bbd0-fcce8556dbea,6639e037-a748-4725-bb30-49cf6b203f7f,GS,General Surgery,934,1527
1ef5b377-c960-4e8d-a307-3e9dc6c534c3,6639e037-a748-4725-bb30-49cf6b203f7f,URO,Urology,1995,1144
660b288d-584f-4da9-b8c3-92d24e66e953,6639e037-a748-4725-bb30-49cf6b203f7f,ORTH,Orthopaedics,217,1231
a73debe0-d863-45a0-8384-3e38d23b284d,6639e037-a748-4725-bb30-49cf6b203f7f,OPTH,Ophthalmology,1281,1778
7ae2d4b4-f96d-4993-8305-a01b08b350f0,6639e037-a748-4725-bb30-49cf6b203f7f,OBG,Obstetrics & Gynaecology,1393,1255
e690e467-a6ef-457e-91c9-ca296d146217,d4cb1481-3164-483d-a44c-3a3615279ba9,NEURO,Neurology,591,194
90b12a4f-e0de-4dd5-a5c0-7a53fcb854ff,d4cb1481-3164-483d-a44c-3a3615279ba9,MED,General Medicine,293,1397
95aac733-d071-4a36-b012-3f33bb0de587,d4cb1481-3164-483d-a44c-3a3615279ba9,CARD,Cardiology,1232,1033
db95e5d1-af60-469c-aa76-7316569ef0a2,d4cb1481-3164-483d-a44c-3a3615279ba9,PEDS,Paediatrics,1539,61
80b81e69-e702-4861-a2a6-ec6aa28b4bf7,287abca3-cb37-4a2d-b0a9-3e65dad648d1,GS,General Surgery,1263,219
8573eeed-f5b7-4433-881d-136d21ede46a,287abca3-cb37-4a2d-b0a9-3e65dad648d1,ORTH,Orthopaedics,1846,1331
6c0098cd-98df-44d2-9364-101f4ab6e7dd,287abca3-cb37-4a2d-b0a9-3e65dad648d1,ENT,ENT,1171,682
9919a12c-ab51-407e-9de0-8a2cd168034a,8345028d-6c75-4624-88bb-a8d7ab3a3ca9,MED,General Medicine,1629,366
d230252d-176a-4d5d-a49f-a3bd415fb2ff,8345028d-6c75-4624-88bb-a8d7ab3a3ca9,PSYCH,Psychiatry,989,1323
24f24679-42a5-47de-9b3a-971b2b281f59,8345028d-6c75-4624-88bb-a8d7ab3a3ca9,CARD,Cardiology,1513,829
10f4c514-353c-4a3a-af54-6aeb731f6271,8345028d-6c75-4624-88bb-a8d7ab3a3ca9,GS,General Surgery,1045,1330
c93ddd03-03e0-4010-8f29-77ec06c7f7ff,8345028d-6c75-4624-88bb-a8d7ab3a3ca9,OBG,Obstetrics & Gynaecology,312,1322
a49aceaa-4236-4aac-827c-fc49a3700eac,8345028d-6c75-4624-88bb-a8d7ab3a3ca9,PEDS,Paediatrics,1075,1795
a29a3ff1-d7fe-4e4b-ac3e-77a73952bca0,e24d5ad6-2142-4a27-bc3d-00125d1e48ec,PEDS,Paediatrics,857,1054
0f71f0fe-33d5-4a6d-b966-ef372f0e10c7,e24d5ad6-2142-4a27-bc3d-00125d1e48ec,MED,General Medicine,501,1358
18c8da0e-7395-40b9-898f-ca0b3ac5dce2,e24d5ad6-2142-4a27-bc3d-00125d1e48ec,ORTH,Orthopaedics,922,955
c4364b25-0c57-4a47-a2b0-d1d2f70ee610,e24d5ad6-2142-4a27-bc3d-00125d1e48ec,GS,General Surgery,151,1690
1ee61f88-a967-4e4f-b215-35dfb94d9fb6,e24d5ad6-2142-4a27-bc3d-00125d1e48ec,OPTH,Ophthalmology,775,1679
d2456241-bceb-4151-8a20-e634f1a7901c,e24d5ad6-2142-4a27-bc3d-00125d1e48ec,OBG,Obstetrics & Gynaecology,228,87
ae8d8e59-c99c-4d94-b460-72d28cacd64e,b8b55aa3-e51d-438e-9b98-3b339022d4c5,ORTH,Orthopaedics,371,1768
96638fde-1da9-4452-91cf-17d69f947f2e,b8b55aa3-e51d-438e-9b98-3b339022d4c5,OBG,Obstetrics & Gynaecology,483,1080
9a1547e3-b697-49fc-bb3d-4982e5b45500,b8b55aa3-e51d-438e-9b98-3b339022d4c5,URO,Urology,836,286
242f6ffb-6635-4a9c-b10f-79b3c3f2cc54,af3e2e11-0e2b-4ac1-9b75-85208d8dfdf7,CARD,Cardiology,1983,969
6a5e68f8-9081-44a7-ac3d-3199b66c66cd,af3e2e11-0e2b-4ac1-9b75-85208d8dfdf7,ORTH,Orthopaedics,1902,1679
4ba891d0-a0ef-4a7e-b204-45e0285c322b,af3e2e11-0e2b-4ac1-9b75-85208d8dfdf7,OBG,Obstetrics & Gynaecology,215,1734
0aed787d-36db-4fde-90f6-c730191a1bf7,af3e2e11-0e2b-4ac1-9b75-85208d8dfdf7,NEURO,Neurology,285,1149
9334ef50-a295-4239-9c4c-44e721096258,b448b89d-9327-4b70-8cc9-4b69718ed796,MED,General Medicine,130,52
38658119-4a25-4cce-a202-dd6b8d851f56,b448b89d-9327-4b70-8cc9-4b69718ed796,OBG,Obstetrics & Gynaecology,438,1608
204248e0-0594-4e6d-aa65-af12821b69a1,b448b89d-9327-4b70-8cc9-4b69718ed796,CARD,Cardiology,485,1655
b4815602-b044-4a80-b019-a9b51c496130,b448b89d-9327-4b70-8cc9-4b69718ed796,GS,General Surgery,1342,124
6244370e-eaa5-413d-8212-d6e57fb17d8e,6ad78f1a-23fa-4203-9a84-c928c1485082,OBG,Obstetrics & Gynaecology,804,1175
4784e552-518e-49b6-81d3-aab79ac635dc,6ad78f1a-23fa-4203-9a84-c928c1485082,GS,General Surgery,1060,648
2a2f72b6-c52b-4821-8316-6e67b55a5b26,6ad78f1a-23fa-4203-9a84-c928c1485082,MED,General Medicine,1027,281
582c7d65-f92b-404d-83a1-45ea1daf9c93,6ad78f1a-23fa-4203-9a84-c928c1485082,ONCO,Oncology,497,54
7467189d-f987-46d6-8e3a-eb3da2dab690,b3f0d5b8-7cbf-4f4b-9b6d-9da5394e906a,DERM,Dermatology,265,1661
e0f8dcfa-19b7-437d-8630-3905dc72c05e,b3f0d5b8-7cbf-4f4b-9b6d-9da5394e906a,NEURO,Neurology,1027,1220
67001411-55a2-4be7-90ac-0c023e2d1237,b3f0d5b8-7cbf-4f4b-9b6d-9da5394e906a,GS,General Surgery,1241,1163
1fc83654-1f0c-4850-b35c-6f986e11933f,10ad2351-17b6-4ec7-851c-8aefcc63cff4,MED,General Medicine,306,227
5104c34c-3bab-4901-afa8-1c35242588b4,10ad2351-17b6-4ec7-851c-8aefcc63cff4,OPTH,Ophthalmology,124,1729
0d8f0a5d-7a01-40f2-9dea-61b2b8f8dd3b,10ad2351-17b6-4ec7-851c-8aefcc63cff4,OBG,Obstetrics & Gynaecology,277,238
11f00a55-e87d-4634-bcae-0da7d17e60c8,8e583d2a-f0cd-467c-a271-e2a1da253f79,GS,General Surgery,1302,859
d203d9ef-1d9d-4d68-96a7-51238bc0aa3b,8e583d2a-f0cd-467c-a271-e2a1da253f79,ONCO,Oncology,474,1271
89334868-9bd3-4704-9a65-79e37bab8a0b,8e583d2a-f0cd-467c-a271-e2a1da253f79,OBG,Obstetrics & Gynaecology,267,1758
85772b1e-8e2a-484d-a7fb-22b96aed0b08,8e583d2a-f0cd-467c-a271-e2a1da253f79,MED,General Medicine,1080,1059
26d7a4cc-27ef-4a05-a14f-0b484b453a1f,8e583d2a-f0cd-467c-a271-e2a1da253f79,PSYCH,Psychiatry,207,779
d1db74c8-c45e-4ad8-a894-6844e6132a59,107d3b43-95ab-496f-a5f6-10a00c4b91cf,GS,General Surgery,534,288
04cf5cde-57c3-47ae-9861-22cfed1edb2c,107d3b43-95ab-496f-a5f6-10a00c4b91cf,OPTH,Ophthalmology,1112,1231
2b02dd7f-48f4-4c5c-a827-00ab6790cc27,107d3b43-95ab-496f-a5f6-10a00c4b91cf,ORTH,Orthopaedics,591,122
57bb56fe-ec74-4c41-9d06-e11a67c6643d,e6fb5ad5-e539-4dc8-922a-bd33a4f5b4d7,ORTH,Orthopaedics,625,886
923eb50f-b07c-4744-b73e-1ff441ce3bdd,e6fb5ad5-e539-4dc8-922a-bd33a4f5b4d7,MED,General Medicine,1984,1597
534a2faf-dd08-4ac4-9771-39e96c07a8c6,e6fb5ad5-e539-4dc8-922a-bd33a4f5b4d7,OBG,Obstetrics & Gynaecology,477,574
e8dce9ac-5dee-4a1a-b2d1-5efd3b3a0a9d,e6fb5ad5-e539-4dc8-922a-bd33a4f5b4d7,PEDS,Paediatrics,1171,47
b6d13015-b4e5-48bc-a8e5-8aab436ffbdd,a8db82fc-56d1-46d0-85f7-cf3dd3758fcf,GS,General Surgery,252,1297
1512e907-cab7-42ca-bb81-d117dc4a8285,a8db82fc-56d1-46d0-85f7-cf3dd3758fcf,CARD,Cardiology,667,1605
41566def-3a86-4038-a280-d053466c66a3,a8db82fc-56d1-46d0-85f7-cf3dd3758fcf,NEURO,Neurology,470,388
633ff654-1e00-411d-8230-5c1411492d2c,4143e59c-9ec0-45f0-b887-43b6c113a9fb,CARD,Cardiology,364,699
796e5a87-00c4-4595-8616-4161ccd61c67,4143e59c-9ec0-45f0-b887-43b6c113a9fb,OBG,Obstetrics & Gynaecology,1318,110
f46158fd-7b63-464c-a1a1-bad6a0de718e,4143e59c-9ec0-45f0-b887-43b6c113a9fb,ORTH,Orthopaedics,1464,1414
9f06cbfd-bd1b-4142-ba60-fbf1f7dae206,4143e59c-9ec0-45f0-b887-43b6c113a9fb,PEDS,Paediatrics,1095,275
dc783020-0e56-4f42-b857-55efa7baebc2,4143e59c-9ec0-45f0-b887-43b6c113a9fb,GS,General Surgery,978,1367
8ecd506f-45e4-4d7e-a52f-a84e6162f96f,d34c3cb2-a27e-4a44-ba5d-6a9766e552a2,ORTH,Orthopaedics,1674,1356
e7955fa3-3f01-4c9d-8f3c-427e1c057a02,d34c3cb2-a27e-4a44-ba5d-6a9766e552a2,MED,General Medicine,210,188
92af7000-aae0-4286-b89d-a295d1bc7732,d34c3cb2-a27e-4a44-ba5d-6a9766e552a2,OBG,Obstetrics & Gynaecology,1426,1060
0152e632-534f-40f3-b74b-259e3d3d1728,d34c3cb2-a27e-4a44-ba5d-6a9766e552a2,OPTH,Ophthalmology,1673,675
af7f9a46-2c5a-4c29-995b-23985719a216,d34c3cb2-a27e-4a44-ba5d-6a9766e552a2,BURNS,Burns & Plastic Surgery,1101,1738
0ac2b39f-2129-4513-98ad-497dabc64065,4585aeb1-aa08-4fc2-b668-a63af19a4352,ENT,ENT,1113,1682
064e1fb8-be8a-409e-a47f-0286f3667139,4585aeb1-aa08-4fc2-b668-a63af19a4352,OPTH,Ophthalmology,56,1341
086b2fea-4587-497b-923d-bec18f48248f,4585aeb1-aa08-4fc2-b668-a63af19a4352,PEDS,Paediatrics,1475,1776
46117aea-51ad-4354-94ad-0fdc07829ec2,4585aeb1-aa08-4fc2-b668-a63af19a4352,MED,General Medicine,274,455
d215c3b5-8cb4-47b6-b42e-452ed10afe90,4585aeb1-aa08-4fc2-b668-a63af19a4352,ONCO,Oncology,602,425
83f33ebe-6d9f-43db-a178-0fdc9bd366f5,83a82ea2-ddf3-446f-97d1-169c91344581,OPTH,Ophthalmology,88,1777
9ec1c625-214e-4542-80b0-5850be0265d4,83a82ea2-ddf3-446f-97d1-169c91344581,GS,General Surgery,180,971
c7a1a25a-8789-4091-83c8-def05c43c5c9,83a82ea2-ddf3-446f-97d1-169c91344581,OBG,Obstetrics & Gynaecology,1556,1576
19a79ebd-0819-4be5-a9a9-059aab5a1de0,83f6174d-9cdf-45b3-88d5-8c5740134a55,OBG,Obstetrics & Gynaecology,610,1634
199ae5a5-6615-41d7-8a8b-e9d9d8ea40d9,83f6174d-9cdf-45b3-88d5-8c5740134a55,PEDS,Paediatrics,1716,76
a29baa5c-5cd4-458d-aeb5-8d4fb98ffadc,c5820563-50a7-491f-bdc3-2e3a004be3ce,CARD,Cardiology,222,122
3a863600-1da8-49e3-939b-f8d5ec14fa1b,c5820563-50a7-491f-bdc3-2e3a004be3ce,GS,General Surgery,1118,909
49facd17-2f33-4ce3-8836-17dbad0d17c0,c5820563-50a7-491f-bdc3-2e3a004be3ce,ONCO,Oncology,970,175
ef02597e-7b13-4930-9942-72f47b1a8f83,cf198bb3-d46b-402e-8910-3ea05aadd0ae,PSYCH,Psychiatry,407,758
14fb69ab-58ec-4472-9dba-b235526d5980,cf198bb3-d46b-402e-8910-3ea05aadd0ae,MED,General Medicine,842,1510
98c7ee42-d17c-4794-9723-8e9d2fbd9402,d50218e3-0d98-43ec-ad90-60b47e6ab1f2,OPTH,Ophthalmology,516,1057
c7a9b782-0a9b-40e7-b81c-a167ba831a7e,d50218e3-0d98-43ec-ad90-60b47e6ab1f2,PEDS,Paediatrics,1029,1388
57403c31-526a-49ca-8e53-475624c0584b,d50218e3-0d98-43ec-ad90-60b47e6ab1f2,ONCO,Oncology,552,1149
7d7e6093-8261-4cde-9359-ccfd034c03a9,d50218e3-0d98-43ec-ad90-60b47e6ab1f2,MED,General Medicine,125,1302
e84896d0-54f0-4d11-85cb-0d1c487aeb4f,c9b87b18-225b-4650-ac6c-cc3385e34dd9,OBG,Obstetrics & Gynaecology,1922,926
33ef3b62-98fa-494e-88fd-5be7b9e54ce8,c9b87b18-225b-4650-ac6c-cc3385e34dd9,OPTH,Ophthalmology,1405,1469
781d48be-3ea0-47ee-95fd-98c5c66f2324,c9b87b18-225b-4650-ac6c-cc3385e34dd9,PEDS,Paediatrics,1460,1142
1bc4e696-bf15-4843-8dbe-c8847bbd09e5,c9b87b18-225b-4650-ac6c-cc3385e34dd9,MED,General Medicine,1065,1009
d8057416-ccd3-4b5c-8910-7593621244de,c9b87b18-225b-4650-ac6c-cc3385e34dd9,GS,General Surgery,577,676
35fbfa3a-3288-4773-bc2f-920b77ff8238,14ff8c7b-49f6-46e3-968b-b65dc4611a8a,URO,Urology,1214,145
60bf56d9-2cba-4903-8529-94dedb0fdd08,14ff8c7b-49f6-46e3-968b-b65dc4611a8a,GS,General Surgery,787,1522
7ec009a3-04d6-42ea-9bb4-12dca86eab50,14ff8c7b-49f6-46e3-968b-b65dc4611a8a,MED,General Medicine,694,506
7d330b31-a72b-474f-a055-8e4c27a5c0a3,c5ee5276-bc55-4773-832e-8edd326a222e,OBG,Obstetrics & Gynaecology,716,659
af6dfbf5-adac-4c49-8d0b-9395d45106ab,c5ee5276-bc55-4773-832e-8edd326a222e,OPTH,Ophthalmology,843,751
0085ea76-6f75-4bdc-8b7d-7133c0a42dca,c5ee5276-bc55-4773-832e-8edd326a222e,ORTH,Orthopaedics,1421,138
577ac1a1-b874-43ff-935e-bf91604ddb22,c5ee5276-bc55-4773-832e-8edd326a222e,GS,General Surgery,1837,1446
d2e8faa9-563a-457b-b8dd-cc72808ec822,7467bc17-19a1-4697-9bac-69f4cdaacecc,OBG,Obstetrics & Gynaecology,830,1767
c693c0c1-1eb6-445b-8744-b571b5465259,7467bc17-19a1-4697-9bac-69f4cdaacecc,MED,General Medicine,1415,1275
e85c5468-5c09-4a34-8b47-45d673bbbf01,bd53f1b8-cdc2-4c5c-b0b0-1c4a6053b1a2,GS,General Surgery,273,783
baec0682-7c46-4f26-aa1d-0ca9a900f08a,bd53f1b8-cdc2-4c5c-b0b0-1c4a6053b1a2,OBG,Obstetrics & Gynaecology,1038,150
6448231d-5722-4fee-bd79-bab5e84edf86,bd53f1b8-cdc2-4c5c-b0b0-1c4a6053b1a2,MED,General Medicine,570,120
608deca6-8644-433e-8d5e-4d5977886716,d2c0024b-8d5d-42f5-8962-735f8b5cd2d2,OBG,Obstetrics & Gynaecology,514,227
a2d3784e-9c74-41b3-85d5-033446b200f1,d2c0024b-8d5d-42f5-8962-735f8b5cd2d2,ONCO,Oncology,747,982
d7b648d8-a4e1-4a00-b3a3-324d9f7ede35,d2c0024b-8d5d-42f5-8962-735f8b5cd2d2,MED,General Medicine,625,1547
b87d082b-a605-411f-8864-a3619cde5560,e8755832-86e6-4f2d-b6c4-1e2fd51b1c82,GS,General Surgery,1044,1790
bbd38526-3cf3-4062-810a-24e7086c15a6,e8755832-86e6-4f2d-b6c4-1e2fd51b1c82,PSYCH,Psychiatry,1108,126
ca4f6adc-6ca2-450c-96e3-3505c085cf0f,e8755832-86e6-4f2d-b6c4-1e2fd51b1c82,OPTH,Ophthalmology,76,713
a3970785-0df5-4765-b598-40a2a579857c,e8755832-86e6-4f2d-b6c4-1e2fd51b1c82,MED,General Medicine,1030,287
95773ff8-1b94-4d7f-a45b-1685a8e6dbaf,e8755832-86e6-4f2d-b6c4-1e2fd51b1c82,ORTH,Orthopaedics,1205,984
4bd756a9-c2dd-4b7c-abf6-e3fde4ce5419,bb0a7d40-20e3-4708-90b2-8aabedb89e89,GS,General Surgery,137,1591
e3b768fd-1496-4f9b-a800-d03a74951c19,bb0a7d40-20e3-4708-90b2-8aabedb89e89,MED,General Medicine,214,181
6fb6ecd1-2472-42e4-a390-77b1c0ef7259,bb0a7d40-20e3-4708-90b2-8aabedb89e89,CARD,Cardiology,1893,1797
02b0aa49-4f15-47c6-853d-fc1cb3d456e9,bb0a7d40-20e3-4708-90b2-8aabedb89e89,OPTH,Ophthalmology,439,430
8f9bb43e-8320-43f7-ab44-d51f4c8589fb,b5ceb52e-22a6-446d-87b6-a559b29cee58,URO,Urology,707,1188
2d3b44c5-c8b1-456f-a7fa-cc948b945dd2,b5ceb52e-22a6-446d-87b6-a559b29cee58,NEURO,Neurology,411,1335
bc6f94f5-2bb2-4c3e-8634-e48ba087cf88,b5ceb52e-22a6-446d-87b6-a559b29cee58,OBG,Obstetrics & Gynaecology,230,789
aceda0d3-972e-4bf1-b898-12a422954d3a,b5ceb52e-22a6-446d-87b6-a559b29cee58,PSYCH,Psychiatry,1759,196
30435170-4916-43a5-bf04-840e92ba2056,b5ceb52e-22a6-446d-87b6-a559b29cee58,ORTH,Orthopaedics,452,82
fff1e3f7-517a-4729-999f-055308f90dd8,b5ceb52e-22a6-446d-87b6-a559b29cee58,BURNS,Burns & Plastic Surgery,230,742
2d075abd-a3f1-4825-8d9c-f33e203eeed3,c0b5db27-f015-4edd-b6d6-a557e0529d37,OPTH,Ophthalmology,1309,1184
c146a8b3-8ace-4d71-90e9-94a5084fba75,c0b5db27-f015-4edd-b6d6-a557e0529d37,URO,Urology,125,502
bf88b5c0-d02c-4b3d-885f-7daa48be0ab9,c0b5db27-f015-4edd-b6d6-a557e0529d37,OBG,Obstetrics & Gynaecology,908,844
0beff38d-b1b7-4336-957d-30fe31c5206e,c0b5db27-f015-4edd-b6d6-a557e0529d37,ONCO,Oncology,655,758
decc886c-97fd-40af-a1cc-1a69964b171d,c34cb943-50d9-4fe8-a1c7-97abdd4f297e,NEURO,Neurology,277,421
61c3281f-631b-440e-ab35-11575d51d5cf,c34cb943-50d9-4fe8-a1c7-97abdd4f297e,PEDS,Paediatrics,455,849
bdfd9990-512e-45c6-862a-3e23b1bb11dd,c34cb943-50d9-4fe8-a1c7-97abdd4f297e,GS,General Surgery,355,668
f3a9ffcc-2ded-4201-910b-4475f944b73e,a8cdb4db-13ac-4633-93dd-14dae979d14b,MED,General Medicine,1373,778
859574c1-d979-47f8-a2a4-b2c3864e1b12,a8cdb4db-13ac-4633-93dd-14dae979d14b,CARD,Cardiology,1356,650
b5dfb911-0d53-40c7-8062-fe8b67e68b0b,00a2b373-6548-4d02-a5a3-51401b07edbf,OBG,Obstetrics & Gynaecology,1662,1789
ee63732f-30d1-433b-986a-ba9b1b5df4d0,00a2b373-6548-4d02-a5a3-51401b07edbf,ORTH,Orthopaedics,1734,947
ad9295a0-9740-4c4a-b900-712f2632768f,00a2b373-6548-4d02-a5a3-51401b07edbf,CARD,Cardiology,574,1085
5db02e77-6f7d-427c-b3e9-b94a62b7252a,00a2b373-6548-4d02-a5a3-51401b07edbf,OPTH,Ophthalmology,1194,91
991a2713-dcfe-4af8-9492-33f664c95b0b,bb9c1903-ac5b-45e7-bd81-0bcd078b35d4,GS,General Surgery,849,1001
5308ccca-0966-407e-98e5-6c9fa8c7eb55,bb9c1903-ac5b-45e7-bd81-0bcd078b35d4,CARD,Cardiology,923,1700
7e99ead8-2633-4a7e-841d-03ca90c58070,bb9c1903-ac5b-45e7-bd81-0bcd078b35d4,ONCO,Oncology,1344,534
14ac69dd-3abe-45ef-adfe-eab9d5af51b2,bb9c1903-ac5b-45e7-bd81-0bcd078b35d4,OBG,Obstetrics & Gynaecology,533,426
63b9ca97-e82b-4a04-aabe-454105792652,bb9c1903-ac5b-45e7-bd81-0bcd078b35d4,ORTH,Orthopaedics,774,266
9230567d-6a99-4063-8538-21b8a227beca,9fc1fc3e-15af-43a6-9d91-5152c2aeac4e,MED,General Medicine,1302,1727
bd798d5b-a547-4e03-93af-24c775e80009,9fc1fc3e-15af-43a6-9d91-5152c2aeac4e,OBG,Obstetrics & Gynaecology,1069,432
fa3ef17f-d37c-4a1a-829b-62a146d257e2,9fc1fc3e-15af-43a6-9d91-5152c2aeac4e,GS,General Surgery,771,1362
cd7c1f16-1bd7-4afe-a879-39bb24a078e0,040546bf-1b6c-43a3-b7e8-0766a949a5bf,GS,General Surgery,1037,1399
223dc252-74a9-4cad-9d6c-9cd93820f3cf,040546bf-1b6c-43a3-b7e8-0766a949a5bf,ENT,ENT,1601,108
7eec8169-24fd-4c7a-8e31-00be9ae02ce6,225d19fa-53fa-42a2-b78b-6f44ff754dfc,GS,General Surgery,1972,1314
1aafc288-e016-4a4e-ac65-8f496d7648ee,225d19fa-53fa-42a2-b78b-6f44ff754dfc,MED,General Medicine,1477,1266
d02bef5d-34ad-4a0f-a95b-d49c55cc9430,225d19fa-53fa-42a2-b78b-6f44ff754dfc,URO,Urology,811,1722
7253bc75-49a8-4239-8dd8-293001fba39a,225d19fa-53fa-42a2-b78b-6f44ff754dfc,NEURO,Neurology,786,1033
fd65f5a3-b4aa-4472-900f-3653594abcfa,d00bdba7-8e5c-4d18-94da-30bb4da04912,OPTH,Ophthalmology,1291,910
341ab6df-3e46-4da6-a737-5fe73d963cc4,d00bdba7-8e5c-4d18-94da-30bb4da04912,ONCO,Oncology,1977,381
75087d29-e400-4da5-801f-9c23ad2a68fd,d00bdba7-8e5c-4d18-94da-30bb4da04912,OBG,Obstetrics & Gynaecology,1106,476
7faa5f9d-68e9-4482-80f9-38737224ab9c,d00bdba7-8e5c-4d18-94da-30bb4da04912,MED,General Medicine,765,1558
4757ff55-c4fb-4654-ad66-2b82c1bb3f53,525bcb91-f351-4c2a-a274-903954352118,OBG,Obstetrics & Gynaecology,103,548
b6daceb5-9572-4b11-8ced-1af69b6664c2,525bcb91-f351-4c2a-a274-903954352118,GS,General Surgery,976,985
5e3a2b45-dd5b-47fe-8491-ec3542f66909,525bcb91-f351-4c2a-a274-903954352118,URO,Urology,1794,1275
2e93c56d-a766-4b41-8914-1303910903c1,525bcb91-f351-4c2a-a274-903954352118,MED,General Medicine,224,566
d55a8a42-9e21-4fe8-97cb-c52f11950341,25300e03-7734-4c5f-b12a-8a14acaed403,CARD,Cardiology,860,141
8d6e3d8c-ea7c-4f14-b241-8ae328f014ec,25300e03-7734-4c5f-b12a-8a14acaed403,OPTH,Ophthalmology,405,1254
315dcc2a-4ab2-42ca-957c-c0a95b591a41,09096fd1-b2f7-47ba-99db-0c945347eccf,GS,General Surgery,935,1187
f7373ef8-c6a3-4b87-b10a-3eb0b7f51add,09096fd1-b2f7-47ba-99db-0c945347eccf,OBG,Obstetrics & Gynaecology,1633,726
20f97197-1097-49c0-9424-7e22cf19a189,83ba63cf-a221-40bd-a10e-8055f9516fb0,OBG,Obstetrics & Gynaecology,767,1267
b9ec048d-6e55-4ecf-8516-a28962c22e47,83ba63cf-a221-40bd-a10e-8055f9516fb0,GS,General Surgery,531,1500
3871b274-6eec-4855-8280-86ae2095f5d7,41d8aac9-6902-4859-b2a8-2d983900e190,OPTH,Ophthalmology,1767,1639
30a5ed60-43f0-48ed-a986-005dfacfadd9,41d8aac9-6902-4859-b2a8-2d983900e190,MED,General Medicine,1430,265
30768d29-639e-48d8-817e-095a72e00bd0,2418ef4c-bcc3-4c07-9780-625f32a3e499,GS,General Surgery,1052,775
b058605f-2aad-4b4c-933d-3b82bd0373ad,2418ef4c-bcc3-4c07-9780-625f32a3e499,OBG,Obstetrics & Gynaecology,823,69
4803b25d-931d-4776-b5dc-c687a11eb841,f6c4b639-c52f-446c-b9b5-88cfefa8532a,NEURO,Neurology,684,1255
2cee4468-ec53-4fa1-83ed-68bcbd71e22d,f6c4b639-c52f-446c-b9b5-88cfefa8532a,OPTH,Ophthalmology,95,1373
a86cd69f-4307-4a31-9216-f1eb6a3dd85b,f6c4b639-c52f-446c-b9b5-88cfefa8532a,MED,General Medicine,72,1622
06f8c66a-5966-4fcc-8446-5599121fc552,8bbf5a35-3845-4d03-a4d9-46f59724c81b,ENT,ENT,609,840
5c30cfa7-e051-44b8-a7e8-c7cc24d63cc9,8bbf5a35-3845-4d03-a4d9-46f59724c81b,PEDS,Paediatrics,839,1119
71604ed2-f7b0-4197-a8dc-f694fb8ae74d,3e7bc9c4-a821-47e1-97d0-80309e11ef38,MED,General Medicine,814,243
4d844e7a-988b-4158-955f-1b354193b10d,3e7bc9c4-a821-47e1-97d0-80309e11ef38,OBG,Obstetrics & Gynaecology,1375,614
2dcc2832-1359-4fc5-8163-cabfe9b5d37c,3e7bc9c4-a821-47e1-97d0-80309e11ef38,PEDS,Paediatrics,1627,1452
53c360b8-1eff-455b-b12b-e697e2c4d24f,3e7bc9c4-a821-47e1-97d0-80309e11ef38,ENT,ENT,1860,279
ca41ea3f-1161-4202-9ff7-8aba4352b800,3e7bc9c4-a821-47e1-97d0-80309e11ef38,OPTH,Ophthalmology,1729,582
24c1be17-ccd5-46fc-89be-a4265eefd687,c0dfce16-73be-4f71-923a-ff2039494198,ORTH,Orthopaedics,1767,1245
324dc005-5a70-4597-becc-17d047c8f158,c0dfce16-73be-4f71-923a-ff2039494198,ENT,ENT,1395,689
931328d4-97ce-4bdf-bfe1-e020e671d9e5,c0dfce16-73be-4f71-923a-ff2039494198,OPTH,Ophthalmology,620,85
2fc5b29b-e431-4a2f-a90d-60789e2d82c4,ea38d6d5-9046-43ca-84ee-59320f5cb18d,NEURO,Neurology,1117,1756
5d567211-85b9-438d-9ac1-71c3e1c144ae,ea38d6d5-9046-43ca-84ee-59320f5cb18d,OBG,Obstetrics & Gynaecology,724,53
99899bb9-3c92-4bd7-816e-e8787dcb2a22,ea38d6d5-9046-43ca-84ee-59320f5cb18d,PEDS,Paediatrics,648,113
2a268443-7cd9-457c-87dd-99f925710367,ea38d6d5-9046-43ca-84ee-59320f5cb18d,OPTH,Ophthalmology,1224,1752
ffb72af1-f819-4302-8c22-18b8dcd594f5,ea38d6d5-9046-43ca-84ee-59320f5cb18d,ORTH,Orthopaedics,176,1107
a1857149-5975-45d3-9951-69c313fa178e,5a22e077-a095-4645-ac89-4b17dc08d4cf,MED,General Medicine,906,1623
8277495b-0ae8-4185-ab01-f8fb271cc1f4,5a22e077-a095-4645-ac89-4b17dc08d4cf,ORTH,Orthopaedics,1286,967
aa172f33-1209-4abe-a06c-a1d3f1628836,5a22e077-a095-4645-ac89-4b17dc08d4cf,URO,Urology,1812,1429
1d2bc7c4-9092-4b50-ac66-475a028c0955,a40f5f0a-3929-4e76-a9d2-31ce4dbb246e,MED,General Medicine,1114,641
a08f00b7-bddb-44c7-9354-8e92d9c34e6d,a40f5f0a-3929-4e76-a9d2-31ce4dbb246e,OPTH,Ophthalmology,1693,228
ec60de99-e2a6-4cab-997d-fa0ba24defd1,a40f5f0a-3929-4e76-a9d2-31ce4dbb246e,GS,General Surgery,446,1183
06297695-e2f5-4098-ba65-9c56de5ab66e,a40f5f0a-3929-4e76-a9d2-31ce4dbb246e,OBG,Obstetrics & Gynaecology,363,172
6e4ecdbd-b5b5-434f-80ae-76a1c6abce97,a40f5f0a-3929-4e76-a9d2-31ce4dbb246e,DERM,Dermatology,630,599
ef410b0f-e022-4271-abc7-d22ea73f31d7,0353a6ab-598c-402b-81d1-9e1ed9e9698c,ONCO,Oncology,372,493
d5b52d11-6d1a-4d9b-9f03-96a6cce101ee,0353a6ab-598c-402b-81d1-9e1ed9e9698c,GS,General Surgery,746,252
d6879d04-a41d-4eb6-a916-b1502193426a,0353a6ab-598c-402b-81d1-9e1ed9e9698c,CARD,Cardiology,513,1493
dbd66f9a-f5b9-4383-8575-395c9be6e091,0353a6ab-598c-402b-81d1-9e1ed9e9698c,OBG,Obstetrics & Gynaecology,311,1264
52e1607e-9df9-4eb8-886d-ba49018747db,265eddb7-a086-4ab7-a9c4-c4004f079d0b,CARD,Cardiology,216,1525
16461213-7e8d-4cb6-b0ec-6cdad7b7ef69,265eddb7-a086-4ab7-a9c4-c4004f079d0b,GS,General Surgery,1145,702
2b42dd99-cd78-4838-aadc-39e23e1e1ac5,265eddb7-a086-4ab7-a9c4-c4004f079d0b,OBG,Obstetrics & Gynaecology,1290,338
f935a0e8-38a7-4fa4-86aa-03b13b743cd8,265eddb7-a086-4ab7-a9c4-c4004f079d0b,ONCO,Oncology,652,484
926e827e-6152-4673-af22-b016281929ee,7b01b0ef-b5d1-4b32-8d71-60df7c6f97e8,ENT,ENT,1461,708
3514366c-dc7f-441f-8252-9c3073eb88e8,7b01b0ef-b5d1-4b32-8d71-60df7c6f97e8,NEPHRO,Nephrology,1005,915
db303632-1b6b-4563-ad80-726ecbae5eef,7b01b0ef-b5d1-4b32-8d71-60df7c6f97e8,ORTH,Orthopaedics,1252,1582
1f6d2e4a-9876-4134-be1a-6b9f52040555,7b01b0ef-b5d1-4b32-8d71-60df7c6f97e8,CARD,Cardiology,1860,692
d715dd85-004b-4afe-bb72-78f382a9cf0e,59127543-a4ef-4f48-b859-c871032b5267,GS,General Surgery,1851,940
e924789f-d867-4943-9cbd-083027d5036a,59127543-a4ef-4f48-b859-c871032b5267,MED,General Medicine,1803,500
176cdaca-ab1b-415e-9a21-02e564ad9c4a,59127543-a4ef-4f48-b859-c871032b5267,OPTH,Ophthalmology,1123,214
50d30acd-943b-4247-a57f-6dc78f6e8956,968c30b7-a2e6-4221-850c-9c8e40575fb9,MED,General Medicine,98,1582
d5fbc875-c1fd-478b-85a1-a028bd6a7f8a,968c30b7-a2e6-4221-850c-9c8e40575fb9,PEDS,Paediatrics,888,1718
0ca41d65-dac1-4d6d-b421-3d68ea5b1cfc,180f6563-8cf9-4464-810c-5a47c3b94261,OBG,Obstetrics & Gynaecology,193,1012
1e000266-b672-4678-a5fe-9f55bc97e1ab,180f6563-8cf9-4464-810c-5a47c3b94261,GS,General Surgery,1501,1727
3c59c614-d8b6-44d4-85e6-e16eacbdc42c,180f6563-8cf9-4464-810c-5a47c3b94261,MED,General Medicine,1427,559
a022b04f-d321-4603-a76a-8444b5c434d7,180f6563-8cf9-4464-810c-5a47c3b94261,ONCO,Oncology,1685,694
b1268d15-0d9f-49e7-82ad-a4e25d7ecd41,b6bea3ab-a9b9-47e9-b736-6b723c3fc5b8,CARD,Cardiology,1053,1464
edc4bd7a-e178-449f-a14e-1909b83c2252,b6bea3ab-a9b9-47e9-b736-6b723c3fc5b8,OBG,Obstetrics & Gynaecology,1389,1196
1987f71c-e6ad-4e61-b148-d0b6523beb94,b6bea3ab-a9b9-47e9-b736-6b723c3fc5b8,URO,Urology,1203,998
b6b25368-cc5b-48d2-a4a8-0678e6eae9fa,b6bea3ab-a9b9-47e9-b736-6b723c3fc5b8,PEDS,Paediatrics,653,360
d51d6580-bfb3-4c38-9504-8032fc6273fa,3b10c69b-57d0-4699-8ace-72476649f51a,GS,General Surgery,661,1110
e763dc32-4509-4adc-8acb-570664948f1c,3b10c69b-57d0-4699-8ace-72476649f51a,MED,General Medicine,534,1628
2f2518bf-f092-4fcc-b691-a2e342a99841,3b10c69b-57d0-4699-8ace-72476649f51a,OBG,Obstetrics & Gynaecology,1307,1663
38b56d43-c622-445a-b1c7-db529522f3d6,3b10c69b-57d0-4699-8ace-72476649f51a,NEURO,Neurology,93,1618
aa3c0904-b5d9-40d0-8aa0-b0767d808514,1655d398-f648-4052-aa2b-7a2b300d25f2,NEURO,Neurology,535,1030
afc46d82-e08e-47af-bdb6-c981b652fe8a,1655d398-f648-4052-aa2b-7a2b300d25f2,OPTH,Ophthalmology,326,1351
1920e7a7-5497-490a-b6f7-6584b958d31c,1655d398-f648-4052-aa2b-7a2b300d25f2,MED,General Medicine,620,1126
cec3560e-1adb-453d-92ac-0ed0a18cf961,1655d398-f648-4052-aa2b-7a2b300d25f2,CARD,Cardiology,1626,693
2bcac1db-2f57-407d-a355-6a7989a8fd05,b22dfe14-de77-44d3-99b4-a9eea57ae084,NEPHRO,Nephrology,341,1322
90162ea0-df9a-4dc5-9b5a-cbffe43946ee,b22dfe14-de77-44d3-99b4-a9eea57ae084,GS,General Surgery,1754,1094
84795aa6-20f7-427a-aec2-ae4fbfb663a7,b22dfe14-de77-44d3-99b4-a9eea57ae084,ORTH,Orthopaedics,1468,368
41fdb23e-1f87-4453-a5dc-e6d23627d69f,b22dfe14-de77-44d3-99b4-a9eea57ae084,OBG,Obstetrics & Gynaecology,635,1323
3d212519-dc4f-4915-99ab-4411643d25a3,797c0604-743c-4e66-8363-7cd94b949afe,MED,General Medicine,784,921
1010f612-c5eb-47a2-a7db-e2b99bbf5361,797c0604-743c-4e66-8363-7cd94b949afe,OBG,Obstetrics & Gynaecology,636,1106
4aff30a8-4ab4-4887-9fa0-3a073b5f0735,ded8a65c-4013-42a2-a29b-13060aec21b7,ORTH,Orthopaedics,827,1384
0773e4d2-60bc-4995-84fb-06f3e3b598ee,ded8a65c-4013-42a2-a29b-13060aec21b7,ENT,ENT,243,1191
ed15347b-271e-4018-a8a3-7f65d6428d9e,e2448c67-8921-49a1-b490-20b7eac1865d,OPTH,Ophthalmology,1849,1428
f2d71703-772b-4b41-b12c-4c8d9ccb93aa,e2448c67-8921-49a1-b490-20b7eac1865d,ORTH,Orthopaedics,186,761
1b5147f2-bd38-4763-b1ae-582c75662069,e2448c67-8921-49a1-b490-20b7eac1865d,ONCO,Oncology,69,1099
09a31629-84be-4fa3-aa23-6c284d87f967,e2448c67-8921-49a1-b490-20b7eac1865d,OBG,Obstetrics & Gynaecology,1991,1312
e688fb6c-b264-478e-b7c3-7b9547b0af29,ed983dd8-8ee1-4240-bb89-a84db2b406e2,CARD,Cardiology,670,1010
a63e4d22-d69a-43ab-abc8-cc579fd85173,ed983dd8-8ee1-4240-bb89-a84db2b406e2,OBG,Obstetrics & Gynaecology,1161,835
7f65e5d9-a36c-42e3-9775-f3222d675a2b,ed983dd8-8ee1-4240-bb89-a84db2b406e2,PEDS,Paediatrics,1256,58
42ac3d97-fa75-4ec7-af80-aa3a45fc79db,ed983dd8-8ee1-4240-bb89-a84db2b406e2,URO,Urology,1539,823
27431a0a-bd9d-43f9-98f1-6b9ffc6772a3,3c8687da-be51-4a29-9221-be1dbe037dc6,MED,General Medicine,820,1080
7a0b4e99-97aa-41c1-bec0-9d7c92d047d0,3c8687da-be51-4a29-9221-be1dbe037dc6,GS,General Surgery,1805,248
5fcea626-9715-4a03-9442-2c385bb5287f,9adb0638-8214-4db4-920b-e2a1d52305be,OBG,Obstetrics & Gynaecology,1973,456
3b7e2c38-f5d1-4074-a91c-9b977442697a,9adb0638-8214-4db4-920b-e2a1d52305be,ORTH,Orthopaedics,1741,1665
582536bd-393f-47b2-8260-eebf76255b7f,b9139cfd-a86b-4326-be90-1c5eb69696ab,OBG,Obstetrics & Gynaecology,745,578
9930c552-172e-46e5-8dcc-00cb2b0d28dc,b9139cfd-a86b-4326-be90-1c5eb69696ab,MED,General Medicine,1931,528
b8451267-a5a4-4185-bb10-a9812cf6ccf7,b9139cfd-a86b-4326-be90-1c5eb69696ab,OPTH,Ophthalmology,273,972
11995b56-064d-4788-bb8f-434faaaf7ca8,b9139cfd-a86b-4326-be90-1c5eb69696ab,URO,Urology,880,148
5ff97438-edb9-4a73-b11e-df4682fc0031,b9139cfd-a86b-4326-be90-1c5eb69696ab,GS,General Surgery,223,170
ab61657d-4dd7-4c7f-b551-3f994cde1ecf,8be68d63-128e-4cdd-a827-cbd619567b0c,URO,Urology,177,874
495541ac-5be6-4dfb-bfb4-96c9fbb130cf,8be68d63-128e-4cdd-a827-cbd619567b0c,ONCO,Oncology,783,1662
de65b4ad-24e7-48c0-84c6-db1042fb9bef,8be68d63-128e-4cdd-a827-cbd619567b0c,OBG,Obstetrics & Gynaecology,1705,1463
bd0cec8c-5718-4c3c-ae99-ab92916d2804,8be68d63-128e-4cdd-a827-cbd619567b0c,MED,General Medicine,1867,1298
c052365e-da97-477c-9f58-3769d3169e37,8be68d63-128e-4cdd-a827-cbd619567b0c,NEURO,Neurology,1198,806
9822f681-6fd9-4618-8518-9fa1cdbfe5b9,8be68d63-128e-4cdd-a827-cbd619567b0c,ORTH,Orthopaedics,1427,450
8744bd25-3877-4f2c-a5b7-0b32533da51b,8be68d63-128e-4cdd-a827-cbd619567b0c,PEDS,Paediatrics,1439,1267
0b64d72a-91d7-4699-b93b-ab0951ca7ead,bb62119d-e3a6-45bf-9d6d-8e722462c368,OPTH,Ophthalmology,1960,1133
67dba1b4-e2c6-4bbd-a514-1e7fd43104a9,8e2d2656-b44d-4607-baa4-996f08b2a920,URO,Urology,1553,1440
679a65d3-51e9-4b14-b069-efe6f2f09c78,3ce1ff8c-8fbe-4cc9-a998-c11a1a878d8a,PEDS,Paediatrics,1995,1084
9e614e98-a2d9-47c6-8f09-3dd5916eb11b,3ce1ff8c-8fbe-4cc9-a998-c11a1a878d8a,CARD,Cardiology,538,1673
450994db-b2b2-4cdc-9ef9-140dfa5a7d19,3ce1ff8c-8fbe-4cc9-a998-c11a1a878d8a,MED,General Medicine,367,1258
91efbc68-00bd-4fcd-8152-9608d0e9613e,3ce1ff8c-8fbe-4cc9-a998-c11a1a878d8a,OBG,Obstetrics & Gynaecology,1081,1372
facd6c7d-b5c7-46bd-838e-5bd5e62d2656,8c2900a2-2dbd-4876-9ba5-e438fa096e8c,NEURO,Neurology,1476,52
aafd938d-b0a6-48da-b77b-eadbb0c22f5f,8c2900a2-2dbd-4876-9ba5-e438fa096e8c,OBG,Obstetrics & Gynaecology,1061,1074
a02353ed-744a-442b-b77b-02465eb5bf0a,8c2900a2-2dbd-4876-9ba5-e438fa096e8c,MED,General Medicine,121,71
10863254-5cd6-49ef-8ef6-6ffa2197921f,8c2900a2-2dbd-4876-9ba5-e438fa096e8c,GS,General Surgery,1983,1534
03b2a62a-e336-4fe2-836d-a69957902ef0,01ebee83-e189-4691-bab6-13f4932e3007,GS,General Surgery,599,1557
e4f3c84c-8cc3-49ed-954f-8e5a1520d83f,01ebee83-e189-4691-bab6-13f4932e3007,OBG,Obstetrics & Gynaecology,1886,1431
77873f47-9d4b-4854-9791-c508e93d716f,01ebee83-e189-4691-bab6-13f4932e3007,OPTH,Ophthalmology,862,1385
8b04de0f-0970-48ee-af46-3090eeb41587,c3c87057-ad80-436c-b027-b677c15af5b0,ORTH,Orthopaedics,892,1037
48da5869-3821-4c0e-b227-43e58c101fc0,c3c87057-ad80-436c-b027-b677c15af5b0,GS,General Surgery,1773,1129
48ea86df-2267-4ebc-b1df-92e781ec56fc,4262d8ff-60e4-4b7f-ae17-a2e046df8613,ENT,ENT,1459,1141
47b05fbe-d39a-48f3-bfc5-28ed28c8a917,4262d8ff-60e4-4b7f-ae17-a2e046df8613,URO,Urology,1000,748
5ac49ab1-0cfa-4392-bf47-cd3c34a6a531,4262d8ff-60e4-4b7f-ae17-a2e046df8613,MED,General Medicine,210,936
22a994de-4c14-4539-bfc1-58769b0ba4c2,0848e5cf-8804-47df-9958-75c7427e8a3d,PEDS,Paediatrics,333,1678
b31ccfb8-59e5-4e88-b7c4-bb8a0c2d363a,0848e5cf-8804-47df-9958-75c7427e8a3d,OBG,Obstetrics & Gynaecology,1383,1123
7b564d7a-858c-4235-8f94-4182e0594b2a,0848e5cf-8804-47df-9958-75c7427e8a3d,ORTH,Orthopaedics,876,764
5c37de0f-3771-430d-93d8-380c640478cb,0848e5cf-8804-47df-9958-75c7427e8a3d,CARD,Cardiology,1113,732
f8af7fdb-a2c9-44b8-928b-cd2b0961d38d,0e775a8c-edf8-4cad-9a3a-06da2fd9543f,PEDS,Paediatrics,1935,888
ebbf385f-c25b-4f88-909b-b19b19d36d2a,0e775a8c-edf8-4cad-9a3a-06da2fd9543f,ENT,ENT,877,1706
32f42a73-5d02-4032-aad9-583b0fd7ec93,dc191247-d0ae-454b-8603-e8fd00c1b91d,OPTH,Ophthalmology,838,1506
c7a63c01-7776-4658-ae4d-33ab0b685582,dc191247-d0ae-454b-8603-e8fd00c1b91d,MED,General Medicine,203,84
ee914146-b62e-40e8-ba4e-5f50caf6a606,147e8f13-860d-45f6-85d2-66035d3f20bd,CARD,Cardiology,487,285
5fd50735-56e4-4b8b-9c64-9674926b1035,147e8f13-860d-45f6-85d2-66035d3f20bd,ONCO,Oncology,765,1136
975a0bef-076d-453f-996b-2a608ac24b58,147e8f13-860d-45f6-85d2-66035d3f20bd,GS,General Surgery,1948,724
7dae058e-98fd-48cf-b542-3bdd1f563009,147e8f13-860d-45f6-85d2-66035d3f20bd,MED,General Medicine,751,934
07b2c2ba-9b3c-44ba-88f9-cfa29a981a34,147e8f13-860d-45f6-85d2-66035d3f20bd,ORTH,Orthopaedics,131,1621
e03c272e-b374-45cf-913e-9d1c4a60a3b8,147e8f13-860d-45f6-85d2-66035d3f20bd,OBG,Obstetrics & Gynaecology,1556,780
151b809b-86c3-40d4-9a19-f8de81f12189,32536ac4-c916-4805-bf22-7f9facafca42,URO,Urology,1677,178
646a3002-0ea0-4b7c-97c9-420ede002d22,32536ac4-c916-4805-bf22-7f9facafca42,GS,General Surgery,258,734
63ec0c4c-4ab1-4970-9a73-01ab731e9fd0,32536ac4-c916-4805-bf22-7f9facafca42,BURNS,Burns & Plastic Surgery,699,1357
2406ff00-1325-4df5-b015-94ac47714b04,7e18c107-d87e-4765-98f3-39d6dca8d4ee,ONCO,Oncology,225,1155
00a7c551-856e-404d-905d-7a06bd91fc63,7e18c107-d87e-4765-98f3-39d6dca8d4ee,ORTH,Orthopaedics,1288,160
59885e4e-7922-424d-9b3c-861cbff3b50d,6967284a-0de9-48cb-a5f3-502ca4965c0d,GS,General Surgery,301,1630
c9062aaa-f12a-4d0a-b710-3678f040b45a,6967284a-0de9-48cb-a5f3-502ca4965c0d,OBG,Obstetrics & Gynaecology,1254,1493
6d027f82-2083-41e2-a4d0-0bcfa684ced1,66dae4d3-f113-4c1c-9dc8-1ddc5a865a5b,CARD,Cardiology,527,923
b36d32c4-831e-4ce2-8667-07bea9bc491e,66dae4d3-f113-4c1c-9dc8-1ddc5a865a5b,GS,General Surgery,682,1223
b681739a-d64f-4228-8793-cc5add0d0e78,66dae4d3-f113-4c1c-9dc8-1ddc5a865a5b,NEURO,Neurology,1044,1044
6d4677af-e7ec-4c52-b3af-85cd32586458,f37ef077-1999-46e4-8c2c-ca943d522d04,GS,General Surgery,1843,1148
2cff6284-ea79-4d2d-a5c0-f5185551b2c2,f37ef077-1999-46e4-8c2c-ca943d522d04,NEURO,Neurology,1175,1271
a5aada27-9010-4740-8120-79bb97166506,f37ef077-1999-46e4-8c2c-ca943d522d04,CARD,Cardiology,1734,1550
beb846d0-a16c-43e3-81c5-a20b16c47e7a,f37ef077-1999-46e4-8c2c-ca943d522d04,ENT,ENT,630,56
4e395335-5cdb-49f2-9a04-00521e7c5b87,f37ef077-1999-46e4-8c2c-ca943d522d04,DERM,Dermatology,1505,1019
ce86a2d1-bcab-4ee4-b0a5-600ae9fe158c,e775dad7-949b-4519-b9a4-c3bf6c98055e,MED,General Medicine,646,882
91884dea-4f25-4aa1-b2a8-6da5810e5ccb,e775dad7-949b-4519-b9a4-c3bf6c98055e,CARD,Cardiology,1941,390
e1c51f8c-9a2c-4271-a92d-a16b2192eed9,e775dad7-949b-4519-b9a4-c3bf6c98055e,GS,General Surgery,105,1350
a7de382e-f515-496e-8530-da1da290c2e2,e775dad7-949b-4519-b9a4-c3bf6c98055e,OBG,Obstetrics & Gynaecology,1455,1264
83cc2967-7f1a-4f21-8fdb-30b9600f4922,e775dad7-949b-4519-b9a4-c3bf6c98055e,ORTH,Orthopaedics,1337,1684
bff422fd-1c95-401f-bf9f-bfad7b783065,b82951e4-9794-4974-a95a-8941775bfa33,NEPHRO,Nephrology,1467,846
8ac608ab-5c25-4cba-80cf-be8874d341a7,b82951e4-9794-4974-a95a-8941775bfa33,PEDS,Paediatrics,185,1065
774a3cc2-33b7-48a3-a55b-73f5d62774b8,b82951e4-9794-4974-a95a-8941775bfa33,GS,General Surgery,1285,1671
ccab53bb-0f83-4975-ba0b-752f6e4364cd,c5e8f573-a35c-4f59-b296-423d35e2a503,GS,General Surgery,277,314
82b366fb-3530-4e16-bf6c-9786a6a86380,c5e8f573-a35c-4f59-b296-423d35e2a503,ORTH,Orthopaedics,887,1716
7b0f2266-d3dc-4aba-9383-1fb4f92f52e4,c5e8f573-a35c-4f59-b296-423d35e2a503,OBG,Obstetrics & Gynaecology,1299,320
39c120f5-7d62-43df-8817-8169c204e5a1,c5e8f573-a35c-4f59-b296-423d35e2a503,MED,General Medicine,1021,667
de2d2729-60fa-408d-bff4-6653b8352f29,a91e761e-c0bd-446e-b9ee-b293ce8f2cf8,ORTH,Orthopaedics,1333,1340
6b2e3537-59ef-422c-b3de-5b73ddf97a57,a91e761e-c0bd-446e-b9ee-b293ce8f2cf8,CARD,Cardiology,1245,321
5461d5a6-7f79-4ff7-ab2f-c342cc80c4ab,a91e761e-c0bd-446e-b9ee-b293ce8f2cf8,GS,General Surgery,1743,144
1267d37a-216e-42fb-83b2-14ae2034cf2f,a91e761e-c0bd-446e-b9ee-b293ce8f2cf8,MED,General Medicine,1362,190
a367ad8e-51a7-489e-9fbc-1d2ffc1f7431,e06a0ad3-d515-4d3b-a763-716b2ea04899,OBG,Obstetrics & Gynaecology,419,1721
c194a8cb-1f18-4da7-b7d0-713101d46a97,e06a0ad3-d515-4d3b-a763-716b2ea04899,GS,General Surgery,52,1638
6392d4b3-8482-42e6-82f1-5db8be047f7f,e06a0ad3-d515-4d3b-a763-716b2ea04899,NEURO,Neurology,1095,1675
976ecfca-b025-48fc-8067-1b79adac6d2c,e06a0ad3-d515-4d3b-a763-716b2ea04899,URO,Urology,421,723
21acf5dc-6e75-4ffa-aecc-3b57ba01d90f,e06a0ad3-d515-4d3b-a763-716b2ea04899,ENT,ENT,1128,454
e028df1c-057a-49de-b92f-df14a884c923,7ade0625-920e-4c17-9c49-26b5460ba358,OBG,Obstetrics & Gynaecology,1032,424
3bca3d7f-70fd-4380-97a3-3be99297cd30,7ade0625-920e-4c17-9c49-26b5460ba358,NEURO,Neurology,852,1283
98533692-16a2-4817-9ac1-11c543d71a47,7ade0625-920e-4c17-9c49-26b5460ba358,GS,General Surgery,1231,1113
5c77fb5c-3fad-4208-a8bb-0a5ca1da1cae,3f6e8f71-4b5e-412c-8c2d-e44ba17b6595,OBG,Obstetrics & Gynaecology,1726,1001
8bc060b8-9585-4190-afdd-886fd0e2ddab,3f6e8f71-4b5e-412c-8c2d-e44ba17b6595,MED,General Medicine,392,1593
0165cba0-091e-4dc7-99f8-3eb58e7295d7,3f6e8f71-4b5e-412c-8c2d-e44ba17b6595,GS,General Surgery,371,1515
59a9b045-980b-4578-afc1-32d704d35a73,3f6e8f71-4b5e-412c-8c2d-e44ba17b6595,ORTH,Orthopaedics,1153,113
660f7686-6b80-4cad-beed-6874478f9c12,3f6e8f71-4b5e-412c-8c2d-e44ba17b6595,DERM,Dermatology,1086,372
a0040c35-18fa-4e95-89d6-2a3983c71770,3f6e8f71-4b5e-412c-8c2d-e44ba17b6595,CARD,Cardiology,212,911
c138368f-9bdd-4317-90d7-5735d26ab767,04708f67-9623-4cbd-b6ba-dea7faf258a3,OPTH,Ophthalmology,343,1072
ccf54cdb-116e-41f6-82fa-887d28ad8d0c,04708f67-9623-4cbd-b6ba-dea7faf258a3,GS,General Surgery,671,480
f24c198a-33b6-44cf-9114-a8ed1736312c,5555d654-8be5-478d-9d4b-bb7fd625d29a,OPTH,Ophthalmology,1810,801
97a5ea82-42dc-4e18-b22e-2aad6ef0e763,5555d654-8be5-478d-9d4b-bb7fd625d29a,ENT,ENT,1437,166
9ed57040-83b0-434b-813c-3c9b7fba48e0,5555d654-8be5-478d-9d4b-bb7fd625d29a,MED,General Medicine,759,1186
a16631ca-e935-4460-82ae-bc001fe11156,5555d654-8be5-478d-9d4b-bb7fd625d29a,ORTH,Orthopaedics,1927,1280
4dfdf322-43d7-468d-a206-9673a79404a4,5555d654-8be5-478d-9d4b-bb7fd625d29a,CARD,Cardiology,1349,1434
2a61978c-1422-4bab-8a80-e394c25d1782,d13d6915-8473-4197-ace7-e2e62cdecb96,GS,General Surgery,1011,139
f3862dfe-d221-44a1-90b8-ae123d5929a5,d13d6915-8473-4197-ace7-e2e62cdecb96,OPTH,Ophthalmology,1648,604
36ed89ac-d4ed-4a1d-b536-8276a78bee31,ab21d38b-3945-4717-b1c9-c068f33a80f2,CARD,Cardiology,1578,826
73fe37af-3d07-416d-a7a9-2f9ab6d6b190,ab21d38b-3945-4717-b1c9-c068f33a80f2,BURNS,Burns & Plastic Surgery,1546,162
f7f2b782-7bd5-4f68-8365-51f1dcfb3502,ab21d38b-3945-4717-b1c9-c068f33a80f2,NEPHRO,Nephrology,1117,1796
9d383364-ae81-43bb-b8e5-c45f407c3161,ab21d38b-3945-4717-b1c9-c068f33a80f2,PEDS,Paediatrics,1338,374
341427b0-83a6-4409-985b-345bd2f58165,ab21d38b-3945-4717-b1c9-c068f33a80f2,GS,General Surgery,493,848
e3bba4f1-a963-4141-a51b-ebb8a6ed8857,ab21d38b-3945-4717-b1c9-c068f33a80f2,OPTH,Ophthalmology,1374,121
f0e48c68-037c-459f-ad83-43a1e2913834,6a79cf0f-7f1e-433a-ac0f-d0edfbb790ed,URO,Urology,601,1092
12d388c5-a8bd-4d90-a4a9-ff352cf6ac95,6a79cf0f-7f1e-433a-ac0f-d0edfbb790ed,ONCO,Oncology,1158,363
9c2dd495-ef81-445d-a34e-4ff646adbed4,6a79cf0f-7f1e-433a-ac0f-d0edfbb790ed,ORTH,Orthopaedics,427,211
2a9cdd22-42ed-4bdd-827b-73511e463532,f4a39fd5-b6fd-4bbe-8b17-ee66e42185d8,ORTH,Orthopaedics,1026,952
d6622fb8-bae2-4865-b9a3-802bc8337e8e,f4a39fd5-b6fd-4bbe-8b17-ee66e42185d8,CARD,Cardiology,429,1062
01962e82-f5a9-437c-8c78-bb8bf51b9db3,f4a39fd5-b6fd-4bbe-8b17-ee66e42185d8,ONCO,Oncology,1604,781
a64185b5-f7ad-4569-ac17-07781170e4aa,f4a39fd5-b6fd-4bbe-8b17-ee66e42185d8,OPTH,Ophthalmology,740,1560
5ccc33eb-e2d9-45cc-9c16-87f49d2cfda6,b311f10f-94e5-4859-963d-6349b6d9acca,ENT,ENT,1437,379
8078b42b-0034-4eb6-acaa-7332108e21f4,b311f10f-94e5-4859-963d-6349b6d9acca,PEDS,Paediatrics,112,841
3a2a93ed-80b6-445d-928b-57e610e2d270,b311f10f-94e5-4859-963d-6349b6d9acca,OBG,Obstetrics & Gynaecology,860,1149
8d35b87b-290d-4b7a-bb77-025a0b1dc13c,b311f10f-94e5-4859-963d-6349b6d9acca,GS,General Surgery,1697,1270
51cfac9e-ccda-49cf-8454-458dda0799ca,588a58d8-6eae-4972-a4e3-77e30ffa3e3c,CARD,Cardiology,193,1536
7b84fa87-8dd2-44fd-bf17-03a12194ddd0,588a58d8-6eae-4972-a4e3-77e30ffa3e3c,ONCO,Oncology,488,1125
11744f56-85be-4b5e-8022-64ed1baea5d1,588a58d8-6eae-4972-a4e3-77e30ffa3e3c,NEURO,Neurology,155,1748
fe16a791-1c21-4baa-9e8c-cf7f45f48282,588a58d8-6eae-4972-a4e3-77e30ffa3e3c,OBG,Obstetrics & Gynaecology,58,1289
ebc1b707-65eb-4b85-b428-68d960e9ed99,588a58d8-6eae-4972-a4e3-77e30ffa3e3c,MED,General Medicine,879,54
34ae312c-cbdd-4a48-9b0c-5ac5e54c1f06,b8bb53ec-7b96-4261-9bdd-39c9b8e48c9c,OBG,Obstetrics & Gynaecology,893,615
4bb842a0-4484-48c4-bdf2-17880bb80893,b8bb53ec-7b96-4261-9bdd-39c9b8e48c9c,OPTH,Ophthalmology,1731,226
030354e4-e69b-4bc8-b5b3-c32650c38685,b8bb53ec-7b96-4261-9bdd-39c9b8e48c9c,URO,Urology,1262,1127
66417f87-f752-4a73-b41f-51b7c67fb58a,ef28273f-7695-4530-bcc3-0c89203e1552,ORTH,Orthopaedics,661,1229
86f9601e-1b6d-4d99-bb76-64a64b28ec80,ef28273f-7695-4530-bcc3-0c89203e1552,URO,Urology,1011,811
861f1bf0-27fb-402f-b108-96599e91f14a,ef28273f-7695-4530-bcc3-0c89203e1552,CARD,Cardiology,1911,444
fe8b1bb5-1925-4738-a7d9-a31989942c44,ef28273f-7695-4530-bcc3-0c89203e1552,DERM,Dermatology,1235,1380
e999b4a2-7f04-42ab-bfb3-807e42377050,ef28273f-7695-4530-bcc3-0c89203e1552,OBG,Obstetrics & Gynaecology,1081,486
65db1f37-8021-46d5-8f71-1f15c1536a2c,ef28273f-7695-4530-bcc3-0c89203e1552,PEDS,Paediatrics,1130,676
7539b398-d18c-473a-85f4-3fd626e94ea7,cccef36f-0564-4e3f-8e1e-166c86a895ef,OPTH,Ophthalmology,873,165
320a3331-651b-4a20-abec-3e1db0798afc,cccef36f-0564-4e3f-8e1e-166c86a895ef,CARD,Cardiology,1476,1138
61afc376-1793-4e6b-8038-180b5e99db3c,cccef36f-0564-4e3f-8e1e-166c86a895ef,OBG,Obstetrics & Gynaecology,518,283
6da9e6a4-a5ac-4058-9217-7b0f90022dcb,b1aa3128-ec24-441c-9f91-c0d173ec2e65,ONCO,Oncology,1719,1287
63ee693d-4b30-4db0-a8a4-7cab587726b9,b1aa3128-ec24-441c-9f91-c0d173ec2e65,MED,General Medicine,879,1119
1cb0fb79-cae1-43a9-b62e-0649ae15ff16,b1aa3128-ec24-441c-9f91-c0d173ec2e65,OBG,Obstetrics & Gynaecology,258,1005
5eb1d52f-1544-4040-b27f-6c3ddd2a8fc5,b2903e45-442e-4dc9-b7e2-94c999ac28d8,ORTH,Orthopaedics,1583,387
a40028fd-d6bf-4142-acd9-5f564765ef81,b2903e45-442e-4dc9-b7e2-94c999ac28d8,MED,General Medicine,953,1513
48a441df-ece7-4d9c-a674-0718c05d61bc,b2903e45-442e-4dc9-b7e2-94c999ac28d8,OBG,Obstetrics & Gynaecology,1207,336
31b137d1-0f62-4e3d-87ea-63ff735e274b,b2903e45-442e-4dc9-b7e2-94c999ac28d8,PEDS,Paediatrics,227,991
2eead7e9-edbe-4a9f-986e-74cf91f25d8d,f36e39cb-f13a-43be-92b2-8a4c46a467e2,GS,General Surgery,1709,1142
880ddf39-dc23-45d7-885b-cac5cbb9ed73,f36e39cb-f13a-43be-92b2-8a4c46a467e2,MED,General Medicine,1505,410
b1733fc9-2e76-4540-a003-1e4068b7eade,f36e39cb-f13a-43be-92b2-8a4c46a467e2,NEURO,Neurology,1436,1518
1467f583-0b12-4a41-bce1-ff8992f1baed,f36e39cb-f13a-43be-92b2-8a4c46a467e2,OPTH,Ophthalmology,501,1635
4ec5f6cc-b6f4-45b8-aec4-4e50b06b7e96,f36e39cb-f13a-43be-92b2-8a4c46a467e2,CARD,Cardiology,565,1036
49f936b8-0784-47c8-be95-72f15b7924fb,f36e39cb-f13a-43be-92b2-8a4c46a467e2,ORTH,Orthopaedics,1421,1128
2b7ad636-0f51-457d-b26a-4cedf0ac37ff,9333300c-391b-456e-85ee-4a23b83df8e0,OBG,Obstetrics & Gynaecology,65,525
dd411cfe-a91f-4d28-85e8-98768259e5a6,9333300c-391b-456e-85ee-4a23b83df8e0,OPTH,Ophthalmology,961,1423
8d961c48-aad6-4978-b58e-6f7a233e6263,9333300c-391b-456e-85ee-4a23b83df8e0,NEURO,Neurology,1885,455
3f800e01-cf71-495c-a976-b19b9cd29ef6,aaf1df79-ec74-4f05-b724-5e9ec1f2c287,DERM,Dermatology,749,1511
a52ca31d-0a8a-4a63-aa59-a6a93f749606,aaf1df79-ec74-4f05-b724-5e9ec1f2c287,ORTH,Orthopaedics,75,232
b22ffe76-51a3-431c-9f51-ef55916cc45c,aaf1df79-ec74-4f05-b724-5e9ec1f2c287,GS,General Surgery,1695,841
718457c4-8282-4450-b53c-999e13ad5334,aaf1df79-ec74-4f05-b724-5e9ec1f2c287,OBG,Obstetrics & Gynaecology,538,1010
64f599ee-4615-42ef-b296-eea9d6d02eba,25a3f989-e430-401f-9131-376f1cd8ff63,NEURO,Neurology,625,1472
aec9d3db-e630-47f8-923e-6956944236bb,25a3f989-e430-401f-9131-376f1cd8ff63,DERM,Dermatology,1430,329
f2a64aaa-b241-48c0-8f40-2e2ec7ebb55c,25a3f989-e430-401f-9131-376f1cd8ff63,OBG,Obstetrics & Gynaecology,1290,374
15ad2b98-56c4-4bfc-bff7-9b6a48cdc31d,88aa76d4-a5a2-42d8-9d91-464c99d9aa38,ENT,ENT,999,935
e715c4e3-e97c-443c-aec9-8805514f008f,88aa76d4-a5a2-42d8-9d91-464c99d9aa38,OBG,Obstetrics & Gynaecology,535,165
4d4d295e-307f-4a7b-be71-b288ae38487a,88aa76d4-a5a2-42d8-9d91-464c99d9aa38,ONCO,Oncology,1663,214
a3467698-325a-4a3e-bb5e-5ee10f47ff42,5e4b493b-25cd-4a22-8924-51c3c6697718,OPTH,Ophthalmology,1297,1451
ecac02b7-69b0-4f59-aeba-4fd016e9776c,5e4b493b-25cd-4a22-8924-51c3c6697718,ORTH,Orthopaedics,966,96
3c798e23-4e0e-43a7-917d-5c008191f653,5e4b493b-25cd-4a22-8924-51c3c6697718,OBG,Obstetrics & Gynaecology,375,1257
3eda01b3-9c3a-469b-879d-a37adaf2cac6,12b55e6b-1f5b-476b-8735-653792d91639,OBG,Obstetrics & Gynaecology,233,246
99a82d4f-393b-49ab-8a3d-c056cc5a83df,12b55e6b-1f5b-476b-8735-653792d91639,MED,General Medicine,1665,584
8a9be874-5568-4f17-8095-abb16e51b0e9,12b55e6b-1f5b-476b-8735-653792d91639,NEURO,Neurology,960,761
0db93fd9-3d24-45be-853b-ec87577d34ff,204d0dec-2428-43c3-9d83-f0299b9486f7,DERM,Dermatology,1843,1350
441fa4eb-7f37-40be-aaa3-9bd50cb04df6,204d0dec-2428-43c3-9d83-f0299b9486f7,ENT,ENT,1316,673
cf1127e0-f35b-436d-8d67-84b3261d4fdf,204d0dec-2428-43c3-9d83-f0299b9486f7,OBG,Obstetrics & Gynaecology,1072,674
0e1f5924-af09-425c-83e3-10718c56780f,204d0dec-2428-43c3-9d83-f0299b9486f7,CARD,Cardiology,1377,244
0abf4ae0-846b-4c2a-be6f-2914febc09b2,204d0dec-2428-43c3-9d83-f0299b9486f7,GS,General Surgery,1673,627
c25cec43-cf91-4e7f-a8b9-007a6718a1e3,9fa6ed63-66b7-4f8b-a1a8-6307316296a8,BURNS,Burns & Plastic Surgery,1450,514
51f46bd7-da0f-4765-965a-86c040be9ab7,9fa6ed63-66b7-4f8b-a1a8-6307316296a8,ORTH,Orthopaedics,985,1670
b316fb21-5430-42fa-a750-abb487a0f3e2,9fa6ed63-66b7-4f8b-a1a8-6307316296a8,CARD,Cardiology,1366,428
0734fbca-37cc-4650-a783-2b1c7cd585af,34dbc358-44de-45b3-8185-99e0856b2a0a,PEDS,Paediatrics,1095,1751
28d3f626-e8be-4107-b692-9cc4746e7ccc,34dbc358-44de-45b3-8185-99e0856b2a0a,OBG,Obstetrics & Gynaecology,1606,805
f87d8902-b8af-42af-97a6-792a15da4a96,34dbc358-44de-45b3-8185-99e0856b2a0a,ORTH,Orthopaedics,1183,1518
1e7e7a6f-72e5-4b78-a9de-5d8dfdbe5de7,f399ac92-a52b-4638-8e5e-362ac45c47a9,CARD,Cardiology,1166,755
84fac77f-82ca-44c5-9bf9-2fe87cff52e3,f399ac92-a52b-4638-8e5e-362ac45c47a9,PEDS,Paediatrics,879,1659
4f352d3c-5b6c-4b65-89b8-645d1410cbf2,af9c4663-08cd-4aa8-a9b0-5d4a9f1c3441,MED,General Medicine,1395,525
a90064e3-5df6-4881-8301-88b8de1e1f9d,af9c4663-08cd-4aa8-a9b0-5d4a9f1c3441,PSYCH,Psychiatry,531,283
a04fe049-c045-44de-8fb8-f89303973002,af9c4663-08cd-4aa8-a9b0-5d4a9f1c3441,PEDS,Paediatrics,1935,1460
499dbf6c-8f5b-40ad-843a-2ea1ad9852c7,af9c4663-08cd-4aa8-a9b0-5d4a9f1c3441,GS,General Surgery,1108,1661
a5607b64-bcf0-4f20-a745-e647647d19db,af9c4663-08cd-4aa8-a9b0-5d4a9f1c3441,URO,Urology,599,676
bb2a8d54-d6a8-4b20-8e25-1757a5f24dd2,59feb58f-10b2-44b7-95ec-9961cdd9cb34,PEDS,Paediatrics,1551,1641
64b5b941-0e8a-46a5-9adc-254d16e3cadb,59feb58f-10b2-44b7-95ec-9961cdd9cb34,URO,Urology,1168,857
ba378811-654b-4881-9128-2080f4c1a3e9,59feb58f-10b2-44b7-95ec-9961cdd9cb34,GS,General Surgery,992,290
59bd064e-d497-491f-bde0-7a9dec861c3e,9b5aec1c-f59c-4cbe-b343-a4d10f65aa9e,NEPHRO,Nephrology,1785,552
1ac513ac-3981-4535-ae8f-c222bf8f1c5d,9b5aec1c-f59c-4cbe-b343-a4d10f65aa9e,URO,Urology,1588,190
3a7a63ee-20fc-432a-803c-caf79b6da2ec,9c496e68-ffd7-4bc9-bf67-3498c1551012,GS,General Surgery,1122,1795
e72457a8-084e-42d3-9e6d-e0c681297b92,9c496e68-ffd7-4bc9-bf67-3498c1551012,URO,Urology,1654,864
546a2cbc-0529-4fd0-985f-ae11de3d675a,9c496e68-ffd7-4bc9-bf67-3498c1551012,ONCO,Oncology,263,1613
37fe775a-c283-4a6d-9e2e-f511ba93cdc7,9c496e68-ffd7-4bc9-bf67-3498c1551012,OBG,Obstetrics & Gynaecology,599,362
03c44a4a-cd1c-471e-907b-b1be1a4ceb65,9c496e68-ffd7-4bc9-bf67-3498c1551012,ENT,ENT,1018,1648
a15641ae-6618-4035-8e91-a3cf2214a139,9c496e68-ffd7-4bc9-bf67-3498c1551012,MED,General Medicine,352,1385
443e9bd4-96e6-4bd1-b442-22851d388a55,98f30103-c1c1-4ca1-abc0-d45e6011bbe5,ENT,ENT,1846,1289
534da16f-8b37-452d-8f66-b6ec86586b4d,98f30103-c1c1-4ca1-abc0-d45e6011bbe5,ONCO,Oncology,1884,1329
38ef06fa-2810-424e-ba34-ad4bdd684316,98f30103-c1c1-4ca1-abc0-d45e6011bbe5,ORTH,Orthopaedics,1500,304
42484a65-f55b-48ce-ab05-df8ef869d78b,98f30103-c1c1-4ca1-abc0-d45e6011bbe5,OPTH,Ophthalmology,231,870
a34f5580-5d9a-493d-8c3f-b9de17eed61e,ebb52fbc-b517-485b-b021-7ba799124c1b,ONCO,Oncology,1965,663
8f80e535-f64a-4238-a167-997fcbed6433,ebb52fbc-b517-485b-b021-7ba799124c1b,OBG,Obstetrics & Gynaecology,1189,1329
894a04a2-8644-47a5-81f8-97ce749f4eb1,ebb52fbc-b517-485b-b021-7ba799124c1b,MED,General Medicine,747,557
f84ca760-f7b0-4413-8afe-d94f6d1517a6,4b4e4e27-1afd-49a5-a213-7eec78fdd5ea,MED,General Medicine,415,745
ef1735a6-d00b-44f3-a178-09e727709083,4b4e4e27-1afd-49a5-a213-7eec78fdd5ea,ENT,ENT,65,1071
45fdf9a9-0bed-4f3d-8c65-765de848fd83,70d8413d-6cee-47a1-8dca-499191c83394,OBG,Obstetrics & Gynaecology,561,109
438dd463-a0ee-4fd8-a705-5f9b7522afc4,70d8413d-6cee-47a1-8dca-499191c83394,PEDS,Paediatrics,810,933
3dd6a967-81de-42c7-b68a-e90ab893ee90,70d8413d-6cee-47a1-8dca-499191c83394,CARD,Cardiology,1731,755
76b19498-23ed-4b9c-96e1-611f00902dde,70d8413d-6cee-47a1-8dca-499191c83394,GS,General Surgery,143,962
f1ef0710-926e-4faa-9df2-09c1893ef98d,70d8413d-6cee-47a1-8dca-499191c83394,MED,General Medicine,1921,972
dee0ed28-6470-4d5b-b208-b29177415580,a85182ea-39a5-4653-b72c-0a3cf60c8bdb,OPTH,Ophthalmology,809,1707
50fc1d37-2183-431c-933d-422021e6d500,a85182ea-39a5-4653-b72c-0a3cf60c8bdb,CARD,Cardiology,1287,1371
74022415-ce53-41a5-804a-e33ed2420f98,a85182ea-39a5-4653-b72c-0a3cf60c8bdb,OBG,Obstetrics & Gynaecology,664,1018
27de543a-a058-4971-96e9-c24760a5e657,acf54909-f429-4c8a-8b44-561e9ab988b9,OPTH,Ophthalmology,763,430
bf224d16-3334-40b3-b04b-7c775e7118a3,acf54909-f429-4c8a-8b44-561e9ab988b9,OBG,Obstetrics & Gynaecology,1341,472
71cc0b38-4b2e-4667-a4e8-fdf9c75376b7,acf54909-f429-4c8a-8b44-561e9ab988b9,ONCO,Oncology,1121,1763
d01a5e09-573c-4fda-9fe9-34dd62fc365f,acf54909-f429-4c8a-8b44-561e9ab988b9,URO,Urology,1971,949
1cd9e41b-4483-471f-bbb3-54db185c2387,acf54909-f429-4c8a-8b44-561e9ab988b9,CARD,Cardiology,83,1200
75c0f241-cd4f-4a1c-8190-a4774150e7b3,acf54909-f429-4c8a-8b44-561e9ab988b9,PEDS,Paediatrics,1974,1081
18df1a4f-f924-4917-9a10-910cd6ca31d1,8d495549-7062-42a0-9e4e-44aeb67e59c4,GS,General Surgery,257,976
1014487b-4673-45b7-aa6d-461a5692aa52,8d495549-7062-42a0-9e4e-44aeb67e59c4,OPTH,Ophthalmology,992,1458
42d50026-8bbf-4b46-aaa2-0760b762d899,8d495549-7062-42a0-9e4e-44aeb67e59c4,ORTH,Orthopaedics,784,838
c6a492e4-efe3-47b5-af10-d019d6d0cda5,f3cfe0e0-227e-4fe0-966e-6015b1c1e599,GS,General Surgery,1955,1566
3057c1b5-9384-4636-b99d-b1d3301d9da8,f3cfe0e0-227e-4fe0-966e-6015b1c1e599,OBG,Obstetrics & Gynaecology,139,1586
014735a8-1da7-4dba-84ec-741a5339cd18,38649307-865a-4a7e-aa7f-91fd66ad2b69,NEURO,Neurology,910,52
261fbbc6-ab12-437f-a44a-5d56bd97193a,38649307-865a-4a7e-aa7f-91fd66ad2b69,PEDS,Paediatrics,1720,1659
1b1a693d-ce3c-4098-9c96-ccf7890fe192,38649307-865a-4a7e-aa7f-91fd66ad2b69,OPTH,Ophthalmology,943,1571
3631a05c-5f45-427f-a4ad-6e757b02a1ce,38649307-865a-4a7e-aa7f-91fd66ad2b69,ORTH,Orthopaedics,233,202
f8909532-1ce3-4e0e-b059-9747c0c0af27,38649307-865a-4a7e-aa7f-91fd66ad2b69,ONCO,Oncology,637,1314
0f2246e8-3f7e-43c0-a457-0e06f40ac9b8,38649307-865a-4a7e-aa7f-91fd66ad2b69,OBG,Obstetrics & Gynaecology,1261,223
23e59f53-7986-4cb3-b340-212b3254a809,95013210-df30-4699-9644-32da7da48a5d,PEDS,Paediatrics,182,1485
1b9ba9d1-e9d0-4d6a-8ffd-e1514fdf2175,95013210-df30-4699-9644-32da7da48a5d,OBG,Obstetrics & Gynaecology,1477,957
57217b84-ea15-4c9b-9391-c7b0a841f62c,95013210-df30-4699-9644-32da7da48a5d,ENT,ENT,483,1133
584723f8-cda5-4d7f-945b-7c6aebdbf2e3,95013210-df30-4699-9644-32da7da48a5d,URO,Urology,1712,178
8cd65ca1-e93d-4388-a53b-cc8f78c8f185,95013210-df30-4699-9644-32da7da48a5d,NEURO,Neurology,745,1365
a0bac09b-5bae-418f-ad5b-9b06d3433e49,95013210-df30-4699-9644-32da7da48a5d,MED,General Medicine,1864,1733
a281ff60-2a7f-4ac3-9fcf-cbedca976851,7a3ee66c-aae8-4a51-88c8-644fe1342824,OBG,Obstetrics & Gynaecology,1093,810
f600e7fe-fe6e-414a-b93b-0a6935dc0f5f,7a3ee66c-aae8-4a51-88c8-644fe1342824,NEURO,Neurology,927,41
9558edd4-8883-4fc5-a246-232b944a7a25,7a3ee66c-aae8-4a51-88c8-644fe1342824,ONCO,Oncology,1119,861
4f13c445-cffb-4895-8167-2485e9ff643d,7a3ee66c-aae8-4a51-88c8-644fe1342824,CARD,Cardiology,1413,1194
81d2edf2-67de-4980-8827-7cf6209988e8,c0b8fd1c-4317-4af4-b509-e0c4565ba6bc,PEDS,Paediatrics,1543,1055
d8a18482-589b-4574-85ed-3a4956c53d79,c0b8fd1c-4317-4af4-b509-e0c4565ba6bc,OBG,Obstetrics & Gynaecology,1606,635
aad5b08b-fa2c-40a1-a93b-7b1b4fcbb3ce,27077ebb-6db8-4e5d-8b41-58a6f7931f09,GS,General Surgery,193,1252
2ac81dfd-7108-4621-bc0a-5b894ce87895,27077ebb-6db8-4e5d-8b41-58a6f7931f09,OPTH,Ophthalmology,1940,1148
6c5057a1-6da0-463d-8391-521e1496ba68,27077ebb-6db8-4e5d-8b41-58a6f7931f09,OBG,Obstetrics & Gynaecology,1552,230
2de8ea55-0fc1-4db2-80a9-74f4954269c7,27077ebb-6db8-4e5d-8b41-58a6f7931f09,PEDS,Paediatrics,881,720
2fd2c864-5707-4ff0-83fc-04617687e3d9,50204bf6-9931-42db-97f1-f9a549ab8921,GS,General Surgery,607,208
7cfcd776-d4f5-4668-aed8-36073dc63be8,50204bf6-9931-42db-97f1-f9a549ab8921,OBG,Obstetrics & Gynaecology,1684,1039
b91e138c-7a42-441e-88cf-3f98f6f54a01,50204bf6-9931-42db-97f1-f9a549ab8921,PSYCH,Psychiatry,1555,41
3afb04bc-8d11-4b2d-83c5-6071db771ee9,50204bf6-9931-42db-97f1-f9a549ab8921,OPTH,Ophthalmology,430,727
597c1f6d-56ee-4d59-b3cc-f0f894657ddf,50204bf6-9931-42db-97f1-f9a549ab8921,NEURO,Neurology,869,556
0088f0f0-92b5-4fa7-a353-2f657c5de2ff,834427c5-4632-4c64-9d4e-c55ddcfaefae,PEDS,Paediatrics,361,1472
90b8e02e-0e58-43ce-b654-0bc59832d96b,834427c5-4632-4c64-9d4e-c55ddcfaefae,MED,General Medicine,1591,1552
22061ffb-a003-42e5-8f70-d105aeac2794,834427c5-4632-4c64-9d4e-c55ddcfaefae,CARD,Cardiology,1216,1264
04f0ce28-5dbc-4f78-bdf0-47ba9b120672,834427c5-4632-4c64-9d4e-c55ddcfaefae,GS,General Surgery,1512,58
fc352cda-9e25-4293-8ac3-00f903604319,25cc882d-cade-4629-af07-bdbcaa8e2928,URO,Urology,606,913
32df0c7a-6004-4f39-9579-9099c802c141,25cc882d-cade-4629-af07-bdbcaa8e2928,OBG,Obstetrics & Gynaecology,1556,235
a28bbf90-15a3-4619-90f5-8aa5ec542c4b,25cc882d-cade-4629-af07-bdbcaa8e2928,CARD,Cardiology,1699,1642
918f5be7-1bdd-4bc8-9b0c-63686192f0c2,f8264d5e-ffee-400a-bf57-b9ef5fc2de5d,ORTH,Orthopaedics,1851,1529
90da1b79-74c8-4bb4-a969-9fd5b5fa5ebf,f8264d5e-ffee-400a-bf57-b9ef5fc2de5d,GS,General Surgery,1460,801
a1af9cb1-8776-453c-82d5-9230d453f150,f8264d5e-ffee-400a-bf57-b9ef5fc2de5d,CARD,Cardiology,149,755
354e9303-39fa-4795-b3a7-4bd1d77ec269,45e84c29-db52-4014-af17-b9d0ee2d63ce,GS,General Surgery,1071,1701
c4f74c71-704c-4f92-879d-8c225902e28a,45e84c29-db52-4014-af17-b9d0ee2d63ce,OBG,Obstetrics & Gynaecology,1139,1460
20714a47-7e46-47ad-96e1-afaf6179eab6,cc5e5b5b-3f9c-4b05-b7eb-e6ca0798eb1d,ONCO,Oncology,77,1457
7f45591f-1335-4d27-b401-1fb4b7fde354,cc5e5b5b-3f9c-4b05-b7eb-e6ca0798eb1d,OBG,Obstetrics & Gynaecology,899,251
f187e23e-0e9b-4f48-9935-a09a9d53e914,cc5e5b5b-3f9c-4b05-b7eb-e6ca0798eb1d,GS,General Surgery,756,65
aecd3021-9c0b-413f-88ef-7b16c9b6df7b,cc5e5b5b-3f9c-4b05-b7eb-e6ca0798eb1d,NEURO,Neurology,822,1656
fe3a282c-7893-4026-8200-e2c4210a5373,377821b2-a49b-4bc4-a0f1-4fb8c7f6285f,OBG,Obstetrics & Gynaecology,887,663
927cc889-016b-492c-b75e-8e53e09c4dea,377821b2-a49b-4bc4-a0f1-4fb8c7f6285f,MED,General Medicine,533,840
2f947106-222a-4b01-9b2f-6a88ad80db2d,377821b2-a49b-4bc4-a0f1-4fb8c7f6285f,GS,General Surgery,1656,169
51900c88-de38-464a-9904-8a7612bb9eda,377821b2-a49b-4bc4-a0f1-4fb8c7f6285f,ORTH,Orthopaedics,906,231
224ac218-73b9-402c-8986-7976d3980e26,2a557c8a-e713-48d1-8205-e90d6d4721af,OBG,Obstetrics & Gynaecology,1261,1301
121fcd15-4a35-4cd1-baa0-ae1ed5f747f4,2a557c8a-e713-48d1-8205-e90d6d4721af,GS,General Surgery,63,693
defeb237-c2f1-403f-b94b-ec46af01391b,2a557c8a-e713-48d1-8205-e90d6d4721af,PEDS,Paediatrics,972,646
45760c8b-df64-45ae-9641-d2b77d17c1b3,74267fc2-2786-4988-bc93-88244b6810f2,OBG,Obstetrics & Gynaecology,952,1015
9278fd9a-0b9d-4c93-9e09-6d01a9a2388b,b1df8b8a-7700-49d0-868f-15a80efe786f,OBG,Obstetrics & Gynaecology,432,1013
b5d5ecc9-d7b3-447e-8496-14f265f4d6bb,b1df8b8a-7700-49d0-868f-15a80efe786f,OPTH,Ophthalmology,884,164
39bbf852-97d8-454c-bd07-5b0d411a501b,b1df8b8a-7700-49d0-868f-15a80efe786f,PEDS,Paediatrics,864,1059
b8c30f61-c3fc-4a6a-b615-916bd18a6a76,b1df8b8a-7700-49d0-868f-15a80efe786f,GS,General Surgery,696,887
8035f39f-1885-46ea-b858-db8d1bb0e471,b1df8b8a-7700-49d0-868f-15a80efe786f,CARD,Cardiology,1795,52
ce73b0e1-1649-4415-8430-67a0c2fba34e,e0c66532-ebff-4954-8800-63e2cb651157,OBG,Obstetrics & Gynaecology,1118,321
0395b938-c70b-4a92-9d4b-3c1c5b8c1d9d,e0c66532-ebff-4954-8800-63e2cb651157,GS,General Surgery,1892,1181
99fb58a7-d397-4dd9-9296-cd6ab2ec5bcf,e0c66532-ebff-4954-8800-63e2cb651157,ORTH,Orthopaedics,1910,1686
2c5054b0-53ce-401d-b997-f97a6cdcad88,8f7bda38-3fda-49f4-9453-fa8e3536276b,ORTH,Orthopaedics,1035,1724
39d24b7e-7b45-4eef-95f3-b81bc85720c6,8f7bda38-3fda-49f4-9453-fa8e3536276b,CARD,Cardiology,1166,335
52af7c24-bd95-4ac3-89cf-3f6ff4c3acd8,8f7bda38-3fda-49f4-9453-fa8e3536276b,OPTH,Ophthalmology,1356,967
15c70284-ad99-4353-81e7-20ce43ba6ef5,8f7bda38-3fda-49f4-9453-fa8e3536276b,OBG,Obstetrics & Gynaecology,331,1220
26399cbd-12dd-40c0-9050-55317f57cb6e,8f7bda38-3fda-49f4-9453-fa8e3536276b,URO,Urology,140,1407
880480e5-1e57-4723-b9bb-01722dc67314,d0691e20-b1e7-4edd-be74-72a3b9c090cb,OBG,Obstetrics & Gynaecology,693,1596
256b0591-14b9-45d6-9dc3-a4de7d2ecbc0,d0691e20-b1e7-4edd-be74-72a3b9c090cb,GS,General Surgery,1069,871
b9adc821-d899-4fe6-940a-da269ea404e0,d0691e20-b1e7-4edd-be74-72a3b9c090cb,NEPHRO,Nephrology,476,1504
4c22d4ba-2551-46c2-b2b4-493c712f32cc,d0691e20-b1e7-4edd-be74-72a3b9c090cb,NEURO,Neurology,422,368
d9abad00-088a-4451-a037-c402566c173b,5d745d10-cd21-48e5-925f-58429a3e5687,MED,General Medicine,1129,171
1104385c-eb1f-434d-8593-23a488a7540a,5d745d10-cd21-48e5-925f-58429a3e5687,GS,General Surgery,172,1249
e740ac4f-1608-4372-8ab9-0becdc576e61,5d745d10-cd21-48e5-925f-58429a3e5687,OBG,Obstetrics & Gynaecology,1020,1483
3d8e622b-1f0a-4ac3-9391-f37da24029cd,5d745d10-cd21-48e5-925f-58429a3e5687,PEDS,Paediatrics,95,1587
34ca98f8-25a5-4ef9-99c3-932486c4b57d,5d745d10-cd21-48e5-925f-58429a3e5687,ORTH,Orthopaedics,167,1649
da11a1c1-4f97-47ea-9413-22bd101e2403,e14adc6c-c79a-4239-9638-60ff9f3f0573,OBG,Obstetrics & Gynaecology,585,531
be8a36a0-9426-4060-bbac-467b5fa0a9b5,e14adc6c-c79a-4239-9638-60ff9f3f0573,CARD,Cardiology,381,1215
86fb7721-0ec6-4118-b333-88f1466cae91,619241f5-3422-453c-bcba-0e1db980ad70,ORTH,Orthopaedics,1717,1658
ce03756a-2568-439c-9b2e-7b66c3cad72b,619241f5-3422-453c-bcba-0e1db980ad70,ONCO,Oncology,1787,1736
2a67cc2c-2a6a-48f6-9130-e4e56fe5b249,aaa5f081-2aa2-48c7-9446-6f1876d6f411,CARD,Cardiology,1438,1372
babc08d1-a913-4a2e-b5cd-5403ee08cfaa,aaa5f081-2aa2-48c7-9446-6f1876d6f411,ONCO,Oncology,1543,1520
9109965c-5f50-41e3-83d1-31299a0e3b8a,08ab8528-92cf-4e3a-b598-5a5ffda9e765,PEDS,Paediatrics,663,1669
c868a89a-ac77-4cb3-8cad-2f22e6e8fdd6,08ab8528-92cf-4e3a-b598-5a5ffda9e765,MED,General Medicine,1762,1229
f29c0f37-be38-42a5-a0ed-8402e21e40e0,08ab8528-92cf-4e3a-b598-5a5ffda9e765,GS,General Surgery,1844,611
a7fb393c-7a2b-4deb-9f54-466073b5c941,08ab8528-92cf-4e3a-b598-5a5ffda9e765,ENT,ENT,1354,1411
0ab140ff-7a78-46c7-a9d6-c0b7e9da5e4a,08ab8528-92cf-4e3a-b598-5a5ffda9e765,OBG,Obstetrics & Gynaecology,262,68
329c23f7-a66f-4b65-95e7-3af00e494bea,34582c76-948b-4ff1-b5ea-30b1e41c3fd3,NEURO,Neurology,1339,1009
ce1246a6-aea0-4c51-a100-172c1809a5b6,34582c76-948b-4ff1-b5ea-30b1e41c3fd3,MED,General Medicine,1064,596
6753a728-1d34-4f6b-b103-a5839fb82268,b0d0a36d-733b-4790-b6cb-b1776cdbe3b1,NEURO,Neurology,435,848
b571179b-0f87-400c-888b-57d6bb40a1a5,b0d0a36d-733b-4790-b6cb-b1776cdbe3b1,MED,General Medicine,991,959
62c5dffc-90ab-41c9-afd1-fa7fa5a0fc99,54b20748-91e8-411a-bb22-b4a41e7cd872,OBG,Obstetrics & Gynaecology,201,805
97ed6e36-fa5c-4330-aeb4-92266be40d05,54b20748-91e8-411a-bb22-b4a41e7cd872,MED,General Medicine,676,141
452c9b06-1b3d-44d6-82df-8c08e7e4bcae,a07869aa-6cb5-42b3-8592-33bf95ca49fb,MED,General Medicine,779,1270
1a212d5e-bb5f-4eea-8c5d-a6a91495a820,a07869aa-6cb5-42b3-8592-33bf95ca49fb,OBG,Obstetrics & Gynaecology,1399,1524
06ee908d-b22f-456d-a87a-68703c2fcda8,a07869aa-6cb5-42b3-8592-33bf95ca49fb,OPTH,Ophthalmology,311,1695
fe8b2894-63f2-4142-849d-f6a201fcb0b3,a07869aa-6cb5-42b3-8592-33bf95ca49fb,ENT,ENT,1896,828
84edce81-e325-4256-8547-a68e2d44c121,a07869aa-6cb5-42b3-8592-33bf95ca49fb,GS,General Surgery,957,458
3a891b00-8be7-4e08-bcc1-7026362b7724,a07869aa-6cb5-42b3-8592-33bf95ca49fb,NEURO,Neurology,1210,1308
bc7e77e6-71a6-4ed6-85d9-1ffdcdceba2b,2ece46c0-d99c-499e-95a5-c0d91ef7a0c1,ORTH,Orthopaedics,1338,60
048e9d46-0dc7-465b-85fd-854d7f04105a,2ece46c0-d99c-499e-95a5-c0d91ef7a0c1,BURNS,Burns & Plastic Surgery,1048,109
2820d268-81cb-4e20-bb7d-4c8af80d8444,2ece46c0-d99c-499e-95a5-c0d91ef7a0c1,MED,General Medicine,1149,1330
a03de849-888a-444c-b2aa-862f0216a919,781f96ae-034b-4a7c-9b21-4623143b17d4,OPTH,Ophthalmology,67,1775
a9236909-7b8b-4ff1-96ce-ce0e01ab74e3,781f96ae-034b-4a7c-9b21-4623143b17d4,GS,General Surgery,860,967
9fbb7b05-9353-4fb7-986e-9d48ada6dfbf,43996e5a-0ba1-49a3-bca8-48d6bf5d4d79,ORTH,Orthopaedics,243,160
0f41ea07-9cd9-4787-a353-6a5f2fe410c4,43996e5a-0ba1-49a3-bca8-48d6bf5d4d79,PSYCH,Psychiatry,1643,831
82ab7f38-528f-4a5d-af42-cd987742fac0,4bd854c8-5c65-4135-abd3-1499a9003c3e,ORTH,Orthopaedics,1651,133
b7980e6c-0a87-4a8d-9018-4e84a864bb8d,4bd854c8-5c65-4135-abd3-1499a9003c3e,OPTH,Ophthalmology,1612,179
2725287d-f181-412d-9937-bb8586bb5423,61cc971e-208f-4727-bce5-e8e9cb5fdb04,OBG,Obstetrics & Gynaecology,1572,1238
5ed59fb3-1922-499f-8eec-a674d8038e7a,61cc971e-208f-4727-bce5-e8e9cb5fdb04,URO,Urology,344,431
cd0c77fb-1c5e-4bab-bdc1-f8a767a76676,61cc971e-208f-4727-bce5-e8e9cb5fdb04,ORTH,Orthopaedics,293,1229
4855344d-3248-497d-ab3d-35914dccfa6f,61cc971e-208f-4727-bce5-e8e9cb5fdb04,ONCO,Oncology,1766,517
683db781-376a-4326-b993-c6301beb19bb,61cc971e-208f-4727-bce5-e8e9cb5fdb04,GS,General Surgery,1008,873
97b8d101-089d-45ca-8861-a2c00dc01853,27cb775a-7e36-4a95-8089-3e3585456557,MED,General Medicine,124,483
13b0e05b-020f-4f13-8030-aa10d4f7fb9e,27cb775a-7e36-4a95-8089-3e3585456557,ORTH,Orthopaedics,112,637
6a2d09d5-9495-489f-85dd-daeafbe1128e,27cb775a-7e36-4a95-8089-3e3585456557,GS,General Surgery,746,1316
1c3c33ed-5261-4547-986e-0547d1ca952f,27cb775a-7e36-4a95-8089-3e3585456557,PEDS,Paediatrics,512,195
ffff0a2e-1d14-43bf-9d5f-50d9fe70006b,72efbd34-cf81-4cf0-8910-777597ae85ba,PEDS,Paediatrics,1626,1238
75610ef4-595c-4fc7-b139-919b03bafaac,72efbd34-cf81-4cf0-8910-777597ae85ba,OBG,Obstetrics & Gynaecology,863,1057
779f166e-f8d3-42b0-a69c-6329032304e2,72efbd34-cf81-4cf0-8910-777597ae85ba,DERM,Dermatology,254,1499
cedadd18-8741-4da5-94d4-374be85c1457,72efbd34-cf81-4cf0-8910-777597ae85ba,OPTH,Ophthalmology,765,1002
a091b802-13f5-4ca3-836f-083f4bb5421d,8d76fa6a-16be-4276-a4a0-d59fe9ee5a7f,NEURO,Neurology,737,1397
29b33a24-a23e-4c87-8730-d0e834a414a0,8d76fa6a-16be-4276-a4a0-d59fe9ee5a7f,OBG,Obstetrics & Gynaecology,1192,968
089135d2-530b-424a-bea6-ef097c29ed90,8d76fa6a-16be-4276-a4a0-d59fe9ee5a7f,DERM,Dermatology,760,167
9c16e384-3b15-4e5a-8f65-9a980c3ef992,88f78b56-50e9-4119-b191-af66e4852c3f,DERM,Dermatology,1310,49
f7a633fb-2749-4dc0-a1e5-01befd408363,88f78b56-50e9-4119-b191-af66e4852c3f,ENT,ENT,1288,1256
bd793ec5-30c8-49dd-9e82-f3b968de41b7,88f78b56-50e9-4119-b191-af66e4852c3f,URO,Urology,1454,1667
e0480fbf-4820-47b0-bbf9-81ee91b632c9,e0f72d54-9e20-4745-ad4e-10c19845d116,DERM,Dermatology,462,739
77594c53-08dd-40f1-834d-00f18ae492d7,e0f72d54-9e20-4745-ad4e-10c19845d116,ORTH,Orthopaedics,148,1022
b596afee-ff7f-4c94-944a-70b27d012104,e0f72d54-9e20-4745-ad4e-10c19845d116,ENT,ENT,1206,1513
3edc19b8-4da6-4e83-ac17-1d7d65d7f12c,e0f72d54-9e20-4745-ad4e-10c19845d116,OBG,Obstetrics & Gynaecology,1897,768
570849c1-784d-438d-9e9d-5a3dfb3c44ef,b64abb23-82b5-4b72-88ae-dc6ecd7225bf,GS,General Surgery,1787,285
8bfd26cf-bbd5-41d0-b859-333b2d0a034c,b64abb23-82b5-4b72-88ae-dc6ecd7225bf,OPTH,Ophthalmology,1079,1156
608f4cf2-96fc-46bf-9963-dab9d05e86eb,b64abb23-82b5-4b72-88ae-dc6ecd7225bf,OBG,Obstetrics & Gynaecology,1518,1066
64ecd38b-fa72-41b4-9791-fd9ec6fa15b6,0f2d4ec6-9c01-4b87-9930-0670cbc2cc1c,OBG,Obstetrics & Gynaecology,1857,745
ef03edc8-39ba-4f1b-b371-e41a1ae978c3,0f2d4ec6-9c01-4b87-9930-0670cbc2cc1c,NEURO,Neurology,701,695
8961f9bd-d247-4475-ac7f-fe341b889279,0f2d4ec6-9c01-4b87-9930-0670cbc2cc1c,ORTH,Orthopaedics,1348,1684
f8065eee-c0c8-446d-a270-abde7fbe09cb,0f2d4ec6-9c01-4b87-9930-0670cbc2cc1c,PEDS,Paediatrics,1898,998
7f87a9ea-5885-4adc-9bc5-e70810fb4b99,0f2d4ec6-9c01-4b87-9930-0670cbc2cc1c,GS,General Surgery,1718,434
96fb65f1-2cba-44d0-a093-dd47734bb66b,d3d7f8a4-1799-47d3-9d57-2e392c987e85,PSYCH,Psychiatry,640,295
a491344b-1cf1-4861-a7e2-d053b4dee7e7,d3d7f8a4-1799-47d3-9d57-2e392c987e85,OBG,Obstetrics & Gynaecology,104,1369
29d14f04-7876-4b16-9990-352d93911993,d3d7f8a4-1799-47d3-9d57-2e392c987e85,MED,General Medicine,1398,1001
bafb361b-0a5f-49e5-a073-4dc07c0ae463,d3d7f8a4-1799-47d3-9d57-2e392c987e85,OPTH,Ophthalmology,1214,217
568ece75-d5c7-435a-91da-13b96225e96c,d05c8016-35c4-4f07-bafe-6ac618c401e7,MED,General Medicine,1995,1697
235bf70d-fe74-458d-8c20-2a62443d0e1e,d05c8016-35c4-4f07-bafe-6ac618c401e7,DERM,Dermatology,469,918
b02688b8-2d9d-47a8-bcab-2be8fc32a3a3,d05c8016-35c4-4f07-bafe-6ac618c401e7,CARD,Cardiology,723,1000
e0264f31-a818-4ede-bb5b-c8b68af116c2,d05c8016-35c4-4f07-bafe-6ac618c401e7,ENT,ENT,864,284
a67c59e3-c1a8-4d60-a764-e503285c479b,d05c8016-35c4-4f07-bafe-6ac618c401e7,OBG,Obstetrics & Gynaecology,1388,237
51f2f5ec-9448-4eb6-9a24-2410aec34158,d05c8016-35c4-4f07-bafe-6ac618c401e7,GS,General Surgery,531,1175
bd4455a3-0ef9-4119-9cd5-b7f39985eed5,caf48ebb-7ba5-4b1c-a025-ae041895778e,GS,General Surgery,1536,1278
f9eaf433-ac4f-4046-8b1e-aa47283fcb9b,caf48ebb-7ba5-4b1c-a025-ae041895778e,CARD,Cardiology,1407,471
9a686b1d-0039-4eca-8d1f-aa82a8bfa1ba,24db8f70-0798-46f8-a59d-9bf812a2a450,OBG,Obstetrics & Gynaecology,223,644
d580483d-819b-4d6c-b7a3-d14cca350f84,24db8f70-0798-46f8-a59d-9bf812a2a450,GS,General Surgery,992,1719
625d1f4d-9706-4dbe-a101-8f767f30af17,24db8f70-0798-46f8-a59d-9bf812a2a450,ORTH,Orthopaedics,1621,1363
ca2489fa-330c-42f3-bc08-4ab5e9450c14,24db8f70-0798-46f8-a59d-9bf812a2a450,PEDS,Paediatrics,1782,1321
7513c5c1-40d8-4c14-8588-de9e5a1b6254,65e9cae5-1bb5-47e7-8469-3b64297e5819,OBG,Obstetrics & Gynaecology,1417,1467
a403c143-6d37-40f9-8bb9-dda4be9d9474,65e9cae5-1bb5-47e7-8469-3b64297e5819,OPTH,Ophthalmology,1665,940
a4f51b73-077c-4b25-ac45-faeafd930f17,65e9cae5-1bb5-47e7-8469-3b64297e5819,MED,General Medicine,76,721
e020a91a-734b-43ea-9702-ff5471b5ae5f,65e9cae5-1bb5-47e7-8469-3b64297e5819,URO,Urology,1078,546
c97dc1e8-136b-48bf-9de0-492e1bb866b4,15176ead-9e35-46f3-b718-1ee80ed8d1ac,ORTH,Orthopaedics,1837,859
d8dfb7c1-fe46-4a55-8044-b8a4b037bfd4,15176ead-9e35-46f3-b718-1ee80ed8d1ac,OPTH,Ophthalmology,151,1463
bda866e5-1a71-4da3-aa16-76cf51556710,15176ead-9e35-46f3-b718-1ee80ed8d1ac,ENT,ENT,673,1065
a111b7e7-7ddc-459b-b0ca-13253472ad55,15176ead-9e35-46f3-b718-1ee80ed8d1ac,CARD,Cardiology,958,183
3a46a0ec-377d-4ae9-bfe4-401b82acd7fa,304abb1b-8927-402c-bb21-99af928a56d2,GS,General Surgery,1461,1568
7d6dde19-cb3e-4f7c-88e9-6f31f80be22a,304abb1b-8927-402c-bb21-99af928a56d2,OBG,Obstetrics & Gynaecology,1817,901
bc250e38-2cad-40fe-9753-8ee6b80eb736,41daf0d0-d3ba-4bf0-a9d2-8cbaabf6d384,GS,General Surgery,1366,187
cafaad46-0f74-490e-ada8-2543b43659b2,41daf0d0-d3ba-4bf0-a9d2-8cbaabf6d384,ORTH,Orthopaedics,1846,1100
ce045e08-f969-4490-816b-d7f04374b3a3,41daf0d0-d3ba-4bf0-a9d2-8cbaabf6d384,URO,Urology,239,240
d41787b9-bed4-47e6-b449-4d021e196e68,eff8c7f7-6b7a-4d39-aada-88ac58e6c863,GS,General Surgery,453,1277
bb7700c8-4dc9-48e4-b91b-71897da928f6,eff8c7f7-6b7a-4d39-aada-88ac58e6c863,URO,Urology,1521,140
2fb8d514-506c-4952-b06b-8d355e50266f,eff8c7f7-6b7a-4d39-aada-88ac58e6c863,CARD,Cardiology,1183,980
f9e266ee-92cb-4115-bbd3-ed548f457170,eff8c7f7-6b7a-4d39-aada-88ac58e6c863,NEPHRO,Nephrology,1001,1608
e6d3631d-ec26-4d62-9f77-92bf4cf731b9,76f0688b-0b6e-428c-9661-228e6786d89d,GS,General Surgery,306,56
ecedd562-5474-4b17-8a99-25459e2ffb23,76f0688b-0b6e-428c-9661-228e6786d89d,ORTH,Orthopaedics,1377,721
88d70b99-384a-4676-b779-28ca6d86217c,0bbf506d-973a-42f6-896f-270c78cdb37e,CARD,Cardiology,1010,65
f3aa50d3-751b-4368-94d9-8ccfc8cbfa30,0bbf506d-973a-42f6-896f-270c78cdb37e,ORTH,Orthopaedics,1877,458
9a1da965-cdaf-4287-bbb9-8719b35f6211,0bbf506d-973a-42f6-896f-270c78cdb37e,MED,General Medicine,1047,1338
c61185b2-f495-48a9-a846-f8def93001d1,a06311f6-0fa6-4dbe-817e-56f528a5e0ea,ORTH,Orthopaedics,125,1599
5fa5ddd9-8fba-4e07-8d98-13be409e95fa,a06311f6-0fa6-4dbe-817e-56f528a5e0ea,OBG,Obstetrics & Gynaecology,801,179
56b9cf14-3f3b-4211-9dff-e03f2dfa16d7,a06311f6-0fa6-4dbe-817e-56f528a5e0ea,ONCO,Oncology,78,1656
99b8e9af-c5c1-408f-bb2e-47221bf72f32,8be6a867-97dc-4986-87a7-81062f67660f,OPTH,Ophthalmology,1881,1075
e2a48223-99cd-4cc2-b762-1cc6357c6cfa,8be6a867-97dc-4986-87a7-81062f67660f,OBG,Obstetrics & Gynaecology,1067,629
6f25a86f-f75d-4f39-8354-df12d6e16ce5,8a53fac1-ab97-441b-b0ec-aa542b7d7a9a,GS,General Surgery,1734,1726
293109c3-988e-41b4-bfee-176786996c27,8a53fac1-ab97-441b-b0ec-aa542b7d7a9a,CARD,Cardiology,1651,1441
222d6ef9-e332-4b0b-9d0b-d2f1c062185b,8a53fac1-ab97-441b-b0ec-aa542b7d7a9a,OPTH,Ophthalmology,1038,1114
8908d869-7089-40f8-b3d3-9e578ff07dfc,56dfac25-65ed-4c1e-8408-7fb3bdfedde1,CARD,Cardiology,67,1764
fa28e69a-d76d-4321-9438-7c74494b13f5,56dfac25-65ed-4c1e-8408-7fb3bdfedde1,GS,General Surgery,1721,458
521dd1f4-647f-490f-be53-b1ee9448d496,56dfac25-65ed-4c1e-8408-7fb3bdfedde1,URO,Urology,722,1015
f03a10b5-08f7-45b6-bef2-6a5019f638d5,56dfac25-65ed-4c1e-8408-7fb3bdfedde1,MED,General Medicine,528,965
526db6ab-1aa6-40f6-9be1-e5482f90169a,56dfac25-65ed-4c1e-8408-7fb3bdfedde1,OBG,Obstetrics & Gynaecology,1955,1057
f80a4147-c1fd-4378-ad71-43c54c664b0b,b91a8a7c-bf98-4fba-8fb5-0f25465bb9f7,MED,General Medicine,1991,1190
8c236868-0f5e-40d7-97cb-c964e64c010f,b91a8a7c-bf98-4fba-8fb5-0f25465bb9f7,PEDS,Paediatrics,1649,1780
3998e896-99c7-4da5-81c8-46608a1f68b1,b91a8a7c-bf98-4fba-8fb5-0f25465bb9f7,ONCO,Oncology,1557,1045
80cfe924-b8a8-4d8e-8c32-475aa5d14fad,b91a8a7c-bf98-4fba-8fb5-0f25465bb9f7,OPTH,Ophthalmology,1436,1738
1ca432b5-31ba-4575-a5fc-07fa514fad31,b91a8a7c-bf98-4fba-8fb5-0f25465bb9f7,GS,General Surgery,330,1684
bb4d5f98-a9e8-4fa2-a049-c80ffb29b3a2,abe8fb59-9eeb-4a1b-ae32-281761671a90,URO,Urology,1265,1097
5ad2844d-77f1-44f2-9100-03d6c344bce8,abe8fb59-9eeb-4a1b-ae32-281761671a90,NEURO,Neurology,696,1692
456dc549-44d0-4930-a177-232b394c2746,abe8fb59-9eeb-4a1b-ae32-281761671a90,CARD,Cardiology,964,1013
00a275fd-0d42-4fa7-9c6b-0b81f8a7304d,3e4a23d2-c449-4be3-9d75-c2d3f537e4c1,OBG,Obstetrics & Gynaecology,1547,1654
813dede0-d753-4071-9775-0d8d9c2b63dc,3e4a23d2-c449-4be3-9d75-c2d3f537e4c1,MED,General Medicine,641,768
d409121f-60d2-4def-b64a-2e79d643874b,3e4a23d2-c449-4be3-9d75-c2d3f537e4c1,OPTH,Ophthalmology,1758,1405
7b1c55de-63e1-4d60-a7bd-2371ee2cdb40,7d3a6fb8-836e-477f-bed4-8e6b99ce006f,GS,General Surgery,453,1474
d5a58d52-2aed-43f6-bf3f-86b4561a016f,7d3a6fb8-836e-477f-bed4-8e6b99ce006f,PEDS,Paediatrics,798,1630
1d8bb4fa-8785-4543-8228-b2f7fe67c99a,7d3a6fb8-836e-477f-bed4-8e6b99ce006f,MED,General Medicine,1989,1670
23c4d1dc-2354-4b8b-b496-4b20c61453c1,8052c7d4-796f-4a16-92ad-b46246192b2d,CARD,Cardiology,1953,1002
391c292f-8153-43ab-a858-e3d2175c1fde,8052c7d4-796f-4a16-92ad-b46246192b2d,URO,Urology,514,997
d37565f4-610d-4ed3-90f8-b6d696ec3b69,8052c7d4-796f-4a16-92ad-b46246192b2d,ENT,ENT,897,333
5d61351c-e2de-42a4-89da-4e1158c922be,8052c7d4-796f-4a16-92ad-b46246192b2d,ORTH,Orthopaedics,277,1157
b4f89578-194b-4bd3-bc42-b993f19ef025,8052c7d4-796f-4a16-92ad-b46246192b2d,MED,General Medicine,1885,1001
6884808b-70ab-4eb9-919d-811c8fac9329,8052c7d4-796f-4a16-92ad-b46246192b2d,OBG,Obstetrics & Gynaecology,965,238
9bb36976-4a9c-4ed9-b357-b8ae5297d1fd,4b1b09eb-7d1e-456b-b574-a77de98fd412,OBG,Obstetrics & Gynaecology,1974,695
38fa46d2-fe64-4bb9-8df7-fceca4fdf867,4b1b09eb-7d1e-456b-b574-a77de98fd412,PEDS,Paediatrics,708,1018
03668c1c-a6d4-4a53-8292-c741417b019e,9cd9e31f-ab3a-44f0-b283-69eed7aab7d7,OBG,Obstetrics & Gynaecology,1446,987
63efb69e-dc49-4525-861c-62a5adc6313b,9cd9e31f-ab3a-44f0-b283-69eed7aab7d7,ORTH,Orthopaedics,145,390
e12f58b4-08cb-4f65-9efe-744d5a528d57,9cd9e31f-ab3a-44f0-b283-69eed7aab7d7,OPTH,Ophthalmology,1868,1174
58e05011-20d7-47ab-9742-86e5d2c2725e,b2a30819-9db4-4966-a064-579a464507bd,OBG,Obstetrics & Gynaecology,1386,1210
cdbd0810-38d7-450b-bc4c-eb23f34ef9e2,b2a30819-9db4-4966-a064-579a464507bd,OPTH,Ophthalmology,1990,1563
29f67d93-01ee-4cea-9f31-43b751a59c88,b2a30819-9db4-4966-a064-579a464507bd,NEURO,Neurology,1005,491
f8774b77-901f-4ab1-911d-720595d68f6b,d19a4547-c47c-478a-a5ea-fb32f81f238a,ORTH,Orthopaedics,724,1752
78a08099-6f31-4521-bcd2-b832845fdfd8,d19a4547-c47c-478a-a5ea-fb32f81f238a,URO,Urology,236,1522
cd98c881-0540-4e2f-ac31-54487aeea270,d19a4547-c47c-478a-a5ea-fb32f81f238a,CARD,Cardiology,962,667
93e5ff8f-0fe3-46ce-a5a5-1826e45af672,d19a4547-c47c-478a-a5ea-fb32f81f238a,MED,General Medicine,277,328
c6dee5fd-076f-4880-9c20-9f8a989975ab,639ffc2d-ecdf-44b8-9943-60faac4ee622,OPTH,Ophthalmology,914,497
fe172e36-610e-48b1-b33b-4e91fc842cc8,639ffc2d-ecdf-44b8-9943-60faac4ee622,MED,General Medicine,178,701
1774dae5-bee7-411a-b8e1-cbf24359d4aa,639ffc2d-ecdf-44b8-9943-60faac4ee622,OBG,Obstetrics & Gynaecology,533,506
505cae98-7fa8-44d2-9ff3-c3a2baca5ad9,639ffc2d-ecdf-44b8-9943-60faac4ee622,CARD,Cardiology,349,1533
47b4f458-bcb7-4157-92ea-c3a46367da3b,89f423a1-3966-48f9-815b-958a153a94ff,CARD,Cardiology,1469,300
72528df1-cbc5-4df3-bea9-f0504a43736d,89f423a1-3966-48f9-815b-958a153a94ff,GS,General Surgery,189,360
00ca38b5-4f1d-4046-89c7-497534b2db99,efef37e3-172e-4370-89d4-4bc91b2398ab,OPTH,Ophthalmology,443,1531
ac296d1f-a682-4c3a-bba3-97aca3b071e2,efef37e3-172e-4370-89d4-4bc91b2398ab,ORTH,Orthopaedics,1924,1602
e9785250-8b8e-45ce-93da-899c051a6b80,efef37e3-172e-4370-89d4-4bc91b2398ab,MED,General Medicine,1216,98
f3eec9ba-7cb6-4d3e-9c8c-a5f20bf70d45,efef37e3-172e-4370-89d4-4bc91b2398ab,URO,Urology,1907,1453
4a781ab4-e2c5-4b77-ad5b-3ea24d8c3016,c2dda112-71ea-4d47-a966-3b8683d8dd3f,OBG,Obstetrics & Gynaecology,1181,1604
64b9b635-4cd5-4e53-9d43-85ac7f7c4b5d,c2dda112-71ea-4d47-a966-3b8683d8dd3f,CARD,Cardiology,1666,1554
fe5c1bed-95ac-4405-a782-6f48439e3d98,c2dda112-71ea-4d47-a966-3b8683d8dd3f,PSYCH,Psychiatry,355,1672
8a3eccc9-59dc-4743-9b39-b77ddb15bd11,c2dda112-71ea-4d47-a966-3b8683d8dd3f,GS,General Surgery,530,273
64bcfce5-2a34-426d-97be-6d9071a4829d,303388df-3cf7-4298-86cb-d52b810ef613,OPTH,Ophthalmology,640,1225
5917611e-9a66-4d0f-a1b7-870cffe5459b,303388df-3cf7-4298-86cb-d52b810ef613,URO,Urology,1667,1725
da46d612-a3d7-4f76-8296-676ac5545ddc,303388df-3cf7-4298-86cb-d52b810ef613,OBG,Obstetrics & Gynaecology,1754,776
9fe1b07c-9afd-4695-9068-b83cf035bc0e,1cb75b4d-3326-4e4d-a2ac-3e6c6b97bd04,URO,Urology,1531,543
a8f2e6c6-241a-4108-9604-d6ed1af2a1bd,1cb75b4d-3326-4e4d-a2ac-3e6c6b97bd04,NEPHRO,Nephrology,1876,828
8cfd0c92-7c56-4f41-b31b-5c0fc18ee338,1cb75b4d-3326-4e4d-a2ac-3e6c6b97bd04,ORTH,Orthopaedics,1213,173
e8719ae6-1455-405a-8ee5-0d705ab60378,46008c3d-9845-40b0-9470-154009e40d0f,ONCO,Oncology,1451,366
634b1899-99a3-4709-931e-37c7009754b6,46008c3d-9845-40b0-9470-154009e40d0f,URO,Urology,1132,146
e3c4a5aa-5a1b-46c2-aa69-5c9634e0b3b0,83b596d4-261f-4a3e-94b4-fee8e3c97037,PEDS,Paediatrics,235,1132
ba44111d-f146-44d7-9566-a74bfaeebe10,83b596d4-261f-4a3e-94b4-fee8e3c97037,OPTH,Ophthalmology,1069,288
05ee6e0b-81f0-4755-9e2e-0a11821d429b,83b596d4-261f-4a3e-94b4-fee8e3c97037,ONCO,Oncology,1571,890
040f74f7-2e40-4b2e-8e79-8f1ee567d2ac,83b596d4-261f-4a3e-94b4-fee8e3c97037,CARD,Cardiology,840,783
fb1fe694-f4bb-4a0a-9277-17387e09836d,4b376662-68c0-4a9e-8631-8da88cc46bdf,OBG,Obstetrics & Gynaecology,1100,676
5eed86c7-71f0-4c39-b70f-20b01847e1a0,4b376662-68c0-4a9e-8631-8da88cc46bdf,CARD,Cardiology,315,1244
e3e92713-9ea1-4c1e-b2e9-cf192c7d503e,4b376662-68c0-4a9e-8631-8da88cc46bdf,ORTH,Orthopaedics,1309,793
9129a65d-dceb-4b39-b00f-d4dd977fc34e,4b376662-68c0-4a9e-8631-8da88cc46bdf,GS,General Surgery,1696,249
e0fb26b2-45f9-4be7-a724-84aca5a893bf,b056e2c7-7f95-4783-add3-084565af297e,URO,Urology,579,75
2ecb494a-3915-492c-92f9-b2d495b3c9e0,b056e2c7-7f95-4783-add3-084565af297e,MED,General Medicine,1500,1729
707a8336-bb91-4af1-886f-ad3c704f2eab,b056e2c7-7f95-4783-add3-084565af297e,OPTH,Ophthalmology,1033,467
543cd4bd-1451-41f2-a7e1-e8cef27ce744,b056e2c7-7f95-4783-add3-084565af297e,PEDS,Paediatrics,357,649
f1ad6b6d-a62d-43f5-82d0-626dbcabc915,b056e2c7-7f95-4783-add3-084565af297e,OBG,Obstetrics & Gynaecology,1097,745
306b53a6-c37b-415d-9f54-09aeab4b51c9,97fb368a-0d78-4977-a707-d6c350b2683e,OBG,Obstetrics & Gynaecology,409,802
f3e91475-a1df-41d9-ac04-1885f7ae26f6,97fb368a-0d78-4977-a707-d6c350b2683e,OPTH,Ophthalmology,1375,379
21e76327-1b69-4db8-b995-6e0ba90cea8e,781d2b15-6dec-44a6-a948-9f3756c1ec5a,OPTH,Ophthalmology,1347,477
73b9f8bb-c011-4294-8fc8-b2da00274652,781d2b15-6dec-44a6-a948-9f3756c1ec5a,GS,General Surgery,510,573
cbfa14f2-6d97-4b7c-9472-cac51d027a15,781d2b15-6dec-44a6-a948-9f3756c1ec5a,OBG,Obstetrics & Gynaecology,1220,848
ae5fb4d1-cca7-40a0-83a2-cc6d48e3a686,781d2b15-6dec-44a6-a948-9f3756c1ec5a,PEDS,Paediatrics,909,1653
084c5047-a3b6-44bb-995f-4552facf0f27,4698c63e-188e-4869-98ea-f0f5f5204e6b,ENT,ENT,1544,1396
651b6e80-6b61-478f-b4d6-fb75ea676b0c,4698c63e-188e-4869-98ea-f0f5f5204e6b,OBG,Obstetrics & Gynaecology,1076,1410
6613bcd8-ce94-4f01-9271-521481da02b8,92ea8701-4174-4c3e-a2da-129dd0150a34,NEURO,Neurology,1052,717
b77fa4f9-f6da-4259-97f5-0dfc06bf0082,92ea8701-4174-4c3e-a2da-129dd0150a34,OBG,Obstetrics & Gynaecology,665,777
98e41abb-e665-4281-9c9b-ac5027874f00,3c3f46e9-10c8-4f1e-8b29-5ea7bf21c8d7,OPTH,Ophthalmology,1617,1691
b68dd96f-e62f-4a83-a53e-5e98aae7040e,3c3f46e9-10c8-4f1e-8b29-5ea7bf21c8d7,OBG,Obstetrics & Gynaecology,238,1134
d95ba468-8a0c-4fb9-b8fa-62d1ac898e1a,2fff4a41-fc32-4112-b004-e2a92f1a129b,GS,General Surgery,103,301
fb9223a6-c5be-481d-b833-e37dcc98951a,2fff4a41-fc32-4112-b004-e2a92f1a129b,PEDS,Paediatrics,1286,235
4aa65bf8-3768-4544-b641-76a9909b909e,2fff4a41-fc32-4112-b004-e2a92f1a129b,MED,General Medicine,202,987
bcb7be10-e8ed-4694-ab03-c0f8d33d7df6,494808ef-aeec-4073-87ac-bf10484a67b7,OBG,Obstetrics & Gynaecology,816,1451
fa3fa4ab-09a1-43cf-8290-3fd98d845d63,494808ef-aeec-4073-87ac-bf10484a67b7,URO,Urology,841,236
6d70d55b-8514-4f1c-9562-231c6d49808c,938ada21-db7d-45a9-878b-2ebe3568a39a,URO,Urology,1528,534
263e1c83-90cc-4f6c-9be3-80c4a24388d2,938ada21-db7d-45a9-878b-2ebe3568a39a,PEDS,Paediatrics,1772,1415
9a723aa6-bed1-4da1-8302-17c0f391fdbe,938ada21-db7d-45a9-878b-2ebe3568a39a,NEURO,Neurology,1057,1226
543beb35-328c-4ae1-aa8a-1328572003fd,cf0084ff-03a0-4af9-8f93-e4215fb821bf,ORTH,Orthopaedics,1605,286
844b8504-e81a-4cac-a15b-73d48b0e0e0f,cf0084ff-03a0-4af9-8f93-e4215fb821bf,CARD,Cardiology,1418,397
4b7d6b94-5bcb-4a76-ac99-d3ae44aaddff,cf0084ff-03a0-4af9-8f93-e4215fb821bf,OBG,Obstetrics & Gynaecology,956,400
6fdd198d-1ef8-4ab0-87d8-de0db9ac096a,cf0084ff-03a0-4af9-8f93-e4215fb821bf,MED,General Medicine,368,1728
eb9e1404-2b62-4e0a-851c-d4ab3d861a4a,2f841c1e-94ab-47f1-b4f4-6a9755c35742,ORTH,Orthopaedics,186,825
3198748b-005d-40dc-b293-e7b0e627c0c9,d440f795-2f6b-4c24-9904-fb6bf4de25cf,OPTH,Ophthalmology,1488,1381
413158d9-36c9-4a09-8702-2d0841c6873f,d440f795-2f6b-4c24-9904-fb6bf4de25cf,OBG,Obstetrics & Gynaecology,851,188
1f72baec-d2c7-40c2-94eb-f4369f8beb14,d440f795-2f6b-4c24-9904-fb6bf4de25cf,URO,Urology,1545,1332
bacadf60-6eba-48f4-bfb8-dad29bcf4cc7,d440f795-2f6b-4c24-9904-fb6bf4de25cf,ORTH,Orthopaedics,1621,280
0add1961-c1a0-4a41-9cfe-919a9262733c,d440f795-2f6b-4c24-9904-fb6bf4de25cf,BURNS,Burns & Plastic Surgery,1340,438
37204204-a13f-45f2-8383-248679f6a5be,d440f795-2f6b-4c24-9904-fb6bf4de25cf,ENT,ENT,1538,987
8d43ef56-06b2-48e9-9908-b92230536502,e6f59f84-8a49-480a-9aac-fd9dcd356d60,NEPHRO,Nephrology,306,497
ff935cc3-86bf-4716-9220-e4476032ae39,e6f59f84-8a49-480a-9aac-fd9dcd356d60,ONCO,Oncology,1559,984
307525e4-1834-46ef-8704-dad339c2bcea,e6f59f84-8a49-480a-9aac-fd9dcd356d60,PEDS,Paediatrics,999,1642
4e8e2274-1d97-4c28-ab2f-219252d26c29,e6f59f84-8a49-480a-9aac-fd9dcd356d60,OBG,Obstetrics & Gynaecology,989,1771
cae66cdc-14ca-4a6f-a276-35eeddb49a98,be346f28-1631-4c7f-9dd2-c5ecc971bb45,OBG,Obstetrics & Gynaecology,1397,188
90098163-7c8c-47f0-b211-134c313ed063,be346f28-1631-4c7f-9dd2-c5ecc971bb45,URO,Urology,1399,1219
b041f597-9b0a-44ad-a59f-682a112fcea6,be346f28-1631-4c7f-9dd2-c5ecc971bb45,ENT,ENT,2000,1526
bd57bd29-a248-4f42-bd1d-ec32c4797d5e,be346f28-1631-4c7f-9dd2-c5ecc971bb45,CARD,Cardiology,1771,193
7983f0e2-dfea-4344-9674-dfdfd4d7ebf4,be346f28-1631-4c7f-9dd2-c5ecc971bb45,DERM,Dermatology,754,1629
0c171ab8-c7ce-4830-aa04-bce399b9612d,8fdfe1df-6126-4bf3-a5a9-29be286fc729,ORTH,Orthopaedics,1390,216
c8d4411a-8ebf-45de-8552-2aaf9537f1cc,8fdfe1df-6126-4bf3-a5a9-29be286fc729,OBG,Obstetrics & Gynaecology,1329,523
fcad2367-97da-4473-a169-1c22b514f052,8fdfe1df-6126-4bf3-a5a9-29be286fc729,MED,General Medicine,1445,1610
a790bcbd-1b23-403a-b696-a3e089720456,8fdfe1df-6126-4bf3-a5a9-29be286fc729,ENT,ENT,800,1140
03048032-16bb-41cc-8869-a7558fcab187,8fdfe1df-6126-4bf3-a5a9-29be286fc729,DERM,Dermatology,1868,784
02b0a9af-fcca-4bee-a426-860451947b99,96c9506c-020a-4297-8af7-1d7eeffe7be0,CARD,Cardiology,724,1657
5144179e-0286-40d0-8755-404711e0fca5,96c9506c-020a-4297-8af7-1d7eeffe7be0,OBG,Obstetrics & Gynaecology,1356,953
5e7cbdb5-560b-463c-aecc-aaf492e6bfb9,96c9506c-020a-4297-8af7-1d7eeffe7be0,URO,Urology,302,1413
5bc2a918-125e-4857-a95b-c764429ab861,96c9506c-020a-4297-8af7-1d7eeffe7be0,GS,General Surgery,253,290
89b9b394-f1eb-4c13-ac71-3fb147f539bf,d1cb92dd-5843-4f7a-bcbe-1487358d8cc0,OBG,Obstetrics & Gynaecology,1975,1131
e995f46a-1ce3-434b-9bd7-855e88670107,d1cb92dd-5843-4f7a-bcbe-1487358d8cc0,OPTH,Ophthalmology,83,935
9aa48d3d-8cc0-48a6-993b-2505c802cb6b,d1cb92dd-5843-4f7a-bcbe-1487358d8cc0,ENT,ENT,1141,970
05299f98-b3ea-4f4d-9eee-290fa2a5d24c,dc3838bb-176a-4392-b83b-98e3856a632f,OBG,Obstetrics & Gynaecology,1893,85
e2b10539-49be-4f7e-94d0-72596450e3c6,dc3838bb-176a-4392-b83b-98e3856a632f,GS,General Surgery,677,1442
5db4b047-0525-4ead-950e-b0e2ad7dc8a9,dc3838bb-176a-4392-b83b-98e3856a632f,PEDS,Paediatrics,1932,1778
096f1113-0773-4dc9-b121-3c6f0762d1d2,7351156d-395a-48f3-ae66-8871e568bf63,OBG,Obstetrics & Gynaecology,534,457
7d6868a6-c650-4e66-87db-1d28d8d43cc8,7351156d-395a-48f3-ae66-8871e568bf63,CARD,Cardiology,1460,421
a23c6a3c-af59-4ad1-a219-c0780bbbe49f,7351156d-395a-48f3-ae66-8871e568bf63,MED,General Medicine,253,1154
458e5810-495b-4ad6-bb16-270ce38ad9d5,7351156d-395a-48f3-ae66-8871e568bf63,DERM,Dermatology,1493,930
fbcb16d7-e2c1-4264-81bc-89fc9b969e44,58705a78-cc11-414e-b4fb-f96d67d01ca4,ONCO,Oncology,1177,1017
5156178c-b097-4453-b201-b73a79ca9d78,58705a78-cc11-414e-b4fb-f96d67d01ca4,NEURO,Neurology,1432,1681
ab0fcc0b-70a9-4288-9c0c-525638158fdb,58705a78-cc11-414e-b4fb-f96d67d01ca4,OPTH,Ophthalmology,1553,1750
aaeddc6e-ae39-48da-a223-84b0967bf881,58705a78-cc11-414e-b4fb-f96d67d01ca4,GS,General Surgery,1696,1693
8635695b-b1c0-4b84-8676-7f4675704224,58705a78-cc11-414e-b4fb-f96d67d01ca4,ORTH,Orthopaedics,1139,620
366f19f7-0849-4188-8733-f6d029b42a8d,58705a78-cc11-414e-b4fb-f96d67d01ca4,OBG,Obstetrics & Gynaecology,708,767
6a4cf4d3-ba86-442a-97e5-2e9a97f9e1ce,e85ab361-725c-45c9-a25a-734c9f115fe9,OBG,Obstetrics & Gynaecology,739,281
4d9c9b8e-8c4a-4820-be46-c663f914870c,e85ab361-725c-45c9-a25a-734c9f115fe9,ORTH,Orthopaedics,1097,370
38ee0d08-9cd8-4984-b3aa-0185e4ddaefa,e85ab361-725c-45c9-a25a-734c9f115fe9,MED,General Medicine,417,184
8d8796fa-9e6e-4d12-9744-def2def3c744,e85ab361-725c-45c9-a25a-734c9f115fe9,CARD,Cardiology,133,673
2426baaf-27ed-48ce-bb8b-856d8a77f9ac,e85ab361-725c-45c9-a25a-734c9f115fe9,URO,Urology,1044,1384
2761ed4c-5c86-4beb-a215-29a472af235c,e85ab361-725c-45c9-a25a-734c9f115fe9,GS,General Surgery,364,1399
a042565a-620e-4420-b74e-68eb19a74424,46d33299-c193-4919-9d89-9426f61866fb,GS,General Surgery,1098,1550
8c7e0146-2161-421c-bb38-d5662ac0cc29,46d33299-c193-4919-9d89-9426f61866fb,MED,General Medicine,204,715
b5afe40f-b638-4842-b012-f41a5b4ccdaa,46d33299-c193-4919-9d89-9426f61866fb,NEURO,Neurology,993,1093
50e33c38-7344-45ce-85af-510e8dbb0d5e,69145784-4a25-49ed-958e-b532f579d5ed,MED,General Medicine,1249,239
aebbc3a0-8753-4405-94ea-c3093a6512c6,69145784-4a25-49ed-958e-b532f579d5ed,OBG,Obstetrics & Gynaecology,639,1006
70ba0afd-a184-4189-b650-8a3e8a0cbe6c,69145784-4a25-49ed-958e-b532f579d5ed,ORTH,Orthopaedics,1343,406
5c3dff05-2642-4038-8f99-41cd2f3cb51f,69145784-4a25-49ed-958e-b532f579d5ed,OPTH,Ophthalmology,368,1738
daef4ee7-c6b1-4ebb-bfc2-7f92514dcf27,36444e3e-7a59-4ea5-8c9a-c6340604da8c,URO,Urology,1846,1794
ff94c2f7-5839-4efc-8055-7393e4c4c1a1,36444e3e-7a59-4ea5-8c9a-c6340604da8c,MED,General Medicine,1797,853
0b55ab5c-79d3-4c86-8e63-0dc8f3f0dfa9,36444e3e-7a59-4ea5-8c9a-c6340604da8c,PEDS,Paediatrics,924,1708
9f9fbb5b-4ece-4590-b52f-f607ddf311b8,8261815c-c6c3-4440-b5cb-a61472a5f6c3,MED,General Medicine,391,138
be831a4e-4fae-4e90-9397-b33bb5d51a93,8261815c-c6c3-4440-b5cb-a61472a5f6c3,OPTH,Ophthalmology,1017,1517
6d848de9-c824-4975-be23-4ec827fc8fbb,59fb002b-fae0-463b-a777-ddd901369bf2,OBG,Obstetrics & Gynaecology,1028,270
415b5f33-e69e-49b2-8deb-7e236a0c732a,59fb002b-fae0-463b-a777-ddd901369bf2,URO,Urology,1924,592
ebf0e53c-f7af-4342-8d6b-5421ae967aea,9d90006e-8084-409b-8df1-e98cb3cdde4c,CARD,Cardiology,1777,1473
94964a53-a0cb-4f29-b8e7-6df0de75bd8e,9d90006e-8084-409b-8df1-e98cb3cdde4c,MED,General Medicine,718,1169
0181e041-c45f-4be6-9842-a817d5dea39c,9d90006e-8084-409b-8df1-e98cb3cdde4c,ENT,ENT,1977,616
e6a657b9-905f-4cc5-83d1-eb85cd94e6ca,e5e3d91c-f1d9-4cd7-b2e5-9814142125b5,OBG,Obstetrics & Gynaecology,1764,545
24847c64-cd2d-4fc7-82a8-4367aa914847,e5e3d91c-f1d9-4cd7-b2e5-9814142125b5,PEDS,Paediatrics,89,1366
f5644baa-38ee-43e5-afc2-9d94b0add093,e5e3d91c-f1d9-4cd7-b2e5-9814142125b5,MED,General Medicine,1536,834
989f77b7-cfdb-4397-8bfd-7f6b323805fb,e5e3d91c-f1d9-4cd7-b2e5-9814142125b5,GS,General Surgery,279,476
2a061f9b-1d42-46a4-926a-c1c13cf290f7,8b5a2d8c-e6e9-4fda-982b-128ab4d07053,PEDS,Paediatrics,1049,456
a22f4f9a-8858-40d1-a2e6-76d089b0b727,8b5a2d8c-e6e9-4fda-982b-128ab4d07053,MED,General Medicine,1655,1160
cd08bcfb-d72d-4559-83cc-db526dbdb9da,8b5a2d8c-e6e9-4fda-982b-128ab4d07053,ORTH,Orthopaedics,1055,785
8e2a47ca-027f-4918-b1d7-caef6eb957ff,3fdfbb50-b470-4048-bc8a-b65b51b1e469,CARD,Cardiology,1250,563
b62d6ca7-7999-410c-b1ff-a971b44be0ff,3fdfbb50-b470-4048-bc8a-b65b51b1e469,NEURO,Neurology,190,1238
a6c63204-39d9-473c-bc9a-27839ed7eda6,819724e0-e567-4482-adcc-72961a8003f3,ENT,ENT,1431,1041
ceb53429-cf3a-44f0-b887-cf9ded92158e,819724e0-e567-4482-adcc-72961a8003f3,ORTH,Orthopaedics,946,1522
240498ef-677f-4a21-bf37-002671f9ed2b,989e7a06-2fea-458a-8fbd-24b589a8913e,DERM,Dermatology,1932,520
1122374b-d0ff-4562-bf77-64800d6759bf,989e7a06-2fea-458a-8fbd-24b589a8913e,OBG,Obstetrics & Gynaecology,78,607
e44e0a65-10bf-418e-a464-6e3f40334b8b,989e7a06-2fea-458a-8fbd-24b589a8913e,NEURO,Neurology,1413,741
08a445e0-81f5-4e64-b1a1-c25b599bc590,a9cbe62c-c756-4ef0-900f-6093b208f02e,MED,General Medicine,514,346
727d7519-2f24-4941-98bf-b3819130ca79,a9cbe62c-c756-4ef0-900f-6093b208f02e,OBG,Obstetrics & Gynaecology,618,470
09f7605a-ca66-4ee2-aaf7-158b2e7c4a53,82c8d24f-ce74-4ce1-afd5-8ac38a4e73e5,GS,General Surgery,933,1230
f1d5fbfd-2d60-408a-aeb0-ced8dacb1b42,82c8d24f-ce74-4ce1-afd5-8ac38a4e73e5,NEURO,Neurology,101,1527
099380c3-8fb6-4305-8d21-f08d605b6839,82c8d24f-ce74-4ce1-afd5-8ac38a4e73e5,BURNS,Burns & Plastic Surgery,1242,848
665f95f0-4f37-4cf4-82cc-0595124bd5f7,82c8d24f-ce74-4ce1-afd5-8ac38a4e73e5,CARD,Cardiology,1444,43
458037b2-791b-47ed-aeda-36f14648c8ea,f8702d2c-9d95-4cd8-9f4d-26a0f162cf76,OBG,Obstetrics & Gynaecology,740,1648
8a2492cc-8500-4f65-b9b5-1a904bd39f6a,f8702d2c-9d95-4cd8-9f4d-26a0f162cf76,ORTH,Orthopaedics,1195,961
1a2cad56-558a-473c-82d9-7e68001d53d1,4503aa38-0205-4089-aaf1-bcdc89fa5155,PEDS,Paediatrics,132,366
cee5d47f-3364-43ec-86bb-421c2f06ee84,4503aa38-0205-4089-aaf1-bcdc89fa5155,OBG,Obstetrics & Gynaecology,1896,684
e291ba2d-64f7-403d-a026-b4c8b5e65853,4503aa38-0205-4089-aaf1-bcdc89fa5155,GS,General Surgery,109,411
ddeb99d2-1217-4f0b-a1d9-1df63a43e8e6,4503aa38-0205-4089-aaf1-bcdc89fa5155,NEURO,Neurology,521,1744
fbad1807-1e07-4a5c-bfbc-d9e83906e158,4503aa38-0205-4089-aaf1-bcdc89fa5155,ORTH,Orthopaedics,1871,1040
9c41a48b-9a68-4677-8fcb-ada1d7a3ce45,7cf63fd6-525a-4cb0-aa17-70114174c4e8,ORTH,Orthopaedics,1774,575
6ca5c554-fcad-4698-98b7-7fddc9f47cbd,7cf63fd6-525a-4cb0-aa17-70114174c4e8,URO,Urology,1745,347
21973e20-0559-4bbf-a51d-9898f4f98de9,7cf63fd6-525a-4cb0-aa17-70114174c4e8,MED,General Medicine,290,758
8a919285-1e1b-4759-9c51-c5f7594cfe99,7cf63fd6-525a-4cb0-aa17-70114174c4e8,GS,General Surgery,1807,1592
f9561094-b707-43d8-b708-e59f91f0cc26,217cbc96-2716-413f-86f8-1a1cb6af6172,GS,General Surgery,1120,235
6435e47b-43c9-44d7-ac1b-ce34d54ac8ca,217cbc96-2716-413f-86f8-1a1cb6af6172,NEURO,Neurology,573,1201
5d9fbf0d-1354-49fa-ad84-611b6c86a4a7,217cbc96-2716-413f-86f8-1a1cb6af6172,OBG,Obstetrics & Gynaecology,1812,346
ecb71f0f-74d8-4da5-bab5-d39318d66081,217cbc96-2716-413f-86f8-1a1cb6af6172,CARD,Cardiology,107,119
aeffd52b-4858-49d8-b3e2-0998e613d7a8,6f6fd709-89b2-4913-984e-9bf86d63793c,MED,General Medicine,957,1747
19cb9ec7-c8df-4292-ac4b-1664fb0865d4,6f6fd709-89b2-4913-984e-9bf86d63793c,ORTH,Orthopaedics,814,1400
68811034-e668-4bb3-9074-0ee628f193e7,e4ff6a0e-41ec-4e1a-8d08-ab8870ed5495,ORTH,Orthopaedics,1500,399
32bb9fe8-f426-46d0-b88d-4a7becbc988d,e4ff6a0e-41ec-4e1a-8d08-ab8870ed5495,NEURO,Neurology,1367,1311
be2a4164-a207-4a28-b5d6-70fe88a4f46f,e4ff6a0e-41ec-4e1a-8d08-ab8870ed5495,GS,General Surgery,183,761
acff2207-cd8d-47ab-87f2-4922bc8b74d3,e4ff6a0e-41ec-4e1a-8d08-ab8870ed5495,MED,General Medicine,203,1017
1690e249-bfd8-43bf-915c-d46cfc7205b6,05ce50e2-7763-4f0c-aa9c-af393385d1a7,OBG,Obstetrics & Gynaecology,1959,286
451223eb-7aa9-4d4b-97c7-46d78ee9dd06,05ce50e2-7763-4f0c-aa9c-af393385d1a7,OPTH,Ophthalmology,1407,279
41cdbb98-19d2-4fc6-b203-2b64e31a0530,05ce50e2-7763-4f0c-aa9c-af393385d1a7,GS,General Surgery,1083,1787
16cebe36-6bd3-4d46-a208-d28a654cfd0a,de0a77ef-83ed-48d5-bc82-51af8afb0b6e,OPTH,Ophthalmology,1850,742
a65e3df0-fc31-459d-b657-5fec6d6205d5,de0a77ef-83ed-48d5-bc82-51af8afb0b6e,ORTH,Orthopaedics,110,1750
a1cad78f-0218-4672-8056-63e44f625bae,de0a77ef-83ed-48d5-bc82-51af8afb0b6e,URO,Urology,366,446
0f64a634-a89f-4ebf-9b66-e2ef735178bd,de0a77ef-83ed-48d5-bc82-51af8afb0b6e,OBG,Obstetrics & Gynaecology,962,1043
ed0823b7-3371-4cf3-9107-1c76782a2439,de0a77ef-83ed-48d5-bc82-51af8afb0b6e,MED,General Medicine,177,1300
2bc8108d-a147-4555-8bc6-ff0a6661706d,d4a1f99a-4df8-4c25-aa51-6df57715f352,MED,General Medicine,1743,410
afa97cba-22c8-4faf-8c86-2fdd6e9b3fd7,d4a1f99a-4df8-4c25-aa51-6df57715f352,OPTH,Ophthalmology,112,885
62746aac-5a86-4f45-86a8-82f9a74d2deb,d4a1f99a-4df8-4c25-aa51-6df57715f352,ORTH,Orthopaedics,742,1476
73800f8c-24ef-4ee3-a646-df4f4fac75cc,d4a1f99a-4df8-4c25-aa51-6df57715f352,OBG,Obstetrics & Gynaecology,881,748
b0bdb240-b885-4b2f-9c99-994d5ff3792f,fc4369b5-8025-4c33-9a60-d4115a7a34d0,MED,General Medicine,646,1378
bbe2a36d-283e-417a-ad29-759e90b6bb62,fc4369b5-8025-4c33-9a60-d4115a7a34d0,OBG,Obstetrics & Gynaecology,748,1386
138b1d1c-9d38-4b1b-822a-d98af935b202,fc4369b5-8025-4c33-9a60-d4115a7a34d0,PEDS,Paediatrics,1761,772
42bed8a5-fc90-4e17-af93-91d777442a01,dda532e3-58af-4a7a-8fe9-1ab12489b2b4,NEURO,Neurology,446,1487
16f99769-b9ff-4040-87b3-dc253a50cde4,dda532e3-58af-4a7a-8fe9-1ab12489b2b4,MED,General Medicine,1388,658
383c83a2-6f9b-403d-a504-ba043fff6693,dda532e3-58af-4a7a-8fe9-1ab12489b2b4,OBG,Obstetrics & Gynaecology,1454,167
2bc406e4-b8fc-4a95-8a6e-7d5c8ad2a911,166eabda-8244-4745-9397-b95d1ef8fef0,ONCO,Oncology,1271,410
9f33f2ba-a906-4b38-bae0-e45666547405,166eabda-8244-4745-9397-b95d1ef8fef0,OBG,Obstetrics & Gynaecology,1550,819
ea71998d-7649-40d3-a585-3cc4af0f2f6c,166eabda-8244-4745-9397-b95d1ef8fef0,ORTH,Orthopaedics,499,1732
7f765d25-7caa-4e56-a335-53ef8be715b8,6a086aec-9669-4b17-b8a0-9caaf9a034a1,MED,General Medicine,982,1603
324101ba-8ab9-4f82-9a9b-44b4b9315911,fba1b0a2-36df-4448-a6f4-a5f69ed5540f,CARD,Cardiology,1450,1723
b07fa3bc-dcc1-407d-a271-8882a465b37d,fba1b0a2-36df-4448-a6f4-a5f69ed5540f,BURNS,Burns & Plastic Surgery,1596,1137
02574d84-8013-4006-bf4b-eb311a2f3b63,fba1b0a2-36df-4448-a6f4-a5f69ed5540f,MED,General Medicine,1929,418
c5086233-113e-4b5d-90ae-83ee87331cf8,fba1b0a2-36df-4448-a6f4-a5f69ed5540f,OBG,Obstetrics & Gynaecology,1244,73
94d1011f-dd28-4a56-ab41-c4d80fcf9d97,fba1b0a2-36df-4448-a6f4-a5f69ed5540f,ORTH,Orthopaedics,180,1441
c55c1881-f784-470f-97fd-a550024114e2,f9d81c10-4bce-435a-9f3f-6a6c3a0a8f4b,ONCO,Oncology,1654,1363
284115b1-55cd-4114-b64f-0170bc983567,f9d81c10-4bce-435a-9f3f-6a6c3a0a8f4b,GS,General Surgery,1904,672
1e70e166-62dd-4c27-9d93-4f4a4764b1c5,f9d81c10-4bce-435a-9f3f-6a6c3a0a8f4b,MED,General Medicine,1420,653
cfe81c3b-c163-435f-9897-906ee1e1e4c9,f9d81c10-4bce-435a-9f3f-6a6c3a0a8f4b,OBG,Obstetrics & Gynaecology,192,412
872f0016-e573-42a5-ba81-9320d6167af1,44dc56a6-7056-4052-8d04-ad514600eb72,OBG,Obstetrics & Gynaecology,341,1487
b67f411a-77e4-463b-a070-3ed50368659d,44dc56a6-7056-4052-8d04-ad514600eb72,MED,General Medicine,1172,1588
aa3d6e78-de18-48e6-bd6b-390e2af8aedb,44dc56a6-7056-4052-8d04-ad514600eb72,GS,General Surgery,1547,1283
7f1cdf87-f45d-4ea6-ac61-5d8a5b0ca740,44dc56a6-7056-4052-8d04-ad514600eb72,ONCO,Oncology,671,549
518b186c-4a96-44fd-b7da-9f4ab519e6bd,98b8bcb0-8348-4bc5-9877-ef7b95360383,OBG,Obstetrics & Gynaecology,1776,1663
6ab281a6-0430-47cb-97c5-2717ec04465d,98b8bcb0-8348-4bc5-9877-ef7b95360383,OPTH,Ophthalmology,339,1439
ecc58a67-a1e3-4f29-8335-1cab575e0dba,98b8bcb0-8348-4bc5-9877-ef7b95360383,MED,General Medicine,1491,1595
d433dcdf-3b84-4be6-b739-db16d3421882,26866bcb-4630-4820-811f-4d1799af65b6,OPTH,Ophthalmology,151,596
79b6cf38-121d-47fb-90ce-634fecdede7e,26866bcb-4630-4820-811f-4d1799af65b6,GS,General Surgery,1150,636
0f1df531-2ead-4d33-b76c-066465710f33,26866bcb-4630-4820-811f-4d1799af65b6,MED,General Medicine,228,504
a84a286e-f8f5-4368-aab3-74c7594c714d,26866bcb-4630-4820-811f-4d1799af65b6,PEDS,Paediatrics,785,1053
3f340dfc-51fd-4624-81fc-8b5149cdf265,26866bcb-4630-4820-811f-4d1799af65b6,ORTH,Orthopaedics,1057,1116
c0cb22ef-5138-4afa-8ed4-b12c6ce0238b,26866bcb-4630-4820-811f-4d1799af65b6,OBG,Obstetrics & Gynaecology,412,1061
bb421b9e-d3c0-455d-909e-48fad787bcbf,6bf3ade8-af71-40c1-b904-ad7f1e8e46ef,MED,General Medicine,93,359
41de1f2a-1553-493a-9f34-9525231729bf,6bf3ade8-af71-40c1-b904-ad7f1e8e46ef,PEDS,Paediatrics,161,1213
7e751dc4-cd67-4faa-8da3-8490282cd984,6bf3ade8-af71-40c1-b904-ad7f1e8e46ef,NEPHRO,Nephrology,980,1561
7dcf831e-48f5-4bb6-acdb-6cf9e00327c1,6bf3ade8-af71-40c1-b904-ad7f1e8e46ef,URO,Urology,840,762
e70d7520-24fc-463d-95d7-e4c2ebda68d9,e2f5aeaf-50e3-43a4-9407-1567ce4b894d,GS,General Surgery,1778,1223
ee8f13b2-6a2a-4852-9880-54b9e2be5e7a,e2f5aeaf-50e3-43a4-9407-1567ce4b894d,OPTH,Ophthalmology,191,1187
6e52c47e-c3be-4590-9ba4-c2a24b9e3183,e2f5aeaf-50e3-43a4-9407-1567ce4b894d,OBG,Obstetrics & Gynaecology,554,1770
e3c48628-02df-4a82-9e44-80d6181ed551,e2f5aeaf-50e3-43a4-9407-1567ce4b894d,ORTH,Orthopaedics,1503,1413
8e228383-f2dc-4eec-b633-0c2e870e9b40,53097eef-d54f-4fa8-8023-c7215706f5e0,GS,General Surgery,1096,1583
31bed93b-e7a0-4b96-b34d-37664f495eac,53097eef-d54f-4fa8-8023-c7215706f5e0,ORTH,Orthopaedics,635,221
a6847f2c-ee26-47e8-b7ff-b2d758435c6c,53097eef-d54f-4fa8-8023-c7215706f5e0,OBG,Obstetrics & Gynaecology,333,1564
3f2beee7-81a6-461a-bbf6-ac6fe994bce7,53097eef-d54f-4fa8-8023-c7215706f5e0,OPTH,Ophthalmology,142,279
5b27242c-da0a-4a7a-9da3-a791ae060fe5,a909d03d-ddbb-4a70-9558-4ba18ac3071f,NEPHRO,Nephrology,449,288
1b02ab31-742f-44c9-8288-e7e94922bb6e,a909d03d-ddbb-4a70-9558-4ba18ac3071f,CARD,Cardiology,319,1430
675e0bd4-d31e-482d-8e3a-7829c11b2546,d0c5a9e6-e16a-44f9-979e-0d5e8c841fa9,BURNS,Burns & Plastic Surgery,881,1340
78dcf105-0e2a-42e2-adf2-a71b778e4631,d0c5a9e6-e16a-44f9-979e-0d5e8c841fa9,MED,General Medicine,581,291
711bdcc4-4076-4287-9c7f-2805f4c66f58,d0c5a9e6-e16a-44f9-979e-0d5e8c841fa9,OPTH,Ophthalmology,875,1315
64552264-4f01-4aaf-80e2-e43e4feff726,d0c5a9e6-e16a-44f9-979e-0d5e8c841fa9,ORTH,Orthopaedics,1064,739
57e63fd5-7234-4476-a004-83eef4903b9f,d02869c7-19e5-48f6-bd26-7b81f0fb2648,OBG,Obstetrics & Gynaecology,956,1089
cbe88360-b084-4250-80f5-c21c36fd315c,d02869c7-19e5-48f6-bd26-7b81f0fb2648,MED,General Medicine,919,1788
b3e2ee14-40ed-43ca-acab-38f6af90e49e,d02869c7-19e5-48f6-bd26-7b81f0fb2648,ORTH,Orthopaedics,926,794
9d920146-aa1d-4547-bf0e-2069f0822013,d02869c7-19e5-48f6-bd26-7b81f0fb2648,GS,General Surgery,1245,1752
4b699346-0d54-4422-9dd6-3551e5b0f4ea,f55cc72d-c136-4a82-889a-1801a0a599bf,GS,General Surgery,162,1481
ec3170d3-54f1-4689-9faf-c5417455359b,f55cc72d-c136-4a82-889a-1801a0a599bf,URO,Urology,618,1629
d261dfee-19b7-410e-94cf-626b7cb56d57,f55cc72d-c136-4a82-889a-1801a0a599bf,PEDS,Paediatrics,1936,420
723221f8-850c-4fb0-8bf4-4bd1ca646530,7f0e13ba-d622-4c5c-b64b-785317e6088b,CARD,Cardiology,1168,458
149a1dc5-4ff1-4066-bb28-a9dba149ab6c,7f0e13ba-d622-4c5c-b64b-785317e6088b,MED,General Medicine,1029,1800
14f13f22-dd18-405c-af64-8c6d9395be18,7f0e13ba-d622-4c5c-b64b-785317e6088b,GS,General Surgery,290,745
4a7de529-20a7-4cfe-808f-4a973f23a017,7f0e13ba-d622-4c5c-b64b-785317e6088b,OPTH,Ophthalmology,120,1605
63f0a466-566f-4f97-9cfa-33c7201b0ee3,7f0e13ba-d622-4c5c-b64b-785317e6088b,OBG,Obstetrics & Gynaecology,54,921
e7664bc2-da91-402a-a152-f1c291e67a9b,d04f4c31-db91-469c-b055-911d85b7007d,OBG,Obstetrics & Gynaecology,1576,150
89c71a78-f023-459c-8d9a-5658e9195624,d04f4c31-db91-469c-b055-911d85b7007d,DERM,Dermatology,1089,1210
f5389334-d223-4767-9e78-f178985f7529,d04f4c31-db91-469c-b055-911d85b7007d,ORTH,Orthopaedics,802,782
ef29732b-bf1d-49ca-a39b-28a2af0b08fd,d04f4c31-db91-469c-b055-911d85b7007d,CARD,Cardiology,1531,432
ca5e8144-d450-4b9d-bc20-8305de46d39c,d04f4c31-db91-469c-b055-911d85b7007d,MED,General Medicine,860,471
3381a46a-f0c1-4df1-a3ae-18c42d714682,79a79f21-a01f-474b-a7b6-ab1912fc824f,OBG,Obstetrics & Gynaecology,1230,1272
a296b238-fcd4-4f08-9929-090b73c6c4f6,79a79f21-a01f-474b-a7b6-ab1912fc824f,CARD,Cardiology,388,156
eec64e90-202d-48fa-96b4-beb7f2879c78,79a79f21-a01f-474b-a7b6-ab1912fc824f,MED,General Medicine,1199,102
b4f6c470-08de-4615-84cc-a362393d9e2e,adba0d3c-b72e-4c6f-b376-639e95459491,OBG,Obstetrics & Gynaecology,1506,205
b3df53c1-c082-4b2d-af31-51ea261c6106,adba0d3c-b72e-4c6f-b376-639e95459491,GS,General Surgery,1484,807
4b010b9d-f154-4e39-af52-93fe3c3b522c,adba0d3c-b72e-4c6f-b376-639e95459491,MED,General Medicine,989,1350
c73c75d0-f14b-41ae-b1ce-a937f4854661,adba0d3c-b72e-4c6f-b376-639e95459491,DERM,Dermatology,1764,251
b4f23ca7-181f-402a-8187-c978c2fc8833,ce3f0d79-6f38-440e-81dc-8d6d19d35030,ORTH,Orthopaedics,1456,1639
2e55e029-8cfa-4d91-9f07-5f9c2dc0d722,ce3f0d79-6f38-440e-81dc-8d6d19d35030,OBG,Obstetrics & Gynaecology,831,1299
bf0c57fd-1e7e-4772-a159-e98d75ca228d,820ca43b-423d-4257-9219-1f3be7b6156e,PEDS,Paediatrics,1262,498
ef52f7f3-7285-47ba-a138-2d03713a0dd4,820ca43b-423d-4257-9219-1f3be7b6156e,GS,General Surgery,1123,912
96854679-a8b1-404a-95a0-167b856ec797,820ca43b-423d-4257-9219-1f3be7b6156e,OBG,Obstetrics & Gynaecology,875,727
7c8ec435-bad6-4a9e-a014-db239493f5b0,820ca43b-423d-4257-9219-1f3be7b6156e,CARD,Cardiology,935,1413
7e424744-02bf-42c4-9d3c-917b8dfa0d9b,2f514717-477d-47ee-ae8f-5e41be9e8dc6,ORTH,Orthopaedics,730,1034
98cd2dba-d67e-4146-9bc1-53a987d5fbea,2f514717-477d-47ee-ae8f-5e41be9e8dc6,OPTH,Ophthalmology,1277,819
27eb38b7-7295-4b4d-9e81-28a007e8edd5,2f514717-477d-47ee-ae8f-5e41be9e8dc6,GS,General Surgery,53,635
3882ba55-aa97-428e-bec2-85efbeca169d,3d351ae1-6397-46c8-beec-90c39193e580,ENT,ENT,1221,250
f51317e1-b4f3-4599-8375-ad3ed92feb27,3d351ae1-6397-46c8-beec-90c39193e580,GS,General Surgery,643,1591
2cb169a5-520b-485e-b74e-5a4898a17bf1,3d351ae1-6397-46c8-beec-90c39193e580,OPTH,Ophthalmology,200,849
d82b73d2-3716-4a6f-b13e-799b4d0d8192,c9f1960f-c81d-4e05-8052-045992ce592e,OBG,Obstetrics & Gynaecology,497,774
f3a8b6f5-f423-473b-8d32-56ee9a48a99f,c9f1960f-c81d-4e05-8052-045992ce592e,MED,General Medicine,1754,1154
4c06b749-503d-4a1f-be5c-b543e0633c82,59331385-4f32-41c6-a6a8-a884a4ebacb4,GS,General Surgery,572,450
69c15c66-45fd-461d-9824-579830dedc7d,59331385-4f32-41c6-a6a8-a884a4ebacb4,OBG,Obstetrics & Gynaecology,1224,702
edd88566-9d86-4b39-8cdd-bec5a398b7bc,59331385-4f32-41c6-a6a8-a884a4ebacb4,PEDS,Paediatrics,1268,1786
02122e61-c09f-4f88-a2ad-87542999ec4a,655b3ac5-16ea-4824-9d83-c86a7ed120ab,ORTH,Orthopaedics,210,1230
9fbf2aec-7ebb-49e5-8e6f-56cb3fbe8182,655b3ac5-16ea-4824-9d83-c86a7ed120ab,OBG,Obstetrics & Gynaecology,1910,463
2566a0b0-1b5a-4d3d-a0af-f8f118e0f970,e427b553-d262-4d0c-8b3a-4a20007f5b84,ORTH,Orthopaedics,1000,717
ae9d90d6-f3b5-4fe5-bf3d-53f4599f2979,e427b553-d262-4d0c-8b3a-4a20007f5b84,OBG,Obstetrics & Gynaecology,804,587
84dd0dc9-0c16-4dd3-b9b6-1ec06fd0f406,0227878f-5464-45cb-b9da-c87fb703e134,OBG,Obstetrics & Gynaecology,1114,992
0ef68832-cb0d-4d6b-8f80-703bbffa33ee,0227878f-5464-45cb-b9da-c87fb703e134,ORTH,Orthopaedics,876,118
0ef1f2df-7c9f-4d49-a1cd-8a433c56612b,0227878f-5464-45cb-b9da-c87fb703e134,OPTH,Ophthalmology,1705,489
ffe1d4b5-93db-4cde-a859-e91bf51142ef,0227878f-5464-45cb-b9da-c87fb703e134,ONCO,Oncology,1319,876
b2968c2a-cbc8-4072-a693-04d0832c8f98,b902613a-ba85-4206-8bca-6ff120d21c0a,MED,General Medicine,300,1421
a6aec0c1-6c54-4508-956e-7c493558d1e6,b902613a-ba85-4206-8bca-6ff120d21c0a,GS,General Surgery,930,1251
89a2f24a-2188-4f56-9bbd-ee35786a612b,b902613a-ba85-4206-8bca-6ff120d21c0a,ENT,ENT,1272,1161
49922369-c545-4681-92a0-e9d73df6700c,75e844c9-96d1-408d-bc7c-782e807fa5df,OBG,Obstetrics & Gynaecology,1768,1142
e3d85998-4520-4326-a4d7-81a1f998958a,75e844c9-96d1-408d-bc7c-782e807fa5df,MED,General Medicine,1987,734
428fce43-252c-4db1-99b2-c95ee92dd915,2d0db206-a334-4099-9bca-261dc45facd4,PSYCH,Psychiatry,768,1640
5b16c297-723b-4c1b-bb04-941e2a971872,2d0db206-a334-4099-9bca-261dc45facd4,OBG,Obstetrics & Gynaecology,1452,244
ba80fa9c-273f-4119-90b8-09aa91f06fcb,2d0db206-a334-4099-9bca-261dc45facd4,PEDS,Paediatrics,1081,914
1b18fa3c-9ecc-4454-8134-2c9ad7815b78,10432737-6c8c-4761-baed-e9dbb75983af,OBG,Obstetrics & Gynaecology,340,951
8eec8a69-d614-4267-aa67-578f04b63ed1,10432737-6c8c-4761-baed-e9dbb75983af,OPTH,Ophthalmology,1207,348
8e269756-2a15-44b5-adf8-321ac59eabb6,10432737-6c8c-4761-baed-e9dbb75983af,URO,Urology,367,778
0124b505-9b52-4942-b838-a8916e20d92c,10432737-6c8c-4761-baed-e9dbb75983af,ONCO,Oncology,1821,529
a7ab615d-1b04-40ab-93da-9e876bb1ce0a,10432737-6c8c-4761-baed-e9dbb75983af,NEURO,Neurology,1348,577
18387760-28e7-4b97-939e-559c8ef30a4f,ea48099d-6e0e-47a1-bbdd-4c5dacfe9642,OBG,Obstetrics & Gynaecology,184,218
efc3fe21-95da-45eb-9806-9e80cf1471cc,ea48099d-6e0e-47a1-bbdd-4c5dacfe9642,CARD,Cardiology,997,907
78cce5a3-c301-4020-851c-3ba2bf40e437,8a34bb7e-24fe-4f59-adb9-8d50aa7ba972,OPTH,Ophthalmology,1733,1244
7bfc7d7b-8414-4e1a-820d-cee5d2cbad88,8a34bb7e-24fe-4f59-adb9-8d50aa7ba972,PEDS,Paediatrics,471,1546
567fd0d7-b2c1-4b1d-ae1f-78fdbd5de8f2,8a34bb7e-24fe-4f59-adb9-8d50aa7ba972,URO,Urology,1980,294
86b33757-648b-4ef1-9804-fc0db5fc752a,9d88bb82-d69d-4a40-99ce-2c5d498b71d4,PEDS,Paediatrics,1400,522
8d4bc5e5-821b-4d39-bc99-0ca781790776,9d88bb82-d69d-4a40-99ce-2c5d498b71d4,OBG,Obstetrics & Gynaecology,1523,165
18c34eb9-9604-49ed-bace-d0cb54dbd8d7,9d88bb82-d69d-4a40-99ce-2c5d498b71d4,GS,General Surgery,677,829
fa37aee5-7ca3-4683-9e1e-368e73b07bc1,9d88bb82-d69d-4a40-99ce-2c5d498b71d4,CARD,Cardiology,414,1440
ce1d4f6f-cd06-4e51-a504-03f556e51b95,9d88bb82-d69d-4a40-99ce-2c5d498b71d4,MED,General Medicine,735,507
79246e88-af1b-460c-ab06-10e82921bd4f,88779510-d0c2-4ebf-b10d-71ca4353a4b5,ORTH,Orthopaedics,579,1672
4eb505a9-fe06-49c3-a128-60ef035062ff,88779510-d0c2-4ebf-b10d-71ca4353a4b5,OBG,Obstetrics & Gynaecology,1123,1425
e91c9fb4-7fab-4faa-b96d-ef941f9b4a43,88779510-d0c2-4ebf-b10d-71ca4353a4b5,GS,General Surgery,1108,232
b5c11e06-5a05-46c9-bd48-94cb9c92975e,88779510-d0c2-4ebf-b10d-71ca4353a4b5,CARD,Cardiology,805,1257
cb537ac8-0c59-4916-a047-b3cc6e1d9528,a1abf9fb-8fc8-4ad0-bfb5-e46d55fa13b4,OBG,Obstetrics & Gynaecology,1694,1338
ffe30768-555d-43dd-befb-8d25c74503ab,a1abf9fb-8fc8-4ad0-bfb5-e46d55fa13b4,CARD,Cardiology,431,1602
2141fc6a-bdb6-42f0-b35e-58c100e51c58,a1abf9fb-8fc8-4ad0-bfb5-e46d55fa13b4,ENT,ENT,1380,752
29edd123-a67b-4aac-bf19-313574d0d0b1,825eb8fb-e42c-413c-9793-19648b45f015,GS,General Surgery,1608,481
b280d05e-d93f-4e7b-8e98-accf9c7a7728,825eb8fb-e42c-413c-9793-19648b45f015,BURNS,Burns & Plastic Surgery,1988,1799
b6545195-25fe-4bf4-bd86-5ed5e51d464a,2ba61159-01d9-4a0f-9707-70b302bc869b,GS,General Surgery,353,746
09cbeab5-d44d-41c1-b284-2d24df063a72,2ba61159-01d9-4a0f-9707-70b302bc869b,MED,General Medicine,986,1428
6732f7df-4ff5-46f0-a9cb-aabd30c83c7f,2ba61159-01d9-4a0f-9707-70b302bc869b,ORTH,Orthopaedics,169,1543
f9f4afbf-a1ad-435b-a53a-ec61f0d052d9,4dcb37bf-12e2-403b-b497-a7c10f381db9,OPTH,Ophthalmology,615,1284
f22606ee-4dc2-49e1-9224-11167a23c921,4dcb37bf-12e2-403b-b497-a7c10f381db9,GS,General Surgery,1816,1521
6f3d29ed-be83-4f0c-8434-81cb5cca8845,4dcb37bf-12e2-403b-b497-a7c10f381db9,MED,General Medicine,1048,650
ecd7b464-a9d1-4af0-92f5-15cc72e9ed30,19225f07-8ce0-4bd3-9168-d18c152e050d,GS,General Surgery,2000,1192
232db681-51b6-4364-b3f2-0bf32dc30f32,19225f07-8ce0-4bd3-9168-d18c152e050d,MED,General Medicine,384,956
e5aab9a6-500c-4abb-b921-67c7951ae32a,19225f07-8ce0-4bd3-9168-d18c152e050d,CARD,Cardiology,307,980
03d86dee-e3d1-4cbf-b08e-38237f095840,60a002f8-1cbf-47a4-be0d-933f039b35ef,BURNS,Burns & Plastic Surgery,233,1761
b93412d6-63cc-4ce8-9589-c16a11faa104,60a002f8-1cbf-47a4-be0d-933f039b35ef,NEURO,Neurology,1407,1770
b7505d83-83e6-4a52-9972-282e4203432c,ad07b329-06d5-46f3-9709-399ed205e161,ORTH,Orthopaedics,929,332
afbecf2d-1500-4fc9-bb9e-6966ba064363,ad07b329-06d5-46f3-9709-399ed205e161,OPTH,Ophthalmology,184,1194
c295ca01-2938-4c5e-9311-1b96e35913fc,ad07b329-06d5-46f3-9709-399ed205e161,ENT,ENT,730,1756
433d458b-b393-4126-a2bd-8832859507f0,ad07b329-06d5-46f3-9709-399ed205e161,MED,General Medicine,1666,341
dc8b0cff-a3b3-4fbb-bfb1-f61094938e42,34090c65-27b3-4fd0-9365-9c0db5a3a046,OBG,Obstetrics & Gynaecology,650,671
5c5d3dca-66b9-4664-b1c8-b6b85a583929,34090c65-27b3-4fd0-9365-9c0db5a3a046,ONCO,Oncology,199,1494
c4e3a60e-cef7-4607-98ca-a8dd6f4a1fb6,34090c65-27b3-4fd0-9365-9c0db5a3a046,MED,General Medicine,861,208
aff0414e-d6a2-4b35-a8b0-69afb2d45bb6,34090c65-27b3-4fd0-9365-9c0db5a3a046,GS,General Surgery,1001,1609
93054fe9-af3c-49af-a567-b7ffcc641cb4,34090c65-27b3-4fd0-9365-9c0db5a3a046,URO,Urology,995,164
772f3c73-b000-4c27-b522-9deb2cd0ff31,34090c65-27b3-4fd0-9365-9c0db5a3a046,CARD,Cardiology,1965,1439
8933dde0-0219-4705-b21a-d10b866f146e,9713d5b5-bdfb-4560-941b-75828ca83d3b,URO,Urology,705,540
0350b914-8915-43aa-9500-ba1f68a29277,9713d5b5-bdfb-4560-941b-75828ca83d3b,CARD,Cardiology,1652,863
e1b9b742-ffcd-4669-8718-07a725106c82,78c8b6e1-51b0-412d-a2e4-d3ca7655de51,ORTH,Orthopaedics,865,1314
ff1c644c-a4f1-4d6e-92a7-ea8e65464a1c,78c8b6e1-51b0-412d-a2e4-d3ca7655de51,GS,General Surgery,468,1445
fdd77109-77df-41fa-916d-38ed01ae9080,78c8b6e1-51b0-412d-a2e4-d3ca7655de51,URO,Urology,984,979
9bfe3a47-bd0b-433e-9b41-930353a5a0a0,78c8b6e1-51b0-412d-a2e4-d3ca7655de51,ENT,ENT,650,486
c31fa766-00a9-4254-9d81-53668722520b,77941d05-1445-409b-abbf-6a6ecab13bf1,PSYCH,Psychiatry,1040,1034
400d992f-58c3-46e5-955b-0d3182daecef,77941d05-1445-409b-abbf-6a6ecab13bf1,OBG,Obstetrics & Gynaecology,1557,157
64f3b076-56af-4be9-9471-0129e1bca3ac,77941d05-1445-409b-abbf-6a6ecab13bf1,GS,General Surgery,1453,51
6f9f52a7-733e-4fb6-9a5d-a0f0b464b45e,77941d05-1445-409b-abbf-6a6ecab13bf1,NEURO,Neurology,1667,1680
66084012-884c-4d16-87d3-359d89b503ae,e234c61a-b45f-4f3e-9b18-f107bdb90eeb,OBG,Obstetrics & Gynaecology,1689,223
5838da27-c59d-4c33-8377-0d9bc39f0110,e234c61a-b45f-4f3e-9b18-f107bdb90eeb,ORTH,Orthopaedics,1684,595
c34a950a-9687-4ea8-b0b6-814358eb8569,e234c61a-b45f-4f3e-9b18-f107bdb90eeb,GS,General Surgery,1796,1651
76859dc5-7a7c-4a99-a594-0fdaa0987728,2971041e-f4b3-4dbc-b941-bb7cdd3c2ad0,ORTH,Orthopaedics,1321,1407
4592f70b-8dc6-43bc-93bb-e516f5d304e0,2971041e-f4b3-4dbc-b941-bb7cdd3c2ad0,OBG,Obstetrics & Gynaecology,547,1158
b63dbabb-34fa-49bb-ba34-6eb5da8265bf,7319f433-3a62-400b-bb73-a84b5ee6d232,PSYCH,Psychiatry,582,741
fc51ed64-341f-4b66-a84c-8166553606d1,7319f433-3a62-400b-bb73-a84b5ee6d232,GS,General Surgery,1667,693
45a929e3-54f1-484e-afb3-d77dc27380a1,7319f433-3a62-400b-bb73-a84b5ee6d232,NEURO,Neurology,1323,1681
0a1400ac-1580-4edb-a1ea-0c5d7c30f093,7319f433-3a62-400b-bb73-a84b5ee6d232,CARD,Cardiology,725,262
b87f9673-78e7-43bc-8c7c-9c49406f839c,18f428f2-80c7-40cf-8e1f-c54e6478aad6,URO,Urology,1318,509
7a4d634d-fb0d-40d1-81b6-dbdbe687b535,18f428f2-80c7-40cf-8e1f-c54e6478aad6,GS,General Surgery,1658,358
07fcb3e6-e888-4f92-a1d3-9de6087a4e55,d184befa-0281-4317-8c24-42aae42ba84e,NEURO,Neurology,984,831
2d7caa27-ad97-4432-b174-64f57acc6608,d184befa-0281-4317-8c24-42aae42ba84e,MED,General Medicine,456,1735
6fdf71f7-0cbc-4c49-ba2c-d3f04f71f7e9,d184befa-0281-4317-8c24-42aae42ba84e,GS,General Surgery,694,685
bc0a7695-8290-4cb2-8060-343719732cf4,d184befa-0281-4317-8c24-42aae42ba84e,CARD,Cardiology,1264,1708
48acb811-ecf9-4739-bb3b-d28a3a709fd9,d184befa-0281-4317-8c24-42aae42ba84e,OBG,Obstetrics & Gynaecology,1808,429
2d8c3182-edda-43cb-9ab3-ada52e95c934,d184befa-0281-4317-8c24-42aae42ba84e,URO,Urology,1161,320
d775db64-b587-4af7-8a88-4403ff12b84f,3c96aabd-e7cb-4c45-ac1c-614097b559da,GS,General Surgery,302,201
2aaf0913-8343-487c-9be5-e174f2aaa546,3c96aabd-e7cb-4c45-ac1c-614097b559da,OBG,Obstetrics & Gynaecology,510,703
fcd66eca-323c-480b-86cc-94de24f3b029,3c96aabd-e7cb-4c45-ac1c-614097b559da,MED,General Medicine,220,1553
08d11ace-5cff-46de-8aaa-6744e7d01ba1,3c96aabd-e7cb-4c45-ac1c-614097b559da,ORTH,Orthopaedics,175,57
1e8ffd1b-f997-42c0-b51a-cbd725bc6f15,3c96aabd-e7cb-4c45-ac1c-614097b559da,CARD,Cardiology,1524,945
63d058c6-2697-41ea-a55a-7078e2170b6c,7ff394e9-3485-4a4d-8fcd-340365ed2cb4,MED,General Medicine,1076,1492
798df2d1-2ef3-4d74-8da9-a80f7fd1ed12,7ff394e9-3485-4a4d-8fcd-340365ed2cb4,GS,General Surgery,328,109
21c2c763-8d97-48d1-ab9b-97a7b1dc6099,7ff394e9-3485-4a4d-8fcd-340365ed2cb4,OBG,Obstetrics & Gynaecology,815,1745
7711d244-4280-4fdc-ad3f-8331b35c2bf4,7ff394e9-3485-4a4d-8fcd-340365ed2cb4,PEDS,Paediatrics,1190,118
e8c2a815-8e55-4e41-b4b0-966c06a5ae24,7ff394e9-3485-4a4d-8fcd-340365ed2cb4,URO,Urology,1540,427
ab65b4ea-a5d9-49ea-b9ae-52c56ca83136,7ff394e9-3485-4a4d-8fcd-340365ed2cb4,ORTH,Orthopaedics,1369,155
81783e22-8e31-4c34-ad24-269fc532425c,1cb0817d-76d0-48d0-82ac-48635fd57926,OBG,Obstetrics & Gynaecology,1165,425
021a4cab-ee21-46d5-8324-ae0ce3ca57ff,1cb0817d-76d0-48d0-82ac-48635fd57926,ENT,ENT,200,425
ac0a0504-d990-4f72-848a-f2b7c60bf4c6,1b2f0ee7-8e17-4f56-8bf1-17613a055ae4,OBG,Obstetrics & Gynaecology,1339,1661
1ca9dbbb-579b-4131-bf49-98613eda7ce6,1b2f0ee7-8e17-4f56-8bf1-17613a055ae4,ORTH,Orthopaedics,1394,162
a304a0ce-62ac-4c2e-a377-2a4eba1499e0,1b2f0ee7-8e17-4f56-8bf1-17613a055ae4,MED,General Medicine,1342,1637
61e6b5a7-502b-4fba-825f-c73adba45fb7,dac51237-edbb-4ee9-acf5-9937337ecbe5,OBG,Obstetrics & Gynaecology,329,1431
10f08f9d-7ede-41b2-b193-00e3377fdcb3,dac51237-edbb-4ee9-acf5-9937337ecbe5,NEURO,Neurology,693,375
3983ca4f-598b-4c5f-bc43-ef899f3bbc1d,dac51237-edbb-4ee9-acf5-9937337ecbe5,CARD,Cardiology,1370,1533
606ce9c0-1984-48d0-bf0c-8ecf1e531a63,1bc45ab0-2708-4ce3-9ddb-e3409e93bd52,PSYCH,Psychiatry,1520,1374
63aea62b-bfc3-4749-844f-8dcfedce4d3b,1bc45ab0-2708-4ce3-9ddb-e3409e93bd52,CARD,Cardiology,1229,60
6aadf2a1-7a30-426a-84d7-fa40087c185d,1bc45ab0-2708-4ce3-9ddb-e3409e93bd52,MED,General Medicine,756,334
e99b605d-7cb1-4812-8a1b-67e4e2ca993f,1bc45ab0-2708-4ce3-9ddb-e3409e93bd52,OBG,Obstetrics & Gynaecology,1769,1002
611dabfc-5b8a-48e3-893c-172e014dd937,1bc45ab0-2708-4ce3-9ddb-e3409e93bd52,URO,Urology,782,816
a3d4ed96-1b0e-4ef9-8241-fb2fa88380d7,00022a0c-c67a-4d66-a9d6-dab6cb850efd,ONCO,Oncology,1648,1135
5b93bf6e-e04b-472e-918a-c10a04bde48e,00022a0c-c67a-4d66-a9d6-dab6cb850efd,URO,Urology,598,1162
786b59ee-6ed8-451a-ab8f-34930c7a6f98,00022a0c-c67a-4d66-a9d6-dab6cb850efd,DERM,Dermatology,178,999
91e6ddbe-63dd-44df-a277-c9cdbe01614a,00022a0c-c67a-4d66-a9d6-dab6cb850efd,MED,General Medicine,312,1186
8bbe318e-6e09-4eb7-9c9f-70119b18e244,5e9bcbc0-18e7-4d4e-b2a2-c1a2eeda36cc,OBG,Obstetrics & Gynaecology,1564,1034
2f462fe7-5b4f-45e9-82fb-6dc90cbd7db2,5e9bcbc0-18e7-4d4e-b2a2-c1a2eeda36cc,GS,General Surgery,941,939
570aabc8-24f0-4dd6-aa8c-ca9d3403c941,5e9bcbc0-18e7-4d4e-b2a2-c1a2eeda36cc,MED,General Medicine,746,1202
90b26fa0-bd48-426a-a717-f5056919a672,56afb951-aaf4-4664-bdf2-0ac91a4a066d,OBG,Obstetrics & Gynaecology,585,1376
3be1097d-3ec6-4d7e-ba62-76d1838461ac,9ce7a416-a770-4f67-81e0-7b44323fe502,ORTH,Orthopaedics,1085,462
47ca381f-6d7e-45cd-8b21-cdfc4e4205b5,9ce7a416-a770-4f67-81e0-7b44323fe502,URO,Urology,540,198
0981d23b-10af-414e-b402-fbcdb2a7e540,9ce7a416-a770-4f67-81e0-7b44323fe502,OPTH,Ophthalmology,963,611
374f4655-a8be-4cea-b330-0ddea2b218a1,9ce7a416-a770-4f67-81e0-7b44323fe502,GS,General Surgery,996,1041
6e9340fc-d083-4430-aa36-ee5b82e0f364,9ce7a416-a770-4f67-81e0-7b44323fe502,NEPHRO,Nephrology,1118,805
869ea511-bc2a-42a1-bcde-a5e8fea9ac66,329a769e-96ab-48fb-b82a-409c20359649,MED,General Medicine,412,1412
b266f8b7-eea2-4c7d-a0c9-1608f5ffc768,329a769e-96ab-48fb-b82a-409c20359649,GS,General Surgery,749,1712
0aaa5086-0fef-430c-9ada-67f3b84bea55,fde585e8-4da2-4045-8edb-dea77f2bfde2,OBG,Obstetrics & Gynaecology,1715,76
dacb0dc2-d99c-46d2-836f-f0b77169aeac,fde585e8-4da2-4045-8edb-dea77f2bfde2,ONCO,Oncology,1224,1477
7131778a-fdca-4774-8b82-c4c5eb35fd84,fde585e8-4da2-4045-8edb-dea77f2bfde2,GS,General Surgery,1831,1214
8977726a-2f67-417f-8610-8f8186cd1754,1c99b149-dc12-40e7-8ff3-21557ced1179,ORTH,Orthopaedics,991,616
3fda2bb8-da0f-4724-b5f5-3572d353c922,1c99b149-dc12-40e7-8ff3-21557ced1179,OBG,Obstetrics & Gynaecology,618,1047
40442f4c-c698-4eaf-99b2-542e54ec69fc,1c99b149-dc12-40e7-8ff3-21557ced1179,BURNS,Burns & Plastic Surgery,264,1038
e4cfea01-82fc-4fc2-9a40-cd46b5c6160f,1c99b149-dc12-40e7-8ff3-21557ced1179,OPTH,Ophthalmology,725,1479
bbd0604b-06cd-4c64-982f-3d4bc871d1ad,773f7fa2-f78a-4b7d-98a4-1a388c138acb,URO,Urology,579,46
13e208e5-b6ab-47ec-bcc1-c4225b545d99,773f7fa2-f78a-4b7d-98a4-1a388c138acb,OBG,Obstetrics & Gynaecology,1779,1514
6a2fee76-9987-469d-9daa-07c13c58607e,773f7fa2-f78a-4b7d-98a4-1a388c138acb,OPTH,Ophthalmology,94,1603
96effbf8-2d62-42d3-b3d1-e7228aaffa4f,773f7fa2-f78a-4b7d-98a4-1a388c138acb,NEPHRO,Nephrology,1845,493
58ea8eb2-fdd9-4cb9-b85b-461c78860359,773f7fa2-f78a-4b7d-98a4-1a388c138acb,GS,General Surgery,82,1213
db04a7c3-4fac-43bb-9df9-49825250087d,773f7fa2-f78a-4b7d-98a4-1a388c138acb,ONCO,Oncology,452,686
83284494-b713-44bd-8bf7-790f6ea280bb,634a130c-fcbe-4e59-a818-ddcac4bfae04,GS,General Surgery,1020,1597
d4178367-41ee-439c-aa50-30ad98ba5639,634a130c-fcbe-4e59-a818-ddcac4bfae04,NEPHRO,Nephrology,1502,471
146af5b2-2779-47e1-8a38-a592147824df,634a130c-fcbe-4e59-a818-ddcac4bfae04,CARD,Cardiology,344,128
3a0b1a53-5686-4ae4-8e11-dd6114fcf6e1,634a130c-fcbe-4e59-a818-ddcac4bfae04,OBG,Obstetrics & Gynaecology,1157,439
1bd56c97-8edc-4e2c-96d8-eac4c010655a,634a130c-fcbe-4e59-a818-ddcac4bfae04,ORTH,Orthopaedics,1492,1133
bd5992d8-4c48-46d3-862a-c0b84d69a972,535536b6-459d-430e-bdb3-ce4a1fd27e14,ENT,ENT,1707,1713
e34c3438-ea10-432a-992a-5b5672888081,535536b6-459d-430e-bdb3-ce4a1fd27e14,ORTH,Orthopaedics,1740,1306
7045feb8-5bd4-4906-83ae-75df5b5d89c9,535536b6-459d-430e-bdb3-ce4a1fd27e14,OPTH,Ophthalmology,831,1500
b151b5a3-2dd2-4321-a4d9-1710b0481cbd,535536b6-459d-430e-bdb3-ce4a1fd27e14,GS,General Surgery,596,825
7555ebf9-f43f-4650-a1be-3d1e19231217,f3326ff2-35ac-4914-bcf0-0379f732cf20,OBG,Obstetrics & Gynaecology,123,1544
fb7098e3-0800-42fb-b54b-b2cf81d05dcf,f3326ff2-35ac-4914-bcf0-0379f732cf20,MED,General Medicine,164,490
636a4b2c-9484-46c3-9494-b2c800ad3a52,1b99ed4b-8ebc-414b-b3d9-8635c8ef44da,OPTH,Ophthalmology,1623,982
98e3cb31-f5e0-4008-b1c7-79539326f4e5,1b99ed4b-8ebc-414b-b3d9-8635c8ef44da,ORTH,Orthopaedics,1665,998
1c6e3012-ce3c-430f-b81a-2d52604fe3d5,1b99ed4b-8ebc-414b-b3d9-8635c8ef44da,OBG,Obstetrics & Gynaecology,917,803
09bf2af0-de99-4a25-84ad-b62c06ce304d,1b99ed4b-8ebc-414b-b3d9-8635c8ef44da,MED,General Medicine,878,73
344d0780-fed6-4420-aa55-3934ba513a76,1b99ed4b-8ebc-414b-b3d9-8635c8ef44da,PEDS,Paediatrics,902,1729
3dba0a2a-f225-4390-9f61-2250752ce2c2,e44955c4-8e35-4f64-b973-07fdb285e006,CARD,Cardiology,619,780
ae9defd0-7c0d-4740-850f-c0568630fb05,e44955c4-8e35-4f64-b973-07fdb285e006,GS,General Surgery,915,88
85bc3cda-8e86-4947-9efe-a6c347d0f09b,e44955c4-8e35-4f64-b973-07fdb285e006,OBG,Obstetrics & Gynaecology,796,1446
47ac7aa6-0591-4577-8181-818cd86dc109,e44955c4-8e35-4f64-b973-07fdb285e006,MED,General Medicine,694,1031
2d1649a6-f663-4673-8c73-63807d2f576d,5f74e2e2-dde4-4877-afe8-c66f668662b7,MED,General Medicine,390,1557
e536798b-5c0e-43c0-8875-c79f0b01a551,5f74e2e2-dde4-4877-afe8-c66f668662b7,PEDS,Paediatrics,1773,274
4a1fd93a-f155-416b-955d-5f57ff4895a8,ed97bf9e-176e-4da6-a616-88f8388d00d8,ORTH,Orthopaedics,1969,596
443dd315-791f-4225-b62b-3a35bd515b40,ed97bf9e-176e-4da6-a616-88f8388d00d8,OPTH,Ophthalmology,649,135
c74776cf-5ea4-4b3f-abc8-d8db1637f688,210d53e0-7563-4263-a66d-c5cb28e89743,MED,General Medicine,1617,194
302d06ab-fb04-4eec-a597-e8009c109f02,210d53e0-7563-4263-a66d-c5cb28e89743,CARD,Cardiology,1434,237
824b8fdb-53ae-43db-b700-ad05d36b51dc,f028fa1e-2579-4cf3-8f4a-1403c50ecd0b,CARD,Cardiology,1400,715
77d90778-5c64-42ec-ae12-e458d02d38c5,f028fa1e-2579-4cf3-8f4a-1403c50ecd0b,OBG,Obstetrics & Gynaecology,1255,322
c6c86cd6-ec85-47bc-b6e4-47dbaacfae12,f028fa1e-2579-4cf3-8f4a-1403c50ecd0b,MED,General Medicine,1713,991
3fe391d7-dafa-4cbd-8f38-ecd66b03b42a,4778b43a-760b-404b-86d1-e2e787fe59e7,MED,General Medicine,1030,909
a80acd81-3ac6-44bf-bcb9-fa1759a460ac,4778b43a-760b-404b-86d1-e2e787fe59e7,GS,General Surgery,1334,294
348d905e-b454-41ed-b0fc-9c4a380828aa,4778b43a-760b-404b-86d1-e2e787fe59e7,OPTH,Ophthalmology,852,1526
89e33efb-fa0e-4789-914e-08e8cc65d572,4778b43a-760b-404b-86d1-e2e787fe59e7,OBG,Obstetrics & Gynaecology,1501,614
ddb9aee1-2fc2-42da-8540-a8b74e9ea0d7,98996e2b-fd7d-42db-9e98-c546a28254cc,PEDS,Paediatrics,840,1040
dcf0bcd7-2ec0-42b3-b90c-d05be1365760,98996e2b-fd7d-42db-9e98-c546a28254cc,OBG,Obstetrics & Gynaecology,1875,413
8c41632f-ff63-4bdf-b6c5-1d9088502dd0,98996e2b-fd7d-42db-9e98-c546a28254cc,CARD,Cardiology,485,1100
e32c0a54-ed0f-496c-8f15-28e0d8a1e1cd,98996e2b-fd7d-42db-9e98-c546a28254cc,NEURO,Neurology,520,1292
b5584c86-912f-4b93-9a86-ceb6453e4898,b953826f-a93e-45d3-a39a-55df4b2c4a4e,GS,General Surgery,1649,1318
b0938574-6db2-4df0-af06-a7d824bd4170,b953826f-a93e-45d3-a39a-55df4b2c4a4e,OBG,Obstetrics & Gynaecology,1808,1155
127344bd-5e67-47a8-b7bc-b4af51fe06cc,43b7d117-b51e-46dc-b26f-696b0ff56c82,CARD,Cardiology,1720,1136
2794ec7c-8791-4198-8863-22eb627c1bba,6bab69eb-9afa-4043-a8a8-f7c0b089c088,GS,General Surgery,1525,1691
6855b737-5977-44fd-a145-f8eb0888850a,6bab69eb-9afa-4043-a8a8-f7c0b089c088,OPTH,Ophthalmology,387,612
acd7f7c9-3c57-44c0-9a45-83442ab6de8a,6bab69eb-9afa-4043-a8a8-f7c0b089c088,OBG,Obstetrics & Gynaecology,1816,1071
5475ffe9-f453-4eea-b79d-c77a43876bd7,6bab69eb-9afa-4043-a8a8-f7c0b089c088,DERM,Dermatology,1642,136
44dfd6be-c447-4b60-800e-f85deca58c87,14689f0a-3d52-4137-a6a9-faf2389d7b2d,ORTH,Orthopaedics,541,1066
00c990ea-b974-4647-83f8-19874e0b4d54,14689f0a-3d52-4137-a6a9-faf2389d7b2d,GS,General Surgery,824,730
2f6f1ac8-199d-4b41-827a-0e340f300ffe,7d30507d-4a27-4c69-b2b8-08eda53ca9a6,GS,General Surgery,1798,1595
410b0901-ebf9-49c0-9aa0-c52fab4120fb,7d30507d-4a27-4c69-b2b8-08eda53ca9a6,NEURO,Neurology,376,875
982bacb3-bff2-45da-8eeb-ef2cc08b4303,7d30507d-4a27-4c69-b2b8-08eda53ca9a6,OBG,Obstetrics & Gynaecology,1122,139
6da41188-8931-43f9-8c0f-0bbc2c687d0d,8c7430a4-0ea6-41ca-b018-056e339aa5b0,MED,General Medicine,1497,1470
1c21190a-ed8e-4821-830c-1afeca5fed66,96db583d-7981-452f-9291-b456e020d267,URO,Urology,1350,73
9a04ef66-2b3b-4eaa-a8f4-abed33ab7aad,96db583d-7981-452f-9291-b456e020d267,ENT,ENT,629,735
b10f405f-15d1-4197-8af1-84067573250e,96db583d-7981-452f-9291-b456e020d267,ORTH,Orthopaedics,634,1514
5b779b8b-47b3-4019-9531-70e4462d672e,96db583d-7981-452f-9291-b456e020d267,CARD,Cardiology,1466,54
07ab5a22-fe84-445e-8d6c-0e2557771824,8bc71410-a0f1-4c76-800f-5300d9496eca,OPTH,Ophthalmology,248,980
638dc071-af0e-4863-a392-854208dc1f5d,8bc71410-a0f1-4c76-800f-5300d9496eca,OBG,Obstetrics & Gynaecology,867,294
d484fce6-2093-43be-bd17-c23041e1dba0,bb35f752-a368-480e-afba-21573ff95c48,CARD,Cardiology,302,712
79f2c923-3b82-4582-a29d-179385321d55,bb35f752-a368-480e-afba-21573ff95c48,MED,General Medicine,417,1342
184454d7-5988-4d36-8aaa-a000e360a5a6,bb35f752-a368-480e-afba-21573ff95c48,OBG,Obstetrics & Gynaecology,1145,1247
3d014073-00b8-45a0-81aa-9d3728e61143,77bee0a6-3736-41b7-878e-2044de6db9a2,GS,General Surgery,962,86
2fe6b585-7e98-43c2-be13-36a46c2bbe94,77bee0a6-3736-41b7-878e-2044de6db9a2,OBG,Obstetrics & Gynaecology,1129,1713
488f3b49-ef9e-45cb-83de-c8d838b0f44e,77bee0a6-3736-41b7-878e-2044de6db9a2,NEURO,Neurology,1213,533
e0a09b15-4738-44c3-82a5-1d861d5d736c,d4b57a38-fb5d-4322-bb10-6158a89c9ad4,GS,General Surgery,170,1129
32598eb0-af94-4586-afeb-db56df48b9c4,d4b57a38-fb5d-4322-bb10-6158a89c9ad4,NEURO,Neurology,664,1159
1f3cb476-dda1-4688-81b8-63cead441487,d4b57a38-fb5d-4322-bb10-6158a89c9ad4,URO,Urology,1440,845
3f61264d-f85f-40cd-8005-744f4e585ed3,d4b57a38-fb5d-4322-bb10-6158a89c9ad4,ORTH,Orthopaedics,1261,921
1e5ba3ab-a583-432c-b0b0-ad3868d51342,ae1ffb7d-3356-413e-8d09-e4b485d1f91d,OBG,Obstetrics & Gynaecology,975,867
bdd199b5-05a3-4782-8af1-a46a1141c35f,ae1ffb7d-3356-413e-8d09-e4b485d1f91d,MED,General Medicine,1867,251
105e2b76-19e0-4be9-ad44-14d712c5b2bb,9790f009-c4ec-4e15-8b88-3762ae3b75cc,DERM,Dermatology,1167,1060
e5be719d-dd72-43cb-9e41-f1e415933228,9790f009-c4ec-4e15-8b88-3762ae3b75cc,ONCO,Oncology,1108,1238
3154f6df-43fe-42ba-bc9e-05d9cf8d7acb,9790f009-c4ec-4e15-8b88-3762ae3b75cc,ORTH,Orthopaedics,1911,1441
303c259c-246a-483c-a462-6edfeb4cb473,9790f009-c4ec-4e15-8b88-3762ae3b75cc,MED,General Medicine,923,820
1a31e805-c054-4d16-9581-ffa778b72fe1,9790f009-c4ec-4e15-8b88-3762ae3b75cc,NEURO,Neurology,237,901
4d117711-ae0e-4eb2-8931-ffe03c35c3a0,c82d2e3f-98ce-491b-94c5-f33223488e8a,MED,General Medicine,1178,1650
823d1799-0802-4675-b3b5-713b5b3ade89,c82d2e3f-98ce-491b-94c5-f33223488e8a,GS,General Surgery,1644,734
f94e4177-e7ea-4503-9c61-4ee67fe3a185,c82d2e3f-98ce-491b-94c5-f33223488e8a,OBG,Obstetrics & Gynaecology,1843,1031
973aa798-b454-4bcb-af03-c27ff42f272d,774e84f5-a11e-428d-a490-b6e026c3389e,DERM,Dermatology,1011,538
d4a913e5-f39b-4ced-8ee5-7f29734a7856,774e84f5-a11e-428d-a490-b6e026c3389e,MED,General Medicine,871,51
41332be0-f376-4e5d-8b24-5c59e7d54184,774e84f5-a11e-428d-a490-b6e026c3389e,GS,General Surgery,1060,105
72817acf-a076-4246-9da1-555cfa54900e,774e84f5-a11e-428d-a490-b6e026c3389e,OPTH,Ophthalmology,295,1187
44165f55-c23d-4b5c-bf0a-5b17e78cd932,774e84f5-a11e-428d-a490-b6e026c3389e,ORTH,Orthopaedics,320,545
3edac3b1-7e4b-40a5-ab76-2334378c7c4d,169bd8af-394c-4bfd-9a8a-251a3680241d,GS,General Surgery,502,1461
3ae1daf8-83a9-4f64-b0fd-1ab56da1e9bb,169bd8af-394c-4bfd-9a8a-251a3680241d,PEDS,Paediatrics,1020,953
2761efc3-3aac-41c2-9e9b-e6ca8ae33b24,169bd8af-394c-4bfd-9a8a-251a3680241d,OBG,Obstetrics & Gynaecology,821,1181
03546567-4ac3-4c4a-904e-dd5a69a97735,44de4e75-8b0c-4958-a2cc-7fc3fa0c125a,CARD,Cardiology,502,1070
a552651f-58da-4fda-834c-d1bebf06d815,44de4e75-8b0c-4958-a2cc-7fc3fa0c125a,OBG,Obstetrics & Gynaecology,436,788
f513af5a-ec4b-495d-8468-5bc0980fabc5,44de4e75-8b0c-4958-a2cc-7fc3fa0c125a,URO,Urology,332,1683
570c344a-58a6-450a-b5ba-d9eed4e9c4e8,44de4e75-8b0c-4958-a2cc-7fc3fa0c125a,ONCO,Oncology,170,1725
52bae404-95e1-468b-8278-8682f692a3f4,e143eb48-9803-47ee-a528-afa11a065593,OBG,Obstetrics & Gynaecology,1595,284
8f02dae6-6d28-4017-bdd7-b07f7bf29e1b,e143eb48-9803-47ee-a528-afa11a065593,MED,General Medicine,497,222
157f6b6d-b288-4a4d-900e-b799f409c95d,e143eb48-9803-47ee-a528-afa11a065593,GS,General Surgery,1164,149
1e9b71d0-d543-4c3e-9277-d119c7560d6f,e143eb48-9803-47ee-a528-afa11a065593,URO,Urology,1086,1087
aece9031-66cb-47aa-81ce-f41d544f4d54,886e768d-710b-4ab0-be65-8fbaa25b0e6d,OBG,Obstetrics & Gynaecology,218,877
009ab007-4614-48d1-99c8-d00f181410af,886e768d-710b-4ab0-be65-8fbaa25b0e6d,GS,General Surgery,1867,296
a21a4a06-a189-438f-8b66-0bbc551677a8,886e768d-710b-4ab0-be65-8fbaa25b0e6d,ORTH,Orthopaedics,798,1656
22250443-4d67-4bb1-8ad8-60165a1756b3,787beee6-ff80-4a5b-aeca-4fd2756f0548,MED,General Medicine,217,764
c223ef17-2b01-4a07-90ef-f1613f0fc3ba,787beee6-ff80-4a5b-aeca-4fd2756f0548,PEDS,Paediatrics,313,1729
cf1047f4-2a76-47fc-9bff-5e0bb85f4327,787beee6-ff80-4a5b-aeca-4fd2756f0548,URO,Urology,104,1698
f3af027c-82e7-4fcf-bca7-712de85e488b,ce7867d2-5635-49cc-a736-9403134aac2e,MED,General Medicine,60,203
4b51d560-4ff6-4a35-bde1-6d64f426f703,ce7867d2-5635-49cc-a736-9403134aac2e,OBG,Obstetrics & Gynaecology,1809,1533
d9734340-8d61-4649-b24e-35eea15fc96b,ce7867d2-5635-49cc-a736-9403134aac2e,OPTH,Ophthalmology,860,467
8fe430d7-a2a4-4f0e-808b-29ed655be539,76d53435-2f53-44c7-977f-fa63dbddef70,ORTH,Orthopaedics,1859,1554
17667a25-a40b-492a-aa29-ff947cf5ff1a,76d53435-2f53-44c7-977f-fa63dbddef70,OBG,Obstetrics & Gynaecology,842,1741
c3572865-3ad9-4643-9d02-4e86477ec9a5,76d53435-2f53-44c7-977f-fa63dbddef70,OPTH,Ophthalmology,394,390
e5f1466c-5e01-44bf-8b2c-96fcc107ccfe,76d53435-2f53-44c7-977f-fa63dbddef70,DERM,Dermatology,677,1058
a87308ef-cf6f-404a-a7e1-84e743b02bb4,76d53435-2f53-44c7-977f-fa63dbddef70,GS,General Surgery,1905,1608
e7e19a43-2108-4cd4-b56d-b9490852ca6e,76d53435-2f53-44c7-977f-fa63dbddef70,URO,Urology,706,1768
b267d384-fc11-4013-ac02-28838f42d2d5,0309f1cb-d6cd-472f-ba10-6903794d92f9,URO,Urology,1372,472
9de450d9-57d9-46d0-8917-f860d22c5fdb,0309f1cb-d6cd-472f-ba10-6903794d92f9,ORTH,Orthopaedics,158,705
0efadf34-91d8-4a21-b5a3-46d70da96ea3,0a85f16e-2b22-4dca-a10d-5b92201b4906,OPTH,Ophthalmology,1897,705
50db4a23-1632-4732-a3b1-f729bc876b45,0a85f16e-2b22-4dca-a10d-5b92201b4906,URO,Urology,950,801
cc27a919-ed1b-43f6-ae3a-4d3c5f823601,82f0c635-e239-4173-a652-e5c58ab0a63e,GS,General Surgery,1052,285
d88e8273-67d8-4de4-84b2-816856928373,82f0c635-e239-4173-a652-e5c58ab0a63e,OBG,Obstetrics & Gynaecology,1678,260
3817f36c-2359-4133-b321-d035b900dbaf,82f0c635-e239-4173-a652-e5c58ab0a63e,OPTH,Ophthalmology,1707,318
942b4e69-828c-451d-9194-e8ac820b860f,f6dbadc9-6b8d-41f4-8648-d12113ee3815,MED,General Medicine,340,1186
4a6dbbdf-0d6f-4f4a-954a-b188ae0602df,f6dbadc9-6b8d-41f4-8648-d12113ee3815,OBG,Obstetrics & Gynaecology,298,508
1a8ff106-a29c-46b6-96a9-1c68d5683ea3,f6dbadc9-6b8d-41f4-8648-d12113ee3815,ORTH,Orthopaedics,1405,187
97599555-ac6b-4110-bf2c-21d0789dc207,f6dbadc9-6b8d-41f4-8648-d12113ee3815,ENT,ENT,657,880
0aa51445-d15e-4899-8d6b-5706a6719861,dc0137f9-20fe-4a85-bfdd-45cf9d56fa5f,OPTH,Ophthalmology,1438,1553
66776432-1a31-443e-ac87-ef9bb1ef6dda,dc0137f9-20fe-4a85-bfdd-45cf9d56fa5f,ONCO,Oncology,579,374
f0778c06-a580-4ca7-80bf-d8a5313543a5,acf7cc6d-d2d5-450c-8ea2-2e4c3aab8048,ONCO,Oncology,1195,514
0b584403-33b5-4d57-a491-75f16d9fc267,acf7cc6d-d2d5-450c-8ea2-2e4c3aab8048,MED,General Medicine,184,486
29427898-d7be-4156-abcb-ebeda08f2be7,36514112-6034-4d11-bcc2-83c07762bea0,CARD,Cardiology,1235,936
0fceb016-3b99-4153-b09b-c2add6272a75,36514112-6034-4d11-bcc2-83c07762bea0,OBG,Obstetrics & Gynaecology,1301,958
d5764afb-4878-4571-9eb4-f6e168b1fd70,cbc9e3ca-7d76-4729-8f89-a5d408538b50,PEDS,Paediatrics,1852,1166
ee5af3d1-ce9f-45df-969d-f562f7d3cb7d,cbc9e3ca-7d76-4729-8f89-a5d408538b50,OBG,Obstetrics & Gynaecology,705,357
b4a03757-7267-4eb7-a746-a60201ac2123,e050b7f7-ff26-49fc-bcdb-4d99402a8a0e,ENT,ENT,901,1153
40d2b971-ab65-461a-b3bb-5596fb20d700,e050b7f7-ff26-49fc-bcdb-4d99402a8a0e,OBG,Obstetrics & Gynaecology,146,434
d579eb05-32f9-4118-9b61-7a86f74e026c,e050b7f7-ff26-49fc-bcdb-4d99402a8a0e,DERM,Dermatology,1513,785
25d1d697-a620-41e6-8061-3a971cb39e4b,e050b7f7-ff26-49fc-bcdb-4d99402a8a0e,CARD,Cardiology,1809,950
d02788f9-d5cc-44f8-8464-46fca6bbea0b,0ac38087-8f1d-4bb3-91bc-b03fe5299f25,ONCO,Oncology,1220,1707
fde4e496-8da7-4efc-a68a-3f2cc2091e80,0ac38087-8f1d-4bb3-91bc-b03fe5299f25,URO,Urology,1621,1196
98d885ed-f5a0-459d-92b2-4d9fe51caa08,5c50a41c-8176-4534-acde-b156771df199,ORTH,Orthopaedics,635,765
8305b51a-6e7e-43bf-a1ee-cec10e5c8577,5c50a41c-8176-4534-acde-b156771df199,OBG,Obstetrics & Gynaecology,875,1335
bad1d50c-fa02-42a0-8735-d731448f156f,f2f4c833-612c-47b0-b302-f236cb5beb19,OBG,Obstetrics & Gynaecology,1483,468
53888b73-66d1-4aca-8966-dd53128b815f,f2f4c833-612c-47b0-b302-f236cb5beb19,OPTH,Ophthalmology,1896,1455
bf005c97-6b6b-43d2-9cea-50a32d870bf3,f2f4c833-612c-47b0-b302-f236cb5beb19,URO,Urology,1404,784
03759c21-7297-468b-8988-f33a4c5dcd8a,f2f4c833-612c-47b0-b302-f236cb5beb19,MED,General Medicine,376,963
8123a220-19bd-49f4-892f-dc7991781e6f,30a2635e-e25b-4493-b0d7-47d97e9b7905,URO,Urology,625,1490
ba5a0f1c-9cfb-4e76-9315-c36d5d591b92,30a2635e-e25b-4493-b0d7-47d97e9b7905,OBG,Obstetrics & Gynaecology,919,1022
da2c33fe-6d79-44b7-bc99-2252134e3c1b,30a2635e-e25b-4493-b0d7-47d97e9b7905,MED,General Medicine,814,1674
df2b13ad-2f3e-477d-9572-3e40873b1bc8,c89a3cc0-2359-4619-a84c-0e6df2a3d623,OPTH,Ophthalmology,304,1496
c5d013ca-3870-4279-84fe-b3bbbc925efc,c89a3cc0-2359-4619-a84c-0e6df2a3d623,PEDS,Paediatrics,339,689
f794deee-6719-4c86-a98e-ae574ba8aa62,b608899e-7583-413b-bffe-0de2f1fba9b1,CARD,Cardiology,1098,336
0e246ea6-da67-4024-b7ed-837bdd291f75,b608899e-7583-413b-bffe-0de2f1fba9b1,OPTH,Ophthalmology,172,1690
80340ebe-79d9-40a8-8c9d-87c716b42f3a,b608899e-7583-413b-bffe-0de2f1fba9b1,ORTH,Orthopaedics,1679,890
9c37cb5f-3f58-40a0-9ef4-b47c15d2b082,b608899e-7583-413b-bffe-0de2f1fba9b1,OBG,Obstetrics & Gynaecology,387,1083
4574e63e-a51f-4a71-8647-cbc749e42346,b608899e-7583-413b-bffe-0de2f1fba9b1,MED,General Medicine,526,844
b35b498f-b76a-40e9-a4cc-9116e8acf263,955003ac-10e8-425c-a740-d329e48f099b,GS,General Surgery,901,1163
f56e65f5-85d8-4380-8334-c6010b307ada,955003ac-10e8-425c-a740-d329e48f099b,ORTH,Orthopaedics,1101,1613
9b6223bd-540b-4354-8a37-b58184f8b1d9,955003ac-10e8-425c-a740-d329e48f099b,MED,General Medicine,439,1104
b8d03eaf-55c1-4829-9f44-b722f6744c01,955003ac-10e8-425c-a740-d329e48f099b,PEDS,Paediatrics,547,864
04a46052-cb54-4114-98d5-c242f36218bd,c6367490-c7be-4c38-a755-57c180c83c74,OBG,Obstetrics & Gynaecology,1536,117
1e24b4d0-a137-49b5-84d2-f06b13893425,c6367490-c7be-4c38-a755-57c180c83c74,BURNS,Burns & Plastic Surgery,1577,506
790e1ce7-07d6-4942-be78-d2e4485f5382,c6367490-c7be-4c38-a755-57c180c83c74,CARD,Cardiology,1664,1755
f198eee2-8aba-4e52-be6f-be3f93143b09,c6367490-c7be-4c38-a755-57c180c83c74,ORTH,Orthopaedics,1490,177
3a9b393a-04f3-46ec-bb80-f4ac69d12e34,c6367490-c7be-4c38-a755-57c180c83c74,NEURO,Neurology,1745,1730
c757d4d5-a1c0-4c9b-815c-d22283863c49,c6367490-c7be-4c38-a755-57c180c83c74,GS,General Surgery,1638,401
897c1f02-4dc2-462f-854c-613350a1f026,c6367490-c7be-4c38-a755-57c180c83c74,URO,Urology,780,762
de350314-3980-463f-8453-3cde0077249c,f0a39b48-462c-4632-a2db-53e1f28fb0eb,OPTH,Ophthalmology,700,1618
04ffc12d-3837-42fd-9f42-4e8baff79db9,f0a39b48-462c-4632-a2db-53e1f28fb0eb,ORTH,Orthopaedics,524,82
3294ae7c-6562-44cc-9451-c78663e76e52,f0a39b48-462c-4632-a2db-53e1f28fb0eb,OBG,Obstetrics & Gynaecology,148,102
1fa5404c-bcda-4978-a640-e9e9d77fba5a,f0a39b48-462c-4632-a2db-53e1f28fb0eb,MED,General Medicine,744,1163
5c068de9-c680-4228-aa5a-589124fb60aa,b7220b85-186d-4e82-a7e3-32b1f108eca1,ORTH,Orthopaedics,1975,482
16449d92-e272-4d32-a80a-e1df2c4e08df,b7220b85-186d-4e82-a7e3-32b1f108eca1,OBG,Obstetrics & Gynaecology,1358,134
2c29d9c2-5a0c-4c2d-8dee-acb56cf1401a,b7220b85-186d-4e82-a7e3-32b1f108eca1,GS,General Surgery,710,1073
5d8aa743-0809-43ee-868f-291aadb7fafa,b7220b85-186d-4e82-a7e3-32b1f108eca1,MED,General Medicine,739,1068
af4f887a-e03c-4c13-af70-3ed069da8e1f,6bba99d2-742e-4c5a-8c79-ddbb7cd6f31d,GS,General Surgery,1199,1673
93b6b943-dedd-4e8e-8c1d-5677d8794988,6bba99d2-742e-4c5a-8c79-ddbb7cd6f31d,OPTH,Ophthalmology,1473,850
3e933cda-a363-4b36-9fec-e011ba244959,e47ecee6-4e1d-49bf-ac89-2f3e0a26a2f0,OBG,Obstetrics & Gynaecology,921,1641
7d0e06c0-4487-484e-88c4-30f26a1628ff,e47ecee6-4e1d-49bf-ac89-2f3e0a26a2f0,PEDS,Paediatrics,1053,1455
70292b35-1676-4042-bd5e-962c2eb1f98f,e47ecee6-4e1d-49bf-ac89-2f3e0a26a2f0,ORTH,Orthopaedics,1701,436
ca974698-9566-4d12-92cf-c7f908c5da22,e47ecee6-4e1d-49bf-ac89-2f3e0a26a2f0,OPTH,Ophthalmology,271,1285
684dcb94-a7cc-4794-af1f-6dc6741f49cc,7c74a3fe-c833-4480-bf77-3b2569feda4c,ONCO,Oncology,630,743
a285640b-996c-4bc8-b6a2-1357e5bea7c3,7c74a3fe-c833-4480-bf77-3b2569feda4c,GS,General Surgery,922,1434
e26a9e81-7efa-451d-9d0e-d659f70058b5,7c74a3fe-c833-4480-bf77-3b2569feda4c,PEDS,Paediatrics,631,848
6b589652-0193-459a-8e6c-e2b54fda0504,7c74a3fe-c833-4480-bf77-3b2569feda4c,ORTH,Orthopaedics,438,274
567cbbc2-2141-430d-a671-785dc4b0fd7b,7c74a3fe-c833-4480-bf77-3b2569feda4c,OBG,Obstetrics & Gynaecology,1700,1783
895a057c-a7d7-48a5-b2cf-d5b14039fc98,f27404c5-a83c-4f51-aedf-ad940fceb7ac,CARD,Cardiology,1744,1548
da367a9d-7750-4000-b8f8-c6241223acda,f27404c5-a83c-4f51-aedf-ad940fceb7ac,OPTH,Ophthalmology,457,1625
9c769662-4595-48d2-97a9-eee1ef2c3da7,f27404c5-a83c-4f51-aedf-ad940fceb7ac,GS,General Surgery,1044,1090
5d6f1881-cc71-439a-ae8b-bc46cdbfc6c1,f27404c5-a83c-4f51-aedf-ad940fceb7ac,OBG,Obstetrics & Gynaecology,1112,1713
cf8894eb-ab63-4500-8f9a-a1a7b058b20b,f27404c5-a83c-4f51-aedf-ad940fceb7ac,ORTH,Orthopaedics,1524,1427
392c5249-40ab-49d2-91cd-f5a3be4112d2,49594842-eeda-440c-9d84-05d23688557a,OBG,Obstetrics & Gynaecology,1481,1712
a48fd351-9cf5-47ec-9aad-bc790d448256,d4266dd8-633a-410f-80a4-c0fb72408134,GS,General Surgery,149,1143
ddecf8af-2e6f-4e90-92f6-afc6a1c97906,d4266dd8-633a-410f-80a4-c0fb72408134,MED,General Medicine,1500,697
118829bd-813c-4c78-98ef-bdde2a7c1df0,d4266dd8-633a-410f-80a4-c0fb72408134,OBG,Obstetrics & Gynaecology,642,1213
74e90596-349c-4026-88fe-8944e00ab087,bff61730-ce42-45ce-88dc-74143abbcbbf,OBG,Obstetrics & Gynaecology,1845,1404
d8817f86-a421-460b-bbea-8d998b7e8ccf,bff61730-ce42-45ce-88dc-74143abbcbbf,MED,General Medicine,1966,1673
dcf02692-94dc-49e6-b6d5-f8c3e2c27bd3,bff61730-ce42-45ce-88dc-74143abbcbbf,ONCO,Oncology,1369,494
eb2cdadf-69b8-496d-9f7e-1eab1c78b1f4,7b64b485-6350-4f47-9c8a-5482a29027ae,NEURO,Neurology,1738,1238
aaa8e882-fe7b-44a3-be5f-6d66d9613d8c,7b64b485-6350-4f47-9c8a-5482a29027ae,OBG,Obstetrics & Gynaecology,1229,606
69512dee-aab5-4c83-aca4-212dc0390c64,7b64b485-6350-4f47-9c8a-5482a29027ae,ORTH,Orthopaedics,209,304
b766df19-521d-48f5-8230-3e8f0b5e5033,7b64b485-6350-4f47-9c8a-5482a29027ae,CARD,Cardiology,495,136
44fa7aff-fc03-4cb5-909a-2977a5249da0,7b64b485-6350-4f47-9c8a-5482a29027ae,MED,General Medicine,805,585
922968da-f254-4ea4-8add-db60e453fd01,6e4e3210-9365-4047-962a-1969aeb236c7,OBG,Obstetrics & Gynaecology,1975,613
2aff4381-bdd6-4202-b326-92550e8c7cf6,6e4e3210-9365-4047-962a-1969aeb236c7,ORTH,Orthopaedics,1832,1654
f90d932a-a234-4b27-9cb5-8ecf828105e7,c4828875-f675-42b4-8993-217ba936e17a,ONCO,Oncology,1620,199
3e2b6a2b-cdd0-45b4-b825-5183513172c8,c4828875-f675-42b4-8993-217ba936e17a,NEURO,Neurology,1296,1201
3307950f-adb1-426b-a727-9678c8159e3b,85043c0c-6419-4b00-91e3-b23106776f95,CARD,Cardiology,1596,1254
1e24b336-000c-46a3-be05-2e90ec9ce22c,85043c0c-6419-4b00-91e3-b23106776f95,NEURO,Neurology,1464,1151
d743ecb7-7d9c-4ff0-8568-880e9a2c8e1b,85043c0c-6419-4b00-91e3-b23106776f95,MED,General Medicine,1529,1049
055836ed-1173-465a-a2ba-7689d7bb6cf1,462870a7-d72c-437f-9859-06f5271cc205,PEDS,Paediatrics,1332,525
472bb66e-e7c4-4afe-8c62-243961ada089,462870a7-d72c-437f-9859-06f5271cc205,PSYCH,Psychiatry,1966,965
9f518861-f81d-4960-a2b6-0aa99c6c0a55,462870a7-d72c-437f-9859-06f5271cc205,OBG,Obstetrics & Gynaecology,1525,688
b192a162-1d67-4a7c-88b4-b14c8a971f8b,fbf6d91e-85ce-4c17-a954-5d0e839a3c6b,OBG,Obstetrics & Gynaecology,1111,796
0e26e459-d497-413f-9d5f-fe8ccf08346a,fbf6d91e-85ce-4c17-a954-5d0e839a3c6b,MED,General Medicine,1448,738
e54cbece-e425-4492-8af8-0d5f0e5e003b,fbf6d91e-85ce-4c17-a954-5d0e839a3c6b,OPTH,Ophthalmology,449,1622
1994e7c9-aac6-4414-93bf-929567cfd54e,fbf6d91e-85ce-4c17-a954-5d0e839a3c6b,GS,General Surgery,331,1148
f509bf20-e9ff-4bf2-b9a2-f310eb6a4ba5,94a284dc-5cf1-4342-8a6f-4f64dedb0a1e,OBG,Obstetrics & Gynaecology,1444,1081
8f26db11-5aaf-4f39-b257-ba5d73d0e168,94a284dc-5cf1-4342-8a6f-4f64dedb0a1e,ENT,ENT,132,1576
55074a8b-725b-4c09-a207-6c5acc4bd70b,94a284dc-5cf1-4342-8a6f-4f64dedb0a1e,ORTH,Orthopaedics,1827,1409
bc99e634-bab0-471e-93f3-fdcb4bc9f675,a6a70022-e453-4de8-8ef6-bcb7c470235f,MED,General Medicine,1329,323
e5051655-5e30-46bb-ac9d-7bce6fb29f52,a6a70022-e453-4de8-8ef6-bcb7c470235f,OBG,Obstetrics & Gynaecology,733,1569
a648c225-593c-4ea8-ba67-bf338ab32b92,a6a70022-e453-4de8-8ef6-bcb7c470235f,ONCO,Oncology,1497,780
2236fb8e-6e35-4b5b-9859-ebca209e42f5,a6a70022-e453-4de8-8ef6-bcb7c470235f,ORTH,Orthopaedics,692,632
f26593d7-f11f-49b3-ba45-452dc8d0644b,a6a70022-e453-4de8-8ef6-bcb7c470235f,URO,Urology,705,1799
cf0eab1f-892d-4c73-bb1d-a364b3ecb428,45e682c8-1edd-43f5-9a9a-63ab65a4f6f5,OBG,Obstetrics & Gynaecology,502,1678
d40a8004-6d41-4e05-bbfc-55db23f8da9d,45e682c8-1edd-43f5-9a9a-63ab65a4f6f5,MED,General Medicine,201,1050
324441c2-4c62-4856-95b9-fbe92fad4df8,45e682c8-1edd-43f5-9a9a-63ab65a4f6f5,BURNS,Burns & Plastic Surgery,1989,816
59f19ce2-f5c9-4016-b57a-06d54ea11e8a,45e682c8-1edd-43f5-9a9a-63ab65a4f6f5,OPTH,Ophthalmology,991,1596
bdd7c0f6-8074-4f9d-ba3d-53af66d4973c,45e682c8-1edd-43f5-9a9a-63ab65a4f6f5,ENT,ENT,1997,1285
1f10315c-8400-469c-8832-497e8880aea6,4a1932e9-a828-4e48-80e3-b73a3a88bdb5,ENT,ENT,394,1010
9f58ca27-92de-4672-87ac-843b781ea48f,4a1932e9-a828-4e48-80e3-b73a3a88bdb5,OBG,Obstetrics & Gynaecology,559,147
92e1d79e-316b-4356-a3f2-054cc8872184,4a1932e9-a828-4e48-80e3-b73a3a88bdb5,OPTH,Ophthalmology,1051,1348
8a178ede-7ef0-4b5d-946b-0703bc862ece,4a1932e9-a828-4e48-80e3-b73a3a88bdb5,ONCO,Oncology,1609,46
783bf84b-95fe-468a-9d4b-1a88bf9fdcc6,4a1932e9-a828-4e48-80e3-b73a3a88bdb5,ORTH,Orthopaedics,1869,747
dd285065-7c22-42e8-8c7a-2f4477ef358e,4a1932e9-a828-4e48-80e3-b73a3a88bdb5,GS,General Surgery,639,628
b1a53b66-6200-44a7-b76d-6c2360c4a62f,836a040a-d9d3-4aca-aea6-b7dceb825023,BURNS,Burns & Plastic Surgery,513,114
f9f57445-065b-4768-95c5-2b5f8e93fd05,836a040a-d9d3-4aca-aea6-b7dceb825023,NEURO,Neurology,1729,275
17764f51-a14f-45f5-be94-227e5f02b8c1,836a040a-d9d3-4aca-aea6-b7dceb825023,OBG,Obstetrics & Gynaecology,1077,1129
c2ff4855-12a9-4c0e-87d4-7d7653a1cc1b,836a040a-d9d3-4aca-aea6-b7dceb825023,URO,Urology,1245,629
29f74ba2-1a0c-4283-bc00-d8f27026c196,a0ca67df-3619-4e3c-ba10-f0e214d3dd90,CARD,Cardiology,463,174
48a86009-b092-4be9-a95b-948b6f4de457,a0ca67df-3619-4e3c-ba10-f0e214d3dd90,NEPHRO,Nephrology,368,876
4c8c02af-8990-4e7f-b9f7-8b3e1a323b22,a0ca67df-3619-4e3c-ba10-f0e214d3dd90,GS,General Surgery,148,369
17e12a6f-0331-4618-a5ff-aea999ae9d4e,a0ca67df-3619-4e3c-ba10-f0e214d3dd90,MED,General Medicine,982,687
6cf4a964-2f20-423b-adcb-5be4daa8fa47,f6e59df6-7d53-4a43-be31-bc21ed824a40,OBG,Obstetrics & Gynaecology,386,1786
2d773dcd-8185-48ba-9c1c-071c6924a7aa,f6e59df6-7d53-4a43-be31-bc21ed824a40,URO,Urology,275,1582
88a50772-891e-4a69-8c7f-18154e76a06e,f6e59df6-7d53-4a43-be31-bc21ed824a40,ORTH,Orthopaedics,924,1091
e1924539-97f7-4ded-b787-6a1ca4c2a62c,984e0e77-c7d8-4c9e-b4c0-91cb3cfc45d4,OPTH,Ophthalmology,1225,420
a02d659b-455c-4fde-8693-03427346014f,984e0e77-c7d8-4c9e-b4c0-91cb3cfc45d4,URO,Urology,1853,1625
3db0ca6a-cd22-4128-a8b3-5ae29e9625b5,984e0e77-c7d8-4c9e-b4c0-91cb3cfc45d4,OBG,Obstetrics & Gynaecology,1690,1243
ec90271c-8e9a-4740-8bad-2acfce3280fd,984e0e77-c7d8-4c9e-b4c0-91cb3cfc45d4,DERM,Dermatology,69,453
b36cead6-b265-49ab-9a76-06a05bab6b3f,984e0e77-c7d8-4c9e-b4c0-91cb3cfc45d4,ORTH,Orthopaedics,182,533
50ed9f1e-7d15-4582-bdd5-1edfa7efa2fe,f8ab7fcc-9784-4745-b38a-1cfae3f2b9bc,BURNS,Burns & Plastic Surgery,510,1024
61a99646-bf76-47df-9c26-074191257d70,f8ab7fcc-9784-4745-b38a-1cfae3f2b9bc,CARD,Cardiology,570,324
69ad9260-a7f0-4d4c-83c8-e41ccc89bc63,f8ab7fcc-9784-4745-b38a-1cfae3f2b9bc,ONCO,Oncology,1878,1116
575af394-cea4-461f-9a7e-cd95df09c2b6,f8ab7fcc-9784-4745-b38a-1cfae3f2b9bc,OBG,Obstetrics & Gynaecology,406,1041
4268d25d-16d9-45f0-8fa1-2583bf601ef1,f8ab7fcc-9784-4745-b38a-1cfae3f2b9bc,NEURO,Neurology,1347,1404
1ca61422-0cc7-4cf0-b0e0-3bad28da36d3,041b081f-9fbf-412a-936a-314f4fe17d9f,URO,Urology,1034,1465
9204c6a8-e83b-40f7-8f51-3922aa796178,041b081f-9fbf-412a-936a-314f4fe17d9f,NEURO,Neurology,1889,1040
f07f0caa-0403-4299-97ff-91c428315c5a,041b081f-9fbf-412a-936a-314f4fe17d9f,GS,General Surgery,466,370
09523bc5-9e82-4a10-b7ad-a66af8f1fd4b,041b081f-9fbf-412a-936a-314f4fe17d9f,OBG,Obstetrics & Gynaecology,1961,1415
496a8a29-8289-4a09-a7eb-2b8bad62ae4f,041b081f-9fbf-412a-936a-314f4fe17d9f,MED,General Medicine,788,1035
61e7111d-5052-47b7-8447-79ce368aa5db,a2b628b7-8f1d-46db-92b6-969042c93102,ORTH,Orthopaedics,1878,192
d1ce7fb1-086e-40ef-bbf9-22f6efdf049e,a2b628b7-8f1d-46db-92b6-969042c93102,OBG,Obstetrics & Gynaecology,1823,391
bdddc100-32b9-4e62-abf4-1af06e60e198,a2b628b7-8f1d-46db-92b6-969042c93102,OPTH,Ophthalmology,1149,502
9e70aaef-a6f8-437f-97e9-8bd433fa7fc4,cbb3f971-4539-4695-a240-b29207bc78eb,OBG,Obstetrics & Gynaecology,1525,333
4787d7b2-e04f-4aa5-9626-7ed0e1eed4c1,cbb3f971-4539-4695-a240-b29207bc78eb,GS,General Surgery,368,1454
e691cc10-d25e-4644-a0ad-04fa9f8ac38e,8325ecfe-0863-4a34-b714-c82d017a36e3,CARD,Cardiology,305,806
c0ab0885-c92d-432d-9f11-04e22ce970ad,8325ecfe-0863-4a34-b714-c82d017a36e3,ORTH,Orthopaedics,764,1761
167138bf-6fbd-498d-9d9f-ea7a19ff0792,8325ecfe-0863-4a34-b714-c82d017a36e3,MED,General Medicine,1505,318
35c91aaa-2b6c-41f0-8403-7297d2e82fca,4d3bc74a-40ab-4dcd-9294-f34fc3408d24,ENT,ENT,717,620
f3c0c8e6-e62e-4667-9560-88bc5c908759,4d3bc74a-40ab-4dcd-9294-f34fc3408d24,MED,General Medicine,1164,270
fbd7e5f4-c934-48d1-8c55-6b2d8b7007d0,4d3bc74a-40ab-4dcd-9294-f34fc3408d24,ORTH,Orthopaedics,173,965
64df75fc-ad58-48f6-9729-b5c2e99f413a,4d3bc74a-40ab-4dcd-9294-f34fc3408d24,OBG,Obstetrics & Gynaecology,1625,1353
9a1ee8a9-e048-44a5-a7c3-467f325d068c,975d2175-7e14-43de-86aa-003a47ce08f8,GS,General Surgery,1523,1699
bfeebc65-ea55-474c-b648-e90ce47f118f,975d2175-7e14-43de-86aa-003a47ce08f8,ENT,ENT,1303,1000
cbb0738e-bd59-4ebb-bddb-51458bfa829e,975d2175-7e14-43de-86aa-003a47ce08f8,PEDS,Paediatrics,619,934
d4b72746-57fe-4d20-9b19-4472b723e537,975d2175-7e14-43de-86aa-003a47ce08f8,ORTH,Orthopaedics,1018,1678
906507ec-56f8-4e51-8571-204519319bc4,975d2175-7e14-43de-86aa-003a47ce08f8,NEURO,Neurology,156,1753
5b0551ee-a206-4dd6-a46e-e43ff0807ea1,975d2175-7e14-43de-86aa-003a47ce08f8,OPTH,Ophthalmology,378,244
e26f3cf8-edf1-4efe-9185-66af3654c1e7,975d2175-7e14-43de-86aa-003a47ce08f8,DERM,Dermatology,677,374
3bb5782b-ca69-4cd0-9056-97b6f3283177,e0939087-ac41-4e0a-bf32-d82c22e257fa,ORTH,Orthopaedics,1753,489
ab7ddc7d-2285-411b-9559-9cac2b50742d,e0939087-ac41-4e0a-bf32-d82c22e257fa,URO,Urology,808,1352
a1895c66-da71-4a92-ba17-448cc08d7c80,e0939087-ac41-4e0a-bf32-d82c22e257fa,MED,General Medicine,939,933
a619f20c-6c58-4af9-bae7-e46e939cefb7,e0939087-ac41-4e0a-bf32-d82c22e257fa,GS,General Surgery,921,419
35ef50ce-d556-43b8-b6a0-2b3e8b84f31b,682a4a50-e514-46f8-88d2-90c351729b29,URO,Urology,313,545
12cea64b-0d83-4075-a302-b64366e712cb,682a4a50-e514-46f8-88d2-90c351729b29,OPTH,Ophthalmology,1684,652
537b323b-3b91-4841-960b-819ac9c325bb,682a4a50-e514-46f8-88d2-90c351729b29,GS,General Surgery,1658,450
0d37f706-bbf2-406d-8f22-8139b52f8a78,48aae692-87fe-4be9-9b8c-e08d4c44689d,OBG,Obstetrics & Gynaecology,317,723
d41cecee-889f-431f-b2a7-b43e943d9a93,48aae692-87fe-4be9-9b8c-e08d4c44689d,DERM,Dermatology,1484,829
792dc380-8b39-4f9f-99d4-f3a5874f1108,48aae692-87fe-4be9-9b8c-e08d4c44689d,ORTH,Orthopaedics,810,541
39211422-c528-4555-a44e-0afcc9d4aa64,48aae692-87fe-4be9-9b8c-e08d4c44689d,PEDS,Paediatrics,1745,1739
a4acc27a-8e04-4846-a683-35fc13983c91,933bac93-7b41-4ae5-84ff-7042c2e5ed5d,PEDS,Paediatrics,998,1722
f30ec620-fe21-4ad4-83fd-d115f1519f73,933bac93-7b41-4ae5-84ff-7042c2e5ed5d,OBG,Obstetrics & Gynaecology,285,1301
07344286-e90a-4f8a-927e-516777068cd4,933bac93-7b41-4ae5-84ff-7042c2e5ed5d,URO,Urology,1193,1167
ad7ce8d3-141f-4259-a136-029229c8b6d3,bf5461ef-17c0-4e98-8b6f-bbb791b3adc5,OBG,Obstetrics & Gynaecology,358,1432
43bc284b-6f1d-44b6-b655-34fe99c38a30,bf5461ef-17c0-4e98-8b6f-bbb791b3adc5,OPTH,Ophthalmology,936,729
de7e5ab8-3efc-465d-a888-57f53079ff7a,bf5461ef-17c0-4e98-8b6f-bbb791b3adc5,URO,Urology,400,1543
4aeb044e-5840-4a3e-9642-16a7618c8676,bf5461ef-17c0-4e98-8b6f-bbb791b3adc5,GS,General Surgery,641,1370
46906883-9637-4c5d-b81c-ad6e062e0666,db3fdada-75d0-4a5d-b8d1-a53bbd4f446b,GS,General Surgery,397,864
85cbc6d7-50d9-4cb1-baa8-c49d9d72d04f,db3fdada-75d0-4a5d-b8d1-a53bbd4f446b,MED,General Medicine,1153,880
e619d9e3-3407-43e6-8c38-b88e5673c449,db3fdada-75d0-4a5d-b8d1-a53bbd4f446b,ORTH,Orthopaedics,1640,656
a2f023e0-f19a-4c16-8916-88b5bc46f51c,396f282a-612c-4ce1-9dcf-9330f9dd8328,OBG,Obstetrics & Gynaecology,1244,208
33ad28d1-77e0-41aa-88ea-11d9b3a2bff4,396f282a-612c-4ce1-9dcf-9330f9dd8328,PEDS,Paediatrics,983,1250
32e22a4c-0b0c-4052-ac2d-439526895620,396f282a-612c-4ce1-9dcf-9330f9dd8328,CARD,Cardiology,1873,1748
4408e885-8ead-41f1-85aa-ffc941edd694,396f282a-612c-4ce1-9dcf-9330f9dd8328,NEURO,Neurology,871,874
bb7d612e-a404-4e6d-917c-e908e9e03ee8,396f282a-612c-4ce1-9dcf-9330f9dd8328,GS,General Surgery,1770,1016
4a21bd49-fdb2-4482-bf41-bd3dae3be2c3,3157d0e1-190e-4ba7-b8f7-d292880a2840,GS,General Surgery,367,541
f7a3d48f-bd27-496f-9337-c165ceace342,3157d0e1-190e-4ba7-b8f7-d292880a2840,MED,General Medicine,328,715
4d8901ae-a660-403d-98b0-1e4b2ec0109f,3157d0e1-190e-4ba7-b8f7-d292880a2840,OBG,Obstetrics & Gynaecology,137,1062
478fb7de-79d9-4c30-a88f-06c0b0ccc651,3157d0e1-190e-4ba7-b8f7-d292880a2840,URO,Urology,1851,257
e3d57b9e-859f-4c80-a665-8bfa7e7ab153,3157d0e1-190e-4ba7-b8f7-d292880a2840,ORTH,Orthopaedics,874,823
b7b523bc-aee6-44a0-afe9-ee437e990bc7,c6b2aafc-03cc-4fa9-81ba-8ac203cfac70,MED,General Medicine,845,1280
920b1f67-5138-4192-97ed-049a9352cedc,c6b2aafc-03cc-4fa9-81ba-8ac203cfac70,NEURO,Neurology,1057,470
acd64514-7083-453c-8425-14c876a79453,c6b2aafc-03cc-4fa9-81ba-8ac203cfac70,ONCO,Oncology,1515,251
516351ec-cdea-46d6-91cd-25ea53af04f2,c6b2aafc-03cc-4fa9-81ba-8ac203cfac70,OBG,Obstetrics & Gynaecology,1775,1572
11273447-0f7d-49f8-9bd9-6f9bea6e4094,c6b2aafc-03cc-4fa9-81ba-8ac203cfac70,ORTH,Orthopaedics,954,632
e76d78be-761e-4f1a-83fe-18c2971857ab,d4a1cb66-9da9-4f16-a5ff-19110e8bc369,ORTH,Orthopaedics,1788,1707
70349134-bdf5-4feb-a35a-34198069b886,d4a1cb66-9da9-4f16-a5ff-19110e8bc369,ONCO,Oncology,1665,1206
1b353f8f-c65d-4cd1-ac44-fb734873f3da,d4a1cb66-9da9-4f16-a5ff-19110e8bc369,CARD,Cardiology,1674,154
26cb2921-25bc-4401-8c7e-330a42df14e7,d4a1cb66-9da9-4f16-a5ff-19110e8bc369,BURNS,Burns & Plastic Surgery,1699,759
e9fd21ee-d440-4931-a55d-ed1b1f9b2e4b,d4a1cb66-9da9-4f16-a5ff-19110e8bc369,MED,General Medicine,72,1591
437ede95-bdcd-4559-814d-7bbd9835a260,181a5e6e-e580-4b50-913b-db2a8bb6042e,OBG,Obstetrics & Gynaecology,975,1227
aa6bc27e-0478-4c93-b6db-cd9cdc0930d9,181a5e6e-e580-4b50-913b-db2a8bb6042e,ORTH,Orthopaedics,755,1232
2bf11435-e04e-456d-b075-e24df49f7e05,181a5e6e-e580-4b50-913b-db2a8bb6042e,GS,General Surgery,257,1563
3e9c6f7a-8a8b-4a09-8b19-d7bed879a72d,cbcd707a-7433-4832-a55c-80fd25d1108f,OBG,Obstetrics & Gynaecology,415,845
0389776b-9794-4b2a-8ff8-a0c0d6a9f62d,cbcd707a-7433-4832-a55c-80fd25d1108f,ORTH,Orthopaedics,1016,734
91a7c040-c511-4a04-a58f-d2fb4d863900,cbcd707a-7433-4832-a55c-80fd25d1108f,MED,General Medicine,293,814
0c84ec1e-f1f7-453c-aedc-61168afa1d75,cbcd707a-7433-4832-a55c-80fd25d1108f,GS,General Surgery,439,1639
73470d80-401a-40be-8faf-76c9aa361890,cbcd707a-7433-4832-a55c-80fd25d1108f,ENT,ENT,1358,47
f0144b5a-d4fe-4382-aad8-750dbc4473de,cbcd707a-7433-4832-a55c-80fd25d1108f,PEDS,Paediatrics,1843,387
2a0e5126-3e29-452c-9552-eb1a8f0e3e35,229cad6b-6bc2-4cdb-bfeb-46db2e9d3c12,URO,Urology,606,1358
e485be6f-b8ea-4d20-9057-cf8851020223,229cad6b-6bc2-4cdb-bfeb-46db2e9d3c12,PEDS,Paediatrics,1373,359
f2631918-e274-4376-af82-a1e48d52a45c,229cad6b-6bc2-4cdb-bfeb-46db2e9d3c12,GS,General Surgery,473,722
4390e7d1-5870-4cd6-8340-fac532ef7410,5451b3cc-7f2b-4346-a2c6-f12a0c8c1d29,OBG,Obstetrics & Gynaecology,354,1355
85f19a7d-ca6a-4312-8ec7-efcbfec1a9c6,5451b3cc-7f2b-4346-a2c6-f12a0c8c1d29,ORTH,Orthopaedics,737,1585
77cbc7e5-3e04-4fc0-9810-afae945e60a6,5451b3cc-7f2b-4346-a2c6-f12a0c8c1d29,NEURO,Neurology,490,1417
cd805edf-3b76-4e55-9aeb-0722e29238ef,5451b3cc-7f2b-4346-a2c6-f12a0c8c1d29,GS,General Surgery,1629,107
69e4230f-e44d-4051-bfa6-6a319e657f37,93d20d4c-ed7f-49f5-9a1c-e76c05f7996a,PEDS,Paediatrics,370,149
c10326a0-c53a-48a5-9aab-0dddd2b77b59,93d20d4c-ed7f-49f5-9a1c-e76c05f7996a,ORTH,Orthopaedics,1838,1573
c5dd22ff-e9d9-4566-9be0-92613a42c386,93d20d4c-ed7f-49f5-9a1c-e76c05f7996a,URO,Urology,1212,192
59cb4429-8f21-49ed-a5c1-10c984eb9e7a,93d20d4c-ed7f-49f5-9a1c-e76c05f7996a,GS,General Surgery,1530,1362
97731ff5-45d8-4927-ab3e-a1502d88fc52,93d20d4c-ed7f-49f5-9a1c-e76c05f7996a,MED,General Medicine,1800,1226
3a39e267-16e3-4f06-86e3-a986e8c1dbcd,bd150a8c-94d6-426c-bcd5-c8ae6821be3d,ONCO,Oncology,1495,685
79d5f64f-a21b-4ed2-830a-09462a2ef28b,bd150a8c-94d6-426c-bcd5-c8ae6821be3d,ENT,ENT,1506,1665
5a863b6c-efcf-4d05-af9d-10e2eac2dd99,bd150a8c-94d6-426c-bcd5-c8ae6821be3d,ORTH,Orthopaedics,951,833
2a759fc6-1fcc-4397-9f92-035320cbb582,bd150a8c-94d6-426c-bcd5-c8ae6821be3d,OBG,Obstetrics & Gynaecology,1983,802
129ae3fe-afae-4660-91ac-bafec1eece15,187df607-c713-420e-9ce7-c3d01f3db274,GS,General Surgery,1039,331
b7d6cf55-9817-4c40-9336-aac536b93d3e,3bccff24-ff82-430d-a7b8-7f3b7501585c,ORTH,Orthopaedics,1042,340
c984f2f7-1d67-4168-9c33-b120e7b97ed2,3bccff24-ff82-430d-a7b8-7f3b7501585c,MED,General Medicine,909,610
c22861eb-d7af-44f3-af26-6858d96d205f,d1206565-bbf6-4ced-9d37-3a3f40a4f91d,GS,General Surgery,1673,702
63b88c05-dc75-440a-a56b-eb0142afeb8e,d1206565-bbf6-4ced-9d37-3a3f40a4f91d,MED,General Medicine,1833,1158
fc04404d-2a9a-4f29-8a00-8bc6c86fd4e4,d1206565-bbf6-4ced-9d37-3a3f40a4f91d,OPTH,Ophthalmology,997,1290
63359f37-a49c-4932-bcf4-7553cabb7296,d1206565-bbf6-4ced-9d37-3a3f40a4f91d,OBG,Obstetrics & Gynaecology,223,1516
d5fd2f13-ef88-409a-b2c9-126612aa7ab9,54747cb6-1cc7-4ffc-bcea-2801ae3d1c6d,MED,General Medicine,1936,1419
e22c8150-a2d4-4a71-a035-0e6c0f99ed2e,54747cb6-1cc7-4ffc-bcea-2801ae3d1c6d,GS,General Surgery,742,1514
f44ebef3-1345-40ce-9a58-d4117e47b70b,54747cb6-1cc7-4ffc-bcea-2801ae3d1c6d,OPTH,Ophthalmology,824,760
2986fbd2-de34-4acc-b76f-ab5f996af066,54747cb6-1cc7-4ffc-bcea-2801ae3d1c6d,ENT,ENT,89,671
1d027ad1-ac7a-4151-959b-507ec6d2e772,54747cb6-1cc7-4ffc-bcea-2801ae3d1c6d,OBG,Obstetrics & Gynaecology,1647,903
a1fdec55-e8ba-421c-ba58-cf9997a139e9,3d69bf68-ccd0-45a6-a140-7900c8b813b9,GS,General Surgery,774,582
053c5505-8cc1-4aaa-8398-f23bd368d22b,3d69bf68-ccd0-45a6-a140-7900c8b813b9,OBG,Obstetrics & Gynaecology,1016,634
d86158b9-0305-4860-b625-54ab1bfadf3d,3d69bf68-ccd0-45a6-a140-7900c8b813b9,ORTH,Orthopaedics,238,531
0eb9ddca-6141-4a37-a5b8-88ca099ec78a,3d69bf68-ccd0-45a6-a140-7900c8b813b9,OPTH,Ophthalmology,710,715
bfab45ae-d884-4e03-9807-309ef6e4f5a1,3d69bf68-ccd0-45a6-a140-7900c8b813b9,BURNS,Burns & Plastic Surgery,1876,1087
b4762ffe-8506-45ba-8a34-efef5ef6f0e0,b3960456-9c63-4f22-8565-50c8b69428ac,ENT,ENT,466,115
ade6e2b3-ec61-466a-b197-106b96a9d0f9,b3960456-9c63-4f22-8565-50c8b69428ac,ONCO,Oncology,857,539
8d093730-b714-4c60-8706-91dc126d4c82,b3960456-9c63-4f22-8565-50c8b69428ac,PEDS,Paediatrics,682,889
bc563703-bfd3-4b03-bfe7-e24b6a4f3ba7,b3960456-9c63-4f22-8565-50c8b69428ac,ORTH,Orthopaedics,1662,1729
ddd9e323-2fc9-465c-9108-7908e43baae7,b3960456-9c63-4f22-8565-50c8b69428ac,OPTH,Ophthalmology,1749,1285
03cf9c9d-8310-46c1-b437-5c95495f9529,b3960456-9c63-4f22-8565-50c8b69428ac,MED,General Medicine,1913,946
cc1e484c-329c-4a0a-9ed9-0e9b09c5fd9d,b3960456-9c63-4f22-8565-50c8b69428ac,GS,General Surgery,1971,834
534c2064-1c72-422d-94dd-e7ebea73c8d5,0484a5b1-b318-42e6-99da-774cb419269c,OBG,Obstetrics & Gynaecology,1684,345
95b414db-ca27-4fc7-9482-146d0c0e51d6,0484a5b1-b318-42e6-99da-774cb419269c,GS,General Surgery,398,205
f8001149-d767-4324-b9e0-8c1c31465c4c,4f91fae9-942a-4025-bbc0-0eaaf27cd4a8,URO,Urology,430,1227
83b320d5-8dcc-43d9-a1c7-ee3dbdb3de89,4f91fae9-942a-4025-bbc0-0eaaf27cd4a8,GS,General Surgery,422,192
19cf9ee9-d909-4f70-8346-f493ae7987fc,4f91fae9-942a-4025-bbc0-0eaaf27cd4a8,OBG,Obstetrics & Gynaecology,1340,997
55656c4b-4525-4134-9ca4-a62904a6273d,4f91fae9-942a-4025-bbc0-0eaaf27cd4a8,MED,General Medicine,554,1577
77a4875b-40ee-454a-8b02-653c4933fa1d,23a7f7dc-25a3-4300-8b49-9819b93a36d2,GS,General Surgery,52,1215
4252786a-37bf-46f9-b229-278ce9a35707,23a7f7dc-25a3-4300-8b49-9819b93a36d2,OBG,Obstetrics & Gynaecology,1680,164
b3a76e83-1a62-4524-be1f-cfb9e9d1597d,1a5f4d32-d4b3-43a9-afa4-f4e69c80e375,ORTH,Orthopaedics,719,191
22329cfd-45e6-4cd1-a905-6496c32e688b,1a5f4d32-d4b3-43a9-afa4-f4e69c80e375,OBG,Obstetrics & Gynaecology,141,759
f349490d-865c-4b05-a2a4-95f56c7ad29a,1a5f4d32-d4b3-43a9-afa4-f4e69c80e375,GS,General Surgery,455,591
d16e00b0-2689-448c-9417-f470d4f93ff5,83d7b479-72a0-4875-8dea-21791315c7b2,OBG,Obstetrics & Gynaecology,996,890
c53ece2a-0f89-4150-8cd4-b6510a0728d6,83d7b479-72a0-4875-8dea-21791315c7b2,ORTH,Orthopaedics,1976,568
9087bc54-423a-4f7a-b40e-2563bb26daff,83d7b479-72a0-4875-8dea-21791315c7b2,GS,General Surgery,857,825
3c462af3-d074-4006-a7dc-28291dbc05af,25799b84-b7f3-48c3-ba9b-7013d7659d7f,OBG,Obstetrics & Gynaecology,1364,558
a2096746-76db-4a50-948a-c652f253ea6a,25799b84-b7f3-48c3-ba9b-7013d7659d7f,ORTH,Orthopaedics,678,1355
888510ca-481c-4220-9cbb-b642102af5ac,25799b84-b7f3-48c3-ba9b-7013d7659d7f,MED,General Medicine,1567,273
e7025e0c-acee-4a78-8bc1-c17281019e6a,25799b84-b7f3-48c3-ba9b-7013d7659d7f,OPTH,Ophthalmology,1078,1254
c89b9de4-3377-4044-bcaf-d35bc3746fed,3be409f2-d45f-47c7-afef-1980af1813d9,URO,Urology,1381,575
f682c2f8-f9ab-46be-b79a-865d2fb102bd,3be409f2-d45f-47c7-afef-1980af1813d9,ORTH,Orthopaedics,1833,1769
7039093f-824a-4d58-9cca-c6b613df477e,3be409f2-d45f-47c7-afef-1980af1813d9,OBG,Obstetrics & Gynaecology,611,1037
9d8cc5d7-a373-4b88-85c5-0069e4f768d6,3be409f2-d45f-47c7-afef-1980af1813d9,CARD,Cardiology,654,1166
03721f8b-34ce-4495-8787-6a4f1a8ff761,3be409f2-d45f-47c7-afef-1980af1813d9,PEDS,Paediatrics,268,67
43214715-3c0b-48b3-8eae-3c220bc9da3f,3be409f2-d45f-47c7-afef-1980af1813d9,NEPHRO,Nephrology,850,1475
88507e97-aeda-454d-9e60-c4b8e9748f58,3be409f2-d45f-47c7-afef-1980af1813d9,GS,General Surgery,761,440
6f56186e-3067-4601-b63b-19d9069a6fd7,0a052797-9c5e-48ac-a914-ffde627d3be8,PEDS,Paediatrics,1695,256
3a9fa89d-f6eb-4c97-a40b-9f3b56ee3c96,0a052797-9c5e-48ac-a914-ffde627d3be8,URO,Urology,70,394
467f9322-b56a-483d-aaec-28d0442145d1,0a052797-9c5e-48ac-a914-ffde627d3be8,MED,General Medicine,615,405
3b5af8ad-a36b-4f8c-a9f2-bb82f07cb347,0a052797-9c5e-48ac-a914-ffde627d3be8,GS,General Surgery,870,836
edb3efda-a1ae-4f88-8c31-2d862d4a422d,d605dc79-4141-4d2a-af33-5fe1f87608b4,MED,General Medicine,1223,673
823cdbf8-38d5-4cec-89e5-789053ee0b59,d605dc79-4141-4d2a-af33-5fe1f87608b4,OBG,Obstetrics & Gynaecology,429,592
299561a8-87cc-4269-89e6-637ee5db6fb4,d605dc79-4141-4d2a-af33-5fe1f87608b4,GS,General Surgery,709,1696
a3e2f92f-6be7-4f5c-825b-2c07e3043f65,d605dc79-4141-4d2a-af33-5fe1f87608b4,ORTH,Orthopaedics,1743,1791
3dfa06af-1833-4c15-a420-39ba06163f69,d605dc79-4141-4d2a-af33-5fe1f87608b4,ONCO,Oncology,531,703
0e307eb3-36db-4e36-92af-3f4cda2b2baf,e0bfb9d3-454e-45e8-8433-855ca65814c6,OBG,Obstetrics & Gynaecology,833,792
fad6f367-460f-4556-a411-0c492ea429b9,e0bfb9d3-454e-45e8-8433-855ca65814c6,OPTH,Ophthalmology,1993,1133
8b5e64d7-201f-4661-b729-98924d1c785a,e0bfb9d3-454e-45e8-8433-855ca65814c6,PEDS,Paediatrics,679,265
2636d6c2-374a-4233-9ecc-d5bf7e79e430,51c29a49-2b12-4da2-a3c3-22ee900a9ed9,GS,General Surgery,1665,331
76d5c0b3-edf0-4bf2-bb21-6bf4b3d8ea8a,51c29a49-2b12-4da2-a3c3-22ee900a9ed9,NEPHRO,Nephrology,115,662
d46c76bf-75df-48b8-b1d2-bfaf3b53f661,51c29a49-2b12-4da2-a3c3-22ee900a9ed9,OBG,Obstetrics & Gynaecology,355,1766
53ee11f4-e0c6-43ca-964e-40ada4e1066f,8ad6e7c5-1134-4ca0-a5b6-d37ec3e89170,ENT,ENT,989,1459
86c52a9d-8695-45f2-b7c1-4338b1d2db90,8ad6e7c5-1134-4ca0-a5b6-d37ec3e89170,NEURO,Neurology,1123,160
0ca52f30-d055-4c88-bc61-553a90fe5548,8ad6e7c5-1134-4ca0-a5b6-d37ec3e89170,NEPHRO,Nephrology,829,477
3567e9e4-257a-4e8e-ad92-9996f7eeecb4,8ad6e7c5-1134-4ca0-a5b6-d37ec3e89170,URO,Urology,713,1778
f498728f-12be-49b8-bddd-991fe5e4e5c1,8ad6e7c5-1134-4ca0-a5b6-d37ec3e89170,GS,General Surgery,213,440
3befa17b-066e-482c-81bd-9591fc864084,20181e87-65d9-4517-94f7-4da4fde9a1dd,MED,General Medicine,720,1296
9ab3925f-bb57-419e-9b7b-bb3baed1eb36,20181e87-65d9-4517-94f7-4da4fde9a1dd,OBG,Obstetrics & Gynaecology,528,1444
a346b6a0-6e88-4862-87cd-2f9021cf28ff,20181e87-65d9-4517-94f7-4da4fde9a1dd,DERM,Dermatology,1985,1430
c219bf6e-bebf-4db3-8213-f43f8b20e011,20181e87-65d9-4517-94f7-4da4fde9a1dd,CARD,Cardiology,1565,1569
1afc4abb-7286-4263-bde8-8c36c7221353,20181e87-65d9-4517-94f7-4da4fde9a1dd,PEDS,Paediatrics,692,935
04ae751f-5a83-43c4-9298-bf4c0dcb828f,197ee658-3480-43ac-8a97-85d30f089490,OBG,Obstetrics & Gynaecology,1961,1277
0d99992f-bfb0-47d1-9e90-2a04ebc0948c,197ee658-3480-43ac-8a97-85d30f089490,MED,General Medicine,159,1377
dc6f03e2-4152-4f3a-90e0-18d3b8dfe760,197ee658-3480-43ac-8a97-85d30f089490,OPTH,Ophthalmology,571,337
12bb619a-2de6-462b-aa27-047479b01bf7,197ee658-3480-43ac-8a97-85d30f089490,GS,General Surgery,1893,944
fa089fb6-1b57-4857-b7de-c9c47f0b54d0,197ee658-3480-43ac-8a97-85d30f089490,CARD,Cardiology,751,202
53a48792-f726-46f5-af88-269eb8f43b9a,52affe87-361a-438a-8fc9-b836ff2f1b38,MED,General Medicine,346,1323
f3956c68-285e-44da-b82f-0c6ed1b8305e,52affe87-361a-438a-8fc9-b836ff2f1b38,GS,General Surgery,819,1590
92da99bd-9dc7-46b1-b6c0-a01f32c56cc1,52affe87-361a-438a-8fc9-b836ff2f1b38,ORTH,Orthopaedics,470,769
125b765b-8581-4ac4-b9ee-602dacf836fc,52affe87-361a-438a-8fc9-b836ff2f1b38,OPTH,Ophthalmology,620,261
029116fa-7618-4800-a0ef-6f5b9dd85655,1d42c146-7e60-4514-99de-a79dccd043b7,OBG,Obstetrics & Gynaecology,1443,1247
07ac20ea-8ee4-49fd-b18a-ffcddb3074da,1d42c146-7e60-4514-99de-a79dccd043b7,CARD,Cardiology,1759,1266
6f4d6d07-4ad9-4a49-95c1-5df2d341fb4a,1d42c146-7e60-4514-99de-a79dccd043b7,PEDS,Paediatrics,1485,758
d87eaf92-739b-46c1-9490-6ca613694a39,1d42c146-7e60-4514-99de-a79dccd043b7,URO,Urology,1639,139
640c6292-4922-4518-9aaf-bb289a340a6e,7c6b6b27-ca35-4d9a-a0e5-8ae998f279c7,ONCO,Oncology,1659,540
c6372cf3-1c34-433f-b3da-260c48412d27,7c6b6b27-ca35-4d9a-a0e5-8ae998f279c7,OBG,Obstetrics & Gynaecology,188,507
08079a3f-ce99-4119-9443-cea5dab06dd1,fdac01da-480c-4062-90cd-b13e007732d2,OBG,Obstetrics & Gynaecology,220,828
4fe50de1-ed99-48b1-8bcb-3612038d9169,fdac01da-480c-4062-90cd-b13e007732d2,GS,General Surgery,673,1130
46b116d7-9833-4ee0-915a-24ee8d204fff,46ccfaf5-4624-4410-94b8-264a16c2cdec,GS,General Surgery,1590,438
900d1069-ed4a-4569-9486-09b17e2dfb0f,46ccfaf5-4624-4410-94b8-264a16c2cdec,MED,General Medicine,851,1692
a5a18e84-302d-42fc-a9ab-8580edbfb6b6,46ccfaf5-4624-4410-94b8-264a16c2cdec,URO,Urology,195,1634
625d5f66-5779-4a90-85ec-bc97e537ecd3,46ccfaf5-4624-4410-94b8-264a16c2cdec,ORTH,Orthopaedics,1052,106
22a665d4-c114-4cb1-8d66-ecf0071e9fbb,db99333a-caca-4124-bc31-482ab7eb0505,GS,General Surgery,1646,1040
2d328733-4fba-4770-9eab-1ab8af706a83,db99333a-caca-4124-bc31-482ab7eb0505,OBG,Obstetrics & Gynaecology,1490,1110
214a5756-5848-4474-ab05-2c1f1786e710,db99333a-caca-4124-bc31-482ab7eb0505,ORTH,Orthopaedics,1664,428
78f5ef1e-45af-41b3-a584-81f4bc61cebc,7ec361eb-8edf-48e1-b1c2-d2beff453f59,OPTH,Ophthalmology,1593,1156
19067db4-d652-4bf4-be5e-2c81c8b22346,7ec361eb-8edf-48e1-b1c2-d2beff453f59,MED,General Medicine,941,381
f7d7087b-bf30-47f9-828a-b62f8217536e,7ec361eb-8edf-48e1-b1c2-d2beff453f59,NEURO,Neurology,1645,612
f8149dc2-c2e9-4e42-ac2d-d4c99f1709e8,7ec361eb-8edf-48e1-b1c2-d2beff453f59,URO,Urology,697,143
ee38c63d-e8c2-43bb-b4c1-e500ffc53b6e,7ec361eb-8edf-48e1-b1c2-d2beff453f59,OBG,Obstetrics & Gynaecology,1398,189
5ed7b770-e89a-46fe-9b97-ba2095a70b92,a230b71c-8e95-4cca-a609-066eaac129c0,GS,General Surgery,235,565
26401cab-4251-43ab-8697-97dcc37bd912,a230b71c-8e95-4cca-a609-066eaac129c0,MED,General Medicine,263,1482
f41c6799-0f4d-4a2f-b71c-6a479c589b7b,a230b71c-8e95-4cca-a609-066eaac129c0,ENT,ENT,1942,386
6a2a0d28-1ffd-4945-b5f7-db0906916260,a230b71c-8e95-4cca-a609-066eaac129c0,OPTH,Ophthalmology,121,1523
3ea51464-36c8-4150-b97e-270f0c75a1dd,f443afda-e2dd-42f3-b3ef-6b70ec530a99,URO,Urology,165,387
117c945d-00fb-4f64-8154-b2fc54dc4fae,f443afda-e2dd-42f3-b3ef-6b70ec530a99,MED,General Medicine,1622,337
e570e4f8-1c9e-45bb-8b7b-b38c5162a731,f443afda-e2dd-42f3-b3ef-6b70ec530a99,ONCO,Oncology,1478,863
ff36d551-4fab-4985-8179-fc073a855c02,f443afda-e2dd-42f3-b3ef-6b70ec530a99,OBG,Obstetrics & Gynaecology,544,556
71726d26-bca0-40c3-a344-5bbcf9626bcf,83115e24-f21e-45c0-8978-d571ef4a469d,MED,General Medicine,1930,701
d7b75e72-0712-4ad0-b908-b89bf4dff8aa,83115e24-f21e-45c0-8978-d571ef4a469d,BURNS,Burns & Plastic Surgery,1841,676
dd8e282e-ea88-4033-a251-7b6f15e155c8,c7848bca-d54e-479c-bea7-df47ec8d6f77,NEURO,Neurology,340,1301
756e3888-527b-485c-be85-05673465f4cc,c7848bca-d54e-479c-bea7-df47ec8d6f77,GS,General Surgery,1692,607
4bbcda11-1100-418e-83f4-b9892b919160,c7848bca-d54e-479c-bea7-df47ec8d6f77,PEDS,Paediatrics,1717,680
e6114068-615d-4d85-b621-59f9fc7addd9,c7848bca-d54e-479c-bea7-df47ec8d6f77,OBG,Obstetrics & Gynaecology,1793,325
12984f1f-3d1e-4867-b6d8-17d0b1e51797,d2451065-829d-40bd-b02e-3d863fa995ec,OBG,Obstetrics & Gynaecology,566,1468
842cb5ba-9b1a-49e1-a69e-c0e7cf05cf47,d2451065-829d-40bd-b02e-3d863fa995ec,OPTH,Ophthalmology,659,1701
d4487a8b-1e4b-4464-b082-f3f126fb5b85,d2451065-829d-40bd-b02e-3d863fa995ec,GS,General Surgery,161,1404
a9e4aaeb-8316-405e-a316-aa3bd7479f7b,d2451065-829d-40bd-b02e-3d863fa995ec,MED,General Medicine,605,177
b3cc3d3e-98de-43dd-af30-f840485894ad,96305c82-d8ab-45b7-9c62-a81bfa46c417,NEURO,Neurology,1041,1023
289da9e0-1716-4b28-b276-10b52a8cae21,96305c82-d8ab-45b7-9c62-a81bfa46c417,ORTH,Orthopaedics,653,935
59e120d8-1a31-4a45-9fc6-608a237d0a48,96305c82-d8ab-45b7-9c62-a81bfa46c417,GS,General Surgery,1581,657
18d39086-d867-46c7-9d04-1dac8b4d5aa8,ad116e44-2c61-4564-ace0-da6afa66b3ba,OBG,Obstetrics & Gynaecology,1565,1424
8bb1c2be-9467-476f-8553-a6612e8fff36,ad116e44-2c61-4564-ace0-da6afa66b3ba,GS,General Surgery,1700,1447
34f2e1a8-b7a6-4117-b77c-ec4ccfba4eb4,ad116e44-2c61-4564-ace0-da6afa66b3ba,CARD,Cardiology,147,1746
dd8746af-bc76-41fe-b671-9ec8b9dcf443,ad116e44-2c61-4564-ace0-da6afa66b3ba,ENT,ENT,1770,255
fd60b17f-57ca-40b2-baf2-a01216e3c1de,567a2f84-a405-43c3-b225-0f407faf4d9b,ONCO,Oncology,653,1086
1e6b90d0-e29a-4dcd-b55c-4095b72cf373,567a2f84-a405-43c3-b225-0f407faf4d9b,OPTH,Ophthalmology,52,1405
1230a36f-22cd-4b8a-ae86-57c98f36dadf,567a2f84-a405-43c3-b225-0f407faf4d9b,BURNS,Burns & Plastic Surgery,1286,483
f55b8742-a4c4-4699-b742-2862d9ab8d83,567a2f84-a405-43c3-b225-0f407faf4d9b,DERM,Dermatology,1295,70
398e8407-a884-4605-a199-2cdd70a840ac,10a9d67a-b10b-494a-9b94-1a3e8a21e629,OPTH,Ophthalmology,768,831
43662166-292a-47c7-9f98-a3014eebda83,10a9d67a-b10b-494a-9b94-1a3e8a21e629,OBG,Obstetrics & Gynaecology,353,1597
35de9fcf-4b39-4bf7-a925-3d5aeeb38083,10a9d67a-b10b-494a-9b94-1a3e8a21e629,DERM,Dermatology,1597,528
1ace2e56-2544-45ff-9159-bd9580e61027,10a9d67a-b10b-494a-9b94-1a3e8a21e629,URO,Urology,59,262
cae36091-05fc-4eb2-8fea-bc69c42c72c3,10a9d67a-b10b-494a-9b94-1a3e8a21e629,ORTH,Orthopaedics,1150,543
f3c99178-2ac5-4b61-9ad2-ca5c90a66794,10a9d67a-b10b-494a-9b94-1a3e8a21e629,PEDS,Paediatrics,1670,353
6beb1825-a9b1-4808-98c5-699b2744fc52,3e62dcc9-83fe-468f-b3b1-0662ba5b31f8,MED,General Medicine,812,1422
2cec14ca-e222-4972-8006-57c933358395,3e62dcc9-83fe-468f-b3b1-0662ba5b31f8,URO,Urology,1523,1433
cf72f630-cc3d-4224-a651-b3088e92970e,3e62dcc9-83fe-468f-b3b1-0662ba5b31f8,ORTH,Orthopaedics,684,461
a592bd4e-dfc0-4e9c-8c42-ac563e7cb890,b8690143-950f-4ee7-a5d8-4ee70f60e750,GS,General Surgery,1174,1664
a0825802-0653-4aa6-affb-cf5ff9986590,b8690143-950f-4ee7-a5d8-4ee70f60e750,ORTH,Orthopaedics,408,126
1d789266-243c-43b5-b8ee-84f5b60868fc,b8690143-950f-4ee7-a5d8-4ee70f60e750,OBG,Obstetrics & Gynaecology,1716,490
27fc9067-4299-478e-a316-12e872b9275b,a48e3033-8056-4595-b32b-6d6740402864,OPTH,Ophthalmology,1585,1247
92431eab-2631-48f2-8877-b0d31a0a97da,a48e3033-8056-4595-b32b-6d6740402864,GS,General Surgery,1706,1531
c0a668d9-a376-4e1f-966e-3c7643b9261f,a48e3033-8056-4595-b32b-6d6740402864,ENT,ENT,763,770
7bfac168-7d2f-4777-9aac-96fa774abfae,ef8c5d06-94f4-4ae4-a5a9-ce75a8d6bac6,OBG,Obstetrics & Gynaecology,1867,156
a3e3a257-8088-40b1-8720-3acf6a1081bc,ef8c5d06-94f4-4ae4-a5a9-ce75a8d6bac6,ORTH,Orthopaedics,1872,1403
a8a459dc-92da-45f4-8e6f-ee5a2f6963ad,ef8c5d06-94f4-4ae4-a5a9-ce75a8d6bac6,PEDS,Paediatrics,902,1147
2b4f81fa-dceb-4694-9256-2b629c410068,ef8c5d06-94f4-4ae4-a5a9-ce75a8d6bac6,NEURO,Neurology,1711,842
b093386c-eb46-47a4-9b48-49830b0b01bd,ef8c5d06-94f4-4ae4-a5a9-ce75a8d6bac6,GS,General Surgery,1493,288
438a8286-76f2-4286-b34e-7448b7a91ae3,ad536887-87c6-4a8f-a488-60e6dcf59bf2,DERM,Dermatology,1843,1389
87c59f78-9577-41d0-8a44-dc48736d24da,ad536887-87c6-4a8f-a488-60e6dcf59bf2,MED,General Medicine,905,531
e1c3590e-c985-4e94-be01-f1d66e6fea0f,c734e493-63c3-4ca2-92fc-a1815a246b47,OPTH,Ophthalmology,1566,408
472e7dcd-d005-4766-9537-289037703465,c734e493-63c3-4ca2-92fc-a1815a246b47,GS,General Surgery,1928,1005
9f4c94e4-d7fc-4d7d-864c-be38fe3a863f,c734e493-63c3-4ca2-92fc-a1815a246b47,NEURO,Neurology,206,1077
2431cb6d-5962-47cd-9eef-1c2c5c05b04a,de763910-8db1-4875-af20-19665c35714d,OBG,Obstetrics & Gynaecology,543,561
cdc47009-ef3b-49df-970b-5f0129e57564,de763910-8db1-4875-af20-19665c35714d,BURNS,Burns & Plastic Surgery,1319,1221
6372249d-67e5-470b-b1f1-a269b73ab8e4,de763910-8db1-4875-af20-19665c35714d,PEDS,Paediatrics,374,890
6737f1e4-e5e3-40d4-8d56-0d9e11b8938c,8a971fb0-fa85-4836-b3f5-9622ba8af71e,NEURO,Neurology,926,818
9cb046ca-988d-491f-a763-45b321b9fe72,8a971fb0-fa85-4836-b3f5-9622ba8af71e,MED,General Medicine,258,1645
43b5db20-3176-4d3b-91d7-e1741ab5d96b,8a971fb0-fa85-4836-b3f5-9622ba8af71e,OBG,Obstetrics & Gynaecology,1445,296
ed09d0d5-c460-42e5-af95-a8c4d0f02ccd,8a971fb0-fa85-4836-b3f5-9622ba8af71e,DERM,Dermatology,1457,1122
131636b1-bfe6-4d47-a452-8d375d4637b6,8a971fb0-fa85-4836-b3f5-9622ba8af71e,CARD,Cardiology,1243,301
49eb46eb-4612-424b-a5c3-826ba6c93649,9174ced4-f019-4246-8827-a065aa44eb01,ORTH,Orthopaedics,172,1081
a1caaf43-39aa-44b3-940d-3df76f6668fb,9174ced4-f019-4246-8827-a065aa44eb01,ENT,ENT,1669,264
a643892f-bf05-47cc-8410-f117486eebe9,9174ced4-f019-4246-8827-a065aa44eb01,OBG,Obstetrics & Gynaecology,660,117
9e6c5bf1-280e-4fcb-a06c-87cb654246a3,9174ced4-f019-4246-8827-a065aa44eb01,OPTH,Ophthalmology,1559,232
5779bafb-51d8-4511-ba7d-1d928e6043a4,7f6e29aa-913b-44e9-8b13-d2da50c8faa6,MED,General Medicine,1798,751
9929942c-7841-49e9-8bb2-1ff7cd1d3b4f,7f6e29aa-913b-44e9-8b13-d2da50c8faa6,ONCO,Oncology,831,483
7766fad9-3ee5-4982-b1a6-73ce5fa83a74,7f6e29aa-913b-44e9-8b13-d2da50c8faa6,OBG,Obstetrics & Gynaecology,768,791
3256cab7-04e4-4168-9fae-eaf9a1e03d0a,c038720e-e3e3-48a5-9cbf-445e2974968d,GS,General Surgery,1825,86
d1fe5723-ffb4-4bc2-95c7-2a348df9e765,c038720e-e3e3-48a5-9cbf-445e2974968d,OBG,Obstetrics & Gynaecology,997,358
f4ba445b-1d60-4595-be65-868699b9c0da,4ecaad2c-00a8-41f9-aefa-bfd837ff5171,CARD,Cardiology,425,1469
17646cc0-f596-4cd6-982a-d4574210a9fd,4ecaad2c-00a8-41f9-aefa-bfd837ff5171,MED,General Medicine,393,1008
6a5ae551-02f8-4b0c-98d5-cf71a0891df8,4ecaad2c-00a8-41f9-aefa-bfd837ff5171,DERM,Dermatology,1079,199
afb26b8e-0122-4cd1-95ac-0e4ccdb17e91,4ecaad2c-00a8-41f9-aefa-bfd837ff5171,OBG,Obstetrics & Gynaecology,957,1703
66753059-7fc8-4897-950e-6ab7ff9ec54e,4ecaad2c-00a8-41f9-aefa-bfd837ff5171,URO,Urology,939,1799
7bdd910e-a4e3-4779-a15d-cebccb50d333,73029354-bdeb-4153-bf97-41982cabaa29,ORTH,Orthopaedics,865,1090
31a7d048-fe43-4bdf-9e0e-34ab7b0c5c90,73029354-bdeb-4153-bf97-41982cabaa29,GS,General Surgery,1853,325
39ef65a3-8720-4a49-ad95-87367ef3d5bd,73029354-bdeb-4153-bf97-41982cabaa29,URO,Urology,1500,1624
d791ccad-eafd-4c55-bd8d-e5063ef11145,a1aa09e4-b67d-4082-8faa-b83940e779f8,ENT,ENT,144,722
017d06cf-0c8d-4887-a233-d302b9423c4a,a1aa09e4-b67d-4082-8faa-b83940e779f8,OBG,Obstetrics & Gynaecology,471,1032
8ee36e5d-6aee-4c61-9e4b-96fed71eb912,a1aa09e4-b67d-4082-8faa-b83940e779f8,GS,General Surgery,681,625
5c4dedee-55b2-4613-ac17-269644f0d8a2,a1aa09e4-b67d-4082-8faa-b83940e779f8,DERM,Dermatology,1900,819
7a958c51-0177-4818-9e46-309f168e9506,8ae6a2f3-be22-4775-b473-81f5c37133f1,OBG,Obstetrics & Gynaecology,1870,1604
03fc004b-3747-4c9d-9fa7-e8cb08b2800c,8ae6a2f3-be22-4775-b473-81f5c37133f1,ORTH,Orthopaedics,767,495
af8e052c-3d6a-4639-9922-e1a08e98318f,8ae6a2f3-be22-4775-b473-81f5c37133f1,OPTH,Ophthalmology,955,158
4447d7be-6d83-45b5-b92a-5f145eb4f5f6,8ae6a2f3-be22-4775-b473-81f5c37133f1,ENT,ENT,1473,647
a9acedfd-3420-4deb-98c5-adf2260fce50,797abff9-f90d-4ab6-b9d6-f9737b14ac1e,CARD,Cardiology,1552,573
df97a41f-5ca1-466a-834d-f28c7ddc7c5f,797abff9-f90d-4ab6-b9d6-f9737b14ac1e,ONCO,Oncology,1326,655
c2eb145c-58c8-4a19-b812-8df87a409612,797abff9-f90d-4ab6-b9d6-f9737b14ac1e,ENT,ENT,602,525
e2f037bc-487e-4e1b-a931-89bb7371b113,797abff9-f90d-4ab6-b9d6-f9737b14ac1e,MED,General Medicine,1352,1777
fb01b7b0-249f-47a1-9151-3f677ad3835b,7a917e17-ad91-49da-8aa0-3688c4992991,GS,General Surgery,761,1306
964e1b4e-47c9-4672-883c-a4ccbe7830cd,7a917e17-ad91-49da-8aa0-3688c4992991,NEURO,Neurology,644,940
5bce29b8-779e-43ef-a40d-40d289dbcb85,7a917e17-ad91-49da-8aa0-3688c4992991,MED,General Medicine,264,1581
a69b4302-2f5d-4bfc-bc53-fc38facb0364,7a917e17-ad91-49da-8aa0-3688c4992991,CARD,Cardiology,270,1421
6a236b02-d053-46b4-bf9e-e14ccef76bba,7a917e17-ad91-49da-8aa0-3688c4992991,ENT,ENT,480,324
5f963492-b2e8-4bd8-8735-470fadc6661f,7c354af0-50a7-4be2-b8dc-4888d6d30374,OBG,Obstetrics & Gynaecology,928,499
610ab092-c210-40ac-a54d-02ccbfa7e10b,7c354af0-50a7-4be2-b8dc-4888d6d30374,URO,Urology,695,533
b73272c4-b613-427e-a3da-62920d391bce,7c354af0-50a7-4be2-b8dc-4888d6d30374,OPTH,Ophthalmology,1198,426
84261017-6212-4590-a4d2-41c7dc920916,7c354af0-50a7-4be2-b8dc-4888d6d30374,ORTH,Orthopaedics,992,319
d693f802-e882-4aff-a8a5-bf493a1dea0a,3bce3988-243e-4ade-8f58-92ce3d1e3285,NEURO,Neurology,325,644
456ea193-e54f-46ca-a265-0dea0f003ac6,3bce3988-243e-4ade-8f58-92ce3d1e3285,MED,General Medicine,1356,52
6a150cc7-39c4-4a66-bcd4-1eae53406d67,3bce3988-243e-4ade-8f58-92ce3d1e3285,GS,General Surgery,1762,1365
5951fa0a-5803-4e12-9a3b-b9eda7a171b1,3bce3988-243e-4ade-8f58-92ce3d1e3285,OBG,Obstetrics & Gynaecology,221,245
3a2fd4d8-96d6-400b-a15a-a88f800043aa,3bce3988-243e-4ade-8f58-92ce3d1e3285,OPTH,Ophthalmology,454,369
dcbc2306-5af0-4145-a3ed-c55062baf21d,d4d95dd0-47d9-4ba9-a400-0ffe2332c143,ONCO,Oncology,1373,99
026efe7f-1f3f-4135-b795-24d5b5dabfc8,d4d95dd0-47d9-4ba9-a400-0ffe2332c143,OBG,Obstetrics & Gynaecology,1376,1016
f2a943d8-dc60-4ba9-b814-6639d74e79a3,d4d95dd0-47d9-4ba9-a400-0ffe2332c143,DERM,Dermatology,1628,809
8508a582-ffa6-4bd9-afa7-dc269f900596,d4d95dd0-47d9-4ba9-a400-0ffe2332c143,ORTH,Orthopaedics,1282,730
9797948c-be6d-46c5-af20-d9233bf2132d,d4d95dd0-47d9-4ba9-a400-0ffe2332c143,GS,General Surgery,1605,1273
0266acca-19a0-46d0-a0d4-6f1852632f1a,f17fae2a-5931-4ff9-ae7e-cfa624788501,GS,General Surgery,1919,123
e58d769a-9036-41b9-8e6e-1c6dc5f22674,f17fae2a-5931-4ff9-ae7e-cfa624788501,CARD,Cardiology,1479,1086
9853ca43-6d97-474b-85f8-1bc2205b4d48,f17fae2a-5931-4ff9-ae7e-cfa624788501,ONCO,Oncology,333,1710
84bab3fb-790a-4542-a857-79255ae0006b,f17fae2a-5931-4ff9-ae7e-cfa624788501,MED,General Medicine,1127,911
2824b19c-937b-4510-9b30-e62c57ff9841,f17fae2a-5931-4ff9-ae7e-cfa624788501,URO,Urology,1165,1480
113b08da-354e-498f-9101-bc10ffeb2e97,7c85c491-a6e2-48d1-bed6-83d569e7c4ec,CARD,Cardiology,1893,644
922b22de-882f-45d4-bf88-d188d34d1f45,7c85c491-a6e2-48d1-bed6-83d569e7c4ec,MED,General Medicine,437,1656
f1f48858-cd51-4e48-bfd7-812872e4717d,7c85c491-a6e2-48d1-bed6-83d569e7c4ec,ORTH,Orthopaedics,1407,504
d04c295d-b423-4c19-978f-3072e827cacd,7c85c491-a6e2-48d1-bed6-83d569e7c4ec,GS,General Surgery,179,454
65eb6b0e-41a1-4c1e-af18-464f3d9fffc4,b42f3d82-c77f-4b8e-a658-8d1cbadf10f2,URO,Urology,1903,766
676f2cd7-546c-4ad8-94cf-087c61a28d04,b42f3d82-c77f-4b8e-a658-8d1cbadf10f2,MED,General Medicine,1977,1158
755d58b6-c43f-4be3-b343-c7aeb6bb3e62,b42f3d82-c77f-4b8e-a658-8d1cbadf10f2,PEDS,Paediatrics,1589,646
63636794-80ff-49c2-8e18-19127ad1b4c5,b42f3d82-c77f-4b8e-a658-8d1cbadf10f2,OBG,Obstetrics & Gynaecology,1004,887
9d86e766-6be6-4f68-a48d-7defffafe1d9,8205c20a-c739-4130-940c-99739372b984,OPTH,Ophthalmology,1291,1558
5ad0e3cf-6124-4720-bd38-9a13fcb7283c,8205c20a-c739-4130-940c-99739372b984,URO,Urology,1628,190
6bf262e6-93cc-4403-9f64-f99baa517e7d,8205c20a-c739-4130-940c-99739372b984,GS,General Surgery,707,253
e24ac7d3-90c6-47fc-8604-74c329b4ea28,8205c20a-c739-4130-940c-99739372b984,OBG,Obstetrics & Gynaecology,1302,1156
7273f727-698b-468a-bcf1-4db073f15716,8205c20a-c739-4130-940c-99739372b984,ORTH,Orthopaedics,412,1064
55afe82c-0060-42f0-8c8b-e95006517483,174bfd7b-dc54-4970-bcbc-bee4aedffc05,GS,General Surgery,1320,698
51d3d961-d730-4c0a-9b2b-d87c9c899779,174bfd7b-dc54-4970-bcbc-bee4aedffc05,ORTH,Orthopaedics,1195,900
fbe61c8e-b681-4194-85ce-ef3985b1e1aa,174bfd7b-dc54-4970-bcbc-bee4aedffc05,MED,General Medicine,262,529
d4e4ce34-f9ab-4b75-9b72-17d02b5ced70,d640cf60-5ba6-4230-bb61-c8deebdb6377,MED,General Medicine,1760,314
b3e559a7-c022-42b0-a930-c8f6015c3ba4,d640cf60-5ba6-4230-bb61-c8deebdb6377,ORTH,Orthopaedics,532,1195
fe8dcf31-9721-49ed-91f5-89d668f1434e,d640cf60-5ba6-4230-bb61-c8deebdb6377,DERM,Dermatology,354,1118
fc12a183-d64a-48ed-a78d-f6bb79bcfc84,d640cf60-5ba6-4230-bb61-c8deebdb6377,OBG,Obstetrics & Gynaecology,1005,1529
15500187-a260-4149-b041-bcc169d4f419,d640cf60-5ba6-4230-bb61-c8deebdb6377,CARD,Cardiology,1141,860
08cfb0df-5841-48d5-8f09-edf3223898e1,d640cf60-5ba6-4230-bb61-c8deebdb6377,ONCO,Oncology,1221,720
6d515af6-69d0-4713-af32-90e4345bd267,50cc0f58-7482-4a76-a1da-c7ced84088d2,OBG,Obstetrics & Gynaecology,966,1712
d4b4b848-3b5c-4f70-95cd-9bdf0cf16bb3,50cc0f58-7482-4a76-a1da-c7ced84088d2,MED,General Medicine,893,1581
27607fe9-c551-4066-9750-8aecebadfc60,50cc0f58-7482-4a76-a1da-c7ced84088d2,ORTH,Orthopaedics,1592,457
33a22e77-e0dd-48f6-ad85-173f4cacbcfe,50cc0f58-7482-4a76-a1da-c7ced84088d2,BURNS,Burns & Plastic Surgery,1676,916
14b5db36-ebc3-44a4-a537-3a4f71df23d7,7a8bc033-3325-4dd6-806c-1bfc49e276e0,BURNS,Burns & Plastic Surgery,1723,1180
b23db27a-b0d1-4ce0-8e82-7d2d5fb78afd,7a8bc033-3325-4dd6-806c-1bfc49e276e0,GS,General Surgery,1367,1019
b0160cb5-c64a-46b2-badb-e6abdffbe6ce,7a8bc033-3325-4dd6-806c-1bfc49e276e0,OBG,Obstetrics & Gynaecology,136,1360
0b855081-e6d3-4746-bcfa-d4cb0034b2f8,7a8bc033-3325-4dd6-806c-1bfc49e276e0,ONCO,Oncology,1416,1614
f2816af4-f4ad-471e-9bcd-b48aa7087bcc,7a8bc033-3325-4dd6-806c-1bfc49e276e0,NEURO,Neurology,1007,43
c25e4890-fc1d-46a4-badc-31cce24df0b4,1cd05726-e3c2-4312-af30-0cf760a021ca,GS,General Surgery,405,1635
b9fd1e52-a66a-4ff0-aa74-8ba54944f6a7,1cd05726-e3c2-4312-af30-0cf760a021ca,ORTH,Orthopaedics,58,133
0e72dcef-1420-4cae-b4b7-392fbe378795,1cd05726-e3c2-4312-af30-0cf760a021ca,OPTH,Ophthalmology,905,588
a106e246-06a9-4dd6-af03-0d943c180f22,b71f78c9-b54c-438c-b9a0-f45c943d6101,OBG,Obstetrics & Gynaecology,893,1030
ec010782-238f-4a4d-be59-bf6c25ca2a5f,fcd30e45-1d96-4c5e-b614-657bd7d67c80,PSYCH,Psychiatry,1167,985
a98953b1-c72f-46dc-9f9c-47ee7ce3b65c,fcd30e45-1d96-4c5e-b614-657bd7d67c80,CARD,Cardiology,1390,1661
d8efa89c-a425-4dbf-8fca-ba779d397179,fcd30e45-1d96-4c5e-b614-657bd7d67c80,ONCO,Oncology,321,1186
853cf7bf-dcd6-4a08-b5f5-eb3a402c5873,fcd30e45-1d96-4c5e-b614-657bd7d67c80,MED,General Medicine,814,562
8ca398e2-9333-4642-a01c-37255e6ecdf2,fcd30e45-1d96-4c5e-b614-657bd7d67c80,NEURO,Neurology,1904,336
789f79f3-41f9-45f2-b6d8-c279cf22578a,66155c71-af84-45d5-8ea6-b73003e0abf3,NEURO,Neurology,1575,1737
feb11faa-484a-403d-bf3a-1e948f088ed8,66155c71-af84-45d5-8ea6-b73003e0abf3,GS,General Surgery,1133,397
d66e77bb-b758-4f9a-84eb-a1dc570e46c4,66155c71-af84-45d5-8ea6-b73003e0abf3,CARD,Cardiology,430,1581
2703fc6c-7cdf-4213-9486-785b5de57280,bd2ee2be-fb07-45fb-bd79-d20378c11117,ORTH,Orthopaedics,1908,1094
b22d446b-de48-4065-ab0b-0e0ab5984af7,bd2ee2be-fb07-45fb-bd79-d20378c11117,OBG,Obstetrics & Gynaecology,1750,1385
c0b3d521-e3d5-476b-905c-dab21a911d3a,1cc6597e-1ba8-4ce3-9eff-d60c34bca131,GS,General Surgery,611,1343
1a797c10-7a4a-4150-90f1-dc6c4a62ee48,1cc6597e-1ba8-4ce3-9eff-d60c34bca131,CARD,Cardiology,87,1575
251e2674-b002-4270-88c0-9f74284f2596,1cc6597e-1ba8-4ce3-9eff-d60c34bca131,MED,General Medicine,1311,1143
cab2d848-d0a7-43d4-a860-8338d16feb97,1cc6597e-1ba8-4ce3-9eff-d60c34bca131,DERM,Dermatology,816,681
de2573fa-1924-4e49-a906-aafe77726f82,1cc6597e-1ba8-4ce3-9eff-d60c34bca131,ORTH,Orthopaedics,1694,1592
abce2857-caee-4cc2-99c2-77d8c11c021b,ff474499-b2db-44f9-9d8b-a0f27e956680,ENT,ENT,404,1725
2353dd9a-fa69-4bc9-a1e3-17b36e38bba7,ff474499-b2db-44f9-9d8b-a0f27e956680,OBG,Obstetrics & Gynaecology,98,1563
dfa5ae3d-3e6b-4173-9027-e7c90ae6c435,ff474499-b2db-44f9-9d8b-a0f27e956680,URO,Urology,1909,217
b64922f1-4dd9-410d-8512-ccbb0d268954,ff474499-b2db-44f9-9d8b-a0f27e956680,OPTH,Ophthalmology,1041,973
d1c044fc-187c-425a-9ea0-76753082ce0a,ff474499-b2db-44f9-9d8b-a0f27e956680,CARD,Cardiology,1240,1187
f53d5a4a-ed36-491b-ab81-14e8152bc391,4ae42283-66a2-4f6d-a8c4-8d9859d08b81,URO,Urology,1616,969
91bfe236-7d2b-4069-aeed-e909d3c8a8ec,4ae42283-66a2-4f6d-a8c4-8d9859d08b81,GS,General Surgery,607,1725
6a35b742-da8e-4ee6-92dd-1330a57d6305,4ae42283-66a2-4f6d-a8c4-8d9859d08b81,OBG,Obstetrics & Gynaecology,1318,1684
a84bfcbb-9010-440b-a9aa-d17129629a27,4ae42283-66a2-4f6d-a8c4-8d9859d08b81,BURNS,Burns & Plastic Surgery,1840,1290
f98feb5d-ddbd-435d-948c-c8ae1441571e,4ae42283-66a2-4f6d-a8c4-8d9859d08b81,MED,General Medicine,1691,887
907d4054-920c-435b-a7ad-8c11038c300e,f892830e-8560-4f93-8818-caf6dd5b284b,ORTH,Orthopaedics,1062,1403
7084568d-64f5-4b61-962c-75198c7cd05b,f892830e-8560-4f93-8818-caf6dd5b284b,ONCO,Oncology,1081,402
bc8edc3d-c3b3-43e1-b7b1-ab5c6677e888,f892830e-8560-4f93-8818-caf6dd5b284b,URO,Urology,1771,583
5fa496c0-bfd4-4db6-9af4-ab3a30afb3dd,f892830e-8560-4f93-8818-caf6dd5b284b,OBG,Obstetrics & Gynaecology,569,227
262f1d4b-e5ce-4408-9fd2-c8ece85d4a25,f892830e-8560-4f93-8818-caf6dd5b284b,CARD,Cardiology,862,281
4460f974-52f9-4390-b659-d7e44a45c154,97dcb20d-4eb6-47b6-93c4-8a4a779e0045,DERM,Dermatology,1598,296
ad945f96-2653-44db-9361-df27f4b8ab35,97dcb20d-4eb6-47b6-93c4-8a4a779e0045,ENT,ENT,80,1659
d5287326-151f-480d-9327-ae13144c7261,97dcb20d-4eb6-47b6-93c4-8a4a779e0045,OPTH,Ophthalmology,1968,1083
9eed374c-7401-4faa-b47c-c12c7f80fb71,97dcb20d-4eb6-47b6-93c4-8a4a779e0045,ONCO,Oncology,841,1762
d5c9c7c8-4228-4f89-824d-80c987e834f7,758e531b-0cc1-4015-aaf2-0bb889c7a16d,GS,General Surgery,1264,1252
b1e62bf6-aba6-4379-bf10-384b67a1abd7,758e531b-0cc1-4015-aaf2-0bb889c7a16d,OBG,Obstetrics & Gynaecology,106,386
9b06729e-cf20-4b1c-b0dc-68a56f021af4,758e531b-0cc1-4015-aaf2-0bb889c7a16d,MED,General Medicine,344,962
0f25d2a0-a68c-4c14-9883-214eb18fdf31,4c51929c-ecbc-4d9b-98a2-f85f2f88e7ea,OBG,Obstetrics & Gynaecology,929,1670
ca983bcb-2b9c-4642-a831-18bff8dc0859,4c51929c-ecbc-4d9b-98a2-f85f2f88e7ea,CARD,Cardiology,1698,822
3d230006-9f2c-4cba-8c3e-ca96daf11977,4c51929c-ecbc-4d9b-98a2-f85f2f88e7ea,OPTH,Ophthalmology,589,400
c933377a-8507-4134-a838-e482285f819e,4c51929c-ecbc-4d9b-98a2-f85f2f88e7ea,ORTH,Orthopaedics,673,537
2627fcff-4cc7-457e-8723-2f3967fd9794,7db8e352-3f79-4326-9bbd-942c6ae3210e,PEDS,Paediatrics,302,1433
87bbeb13-2c93-44dc-8cac-46fb5869e9fe,7db8e352-3f79-4326-9bbd-942c6ae3210e,OBG,Obstetrics & Gynaecology,418,933
a9d97162-da86-422b-9ef4-c1bef7083a80,7db8e352-3f79-4326-9bbd-942c6ae3210e,ORTH,Orthopaedics,362,813
69d2a019-41e1-410d-accd-76d7a2c5e747,7db8e352-3f79-4326-9bbd-942c6ae3210e,ONCO,Oncology,307,1092
d5d645fd-217c-478f-806e-47d62b382db2,8d104833-7669-4afb-adb6-cbdb1c33700d,URO,Urology,945,1657
83a989a4-a63c-43a6-8b10-9dbe47440411,8d104833-7669-4afb-adb6-cbdb1c33700d,MED,General Medicine,1814,925
21ede212-119e-407c-ab56-53cafc1cc108,692657c3-3813-422c-bb78-b387a75b029b,MED,General Medicine,1043,332
e73d001c-a0e0-465e-a234-a08759649d74,692657c3-3813-422c-bb78-b387a75b029b,DERM,Dermatology,1499,759
1666f133-2ea5-4a66-bbc7-d21715b28ccd,692657c3-3813-422c-bb78-b387a75b029b,ORTH,Orthopaedics,1763,54
0862c8a0-1290-4614-aa1b-77376a0ee64b,e1d4116b-e654-48fa-b52e-b09f62dc0e81,PEDS,Paediatrics,1406,1797
0b4c78c7-a0c3-4c6a-9f39-8f7be83033b6,e1d4116b-e654-48fa-b52e-b09f62dc0e81,MED,General Medicine,780,115
85b16d9f-58b0-46fc-8024-357e35f11ee8,e1d4116b-e654-48fa-b52e-b09f62dc0e81,URO,Urology,1853,1296
c0de68df-1817-44a5-84b8-2c532f92c798,e1d4116b-e654-48fa-b52e-b09f62dc0e81,OBG,Obstetrics & Gynaecology,329,1742
80e9c074-126e-48ec-9027-77cf21c543d6,e1d4116b-e654-48fa-b52e-b09f62dc0e81,NEURO,Neurology,1157,239
34034337-6ed2-4ae7-819c-607610df2efd,e1d4116b-e654-48fa-b52e-b09f62dc0e81,ORTH,Orthopaedics,225,1176
5626cbc8-a7c0-41c0-85b5-1aaff01b6bec,ccbff8d8-f02d-426d-a04e-afd0603f7dfc,CARD,Cardiology,1654,591
08245519-7648-4275-8fac-afd2bcf4c208,ccbff8d8-f02d-426d-a04e-afd0603f7dfc,ONCO,Oncology,1185,729
c1ecb0ce-72ff-4b63-9ff5-c8f2d172932c,80effd9c-cf91-4862-8951-24df3b811a6d,GS,General Surgery,772,304
fa51fc43-e357-4325-ad4e-ddc951b879ce,80effd9c-cf91-4862-8951-24df3b811a6d,OBG,Obstetrics & Gynaecology,1337,1001
3e8eadf2-746f-4125-b1ec-eab2d3392589,80effd9c-cf91-4862-8951-24df3b811a6d,PEDS,Paediatrics,1167,383
3040b6bd-f610-45cf-b875-f2cc979baa87,80effd9c-cf91-4862-8951-24df3b811a6d,NEPHRO,Nephrology,1280,1637
95612bb6-adaa-494e-b64a-fbc030b453f2,9d17a940-6381-4800-aeb5-06b692d8cfc4,OBG,Obstetrics & Gynaecology,1758,967
12594e96-318c-4ff4-ac6c-67619b9b7c47,9d17a940-6381-4800-aeb5-06b692d8cfc4,GS,General Surgery,1903,1407
d16af186-868a-46d2-90d9-75a7b11cb68c,9d17a940-6381-4800-aeb5-06b692d8cfc4,CARD,Cardiology,518,1442
8ffc4c7a-7bee-4d7f-a519-05c1b11c13ea,9d17a940-6381-4800-aeb5-06b692d8cfc4,DERM,Dermatology,785,1679
fe5a6f2f-c5a1-4a83-96fb-fb7fd6d970c9,778f9df5-9d72-4e82-a40e-e8a6175ce696,OBG,Obstetrics & Gynaecology,874,460
aeabecc5-14fc-433a-88fb-91ce1180e5f1,778f9df5-9d72-4e82-a40e-e8a6175ce696,NEURO,Neurology,1764,1786
962df839-5550-4b2d-a121-82cba2364901,841f2477-39c6-4da5-9c5b-351c6e8b3328,ONCO,Oncology,1546,994
d966f350-7c18-4bdc-8119-0828273137de,841f2477-39c6-4da5-9c5b-351c6e8b3328,ORTH,Orthopaedics,177,910
96843274-8bda-448f-a698-b194bcbef0c1,841f2477-39c6-4da5-9c5b-351c6e8b3328,MED,General Medicine,191,1206
38328f33-90f0-4d81-9221-4362f2b6c1ed,841f2477-39c6-4da5-9c5b-351c6e8b3328,PEDS,Paediatrics,1793,1253
2a7be8af-e133-49ba-a0af-6eccc12468cc,06c42dfc-acb0-4df4-9dcf-1636649e604c,OBG,Obstetrics & Gynaecology,1457,1090
c90b429a-7bba-43e7-83ea-be242f6f132a,06c42dfc-acb0-4df4-9dcf-1636649e604c,OPTH,Ophthalmology,366,1322
5ec3aa71-dcc6-447e-8472-a17faeeaf92f,06c42dfc-acb0-4df4-9dcf-1636649e604c,GS,General Surgery,1473,1428
68f9ce64-96cf-442d-9f13-503cd7d1d419,8a08772e-88df-4961-bee3-259ec79e1670,ORTH,Orthopaedics,896,240
e8df299f-cd06-4b60-a698-69dad4317be4,8a08772e-88df-4961-bee3-259ec79e1670,PEDS,Paediatrics,1960,1038
57ac3844-cdb7-4f27-a082-773cbcc88c8c,8a08772e-88df-4961-bee3-259ec79e1670,GS,General Surgery,1824,1717
4348c8a1-d623-4cb9-a81a-8e2811e78905,8a08772e-88df-4961-bee3-259ec79e1670,URO,Urology,1655,1616
63609a9f-8075-4951-861f-46bb57457e23,8a08772e-88df-4961-bee3-259ec79e1670,MED,General Medicine,1857,320
0b619090-e0d4-467b-a323-0d0203399dfb,00022a0c-c67a-4d66-a9d6-dab6cb850efd,ORTH,Orthopaedics,462,551
987f8a62-5b6a-4fb8-81e7-1ce5cf7332a0,00022a0c-c67a-4d66-a9d6-dab6cb850efd,CARD,Cardiology,1176,729
bb44404d-5abe-45ff-b7c4-a1f8ad368cb5,00022a0c-c67a-4d66-a9d6-dab6cb850efd,NEURO,Neurology,613,518
f371abfe-49f6-4015-9a0b-d989ff707f14,00022a0c-c67a-4d66-a9d6-dab6cb850efd,OBG,Obstetrics & Gynaecology,1254,1434
f4bacf47-08e8-4b3e-b7b4-b37568fbd823,00022a0c-c67a-4d66-a9d6-dab6cb850efd,GS,General Surgery,550,1052
8d6093fa-50b5-417c-89dd-51c5fe964a35,00022a0c-c67a-4d66-a9d6-dab6cb850efd,OPTH,Ophthalmology,1265,1032
82aebcf6-c426-4f7e-8322-ed254a9cefe4,00582642-333b-45ec-9c60-e5b3aebe0577,OBG,Obstetrics & Gynaecology,1276,686
21601a3b-a819-44e2-813e-90b6aa0e7474,00582642-333b-45ec-9c60-e5b3aebe0577,CARD,Cardiology,370,1525
fa6367d4-c808-45b4-abd2-95fff903470f,00582642-333b-45ec-9c60-e5b3aebe0577,OPTH,Ophthalmology,999,1310
e8b26540-a074-4433-b06a-03780673767c,00582642-333b-45ec-9c60-e5b3aebe0577,URO,Urology,1057,2206
b26b8879-cc2f-4b28-b49e-f0e22a616e67,00582642-333b-45ec-9c60-e5b3aebe0577,ENT,ENT,1100,959
b6b7cc38-3bbc-4749-b0e6-0aecfcd6d316,00a2b373-6548-4d02-a5a3-51401b07edbf,MED,General Medicine,1178,1475
ed6218f3-ac9a-4f89-b32d-96cd6d420424,00a2b373-6548-4d02-a5a3-51401b07edbf,ENT,ENT,1119,1460
cb256e50-810f-4642-b897-f334f246e539,00a2b373-6548-4d02-a5a3-51401b07edbf,GS,General Surgery,1344,519
8c6048f3-f90c-4546-854a-5d299d0bca64,00a2b373-6548-4d02-a5a3-51401b07edbf,ONCO,Oncology,1779,1120
99465f26-c36b-468f-ae9b-04a8839b5c68,00f8442d-86d0-4541-9c00-058a2358230e,MED,General Medicine,1682,1271
8351116a-2b27-4f35-8eb9-b247052ae213,00f8442d-86d0-4541-9c00-058a2358230e,GS,General Surgery,798,1890
58344740-bf92-4155-9fe4-6e756e8af83e,00f8442d-86d0-4541-9c00-058a2358230e,CARD,Cardiology,1163,651
96828b97-2950-4a9e-babc-f52e4414a957,00f8442d-86d0-4541-9c00-058a2358230e,OBG,Obstetrics & Gynaecology,168,1696
f08c893f-a3c7-4d75-b1e6-d62315468b77,00f8442d-86d0-4541-9c00-058a2358230e,OPTH,Ophthalmology,1049,636
128c5b3a-a125-4886-99a6-c1edbcf2fd8b,00f8442d-86d0-4541-9c00-058a2358230e,PEDS,Paediatrics,1462,807
f4cc6f57-88a1-43c5-94a3-cc7482db06b7,00f8442d-86d0-4541-9c00-058a2358230e,ENT,ENT,905,1414
16d2484b-aa88-4482-9524-ca0f2c393c23,01b1ac9a-b279-4287-b7c9-672a9f739faf,ORTH,Orthopaedics,2410,1183
2abbaeaa-ef8d-4477-a1e4-abc30298fe74,01b1ac9a-b279-4287-b7c9-672a9f739faf,CARD,Cardiology,765,730
a8856234-2b8d-4576-995b-610e5bd7eb82,01b1ac9a-b279-4287-b7c9-672a9f739faf,URO,Urology,498,2433
7cc967ff-b9f8-46d2-9e1b-65027e193a1d,01b1ac9a-b279-4287-b7c9-672a9f739faf,ENT,ENT,1414,670
586946d4-7834-4df5-8559-426ad777bf6f,01ebee83-e189-4691-bab6-13f4932e3007,CARD,Cardiology,389,1213
3cdbcf0d-980c-4ca0-88da-12dbfd43dbdd,01ebee83-e189-4691-bab6-13f4932e3007,ONCO,Oncology,1129,1005
b88887a6-f455-4c60-8524-225bf6d4796c,01ebee83-e189-4691-bab6-13f4932e3007,ORTH,Orthopaedics,1137,1053
ffd9db64-3325-46bd-a7c1-2eb047c1ef99,01ebee83-e189-4691-bab6-13f4932e3007,ENT,ENT,1097,1736
973fc8d5-5c17-48b9-b07b-d35cc9ecb2c3,01ebee83-e189-4691-bab6-13f4932e3007,MED,General Medicine,160,1824
377636e4-6551-4e76-a9ee-eb081d60b78c,0227878f-5464-45cb-b9da-c87fb703e134,CARD,Cardiology,2075,1268
4c6ff308-6bca-477d-8710-90fd517086f0,0227878f-5464-45cb-b9da-c87fb703e134,PEDS,Paediatrics,529,1274
bc66cdc5-19af-416b-b3ce-569ac6ab7687,0227878f-5464-45cb-b9da-c87fb703e134,GS,General Surgery,479,484
7fcc7450-00c8-4e2e-83f0-a71f33163732,0227878f-5464-45cb-b9da-c87fb703e134,URO,Urology,1433,1043
6e6ca124-69a8-4368-b668-38ae3fe1b305,0227878f-5464-45cb-b9da-c87fb703e134,MED,General Medicine,1623,484
498400e1-67b5-4fb7-886c-15d2d9e28e1a,0306bb9f-3644-4d8b-ab42-d532c54439c3,OPTH,Ophthalmology,878,840
a2f8105d-d81d-420b-a7de-1dd9bb4bf50c,0306bb9f-3644-4d8b-ab42-d532c54439c3,ORTH,Orthopaedics,50,541
d2d94d57-fd7a-472d-9a5f-f5f450627bbe,0306bb9f-3644-4d8b-ab42-d532c54439c3,URO,Urology,1746,99
cf364961-1b91-468b-a9cd-458d6de68158,0306bb9f-3644-4d8b-ab42-d532c54439c3,CARD,Cardiology,417,1262
b9380831-19ab-4e00-b994-8a312fafd3f3,0306bb9f-3644-4d8b-ab42-d532c54439c3,GS,General Surgery,1526,771
b9d5b5ac-98b8-45ff-81be-dc3886209970,0306bb9f-3644-4d8b-ab42-d532c54439c3,NEURO,Neurology,1273,91
8509e32a-54bc-4452-a12f-d9fe0e59758a,0309f1cb-d6cd-472f-ba10-6903794d92f9,OBG,Obstetrics & Gynaecology,734,1028
6116b080-685c-467d-866e-78e3be2a4436,0309f1cb-d6cd-472f-ba10-6903794d92f9,CARD,Cardiology,1277,855
1f994844-97a5-4375-96c7-3ed60f43eb96,0309f1cb-d6cd-472f-ba10-6903794d92f9,GS,General Surgery,1314,1659
883406f9-b74f-4d7d-ba34-ec3dcd035966,0309f1cb-d6cd-472f-ba10-6903794d92f9,OPTH,Ophthalmology,50,1341
966857b7-d1d9-4723-96b0-797b6d7d7d2c,0309f1cb-d6cd-472f-ba10-6903794d92f9,NEURO,Neurology,138,940
acf1df01-a5b8-4540-9d4c-8079c0fa1f0b,0353a6ab-598c-402b-81d1-9e1ed9e9698c,OPTH,Ophthalmology,1870,755
a2c91b9e-3c11-40c8-b852-60bd52e190d1,0353a6ab-598c-402b-81d1-9e1ed9e9698c,MED,General Medicine,1747,909
b290fba0-a53c-42db-b437-1ddc7f56df42,0353a6ab-598c-402b-81d1-9e1ed9e9698c,URO,Urology,337,1034
8d2a7fba-18a1-434b-8320-97a74c5ce6c3,0353a6ab-598c-402b-81d1-9e1ed9e9698c,ORTH,Orthopaedics,834,1268
61965aad-92a7-4c1e-8fab-d6ea38d6f9ce,0353a6ab-598c-402b-81d1-9e1ed9e9698c,ENT,ENT,782,1580
bf65706c-93e0-434a-a372-3f9678b9fdf9,0353a6ab-598c-402b-81d1-9e1ed9e9698c,NEURO,Neurology,50,1094
8f45ebce-072e-44f0-a931-f4b07e9c0ff7,03980638-e27c-4ced-8df0-ecfead3b8496,CARD,Cardiology,1394,296
6a3583dd-ae94-43b6-9a38-89230f1ff57b,03980638-e27c-4ced-8df0-ecfead3b8496,MED,General Medicine,800,929
ed69ae02-2a20-4435-b07c-0ca25bad3062,03980638-e27c-4ced-8df0-ecfead3b8496,OPTH,Ophthalmology,426,836
438387ff-0027-47c7-b19d-ce8a04ba99e1,03980638-e27c-4ced-8df0-ecfead3b8496,NEURO,Neurology,1603,1915
28367a34-bde7-4e64-9328-62d039dd4f82,03980638-e27c-4ced-8df0-ecfead3b8496,ORTH,Orthopaedics,1293,40
58656686-f400-4637-aec5-f05872ca286b,03be9c3b-f7fd-436a-9425-c2bde0dbbb71,CARD,Cardiology,1760,1653
79b6d242-15ba-4c73-af5f-7af657af70a8,03be9c3b-f7fd-436a-9425-c2bde0dbbb71,GS,General Surgery,823,673
1b85d790-5701-4f13-9efe-71037f79a210,03be9c3b-f7fd-436a-9425-c2bde0dbbb71,ENT,ENT,823,621
7935a5f1-741f-47df-91a3-b950d5149d85,03be9c3b-f7fd-436a-9425-c2bde0dbbb71,ONCO,Oncology,408,1107
efab01a8-9917-4f33-96fa-f2134b7d4d3a,03be9c3b-f7fd-436a-9425-c2bde0dbbb71,ORTH,Orthopaedics,786,576
a1b33fda-bdae-4210-8634-e83db95fb84e,03be9c3b-f7fd-436a-9425-c2bde0dbbb71,PEDS,Paediatrics,752,987
88cc15bb-3b7a-48f8-bd02-4a456b3a585d,040546bf-1b6c-43a3-b7e8-0766a949a5bf,CARD,Cardiology,234,1456
5cf6e24e-0539-45a5-8ed3-31480a68c90f,040546bf-1b6c-43a3-b7e8-0766a949a5bf,ORTH,Orthopaedics,50,1864
7d7642dc-d218-479d-bf04-927fa9a7109f,040546bf-1b6c-43a3-b7e8-0766a949a5bf,NEURO,Neurology,605,1339
b1adce1a-ce86-4351-becd-800f9d52937d,040546bf-1b6c-43a3-b7e8-0766a949a5bf,OBG,Obstetrics & Gynaecology,380,198
c3f5f690-97d5-49b9-b963-837d1111aea4,040546bf-1b6c-43a3-b7e8-0766a949a5bf,MED,General Medicine,2370,1039
fcfc4c56-3118-44b2-8ef8-149c9621d483,040546bf-1b6c-43a3-b7e8-0766a949a5bf,ONCO,Oncology,1883,331
92deb4c8-1d5b-4dd5-9a0d-a101fefade4e,040546bf-1b6c-43a3-b7e8-0766a949a5bf,OPTH,Ophthalmology,961,1158
5dfa34b9-d190-4c9d-9de6-7e8f0277e6d0,041b081f-9fbf-412a-936a-314f4fe17d9f,CARD,Cardiology,668,1511
24d8e996-7676-417a-a067-96fa6591f7a1,041b081f-9fbf-412a-936a-314f4fe17d9f,OPTH,Ophthalmology,990,510
c9aab67e-9248-4f7b-a044-128e0c4e45d4,041b081f-9fbf-412a-936a-314f4fe17d9f,ORTH,Orthopaedics,1037,1194
2cdb4be1-c302-435b-bd39-4cbb1f3b686c,041b081f-9fbf-412a-936a-314f4fe17d9f,ONCO,Oncology,1007,532
8d64e654-0d96-4ebd-b00d-eed9ff035938,04708f67-9623-4cbd-b6ba-dea7faf258a3,CARD,Cardiology,1228,807
ad99c17a-7ae5-4667-9f1d-42f1289eaf6a,04708f67-9623-4cbd-b6ba-dea7faf258a3,OBG,Obstetrics & Gynaecology,1372,340
631ac972-8bb3-4f6f-89d1-53066db6a0fc,04708f67-9623-4cbd-b6ba-dea7faf258a3,MED,General Medicine,376,1329
a2e9aaf2-f1cd-4088-95d0-d0465491a7bd,04708f67-9623-4cbd-b6ba-dea7faf258a3,NEURO,Neurology,359,1089
bc4f2e6a-199e-4b6b-a91f-03b572c81602,04708f67-9623-4cbd-b6ba-dea7faf258a3,ORTH,Orthopaedics,638,1574
708afe0d-5bd9-4d0f-bfb8-33ccd7476f27,04708f67-9623-4cbd-b6ba-dea7faf258a3,PEDS,Paediatrics,1169,1182
c9c72113-e23a-4d57-959b-a463de95204a,04708f67-9623-4cbd-b6ba-dea7faf258a3,URO,Urology,1237,1183
ba4d166b-8238-4124-b731-cb86a0a6162e,04708f67-9623-4cbd-b6ba-dea7faf258a3,ENT,ENT,50,812
30279d24-fee8-4e28-b275-12de6b4c902d,0484a5b1-b318-42e6-99da-774cb419269c,CARD,Cardiology,159,1489
c3cef3f5-d8bf-4e1e-9a50-efae9f6f41da,0484a5b1-b318-42e6-99da-774cb419269c,ORTH,Orthopaedics,1170,1266
ec2a81cb-c28c-4f65-90eb-f4c7f953d2a3,0484a5b1-b318-42e6-99da-774cb419269c,MED,General Medicine,677,1413
98f97c44-806d-4dee-9c8a-79b927f6771d,0484a5b1-b318-42e6-99da-774cb419269c,URO,Urology,1727,1202
3ace6f32-fb46-4e63-8b41-f5d2a302c936,0484a5b1-b318-42e6-99da-774cb419269c,ONCO,Oncology,1065,179
c2214042-ce1a-442e-bf6a-f01abd64a99b,0484a5b1-b318-42e6-99da-774cb419269c,ENT,ENT,743,815
3f28e851-e1cd-4d93-a5bb-859127c601d0,0484b4b0-be1a-47cf-af1f-988540649809,ORTH,Orthopaedics,1114,534
d21d68a2-7979-4945-8946-387209c822d0,0484b4b0-be1a-47cf-af1f-988540649809,ENT,ENT,1305,1133
3f92a8ed-81b2-4014-98c3-fcc0cd05db72,0484b4b0-be1a-47cf-af1f-988540649809,OPTH,Ophthalmology,570,767
8939018a-5a69-4936-a637-9ced32da03b0,0484b4b0-be1a-47cf-af1f-988540649809,PEDS,Paediatrics,50,40
0bfcab8f-8e04-4af0-8fd2-789077966c7f,0484b4b0-be1a-47cf-af1f-988540649809,CARD,Cardiology,50,1292
6a35c34e-58c3-4323-93de-a2d9d48b61ba,0484b4b0-be1a-47cf-af1f-988540649809,MED,General Medicine,1350,361
95aadc7e-d1ae-4f6a-abcd-4f111c74d58d,04a9b909-4b22-4fc6-98e2-683bc8c848f9,GS,General Surgery,1649,470
8cd1eb56-019f-40e8-9d40-166c721716c2,04a9b909-4b22-4fc6-98e2-683bc8c848f9,CARD,Cardiology,1066,606
38823edb-f019-45cb-ac2b-808bcfe3aca6,04a9b909-4b22-4fc6-98e2-683bc8c848f9,MED,General Medicine,2305,828
5cc9008c-3bc9-4c7d-87e1-626090d1201b,04a9b909-4b22-4fc6-98e2-683bc8c848f9,OPTH,Ophthalmology,1579,1025
4a8809ae-0538-4137-961b-abbb9e398d0d,04a9b909-4b22-4fc6-98e2-683bc8c848f9,PEDS,Paediatrics,468,800
e3c35e0e-de5f-4812-89e3-edbbc079ea95,04a9b909-4b22-4fc6-98e2-683bc8c848f9,ENT,ENT,1453,636
f22361ec-97dc-4951-9c7e-0bb2135a28bb,058fe129-afd7-4499-9973-cdcad110e8a3,CARD,Cardiology,72,909
cf39d910-2ffa-4e1d-ba94-ba55179201ab,058fe129-afd7-4499-9973-cdcad110e8a3,OPTH,Ophthalmology,50,1745
7bdbfa59-3b9d-47a1-bcc7-c7efa175d8a1,058fe129-afd7-4499-9973-cdcad110e8a3,PEDS,Paediatrics,448,748
74ef1940-a559-46cf-af8f-7ff9469e53c2,058fe129-afd7-4499-9973-cdcad110e8a3,MED,General Medicine,206,1274
c2edbedb-bb4c-4d8d-a338-6488f7069efa,058fe129-afd7-4499-9973-cdcad110e8a3,OBG,Obstetrics & Gynaecology,703,1275
3fc4a333-669b-4b83-8ee3-5e7631b424eb,058fe129-afd7-4499-9973-cdcad110e8a3,ENT,ENT,1140,1718
54d4b92d-b85c-4446-8617-d41631b72c70,05ad7939-0c4c-4eda-ad82-1f0e7d34b9dc,ORTH,Orthopaedics,690,434
f4905b4d-aed1-4c9a-ab24-7812d9efa5d7,05ad7939-0c4c-4eda-ad82-1f0e7d34b9dc,MED,General Medicine,50,1046
c2970b3b-d069-4d64-8ec7-10f360c87cb1,05ad7939-0c4c-4eda-ad82-1f0e7d34b9dc,GS,General Surgery,237,411
8bfc9b16-5265-4569-9bd5-98a73fea9554,05ad7939-0c4c-4eda-ad82-1f0e7d34b9dc,NEURO,Neurology,907,568
c77e0f09-e2ba-4766-b3df-fbb5670cf6db,05ad7939-0c4c-4eda-ad82-1f0e7d34b9dc,ONCO,Oncology,688,1212
2155aead-5cad-49f8-8549-7b7da0957da6,05ce50e2-7763-4f0c-aa9c-af393385d1a7,CARD,Cardiology,1387,1160
00eac64c-b6ad-4c80-bf76-62b8532829a8,05ce50e2-7763-4f0c-aa9c-af393385d1a7,ORTH,Orthopaedics,1470,871
f2515720-480b-4b26-b833-62a714ca3bc5,05ce50e2-7763-4f0c-aa9c-af393385d1a7,MED,General Medicine,314,1730
3f4f46b8-98d7-4ea9-a072-986ff0ddc3e4,05ce50e2-7763-4f0c-aa9c-af393385d1a7,PEDS,Paediatrics,959,332
c952f83b-c582-4b19-92e6-326b83c86c87,05ce50e2-7763-4f0c-aa9c-af393385d1a7,URO,Urology,1370,1847
11755dd3-b617-4a09-b873-23737b0b984f,0645da7f-f79d-4890-a1e0-a51a7a9cf6e7,CARD,Cardiology,690,415
46147eb9-b475-4b8c-b960-6741f0f97f67,0645da7f-f79d-4890-a1e0-a51a7a9cf6e7,GS,General Surgery,459,1439
286825be-8865-42a2-a0d4-fc39f9fe1b89,0645da7f-f79d-4890-a1e0-a51a7a9cf6e7,MED,General Medicine,1092,360
ac04be13-cca4-46d6-b33d-4795caa0dff6,0645da7f-f79d-4890-a1e0-a51a7a9cf6e7,URO,Urology,1497,769
da7dbf38-7ddd-4b3c-a1f6-9fd1d5b782ed,0645da7f-f79d-4890-a1e0-a51a7a9cf6e7,ORTH,Orthopaedics,1088,1160
aad17d9e-81c2-4542-9d7c-0a3ba132bfe2,0645da7f-f79d-4890-a1e0-a51a7a9cf6e7,ENT,ENT,456,1486
9edc84bb-fab9-496b-a46e-2b5338ea0279,0645da7f-f79d-4890-a1e0-a51a7a9cf6e7,NEURO,Neurology,550,1344
c4eb937d-d40f-4e04-82b2-105c631654b9,0645da7f-f79d-4890-a1e0-a51a7a9cf6e7,OPTH,Ophthalmology,404,1366
9c91fc3d-e999-461e-bc0f-46052f1e6f8f,06c42dfc-acb0-4df4-9dcf-1636649e604c,CARD,Cardiology,630,1758
91dc4cab-314c-434e-a6d2-49ebfd2daf17,06c42dfc-acb0-4df4-9dcf-1636649e604c,MED,General Medicine,1289,1015
df0bf41f-46e5-4e9b-9717-56604844116f,06c42dfc-acb0-4df4-9dcf-1636649e604c,ENT,ENT,2287,681
92ea45a6-c0ac-4857-9e1a-fc115b1f107e,06c42dfc-acb0-4df4-9dcf-1636649e604c,ORTH,Orthopaedics,1588,792
eec5f1d4-066c-4cdf-8c6a-3e5bc238ce6b,07493c1c-2032-4f04-a8be-01d65e5d0a51,CARD,Cardiology,1206,881
acfdcab4-9626-4673-bab3-b720b2d10092,07493c1c-2032-4f04-a8be-01d65e5d0a51,URO,Urology,817,40
a646c7c9-4a45-4508-aa1c-c90b79f0aaa6,07493c1c-2032-4f04-a8be-01d65e5d0a51,MED,General Medicine,1614,957
c4aee704-b934-4b25-ae90-b30887ccf11d,07493c1c-2032-4f04-a8be-01d65e5d0a51,NEURO,Neurology,1367,438
1a3e3756-b74e-4cc2-9c29-bfa1fe4614aa,07493c1c-2032-4f04-a8be-01d65e5d0a51,ORTH,Orthopaedics,299,894
f2c30324-8787-43a6-b903-ff94cc0742da,07a052b6-d2b1-4437-860e-65dde31e467e,OBG,Obstetrics & Gynaecology,1444,40
47f1d47c-cd98-4777-ba19-7685c66d9771,07a052b6-d2b1-4437-860e-65dde31e467e,ORTH,Orthopaedics,363,1668
fe672f57-a09e-49be-984b-2783b8105a4e,07a052b6-d2b1-4437-860e-65dde31e467e,GS,General Surgery,79,40
29f82f05-0f79-4bfe-96d2-3c36fa34b973,07a052b6-d2b1-4437-860e-65dde31e467e,ENT,ENT,1543,1119
7f47b56f-a5a8-4cf2-99f3-e229c725168e,07a052b6-d2b1-4437-860e-65dde31e467e,OPTH,Ophthalmology,863,745
197aa22a-fb9a-482c-9552-1b6f1694fb10,07a052b6-d2b1-4437-860e-65dde31e467e,PEDS,Paediatrics,944,532
e201a2d1-073e-4ce0-b8b4-bbea96f843ec,0848e5cf-8804-47df-9958-75c7427e8a3d,GS,General Surgery,1168,1534
0a5604d8-a559-4ee4-8105-c5f02a9fa608,0848e5cf-8804-47df-9958-75c7427e8a3d,MED,General Medicine,1355,682
d18b61bb-002c-4e89-93e7-77c2fb2b9ec4,0848e5cf-8804-47df-9958-75c7427e8a3d,OPTH,Ophthalmology,625,645
7371555b-52d9-48a3-a140-0fb1a973aa2a,0848e5cf-8804-47df-9958-75c7427e8a3d,URO,Urology,50,317
bd5cd312-d41b-4906-8bb8-95ecc6caf6f8,0848e5cf-8804-47df-9958-75c7427e8a3d,ONCO,Oncology,218,277
cad38e41-733f-4e28-a64f-8a46b0cb4842,08ab8528-92cf-4e3a-b598-5a5ffda9e765,ORTH,Orthopaedics,467,1395
b0e8334b-2074-41ee-b161-ddb46158e811,08ab8528-92cf-4e3a-b598-5a5ffda9e765,OPTH,Ophthalmology,428,337
bd5018da-9bd1-4116-90d9-2b287df118ee,08ab8528-92cf-4e3a-b598-5a5ffda9e765,URO,Urology,1813,2091
6fdc66f1-1ae5-4deb-bc21-cc694ff90b59,08ab8528-92cf-4e3a-b598-5a5ffda9e765,CARD,Cardiology,1373,668
9dfdccd8-ebfd-4c47-bb93-7601491f10ee,08ab8528-92cf-4e3a-b598-5a5ffda9e765,ONCO,Oncology,879,985
b5d20bde-cf8d-4952-a65a-b826dfed945f,08fc1f3d-a6f1-4ea0-90e5-580a39dd2baf,GS,General Surgery,905,748
a14108b5-7a1e-4fe7-bba8-2bf535c93770,08fc1f3d-a6f1-4ea0-90e5-580a39dd2baf,OPTH,Ophthalmology,424,2349
758f3303-6c31-4557-af77-4f75b0af47e1,08fc1f3d-a6f1-4ea0-90e5-580a39dd2baf,ORTH,Orthopaedics,904,1081
48c8df00-3bff-462c-92f5-36cdb59c363c,08fc1f3d-a6f1-4ea0-90e5-580a39dd2baf,CARD,Cardiology,350,543
75abbb17-004b-4c6a-a424-4559c89694cc,08fc1f3d-a6f1-4ea0-90e5-580a39dd2baf,NEURO,Neurology,1272,705
40d188cb-6153-4cf4-94ad-6f23aa2c9483,08fc1f3d-a6f1-4ea0-90e5-580a39dd2baf,ENT,ENT,1188,1419
8197b9ce-0b0f-48b2-b76e-5026cc002f76,08fc1f3d-a6f1-4ea0-90e5-580a39dd2baf,ONCO,Oncology,430,652
2b9630ae-02c4-477c-a856-4c3cb21fad47,08fc1f3d-a6f1-4ea0-90e5-580a39dd2baf,PEDS,Paediatrics,1207,584
f990cb6c-bc67-4846-be34-5711ae5825d1,09096fd1-b2f7-47ba-99db-0c945347eccf,MED,General Medicine,1060,1491
a5e796da-b9bc-4772-a859-3a9cebdbaf0a,09096fd1-b2f7-47ba-99db-0c945347eccf,OPTH,Ophthalmology,1243,1580
2dc8e6e1-bb8e-4e90-a05b-ac428879a20c,09096fd1-b2f7-47ba-99db-0c945347eccf,CARD,Cardiology,2313,723
8d78b379-3a79-40e4-97dd-9364f8db3dee,09096fd1-b2f7-47ba-99db-0c945347eccf,ENT,ENT,947,1300
d249d8c7-1c36-460e-98ec-badbb25b0c3a,09096fd1-b2f7-47ba-99db-0c945347eccf,ONCO,Oncology,577,1282
f956ed05-202b-44c0-965e-939f2098da44,09096fd1-b2f7-47ba-99db-0c945347eccf,NEURO,Neurology,945,719
d404a835-ac67-453c-b4d8-8fca4bd3dabc,09096fd1-b2f7-47ba-99db-0c945347eccf,ORTH,Orthopaedics,886,437
a15a17c1-63ca-44a4-8985-39005465e87d,09096fd1-b2f7-47ba-99db-0c945347eccf,PEDS,Paediatrics,1223,2079
d53ead0c-f50c-40bf-91a2-8d37bf62c35e,09446572-47bb-448a-be74-82f4a2a50d20,CARD,Cardiology,1513,337
bef2a799-f762-4b44-ab6f-341f854ead15,09446572-47bb-448a-be74-82f4a2a50d20,URO,Urology,763,730
3af077b0-3dc0-428e-a1b4-2f580029fb58,09446572-47bb-448a-be74-82f4a2a50d20,ENT,ENT,1224,1001
f044948e-c217-4bcf-8d05-70687fb48af6,09446572-47bb-448a-be74-82f4a2a50d20,GS,General Surgery,693,511
002d31d5-c7b3-440b-b5ca-6b3892c53f94,09446572-47bb-448a-be74-82f4a2a50d20,NEURO,Neurology,1490,1013
5591d213-5d61-45b9-bd01-4a07e0df6353,09446572-47bb-448a-be74-82f4a2a50d20,OPTH,Ophthalmology,914,1830
61a4fd0a-5b3b-4c65-b526-e8faf6cb2a2d,0a052797-9c5e-48ac-a914-ffde627d3be8,OBG,Obstetrics & Gynaecology,1653,711
31a2b646-f335-4894-a3d3-79914e070896,0a052797-9c5e-48ac-a914-ffde627d3be8,OPTH,Ophthalmology,566,1627
34c60c75-17b3-4443-87fd-384cbfa78e2b,0a052797-9c5e-48ac-a914-ffde627d3be8,CARD,Cardiology,741,901
d44ff688-8ea5-4aca-ba20-db289c2ec629,0a052797-9c5e-48ac-a914-ffde627d3be8,ORTH,Orthopaedics,1225,433
b758ce8d-ead7-4965-a86f-92a6bef53472,0a052797-9c5e-48ac-a914-ffde627d3be8,ENT,ENT,1195,40
a9ed216f-2f23-4d70-98c1-a3303db259b4,0a052797-9c5e-48ac-a914-ffde627d3be8,NEURO,Neurology,425,787
42d978ed-66c0-47f8-b484-51fb51dc5e4e,0a052797-9c5e-48ac-a914-ffde627d3be8,ONCO,Oncology,1372,542
31a0f8b8-45b5-43e1-8f60-8d149485ed2b,0a85f16e-2b22-4dca-a10d-5b92201b4906,GS,General Surgery,745,988
ffde9fdf-5f01-4997-a358-ee9689fe3765,0a85f16e-2b22-4dca-a10d-5b92201b4906,ORTH,Orthopaedics,50,905
8f6db5c3-a5dc-4873-b492-0cb0a0406abe,0a85f16e-2b22-4dca-a10d-5b92201b4906,CARD,Cardiology,399,1146
c23b8105-f384-496e-9eff-d855d11681fe,0a85f16e-2b22-4dca-a10d-5b92201b4906,NEURO,Neurology,930,1259
f326e4a2-6eb9-4a88-852e-707ac5f1a0fe,0a85f16e-2b22-4dca-a10d-5b92201b4906,PEDS,Paediatrics,2120,528
d68b9a1a-b885-4059-9148-6d116c58f98b,0a85f16e-2b22-4dca-a10d-5b92201b4906,ENT,ENT,1237,1054
0511e1d2-a500-4b5d-ac72-ac636272c96d,0a85f16e-2b22-4dca-a10d-5b92201b4906,MED,General Medicine,2062,649
020ed5e3-0d61-41d2-9ea4-eb42e268351c,0a85f16e-2b22-4dca-a10d-5b92201b4906,OBG,Obstetrics & Gynaecology,532,1525
578d443b-b6ca-4c92-84fa-efcb7fa0de0b,0aaa24cd-1bbb-43a7-9436-41404a94c435,MED,General Medicine,2281,503
98a9ccb4-604e-400c-964f-a8f154fbea0e,0aaa24cd-1bbb-43a7-9436-41404a94c435,CARD,Cardiology,731,1275
ab55a110-2c23-478e-9329-a858b7477406,0aaa24cd-1bbb-43a7-9436-41404a94c435,ONCO,Oncology,595,477
0ff2e56b-b892-4f14-83d2-270cc3e72227,0aaa24cd-1bbb-43a7-9436-41404a94c435,OPTH,Ophthalmology,1422,422
067f37d9-4025-4eb7-9ce2-ff22790cb41d,0aaa24cd-1bbb-43a7-9436-41404a94c435,ENT,ENT,1209,922
03bcd36a-5a98-49f0-a235-7ce7000b77d5,0aaa24cd-1bbb-43a7-9436-41404a94c435,NEURO,Neurology,1402,902
18875d26-5e0f-416f-97c5-d5d031b39464,0aaa24cd-1bbb-43a7-9436-41404a94c435,PEDS,Paediatrics,2174,998
4894ae49-31e7-459d-bb46-f31a7077db15,0ac38087-8f1d-4bb3-91bc-b03fe5299f25,GS,General Surgery,1380,863
b5f36217-2323-4257-a24b-9fb98bac1a48,0ac38087-8f1d-4bb3-91bc-b03fe5299f25,MED,General Medicine,1299,399
08c8ec9b-2264-44b3-9bfa-2ec256c345a0,0ac38087-8f1d-4bb3-91bc-b03fe5299f25,ENT,ENT,989,189
cdd78a15-c4f7-4e22-a848-41c9ea839467,0ac38087-8f1d-4bb3-91bc-b03fe5299f25,OBG,Obstetrics & Gynaecology,820,1558
949ec972-c5f7-45a1-8356-d5a6984ee47e,0ac38087-8f1d-4bb3-91bc-b03fe5299f25,ORTH,Orthopaedics,1073,1089
7da66152-aba0-47a7-8cff-ebcbed91b997,0ac38087-8f1d-4bb3-91bc-b03fe5299f25,CARD,Cardiology,539,822
a0a50a90-a688-4557-afea-60a5ab83b7f2,0ac38087-8f1d-4bb3-91bc-b03fe5299f25,OPTH,Ophthalmology,1497,611
c14d0d97-861c-47bc-90b5-fd115152d92f,0b3525a2-042d-44f3-b887-e0bc4805045b,CARD,Cardiology,1134,623
f7af184d-82db-4a7e-8529-56046341f253,0b3525a2-042d-44f3-b887-e0bc4805045b,MED,General Medicine,1637,670
ef0a5f88-b168-4635-9858-2b967f8def20,0b3525a2-042d-44f3-b887-e0bc4805045b,ORTH,Orthopaedics,1417,915
aef9f5a1-ae5a-4086-8f2d-58cb2339f981,0b493dcd-55d3-4b54-b522-8dfccbf41872,MED,General Medicine,159,904
ed134a48-09e2-4883-9a72-c585da3ccde8,0b493dcd-55d3-4b54-b522-8dfccbf41872,OPTH,Ophthalmology,703,1057
6db2ca9d-2810-4943-88c8-5ba8e8f9df62,0b493dcd-55d3-4b54-b522-8dfccbf41872,NEURO,Neurology,312,1060
713ac8e6-474e-4c84-be67-e8fead9c0eb6,0b493dcd-55d3-4b54-b522-8dfccbf41872,ONCO,Oncology,1696,1460
d5d1ccc6-cc1e-45f3-bf0c-ab994f0daf81,0b493dcd-55d3-4b54-b522-8dfccbf41872,PEDS,Paediatrics,396,1588
b4e945f7-2731-4b4d-afc7-e53ac9edd577,0bbf506d-973a-42f6-896f-270c78cdb37e,GS,General Surgery,2386,778
1463c800-111f-4aa5-bd99-b83f23e9b32d,0bbf506d-973a-42f6-896f-270c78cdb37e,OBG,Obstetrics & Gynaecology,2235,929
a8f9f49c-b847-41f8-bef0-1b5febb1ece0,0bbf506d-973a-42f6-896f-270c78cdb37e,OPTH,Ophthalmology,621,1227
bef1343f-6630-4bd0-a500-2ab80d9b77e8,0bbf506d-973a-42f6-896f-270c78cdb37e,URO,Urology,1587,1049
bbd55c8a-47ab-49c2-bf92-d99518326498,0bbf506d-973a-42f6-896f-270c78cdb37e,ENT,ENT,480,1964
8708ee2c-3895-4a12-8c5f-ed1ebe292c9e,0bbf506d-973a-42f6-896f-270c78cdb37e,NEURO,Neurology,1317,915
71e43a8e-bb58-41eb-a455-72b2bddce4a0,0be6a73e-7fdf-43f1-918d-d73356870c23,GS,General Surgery,1397,968
868a200c-bc87-40a2-a064-1d5e70a3094f,0be6a73e-7fdf-43f1-918d-d73356870c23,ORTH,Orthopaedics,72,832
bada1f31-bc55-4d10-9634-6c4abe517db9,0be6a73e-7fdf-43f1-918d-d73356870c23,MED,General Medicine,236,248
cfc40726-0a0c-41a5-aa97-096a4731273a,0be6a73e-7fdf-43f1-918d-d73356870c23,NEURO,Neurology,645,40
5c61c538-c082-4ea3-9dc6-4b3a3b34d343,0be6a73e-7fdf-43f1-918d-d73356870c23,ONCO,Oncology,827,1918
1a3977fe-0676-4489-b442-bc949537739a,0be6a73e-7fdf-43f1-918d-d73356870c23,CARD,Cardiology,1043,1599
892992a6-70c1-4de4-9346-60a2495af732,0be6a73e-7fdf-43f1-918d-d73356870c23,OPTH,Ophthalmology,463,539
81da08f1-d9c8-41d5-a8b0-510b6ce34245,0c26b695-3200-4bf1-a4ae-9b9d48b07d79,MED,General Medicine,300,1597
ae4be199-8bfd-4a7f-985a-5e8d282a7f6e,0c26b695-3200-4bf1-a4ae-9b9d48b07d79,GS,General Surgery,411,1230
4ea0f902-0c90-4939-89a1-2a79606137a6,0c26b695-3200-4bf1-a4ae-9b9d48b07d79,OBG,Obstetrics & Gynaecology,437,1210
5ca2be29-eb55-49df-a1b3-231ee363401c,0c26b695-3200-4bf1-a4ae-9b9d48b07d79,URO,Urology,707,1417
2a118ded-5856-4025-8686-6809324d3a38,0c26b695-3200-4bf1-a4ae-9b9d48b07d79,NEURO,Neurology,608,1121
5eca2101-580e-4ff3-9b05-71e25e6ef562,0c26b695-3200-4bf1-a4ae-9b9d48b07d79,CARD,Cardiology,1042,592
96335bbe-5c74-40a0-9797-dd0ffcd6c1a8,0c26b695-3200-4bf1-a4ae-9b9d48b07d79,ENT,ENT,979,1144
af2d1e19-9d32-4e7f-a3d9-3e70a4ec5c14,0de021a9-c3da-4762-ad65-5d7a0bfa64ce,GS,General Surgery,1574,924
95cd7de9-83ac-4279-8deb-0be27fd57a5a,0de021a9-c3da-4762-ad65-5d7a0bfa64ce,CARD,Cardiology,235,811
f01ba123-fc27-4368-b23a-9b211b7832a4,0de021a9-c3da-4762-ad65-5d7a0bfa64ce,ENT,ENT,50,1801
c3be58bc-8676-4339-8c2a-8a1bb91132b8,0de021a9-c3da-4762-ad65-5d7a0bfa64ce,MED,General Medicine,732,1277
62072158-bac4-41e5-b24b-ce6c7453d7ca,0de021a9-c3da-4762-ad65-5d7a0bfa64ce,NEURO,Neurology,50,1010
c6645590-8af4-40bb-973b-ee72b0128e29,0e775a8c-edf8-4cad-9a3a-06da2fd9543f,GS,General Surgery,245,1165
af5fcb27-2417-4416-9208-bfdb198c33e5,0e775a8c-edf8-4cad-9a3a-06da2fd9543f,URO,Urology,1178,764
ac83b373-7c00-476a-b6ec-10fa52b9d4a0,0e775a8c-edf8-4cad-9a3a-06da2fd9543f,OBG,Obstetrics & Gynaecology,1866,1557
9ab1e2c7-e448-4ea3-90e7-f81fc36d9344,0e775a8c-edf8-4cad-9a3a-06da2fd9543f,ORTH,Orthopaedics,1682,323
4071ecaa-e564-4209-a96a-5f949026fea5,0e775a8c-edf8-4cad-9a3a-06da2fd9543f,MED,General Medicine,1555,770
37de21a9-0697-4924-baa9-6a0787a3db44,0e775a8c-edf8-4cad-9a3a-06da2fd9543f,OPTH,Ophthalmology,1027,40
1bf0a850-c54f-45e2-9204-c2f2a71f0aa6,0e775a8c-edf8-4cad-9a3a-06da2fd9543f,NEURO,Neurology,368,421
334098a4-09d3-4a65-ad5e-dffa92177e32,0e775a8c-edf8-4cad-9a3a-06da2fd9543f,CARD,Cardiology,1165,291
c6571fd9-0b42-4260-af6c-9aaea8dfb3e5,0eddfa85-d109-42c8-8fb8-739048a7a330,CARD,Cardiology,879,565
069be3e8-63c4-4e6c-82d5-694a0ac0e823,0eddfa85-d109-42c8-8fb8-739048a7a330,MED,General Medicine,878,1533
2c4f9a2e-b872-4bd3-8dd1-133ee305a094,0eddfa85-d109-42c8-8fb8-739048a7a330,ENT,ENT,315,1448
227931c4-6ff9-4e6b-9fc4-18c74c707b4d,0eddfa85-d109-42c8-8fb8-739048a7a330,NEURO,Neurology,1302,1712
e1ed43b6-2bad-4957-83c2-7f030735e991,0eddfa85-d109-42c8-8fb8-739048a7a330,OPTH,Ophthalmology,1506,812
2d5a40ba-6198-4117-843f-a21a8f91f9d3,0f2d4ec6-9c01-4b87-9930-0670cbc2cc1c,OPTH,Ophthalmology,1239,413
a986a0c1-9a3a-4494-bdf3-053f7e74b14a,0f2d4ec6-9c01-4b87-9930-0670cbc2cc1c,CARD,Cardiology,943,40
921168fd-f5dc-4f3b-ac23-9c2a9650f4b0,0f2d4ec6-9c01-4b87-9930-0670cbc2cc1c,MED,General Medicine,1649,40
304e7989-2312-495d-b7fc-5e3cad68035f,0f2d4ec6-9c01-4b87-9930-0670cbc2cc1c,ENT,ENT,704,729
c403b4be-a14e-423e-a617-9d94c9599bf8,0f2d4ec6-9c01-4b87-9930-0670cbc2cc1c,ONCO,Oncology,598,903
b04f9698-a996-4bab-80ba-cbadc47cfe55,0fdb4a5d-7ce4-4089-8a48-4f60009d0228,MED,General Medicine,1570,476
cfc9e681-e41d-43d8-af9b-ce1bac43a5b5,0fdb4a5d-7ce4-4089-8a48-4f60009d0228,CARD,Cardiology,772,891
8970958c-e3db-4879-8251-b1f3e14dc0d5,0fdb4a5d-7ce4-4089-8a48-4f60009d0228,GS,General Surgery,258,40
aeef50bd-0426-4d61-9fa0-8612e270c4e7,0fdb4a5d-7ce4-4089-8a48-4f60009d0228,ORTH,Orthopaedics,1209,1485
afcc6b0c-c2b1-4fbd-b8e1-62911e587222,0fdb4a5d-7ce4-4089-8a48-4f60009d0228,ENT,ENT,875,310
2a929118-0e54-4b0f-abe4-566f534a337a,0fdb4a5d-7ce4-4089-8a48-4f60009d0228,OPTH,Ophthalmology,2179,708
a6c7c1f0-f3da-4064-bf34-6856f723c818,10432737-6c8c-4761-baed-e9dbb75983af,CARD,Cardiology,50,40
f2f3f212-7414-4559-a9bf-e2ffe7168f31,10432737-6c8c-4761-baed-e9dbb75983af,ORTH,Orthopaedics,1545,1058
8c03b7bc-71fd-4fd8-ba18-2fc08df008ae,10432737-6c8c-4761-baed-e9dbb75983af,ENT,ENT,1124,880
28b0e595-3060-4651-960c-3b93b7ae1a1a,10432737-6c8c-4761-baed-e9dbb75983af,GS,General Surgery,880,706
b1587eb0-785f-402e-8c53-10f60a7679ba,10432737-6c8c-4761-baed-e9dbb75983af,MED,General Medicine,1385,943
ecf71754-c099-4490-a8a4-45165bd281b1,107d3b43-95ab-496f-a5f6-10a00c4b91cf,MED,General Medicine,1969,256
c64691ed-1833-4cb9-bff4-c9d3b57901cd,107d3b43-95ab-496f-a5f6-10a00c4b91cf,OBG,Obstetrics & Gynaecology,1504,1076
62da2efb-e291-429e-8b7c-333c2b6d3112,107d3b43-95ab-496f-a5f6-10a00c4b91cf,CARD,Cardiology,1192,40
d5828988-2970-4ace-8d10-ad0a4efedf20,107d3b43-95ab-496f-a5f6-10a00c4b91cf,PEDS,Paediatrics,1268,288
78cc4eee-2b01-4a0a-b714-0309059c2886,107d3b43-95ab-496f-a5f6-10a00c4b91cf,NEURO,Neurology,1543,1113
856f35d3-afbc-4ab9-a4c9-b95c9de93159,107d3b43-95ab-496f-a5f6-10a00c4b91cf,ONCO,Oncology,763,862
dc324379-5aa9-40ee-8f05-597b956c09f4,10a9d67a-b10b-494a-9b94-1a3e8a21e629,GS,General Surgery,609,185
04e085e0-db41-42ed-8529-74467365dea0,10a9d67a-b10b-494a-9b94-1a3e8a21e629,CARD,Cardiology,125,392
3e682df7-93ea-4109-bc5d-6c71358a1753,10a9d67a-b10b-494a-9b94-1a3e8a21e629,MED,General Medicine,1092,1173
843d9a27-9ec2-4995-bd88-eb45e97db8ee,10a9d67a-b10b-494a-9b94-1a3e8a21e629,NEURO,Neurology,767,1369
fa18feb5-f99c-4036-a122-c102f13dc6bc,10a9d67a-b10b-494a-9b94-1a3e8a21e629,ENT,ENT,625,943
e0b6f5a8-87cf-4003-9f13-88ff78f79958,10ad2351-17b6-4ec7-851c-8aefcc63cff4,GS,General Surgery,1075,74
4c3922fc-c041-4138-a926-54da4bee55c9,10ad2351-17b6-4ec7-851c-8aefcc63cff4,ORTH,Orthopaedics,1328,1277
e01a8263-6773-4558-87ef-c3b2f0bdc090,10ad2351-17b6-4ec7-851c-8aefcc63cff4,CARD,Cardiology,854,1965
d5a8d6df-ab8f-493d-a442-dca5dad3972a,10ad2351-17b6-4ec7-851c-8aefcc63cff4,PEDS,Paediatrics,267,312
490822d5-77fb-4b10-a1cf-0ba334120f50,10ad2351-17b6-4ec7-851c-8aefcc63cff4,URO,Urology,1417,186
ee06ca4b-0602-4d51-afdb-b102ee99d7a7,119361e7-e632-4df7-9ac3-ab6e0e2f03fb,CARD,Cardiology,858,713
27a596b4-6a61-4421-876d-24da879a4a75,119361e7-e632-4df7-9ac3-ab6e0e2f03fb,ORTH,Orthopaedics,984,1103
31bc16a8-c851-4000-bdaf-4b97b88e813a,119361e7-e632-4df7-9ac3-ab6e0e2f03fb,OPTH,Ophthalmology,542,698
c0e34e61-ab98-4583-ae1f-ae17251021ec,119361e7-e632-4df7-9ac3-ab6e0e2f03fb,NEURO,Neurology,1538,625
4a1e2639-adf4-4c36-9722-978b3647b997,119361e7-e632-4df7-9ac3-ab6e0e2f03fb,ONCO,Oncology,1614,639
ad9a662f-35d9-444c-aa39-b9eec4fc2493,12b55e6b-1f5b-476b-8735-653792d91639,CARD,Cardiology,308,893
b7e0beb5-e373-4dad-819d-14e38507ea04,12b55e6b-1f5b-476b-8735-653792d91639,GS,General Surgery,849,2240
ffbb4c11-6d46-4fef-8385-299ab606d282,12b55e6b-1f5b-476b-8735-653792d91639,ORTH,Orthopaedics,161,132
2d3bc038-42cc-4f3b-8191-35513fe44b90,12b55e6b-1f5b-476b-8735-653792d91639,URO,Urology,524,153
dc0bd171-603d-422d-ba16-d22a7069b790,14622dbc-3e07-4dfa-83e9-fee29cb49118,OBG,Obstetrics & Gynaecology,329,855
fb4a7a92-7a20-4f66-9e7d-47ece037fa98,14622dbc-3e07-4dfa-83e9-fee29cb49118,NEURO,Neurology,483,40
b6b3b53b-9f00-4773-b6e8-70562632b53b,14622dbc-3e07-4dfa-83e9-fee29cb49118,ONCO,Oncology,1243,1302
4db5dbfd-90da-4013-9d6e-f47fc874f5b6,14689f0a-3d52-4137-a6a9-faf2389d7b2d,URO,Urology,1328,40
0d5bbc87-7cfb-4362-923b-0cc3f446a6f5,14689f0a-3d52-4137-a6a9-faf2389d7b2d,OPTH,Ophthalmology,50,769
14b1b85b-6ad5-480e-9555-5772dbbabca4,14689f0a-3d52-4137-a6a9-faf2389d7b2d,MED,General Medicine,1473,703
ceb22105-1c57-40fb-a2f9-55e3c6498cd2,14689f0a-3d52-4137-a6a9-faf2389d7b2d,NEURO,Neurology,785,1079
9b88c710-9469-4a59-8fe6-a6872748f617,14689f0a-3d52-4137-a6a9-faf2389d7b2d,ENT,ENT,205,874
aa3f81f4-b0d3-4df4-96c1-9a4b0f0c62cf,14689f0a-3d52-4137-a6a9-faf2389d7b2d,OBG,Obstetrics & Gynaecology,843,2302
78aa79f5-481b-44bf-81e6-8636765af070,14689f0a-3d52-4137-a6a9-faf2389d7b2d,ONCO,Oncology,1756,143
2e54bff5-04ab-47fe-8b15-60df724f9210,147e8f13-860d-45f6-85d2-66035d3f20bd,OPTH,Ophthalmology,1387,944
210d6530-9b15-450a-8c58-641ffaf5656a,14ff8c7b-49f6-46e3-968b-b65dc4611a8a,CARD,Cardiology,624,2074
65ab1912-c2e7-4010-905d-1a2b17e0deff,14ff8c7b-49f6-46e3-968b-b65dc4611a8a,OBG,Obstetrics & Gynaecology,1066,1775
25053947-6191-405f-ac74-422b6b99b06c,14ff8c7b-49f6-46e3-968b-b65dc4611a8a,OPTH,Ophthalmology,1169,1121
1bc9b8d3-54cf-41ca-be89-76e235233ce4,14ff8c7b-49f6-46e3-968b-b65dc4611a8a,ORTH,Orthopaedics,1628,474
dea068fc-5e18-4c62-a643-af91928bcc1c,14ff8c7b-49f6-46e3-968b-b65dc4611a8a,NEURO,Neurology,209,890
e1b9ac1b-259f-414f-9a41-635538178c86,14ff8c7b-49f6-46e3-968b-b65dc4611a8a,PEDS,Paediatrics,1506,914
4d0dfbd5-8660-485c-a3e6-c1cb0c911a5e,150964f5-2918-4ad6-a93d-e43125ccb674,CARD,Cardiology,1015,749
2fc844a7-f88e-44ce-a25e-fa1e4100bf79,150964f5-2918-4ad6-a93d-e43125ccb674,OBG,Obstetrics & Gynaecology,1594,1025
3fd553ad-fb4b-4964-97ac-c4d16607eb32,150964f5-2918-4ad6-a93d-e43125ccb674,ENT,ENT,193,380
5e346538-fb67-4882-a31d-d63414dacef2,150964f5-2918-4ad6-a93d-e43125ccb674,OPTH,Ophthalmology,955,1836
b96cd381-f971-408e-95e3-bfe9b512eeca,150964f5-2918-4ad6-a93d-e43125ccb674,ONCO,Oncology,572,1446
703b5dd4-d59e-4569-8f21-e6577e5e72d0,150964f5-2918-4ad6-a93d-e43125ccb674,MED,General Medicine,313,40
b80839c9-744a-4bae-9a23-491d0953fe4a,150964f5-2918-4ad6-a93d-e43125ccb674,URO,Urology,1192,1372
706c669b-0093-45d6-952a-ccd45aed953f,150964f5-2918-4ad6-a93d-e43125ccb674,NEURO,Neurology,1801,315
5d609284-780c-4c39-8238-2dd3645527dd,15176ead-9e35-46f3-b718-1ee80ed8d1ac,MED,General Medicine,440,1011
b2a62e81-b80d-49ba-87e1-654ff1b6b6f6,15176ead-9e35-46f3-b718-1ee80ed8d1ac,GS,General Surgery,2055,656
4a28fde1-9e0e-4d30-acb4-2fba81d44d86,15176ead-9e35-46f3-b718-1ee80ed8d1ac,OBG,Obstetrics & Gynaecology,1667,1187
eede8481-6f31-4b14-9d74-17bd2a8b99c4,15176ead-9e35-46f3-b718-1ee80ed8d1ac,NEURO,Neurology,770,41
9c731bcb-4fbc-4b98-b759-d5c519d63771,15176ead-9e35-46f3-b718-1ee80ed8d1ac,PEDS,Paediatrics,545,962
4cba7d05-e670-4b80-8c1a-aac3c86ed9fa,1561406f-edb3-4119-8917-d1a9f26b1447,GS,General Surgery,287,40
46e2b8e5-39c6-4b4a-8144-f6187fcea578,1561406f-edb3-4119-8917-d1a9f26b1447,MED,General Medicine,1890,281
c61c09b1-95a4-4fe1-9892-927fd8ba77a8,1561406f-edb3-4119-8917-d1a9f26b1447,ONCO,Oncology,704,2401
42629dbe-0569-4d32-bbe1-1193e404c78c,1561406f-edb3-4119-8917-d1a9f26b1447,URO,Urology,938,519
39b1836a-8c6e-4e70-bcaf-c46b21445c0f,1561406f-edb3-4119-8917-d1a9f26b1447,CARD,Cardiology,2271,663
d8e1063f-8d84-445f-8317-9825a943fc24,1655d398-f648-4052-aa2b-7a2b300d25f2,URO,Urology,1614,792
b9e1341d-b5b7-4644-9c5e-c6bb12abbd8d,1655d398-f648-4052-aa2b-7a2b300d25f2,ORTH,Orthopaedics,50,926
6afb8926-4bed-4267-ab74-01e34828d922,1655d398-f648-4052-aa2b-7a2b300d25f2,ENT,ENT,762,1692
a952b083-74bd-45b0-9e69-d7aa5dba2aa1,1655d398-f648-4052-aa2b-7a2b300d25f2,GS,General Surgery,1733,481
54b66f6a-cad6-4def-9e1f-335c61b544fe,1655d398-f648-4052-aa2b-7a2b300d25f2,OBG,Obstetrics & Gynaecology,1340,1404
c86f3452-4d66-4f6b-8598-47ffab232b99,166eabda-8244-4745-9397-b95d1ef8fef0,CARD,Cardiology,1224,1777
818ea872-cc7e-4852-b6ce-e3c6862167f5,166eabda-8244-4745-9397-b95d1ef8fef0,URO,Urology,1643,876
61dc8df2-ee21-4ade-a4c2-e3b0ddff8515,166eabda-8244-4745-9397-b95d1ef8fef0,GS,General Surgery,827,334
a64d2c67-2c3b-4223-913d-ab4998adfb39,166eabda-8244-4745-9397-b95d1ef8fef0,MED,General Medicine,1211,624
443846a0-8739-4836-8547-9ccd87c248de,166eabda-8244-4745-9397-b95d1ef8fef0,ENT,ENT,1266,991
d3ad2828-f0ca-4db2-8182-f5bdc1487f80,166eabda-8244-4745-9397-b95d1ef8fef0,NEURO,Neurology,1104,940
32acff46-f2f8-4ec2-b4bc-2db43b164871,166eabda-8244-4745-9397-b95d1ef8fef0,OPTH,Ophthalmology,615,1178
e3e14f98-204a-4b81-8e8e-8fcea3fd01d1,1671be92-42b2-455e-b48c-cbaf29a378cb,CARD,Cardiology,1392,269
a1c0adaf-0bfa-490b-827b-95c13906491b,1671be92-42b2-455e-b48c-cbaf29a378cb,OBG,Obstetrics & Gynaecology,495,1092
c7f492c3-4f3c-41c6-a0d4-9432db397f8d,1671be92-42b2-455e-b48c-cbaf29a378cb,ONCO,Oncology,742,559
3f79822e-cfa3-47b8-9001-0f06f5ca6ee4,1671be92-42b2-455e-b48c-cbaf29a378cb,URO,Urology,1277,756
0db0be96-6c7d-4769-9109-8b70d67884d3,1671be92-42b2-455e-b48c-cbaf29a378cb,GS,General Surgery,778,1324
70683b37-361e-481e-bdaf-f181b2a70475,1671be92-42b2-455e-b48c-cbaf29a378cb,MED,General Medicine,601,632
70434b65-39b4-414b-bb2b-83ae175e158b,1671be92-42b2-455e-b48c-cbaf29a378cb,NEURO,Neurology,1249,298
bb767419-2170-4abc-82d3-692dbd291169,168f0e25-0776-4872-a1c1-5ba7491a3910,GS,General Surgery,1177,599
e91dff83-cd6f-4c08-a3bd-327c251aeba5,168f0e25-0776-4872-a1c1-5ba7491a3910,URO,Urology,1868,1326
2f88fa0c-7d08-4cda-a695-0ec31d9eb873,168f0e25-0776-4872-a1c1-5ba7491a3910,MED,General Medicine,2011,1282
291b9cba-871e-4e7c-9bee-aeebf602303f,168f0e25-0776-4872-a1c1-5ba7491a3910,ONCO,Oncology,1800,1696
b7a857f9-f7f3-47da-bfd8-6a7c5eea9f5d,168f0e25-0776-4872-a1c1-5ba7491a3910,CARD,Cardiology,1910,922
f1b76f50-27ab-4316-9c15-161e917badc5,168f0e25-0776-4872-a1c1-5ba7491a3910,OPTH,Ophthalmology,1410,565
0e62362b-d08a-4816-912d-0909fcce3c96,169bd8af-394c-4bfd-9a8a-251a3680241d,MED,General Medicine,775,332
d7a2a8d6-26a4-46fe-a97b-f40fc7a3cbe7,169bd8af-394c-4bfd-9a8a-251a3680241d,ORTH,Orthopaedics,914,1282
c4f2bece-115e-48d5-b751-0ba0d9beb153,169bd8af-394c-4bfd-9a8a-251a3680241d,CARD,Cardiology,1001,617
0434d385-ec41-4073-92bd-f16a13426f13,169bd8af-394c-4bfd-9a8a-251a3680241d,NEURO,Neurology,1414,510
29a1f508-685e-408a-ac0d-d51ab86b0501,169bd8af-394c-4bfd-9a8a-251a3680241d,OPTH,Ophthalmology,1115,1122
376c1a37-be9e-48ff-bed8-0ede01a3ca35,169bd8af-394c-4bfd-9a8a-251a3680241d,URO,Urology,50,1190
ee00056f-2e70-4506-be38-bbc6d18b5c50,169bd8af-394c-4bfd-9a8a-251a3680241d,ONCO,Oncology,1508,439
677c517d-8510-4688-b480-a6c50ce28e1f,174bfd7b-dc54-4970-bcbc-bee4aedffc05,CARD,Cardiology,1940,878
9a459036-4bc7-48e4-a391-d9ad30c24e4a,174bfd7b-dc54-4970-bcbc-bee4aedffc05,ONCO,Oncology,744,981
d5ce658f-913f-4d06-9fd3-0b1408bd584c,174bfd7b-dc54-4970-bcbc-bee4aedffc05,OBG,Obstetrics & Gynaecology,1604,536
30cfb2dc-638e-4b64-a5f9-f29e2624b126,174bfd7b-dc54-4970-bcbc-bee4aedffc05,URO,Urology,723,1315
74eb53b6-6dbd-4968-adf9-ca4a0e2a5074,17ce9a4b-a046-4323-ac24-e42df9a0588d,CARD,Cardiology,1900,723
edd0f5e5-b186-4608-8789-0d4ec2779a35,17ce9a4b-a046-4323-ac24-e42df9a0588d,NEURO,Neurology,527,463
932df42c-d355-4d05-a649-74aee350738b,17ce9a4b-a046-4323-ac24-e42df9a0588d,OPTH,Ophthalmology,408,530
4040c5dd-673d-4dcf-b77c-607d441b91de,17ce9a4b-a046-4323-ac24-e42df9a0588d,ONCO,Oncology,1177,1249
84f1d54f-8912-41bc-b3c1-e96125d271cc,17ce9a4b-a046-4323-ac24-e42df9a0588d,URO,Urology,545,749
2415a696-bffb-43a9-8790-76d9611c57c2,180f6563-8cf9-4464-810c-5a47c3b94261,URO,Urology,598,1229
cfd42d6f-d71f-462f-9bf0-753d7b5610ab,180f6563-8cf9-4464-810c-5a47c3b94261,CARD,Cardiology,1077,204
8dc1f8af-d39b-4fc0-919a-d9732994a440,180f6563-8cf9-4464-810c-5a47c3b94261,OPTH,Ophthalmology,1756,2278
bfcbd025-57a1-4ebd-ac3d-20f00ce9bff1,180f6563-8cf9-4464-810c-5a47c3b94261,ORTH,Orthopaedics,280,507
068c9105-1c2d-4479-9b25-5386f0b98326,180f6563-8cf9-4464-810c-5a47c3b94261,NEURO,Neurology,1155,1323
d9bec971-fcc2-48fc-adfd-02eca914f5c6,181a5e6e-e580-4b50-913b-db2a8bb6042e,MED,General Medicine,1389,1381
4f3a7738-b93d-4b63-82bf-8ada3283b28d,181a5e6e-e580-4b50-913b-db2a8bb6042e,ONCO,Oncology,1886,852
8a4ff10c-2533-46a6-b230-72f0fbbc066d,181a5e6e-e580-4b50-913b-db2a8bb6042e,CARD,Cardiology,834,1701
4d95f363-7180-40b4-851c-8e306510d8f2,181a5e6e-e580-4b50-913b-db2a8bb6042e,ENT,ENT,1315,537
921fae8e-0e15-4941-9fdc-bf5572837d24,181a5e6e-e580-4b50-913b-db2a8bb6042e,NEURO,Neurology,747,1534
cb4a0136-1c06-4a0a-aa33-f8bd9f4bb9b4,183ddbc7-8a42-4100-b692-25b41d411a44,ORTH,Orthopaedics,1092,1263
97058f64-2bab-4f8f-9a78-f900be47e5d1,183ddbc7-8a42-4100-b692-25b41d411a44,OBG,Obstetrics & Gynaecology,1298,497
2207040b-c3ac-4853-8fa4-9ac901272f33,183ddbc7-8a42-4100-b692-25b41d411a44,GS,General Surgery,1613,956
2a7841e1-b33d-4eed-a583-9487ed0ff524,183ddbc7-8a42-4100-b692-25b41d411a44,OPTH,Ophthalmology,711,1013
8967b922-6a86-41b9-a1b9-e0bf8670583b,183ddbc7-8a42-4100-b692-25b41d411a44,URO,Urology,2385,1689
40292b6a-eb03-4f7f-adf7-3bf34535517a,183ddbc7-8a42-4100-b692-25b41d411a44,CARD,Cardiology,377,353
78fffc8c-a45c-41b9-bb31-8ca5b6d1d663,187df607-c713-420e-9ce7-c3d01f3db274,OBG,Obstetrics & Gynaecology,50,755
8ac3445b-e0fc-492e-8860-275427ca695e,187df607-c713-420e-9ce7-c3d01f3db274,CARD,Cardiology,1153,1465
7e66f327-d29c-423b-a998-11bd13052ca8,187df607-c713-420e-9ce7-c3d01f3db274,URO,Urology,631,1371
04546814-80c9-45ca-bf35-59ef63b1629d,187df607-c713-420e-9ce7-c3d01f3db274,ORTH,Orthopaedics,681,379
dcb87f4a-045d-4fa9-8377-caf48a6e6b17,187df607-c713-420e-9ce7-c3d01f3db274,OPTH,Ophthalmology,2368,950
c78ea0d8-a560-4f8a-81cc-0152025b1c25,187df607-c713-420e-9ce7-c3d01f3db274,ENT,ENT,522,800
5467350b-47b8-42fd-aa34-9e64a7bd44a5,187df607-c713-420e-9ce7-c3d01f3db274,NEURO,Neurology,1536,1564
3f0db7b5-8992-4ee1-98d6-03ac387688e1,18aab093-844f-4b2b-81f0-34c936832cd4,URO,Urology,1278,49
44f2bac3-62d3-4675-93f8-93fa183066e6,18aab093-844f-4b2b-81f0-34c936832cd4,ONCO,Oncology,1258,709
07aedfff-cade-4b48-a7cb-37fa61fa2bb3,18aab093-844f-4b2b-81f0-34c936832cd4,ORTH,Orthopaedics,1160,880
2767ffc9-90e6-42be-9611-471531052e83,18aab093-844f-4b2b-81f0-34c936832cd4,PEDS,Paediatrics,1232,741
ffcc88d7-3a2c-43f7-a04a-75c487965af2,18aab093-844f-4b2b-81f0-34c936832cd4,NEURO,Neurology,1224,1343
227f51de-093b-4fb4-9472-94c89c859cbe,18eeee38-9b25-44e2-b392-d988c640078d,CARD,Cardiology,1020,1562
eec44c75-7b4c-47ca-a2d2-9df070c20fc3,18eeee38-9b25-44e2-b392-d988c640078d,GS,General Surgery,711,1578
f65ef1f5-ac49-4580-8266-9ae63b4d38fe,18eeee38-9b25-44e2-b392-d988c640078d,OBG,Obstetrics & Gynaecology,996,474
2b609294-4731-4ab8-8f26-0beef304563e,18eeee38-9b25-44e2-b392-d988c640078d,OPTH,Ophthalmology,1349,1446
50e708d6-82cb-47b4-924c-b199e770b67c,18eeee38-9b25-44e2-b392-d988c640078d,MED,General Medicine,1151,1203
383b9b7f-1aa7-4ce1-b21e-7ef9b86c7a85,18eeee38-9b25-44e2-b392-d988c640078d,NEURO,Neurology,50,1373
ffd591a5-cc8c-4477-bbdc-2047998b0871,18f428f2-80c7-40cf-8e1f-c54e6478aad6,OBG,Obstetrics & Gynaecology,2393,585
352d70e0-c7e2-4b6b-b54e-69cdc6570d24,18f428f2-80c7-40cf-8e1f-c54e6478aad6,OPTH,Ophthalmology,1080,1789
3c671828-2d96-47cf-8558-ca47d53d2776,18f428f2-80c7-40cf-8e1f-c54e6478aad6,CARD,Cardiology,700,40
840f22e2-d7d3-4835-bbf3-93d4fcdc6f43,18f428f2-80c7-40cf-8e1f-c54e6478aad6,ORTH,Orthopaedics,1872,1313
a7e5e47e-47e5-4085-b959-5ab40b0dbc02,18f428f2-80c7-40cf-8e1f-c54e6478aad6,ENT,ENT,1699,1722
1f0869e2-0387-48ec-a5ae-adc59c7f7704,18f428f2-80c7-40cf-8e1f-c54e6478aad6,MED,General Medicine,1234,959
997d7522-b5aa-43ec-84ca-a1dde7b4ee3c,18f428f2-80c7-40cf-8e1f-c54e6478aad6,ONCO,Oncology,701,40
84995513-7657-4b76-b8c6-ff916f8448c6,19225f07-8ce0-4bd3-9168-d18c152e050d,OBG,Obstetrics & Gynaecology,994,1309
5dd32db1-6c6f-4b4e-904c-22613cad77d0,19225f07-8ce0-4bd3-9168-d18c152e050d,ONCO,Oncology,400,1057
9e441e06-7d91-4568-a6ac-5e82dc70f359,19225f07-8ce0-4bd3-9168-d18c152e050d,OPTH,Ophthalmology,2121,2070
14f9516d-c664-459f-97f3-1f3649f7935a,19225f07-8ce0-4bd3-9168-d18c152e050d,ORTH,Orthopaedics,350,73
a5eb7470-23f3-46a2-be86-f38a9f6609c3,19225f07-8ce0-4bd3-9168-d18c152e050d,NEURO,Neurology,1106,1652
e2e09488-36e1-4ef4-aefd-0b21c6c2fa15,19225f07-8ce0-4bd3-9168-d18c152e050d,URO,Urology,891,1748
a9be2765-5f67-41bf-8ab3-07ef24ea5464,19225f07-8ce0-4bd3-9168-d18c152e050d,ENT,ENT,573,395
35c0e938-5316-4734-a41d-8cc8e6e3a117,197ee658-3480-43ac-8a97-85d30f089490,ORTH,Orthopaedics,896,209
224674c3-177c-44fb-b74a-eea3657896f3,197ee658-3480-43ac-8a97-85d30f089490,URO,Urology,1139,1477
7418f8cc-cffd-4dec-8431-b33db5e9825a,197ee658-3480-43ac-8a97-85d30f089490,ENT,ENT,553,1344
da461105-19ee-4d7a-9a31-552fb1b380e4,1984f2c7-b8f9-409a-82f1-2e0eca512cb0,PEDS,Paediatrics,1081,960
f7ea0191-a357-4f8b-a945-8a973111dfba,1984f2c7-b8f9-409a-82f1-2e0eca512cb0,ENT,ENT,1523,292
b65614fd-00e6-4de8-adbd-963b918922ab,1984f2c7-b8f9-409a-82f1-2e0eca512cb0,MED,General Medicine,2118,40
aa84e636-f557-40f1-b851-8ca0333234f2,1984f2c7-b8f9-409a-82f1-2e0eca512cb0,GS,General Surgery,1308,40
6223ff17-687a-48e7-9a63-6f79a12dccf0,1984f2c7-b8f9-409a-82f1-2e0eca512cb0,OPTH,Ophthalmology,1000,640
06e90d0c-8274-4983-b3ab-3c534ede8b34,1984f2c7-b8f9-409a-82f1-2e0eca512cb0,URO,Urology,1472,1256
a592cb2e-a3be-4e43-a02d-e7a4cc36ca44,1984f2c7-b8f9-409a-82f1-2e0eca512cb0,ONCO,Oncology,1595,518
494dae9e-6463-4ddc-8d15-2f086fe57290,1a5f4d32-d4b3-43a9-afa4-f4e69c80e375,CARD,Cardiology,2048,65
30dcaa79-5cee-47d5-a178-fef4e6298d66,1a5f4d32-d4b3-43a9-afa4-f4e69c80e375,URO,Urology,502,1283
5f4e8f17-ba8d-4b4c-9392-55df974b644c,1a5f4d32-d4b3-43a9-afa4-f4e69c80e375,MED,General Medicine,1387,522
318a2135-3407-4fb0-b424-9c7596dbbdac,1a5f4d32-d4b3-43a9-afa4-f4e69c80e375,ENT,ENT,50,1664
abbf17af-520a-488b-a768-63780aeb5392,1ab89dc0-9656-4e5d-be4c-cb4af81cb6ca,GS,General Surgery,50,822
18f3f667-d123-480b-8a7b-e8d32e8a6c32,1ab89dc0-9656-4e5d-be4c-cb4af81cb6ca,NEURO,Neurology,630,962
72a3b3db-025c-45a5-9436-936fe8ec6e22,1ab89dc0-9656-4e5d-be4c-cb4af81cb6ca,CARD,Cardiology,1341,2197
b538b292-e1ca-4899-b6a6-4a3398a99bf6,1ab89dc0-9656-4e5d-be4c-cb4af81cb6ca,PEDS,Paediatrics,684,480
1eba6d39-df1f-40fb-bbf9-67ee3dc7dfb4,1ab89dc0-9656-4e5d-be4c-cb4af81cb6ca,MED,General Medicine,50,823
13d00fe1-3be5-45c8-abc0-19a34d540bde,1ab89dc0-9656-4e5d-be4c-cb4af81cb6ca,OPTH,Ophthalmology,1577,844
872abc1d-90d8-4180-8939-96943627c1ed,1b12dcc2-fe8c-4394-a67a-bb50ff052226,OBG,Obstetrics & Gynaecology,1702,134
836fd670-e784-4a39-9bb5-6e0b0b60c129,1b12dcc2-fe8c-4394-a67a-bb50ff052226,CARD,Cardiology,1297,982
4a405ba1-d81d-4cac-a22a-213f4d54c5d6,1b12dcc2-fe8c-4394-a67a-bb50ff052226,URO,Urology,171,869
9ab061ef-2870-4e40-87c3-c50b06445ef9,1b12dcc2-fe8c-4394-a67a-bb50ff052226,GS,General Surgery,1278,1177
d732f1d3-d735-4b34-b5a6-517104dcdf95,1b2f0ee7-8e17-4f56-8bf1-17613a055ae4,URO,Urology,1061,724
dbf637a3-479b-4e7e-a6d5-ec32e52b7f52,1b2f0ee7-8e17-4f56-8bf1-17613a055ae4,GS,General Surgery,682,553
7b84c00e-88d2-4ee3-87ec-8c75afeb84ee,1b2f0ee7-8e17-4f56-8bf1-17613a055ae4,OPTH,Ophthalmology,335,1431
64c39854-d6e0-4e83-bdd8-b4350da9e6ef,1b2f0ee7-8e17-4f56-8bf1-17613a055ae4,CARD,Cardiology,1744,615
89e0663c-668f-47a5-9c26-d1e90ed11c97,1b2f0ee7-8e17-4f56-8bf1-17613a055ae4,ONCO,Oncology,1618,469
af83df5a-aabe-4316-b93a-aab83f3b2873,1b2f0ee7-8e17-4f56-8bf1-17613a055ae4,PEDS,Paediatrics,721,532
8b25c519-447b-4d8f-926f-29f59b875e7e,1b99ed4b-8ebc-414b-b3d9-8635c8ef44da,CARD,Cardiology,1071,1164
5ed98b59-35b5-4bdc-9394-f0cc77705036,1b99ed4b-8ebc-414b-b3d9-8635c8ef44da,GS,General Surgery,222,1806
e947efb3-c9dd-49b8-8e51-ef2d7a5d3dca,1b99ed4b-8ebc-414b-b3d9-8635c8ef44da,URO,Urology,819,1822
f7b516fc-01ce-4020-a5e1-7469d36e850f,1b99ed4b-8ebc-414b-b3d9-8635c8ef44da,ENT,ENT,1237,1314
926898b0-769c-4a10-83d9-150eff42bcb9,1b99ed4b-8ebc-414b-b3d9-8635c8ef44da,NEURO,Neurology,1771,1569
1e40f8f1-d8a4-4e78-b5a3-f8a80b5c6864,1b99ed4b-8ebc-414b-b3d9-8635c8ef44da,ONCO,Oncology,1912,647
8db37b22-ade7-4022-be8e-406d48502dc3,1bc45ab0-2708-4ce3-9ddb-e3409e93bd52,GS,General Surgery,1048,1634
9625697c-01ce-478e-952b-6904eaf76450,1bc45ab0-2708-4ce3-9ddb-e3409e93bd52,OPTH,Ophthalmology,383,340
d87b9371-3b3a-4d21-ac45-9a95130e76aa,1bc45ab0-2708-4ce3-9ddb-e3409e93bd52,ENT,ENT,850,1027
2e3e230a-14d9-432e-9d17-632391ed25fe,1bc45ab0-2708-4ce3-9ddb-e3409e93bd52,ONCO,Oncology,1169,353
6caa8699-a1a1-48b9-a8d1-a740297ec665,1bc45ab0-2708-4ce3-9ddb-e3409e93bd52,NEURO,Neurology,568,332
18d14960-7698-41b7-b4cb-23a016421832,1bc45ab0-2708-4ce3-9ddb-e3409e93bd52,ORTH,Orthopaedics,988,812
b30b1fa1-446c-4314-8f25-aed819a1cacc,1c09b438-b333-46b6-bc80-2db6ea3cc378,GS,General Surgery,1613,40
d8bfc1a2-41a3-4476-be7b-1d4e0535c763,1c09b438-b333-46b6-bc80-2db6ea3cc378,CARD,Cardiology,223,434
95b2d4fe-624b-42b4-944d-1139b7c92eac,1c09b438-b333-46b6-bc80-2db6ea3cc378,MED,General Medicine,842,1055
c188cf52-77cf-4fec-b813-87e9f40b682d,1c09b438-b333-46b6-bc80-2db6ea3cc378,PEDS,Paediatrics,1058,471
0c4cab4a-9060-42d6-9084-d2edbf3a6e95,1c09b438-b333-46b6-bc80-2db6ea3cc378,URO,Urology,826,65
d3a89152-b0ec-477d-94d1-e40a86c8fcab,1c09b438-b333-46b6-bc80-2db6ea3cc378,ENT,ENT,2037,646
50fa60e0-a329-4a2b-ba0c-0a909cfa6c0e,1c99b149-dc12-40e7-8ff3-21557ced1179,MED,General Medicine,873,804
f24a8e9d-85a4-4904-aff6-5b5058d656a8,1c99b149-dc12-40e7-8ff3-21557ced1179,CARD,Cardiology,1251,40
3f47d04b-5962-4ff1-8a9e-e4c9762ec9ae,1c99b149-dc12-40e7-8ff3-21557ced1179,GS,General Surgery,1492,300
663195a9-f08a-4889-80a2-b2a460f69fcb,1c99b149-dc12-40e7-8ff3-21557ced1179,NEURO,Neurology,1076,928
2780c5cb-b8be-4ddc-b825-2709173f5d34,1c99b149-dc12-40e7-8ff3-21557ced1179,URO,Urology,878,40
389b5fb5-b4a4-4b8e-8cac-70524a632cf2,1cb0817d-76d0-48d0-82ac-48635fd57926,GS,General Surgery,2193,40
57ab15e2-5677-41bb-99ca-9b7d1686c646,1cb0817d-76d0-48d0-82ac-48635fd57926,CARD,Cardiology,231,603
0a06f0ce-7a3d-4b93-a942-40555154b190,1cb0817d-76d0-48d0-82ac-48635fd57926,ORTH,Orthopaedics,810,1035
a6909ecb-1076-4240-b5d2-68945fc1ce74,1cb0817d-76d0-48d0-82ac-48635fd57926,URO,Urology,783,1201
0392ea23-0c46-4673-b2c1-0e3ea05d65b8,1cb0817d-76d0-48d0-82ac-48635fd57926,ONCO,Oncology,1105,475
2650a148-c8d4-446f-9c64-a153fe01975a,1cb0817d-76d0-48d0-82ac-48635fd57926,MED,General Medicine,861,1316
508da2bf-6abe-4b27-a297-97fe572c6ba1,1cb0817d-76d0-48d0-82ac-48635fd57926,NEURO,Neurology,50,1530
0cf5d882-5dbd-4ab9-8d1a-7539dee558a5,1cb0817d-76d0-48d0-82ac-48635fd57926,OPTH,Ophthalmology,863,408
4d9b9b76-9d8a-4aae-b483-6bed18162363,1cb75b4d-3326-4e4d-a2ac-3e6c6b97bd04,CARD,Cardiology,1616,1082
ab10facc-bfa4-4e1d-88ba-e19bb4d74c16,1cb75b4d-3326-4e4d-a2ac-3e6c6b97bd04,OBG,Obstetrics & Gynaecology,991,781
8845ef3a-7dc3-45a5-92af-bd9ae18191d8,1cb75b4d-3326-4e4d-a2ac-3e6c6b97bd04,GS,General Surgery,1150,62
16e160aa-ed19-4db8-949f-04d4aebfb587,1cb75b4d-3326-4e4d-a2ac-3e6c6b97bd04,OPTH,Ophthalmology,944,803
c3585f5a-7a52-4793-a856-5bf2554d4d2c,1cc54768-2d4a-4929-b71a-faadf9b03af5,CARD,Cardiology,1072,383
b24eaccc-81a5-4d19-adea-46acd79784b1,1cc54768-2d4a-4929-b71a-faadf9b03af5,OBG,Obstetrics & Gynaecology,935,1520
3f5c5a1a-8a5b-4274-8428-31d407080c6f,1cc54768-2d4a-4929-b71a-faadf9b03af5,ORTH,Orthopaedics,829,285
c994f32f-b9b4-412c-9160-e529b1506465,1cc54768-2d4a-4929-b71a-faadf9b03af5,PEDS,Paediatrics,1671,1173
64882fce-6794-435e-afcc-83cce51d55b8,1cc54768-2d4a-4929-b71a-faadf9b03af5,ENT,ENT,1898,803
90f059a0-6334-41c5-a64d-83ac5f9f2911,1cc54768-2d4a-4929-b71a-faadf9b03af5,NEURO,Neurology,1081,742
aca30543-4d47-438b-a98a-f48973489184,1cc54768-2d4a-4929-b71a-faadf9b03af5,MED,General Medicine,2531,1378
c4011fd9-10db-4dd9-b6c1-69539cd0e2a5,1cc54768-2d4a-4929-b71a-faadf9b03af5,ONCO,Oncology,1140,206
e7b3aa8e-e1cc-4ef9-bac2-309baedd6bac,1cc6597e-1ba8-4ce3-9eff-d60c34bca131,ENT,ENT,959,814
111c3eb0-a7c1-4379-a766-95ab73fd6a03,1cc6597e-1ba8-4ce3-9eff-d60c34bca131,PEDS,Paediatrics,803,40
12948b89-6c2c-4f42-bbae-8843c3ddbe28,1cc6597e-1ba8-4ce3-9eff-d60c34bca131,OBG,Obstetrics & Gynaecology,223,175
96e8f9ec-e862-4b05-87f6-282a168f9798,1cc6597e-1ba8-4ce3-9eff-d60c34bca131,OPTH,Ophthalmology,1221,1484
a6e4196e-f513-484a-8f49-78915894e110,1cc6597e-1ba8-4ce3-9eff-d60c34bca131,URO,Urology,914,1224
f0f99b3c-ca28-4755-965b-94abc9870eba,1cd05726-e3c2-4312-af30-0cf760a021ca,CARD,Cardiology,1610,428
8dcec362-a7b4-4f80-8435-b2f8aa57347d,1cd05726-e3c2-4312-af30-0cf760a021ca,OBG,Obstetrics & Gynaecology,1672,1666
81d6eeae-a60e-4fdb-b4f9-214419f6e6f6,1cd05726-e3c2-4312-af30-0cf760a021ca,MED,General Medicine,50,1324
714a26db-d0ae-4fc0-9254-eb0050babd39,1cd05726-e3c2-4312-af30-0cf760a021ca,ONCO,Oncology,860,928
608c615b-396f-4a4c-81ab-abe54449ae0a,1cd05726-e3c2-4312-af30-0cf760a021ca,PEDS,Paediatrics,1559,733
b062de57-0aa5-4917-936b-0f3874b7d38c,1cd05726-e3c2-4312-af30-0cf760a021ca,ENT,ENT,1066,1370
103502cd-850e-412b-b96a-39578ef46427,1d3a19ae-1cbb-4be6-9eb5-c7fb27c37f56,MED,General Medicine,628,529
0893d5f8-39f7-4615-b5fd-bbc5c7f3b543,1d3a19ae-1cbb-4be6-9eb5-c7fb27c37f56,ONCO,Oncology,1197,1291
0a646dd9-eff8-4801-a530-0de8039ff0c5,1d3a19ae-1cbb-4be6-9eb5-c7fb27c37f56,OPTH,Ophthalmology,574,1509
969a3073-294e-491e-b29f-d277c544fddb,1d3a19ae-1cbb-4be6-9eb5-c7fb27c37f56,ORTH,Orthopaedics,1603,1110
ad4cda41-ed04-456b-abc6-db603831150c,1d42c146-7e60-4514-99de-a79dccd043b7,GS,General Surgery,741,1400
7c29cbe4-d85d-4074-965b-6545355a1752,1d42c146-7e60-4514-99de-a79dccd043b7,MED,General Medicine,1475,1447
82ae695c-f66e-4c9c-884a-4bd3d5b38edd,1d42c146-7e60-4514-99de-a79dccd043b7,OPTH,Ophthalmology,448,841
bc590ba1-b613-437e-8715-2924804d260c,1d42c146-7e60-4514-99de-a79dccd043b7,ORTH,Orthopaedics,1958,541
245399fa-777d-4e51-883e-6da92ae0f4fe,1d42c146-7e60-4514-99de-a79dccd043b7,ONCO,Oncology,50,1207
0fd8fb3f-0033-4c49-9821-2aa476104a33,1ea8738a-f517-427e-8744-9c7bcab365f0,MED,General Medicine,1222,477
8d47d720-3311-4f11-9e0e-494e0495f2b0,1ea8738a-f517-427e-8744-9c7bcab365f0,OBG,Obstetrics & Gynaecology,1531,949
c6c274f3-4cae-4ed9-8ee7-8fdb7f7a07b4,1ea8738a-f517-427e-8744-9c7bcab365f0,CARD,Cardiology,1144,915
f512ed9d-a7a7-49c5-89ec-2705497ac3cb,1ea8738a-f517-427e-8744-9c7bcab365f0,ORTH,Orthopaedics,552,40
10f49b5f-1144-4af4-a417-217eb2861923,1ea8738a-f517-427e-8744-9c7bcab365f0,PEDS,Paediatrics,1296,539
59cad46f-9a43-4848-a19c-5d47b9892638,1ea8738a-f517-427e-8744-9c7bcab365f0,URO,Urology,637,863
e6572418-07b9-47da-a620-e4ea5db6508b,1f307dd4-cc5b-4781-8eeb-cd6fec447118,GS,General Surgery,583,1609
22298623-a5a1-42c9-8096-ea58abf9d830,1f307dd4-cc5b-4781-8eeb-cd6fec447118,URO,Urology,50,419
568693bb-e743-48f4-8249-10b82ac71d15,1f307dd4-cc5b-4781-8eeb-cd6fec447118,CARD,Cardiology,50,989
3d7a5ab3-a303-47e0-859f-17117671a209,1f307dd4-cc5b-4781-8eeb-cd6fec447118,ENT,ENT,1844,1149
7c0bb430-3d37-4e16-8136-9b99ef9a6a79,1f307dd4-cc5b-4781-8eeb-cd6fec447118,NEURO,Neurology,1397,864
b7bd2532-889a-4a02-b84f-20c383cf182b,1f307dd4-cc5b-4781-8eeb-cd6fec447118,ORTH,Orthopaedics,1330,174
a9fc890f-e4d3-4b5c-8318-c0ff2c1c3c3a,1f307dd4-cc5b-4781-8eeb-cd6fec447118,ONCO,Oncology,1081,1040
14bf5229-81b2-4e65-b96c-d8d6ca5a4596,20181e87-65d9-4517-94f7-4da4fde9a1dd,ORTH,Orthopaedics,1329,1372
970b2615-b137-437e-8c2c-3ef05fe01a20,20181e87-65d9-4517-94f7-4da4fde9a1dd,GS,General Surgery,174,432
c81ff47a-9794-4559-a4da-73ea2c2ee73f,20181e87-65d9-4517-94f7-4da4fde9a1dd,URO,Urology,1212,1529
fd0cfabf-0654-49ce-a595-d255e8c8f79d,20181e87-65d9-4517-94f7-4da4fde9a1dd,ONCO,Oncology,1396,1023
c67bc445-75e7-44d1-ab70-a4487a1905eb,20439481-0474-4d67-b71e-4556ab11eec7,OBG,Obstetrics & Gynaecology,614,435
1ab64802-0d46-4584-a36a-7542e1db4cae,20439481-0474-4d67-b71e-4556ab11eec7,URO,Urology,628,1235
7dd2009e-bc94-4044-9db5-e7965eae5cb1,20439481-0474-4d67-b71e-4556ab11eec7,OPTH,Ophthalmology,544,1082
efe8acae-625c-47f2-9073-e395fd46d967,20439481-0474-4d67-b71e-4556ab11eec7,ORTH,Orthopaedics,1743,571
268c32c3-a5ad-4f9f-8218-4cd467a3669b,20439481-0474-4d67-b71e-4556ab11eec7,GS,General Surgery,1195,272
64b794dd-257f-4f0f-a51e-7749eb88866d,204d0dec-2428-43c3-9d83-f0299b9486f7,URO,Urology,1506,1519
16ed051d-9acb-4ec4-bb8d-c23970147dc2,204d0dec-2428-43c3-9d83-f0299b9486f7,OPTH,Ophthalmology,300,650
c5e81771-40db-4a12-947b-f2312c358c77,204d0dec-2428-43c3-9d83-f0299b9486f7,ORTH,Orthopaedics,1512,591
c47a792f-cbf5-4957-817b-884b5efc4387,204d0dec-2428-43c3-9d83-f0299b9486f7,NEURO,Neurology,138,1029
f4db74e2-52fd-4c01-84c9-ff8ef74904f7,204d0dec-2428-43c3-9d83-f0299b9486f7,MED,General Medicine,431,994
b291f335-da2d-465d-99f9-8d3cad663e47,204d0dec-2428-43c3-9d83-f0299b9486f7,ONCO,Oncology,50,954
cec15b23-5481-4763-85fd-40a88c30de97,20de12a3-7dd8-442b-9626-29a6389fc66f,MED,General Medicine,830,417
b9a0db9a-001d-4017-9506-18331c562d6d,20de12a3-7dd8-442b-9626-29a6389fc66f,ORTH,Orthopaedics,1883,1012
dd62dc8d-d43b-4211-a49c-724641b6c90f,20de12a3-7dd8-442b-9626-29a6389fc66f,GS,General Surgery,719,336
4fbd716f-c589-4ec0-b827-17b57b5a4bb3,20de12a3-7dd8-442b-9626-29a6389fc66f,ENT,ENT,874,907
6cb2ee7a-1244-40d3-b538-8cd09e07d0ee,20f10240-070c-42f6-a7aa-4152217b8794,GS,General Surgery,1660,462
6dc27cac-db56-413c-9d46-9bac175ea7c3,20f10240-070c-42f6-a7aa-4152217b8794,ORTH,Orthopaedics,1419,1397
ffa1ca50-8a09-4855-8769-7c44decaaed8,20f10240-070c-42f6-a7aa-4152217b8794,CARD,Cardiology,1088,2064
2d4540cc-697d-4052-849f-887434a7cf3b,20f10240-070c-42f6-a7aa-4152217b8794,URO,Urology,324,717
a153a9a0-d7d1-41e3-8639-de27b3056114,20f10240-070c-42f6-a7aa-4152217b8794,NEURO,Neurology,624,889
9fc88ecf-5b05-4913-aa81-440db94941d8,20f10240-070c-42f6-a7aa-4152217b8794,OPTH,Ophthalmology,943,1841
b7d9a399-6902-4585-948d-403b190040e3,20f10240-070c-42f6-a7aa-4152217b8794,ENT,ENT,1915,519
082f9a69-b53f-4754-a140-3845f9d3e099,210d53e0-7563-4263-a66d-c5cb28e89743,GS,General Surgery,930,1020
2d6e3058-9fe6-4c9c-8200-929f92f59a1a,210d53e0-7563-4263-a66d-c5cb28e89743,OBG,Obstetrics & Gynaecology,1383,406
0cf52ae1-a624-4fd1-a036-26a8a96d2672,210d53e0-7563-4263-a66d-c5cb28e89743,PEDS,Paediatrics,717,1105
3a2add93-d1e0-42e9-a8fb-61be4328881e,210d53e0-7563-4263-a66d-c5cb28e89743,ENT,ENT,1370,631
b17a2d67-cd17-4e2f-a657-076fed655bc1,210d53e0-7563-4263-a66d-c5cb28e89743,ONCO,Oncology,900,1054
b8d2922c-181e-441a-bd19-3e0ac70a7ecb,2163c87a-f07b-4c48-9cc1-9dda5357ecb8,PEDS,Paediatrics,1483,575
b164550e-bae0-42ed-9af6-5dd39c3ced52,2163c87a-f07b-4c48-9cc1-9dda5357ecb8,ONCO,Oncology,655,850
fdebf417-d7e5-4f07-bba2-0cf98e2f7519,2163c87a-f07b-4c48-9cc1-9dda5357ecb8,ORTH,Orthopaedics,842,928
6bf3a5b2-0047-4604-a9ee-d77b14ae0bbf,2163c87a-f07b-4c48-9cc1-9dda5357ecb8,ENT,ENT,1103,165
d393f3cc-49f3-4ff8-b849-d06a1733cd5b,217cbc96-2716-413f-86f8-1a1cb6af6172,ORTH,Orthopaedics,910,1775
661b2ea7-d79b-4a21-9257-e1e2e1a03921,217cbc96-2716-413f-86f8-1a1cb6af6172,OPTH,Ophthalmology,2016,1294
45bb0d59-1712-4563-87f2-7cfab2a20065,217cbc96-2716-413f-86f8-1a1cb6af6172,URO,Urology,602,1658
d752ff58-4351-4025-b788-6deea6967553,217cbc96-2716-413f-86f8-1a1cb6af6172,MED,General Medicine,1084,1379
faf755b1-3b3f-4075-981a-fa53dd0548b2,225d19fa-53fa-42a2-b78b-6f44ff754dfc,OBG,Obstetrics & Gynaecology,1150,1866
42120a49-c072-4016-9832-8a2079b6a7ed,225d19fa-53fa-42a2-b78b-6f44ff754dfc,OPTH,Ophthalmology,301,1016
039f4e23-e13f-4ea0-90e2-2cb9c641ec9f,225d19fa-53fa-42a2-b78b-6f44ff754dfc,ORTH,Orthopaedics,541,753
fe348a1c-972d-4e7a-9841-f9777e887a25,225d19fa-53fa-42a2-b78b-6f44ff754dfc,PEDS,Paediatrics,1126,701
73cc2ade-216b-4e25-99e6-11187c681232,225d19fa-53fa-42a2-b78b-6f44ff754dfc,CARD,Cardiology,128,1245
9537be46-672e-48bf-87a2-009465f2c8b9,225d19fa-53fa-42a2-b78b-6f44ff754dfc,ONCO,Oncology,1093,1291
f9af640f-ba86-4435-b45a-381beb550eef,229cad6b-6bc2-4cdb-bfeb-46db2e9d3c12,CARD,Cardiology,1226,1336
d0165bf7-07bd-4b03-a560-23528ad84cca,229cad6b-6bc2-4cdb-bfeb-46db2e9d3c12,OBG,Obstetrics & Gynaecology,811,40
3b8b1cc6-3a66-4de6-9849-96c024abd64e,229cad6b-6bc2-4cdb-bfeb-46db2e9d3c12,ENT,ENT,234,692
e730f26d-c7c3-442b-8659-daa22012984e,229cad6b-6bc2-4cdb-bfeb-46db2e9d3c12,NEURO,Neurology,1030,361
5d1044c2-a4ee-4dd6-92e1-907bde624018,229cad6b-6bc2-4cdb-bfeb-46db2e9d3c12,ORTH,Orthopaedics,1161,706
0e6272fc-03c8-4097-80d4-932d870a3baf,229cad6b-6bc2-4cdb-bfeb-46db2e9d3c12,MED,General Medicine,1262,1558
60d2762a-a5cf-4279-80f4-d6c134a37d55,229cad6b-6bc2-4cdb-bfeb-46db2e9d3c12,ONCO,Oncology,511,808
15b1d6d4-9b95-4076-a7db-389ebbf0c912,23a7f7dc-25a3-4300-8b49-9819b93a36d2,MED,General Medicine,1347,1730
cdf0d0e6-9168-4212-bf7d-56684a76a514,23a7f7dc-25a3-4300-8b49-9819b93a36d2,OPTH,Ophthalmology,827,201
0167f9e2-cb5a-46d2-9069-c084787d7756,23a7f7dc-25a3-4300-8b49-9819b93a36d2,ORTH,Orthopaedics,830,1169
d131a05a-8cf5-49ad-8c78-4dad34ad37fe,23a7f7dc-25a3-4300-8b49-9819b93a36d2,CARD,Cardiology,577,543
692fb380-72f3-43d0-b476-3dd123ff1959,23a7f7dc-25a3-4300-8b49-9819b93a36d2,URO,Urology,1169,1162
31a5eeef-7f99-465e-acac-72eac973f7ea,23a7f7dc-25a3-4300-8b49-9819b93a36d2,NEURO,Neurology,778,1602
ed1b355d-227d-4e1a-ae77-58edcdeec8a9,23ee16c7-d2bb-42e0-aee3-4f9ce3e9e2b6,MED,General Medicine,748,942
82402eed-c63d-4c4b-ad87-9239b482b06c,23ee16c7-d2bb-42e0-aee3-4f9ce3e9e2b6,NEURO,Neurology,1663,434
99e23893-f908-4edc-afd0-fe8b9e38e200,23ee16c7-d2bb-42e0-aee3-4f9ce3e9e2b6,OPTH,Ophthalmology,599,1046
4c6181cf-4f30-4c29-8d4b-bd70647a3b2d,2418ef4c-bcc3-4c07-9780-625f32a3e499,MED,General Medicine,321,1641
30af2bac-c51f-44ce-b477-85b1e4335d18,2418ef4c-bcc3-4c07-9780-625f32a3e499,CARD,Cardiology,1350,394
b69e76f0-1853-441e-990b-1012c674f300,2418ef4c-bcc3-4c07-9780-625f32a3e499,OPTH,Ophthalmology,1220,365
0226742b-dd3b-4d2f-bd40-cbacb4198ac1,2418ef4c-bcc3-4c07-9780-625f32a3e499,ORTH,Orthopaedics,908,1415
039a4157-5783-4163-8ccf-398c40f79b1f,2418ef4c-bcc3-4c07-9780-625f32a3e499,NEURO,Neurology,805,1104
f4d61e42-bed0-4d84-bfcd-7c6e70bcce37,2418ef4c-bcc3-4c07-9780-625f32a3e499,PEDS,Paediatrics,718,870
b43a8218-e743-4195-9238-8990921ad6ab,24267565-7dcb-4f3b-b6cd-1c0f075379c0,CARD,Cardiology,941,527
cc04ba68-b9e7-458a-bc43-bd80f3cf2eb5,24267565-7dcb-4f3b-b6cd-1c0f075379c0,GS,General Surgery,525,1132
2bda79f2-e018-4f91-9edd-66ffc41afba2,24267565-7dcb-4f3b-b6cd-1c0f075379c0,OPTH,Ophthalmology,1393,1389
7982f722-0cdb-4845-828c-e4cf382cf729,24267565-7dcb-4f3b-b6cd-1c0f075379c0,ORTH,Orthopaedics,2641,1145
4f256bbc-8f08-4861-b5c5-21607fdb66a1,24267565-7dcb-4f3b-b6cd-1c0f075379c0,MED,General Medicine,1671,464
bad6704e-25cd-4491-9cbf-97c6c1ca9f55,24267565-7dcb-4f3b-b6cd-1c0f075379c0,ONCO,Oncology,633,1197
a79f2a4a-fe9d-4f55-92a7-2cdad42a996b,24267565-7dcb-4f3b-b6cd-1c0f075379c0,PEDS,Paediatrics,477,1588
85d41286-50bd-49f2-96d5-2a29e312b624,24411a34-0594-4ffa-bfda-178000be841c,GS,General Surgery,56,720
97eec691-50c8-4b55-96f6-21b4613d26eb,24411a34-0594-4ffa-bfda-178000be841c,URO,Urology,2075,1776
2d1767d7-80e5-463e-8676-f9d6b9cff7a9,24411a34-0594-4ffa-bfda-178000be841c,CARD,Cardiology,960,1297
d907099b-b1b3-423a-b663-e934fd30a1a5,24411a34-0594-4ffa-bfda-178000be841c,MED,General Medicine,930,354
8c2225b7-eb8c-4e04-8f2a-49619be0e66a,24411a34-0594-4ffa-bfda-178000be841c,ONCO,Oncology,1196,1149
48e791bb-d211-4583-b6a6-bd310affee2a,24411a34-0594-4ffa-bfda-178000be841c,ENT,ENT,1132,1004
269b1775-6c87-46dc-bddd-96b8b64dea58,24411a34-0594-4ffa-bfda-178000be841c,OPTH,Ophthalmology,1067,917
83c36895-676a-4e81-a515-d7803a2cfe7d,2445f348-8d9f-449e-9d43-5672fe4f8930,CARD,Cardiology,2671,792
f23cd1d3-0d89-4f93-978c-b1640e8b935a,2445f348-8d9f-449e-9d43-5672fe4f8930,MED,General Medicine,50,658
b2ca8d56-9abe-40a0-9676-d34a6ff0a8b3,2445f348-8d9f-449e-9d43-5672fe4f8930,PEDS,Paediatrics,352,661
f340083b-a357-41b4-a5cc-b86feba48414,24a8ccd5-ac48-4d76-b7d1-46ad5da7d5a2,MED,General Medicine,614,438
cf8daf12-6226-401d-9e74-fb45f83ceb5e,24a8ccd5-ac48-4d76-b7d1-46ad5da7d5a2,CARD,Cardiology,733,195
5f65d988-160d-4fe5-b58f-8a553194da26,24a8ccd5-ac48-4d76-b7d1-46ad5da7d5a2,ONCO,Oncology,1794,102
5b87132a-5d5d-4c9f-b5f3-bdf64b71587f,24a8ccd5-ac48-4d76-b7d1-46ad5da7d5a2,NEURO,Neurology,866,658
3bc66281-05e6-4269-bc9f-15a8550b96e4,24a8ccd5-ac48-4d76-b7d1-46ad5da7d5a2,OPTH,Ophthalmology,1503,2107
aa960bd6-bbaa-4574-a847-53e79be9563f,24a8ccd5-ac48-4d76-b7d1-46ad5da7d5a2,ENT,ENT,1285,1110
125b72c4-9c01-468e-b19e-d12faa339508,24db8f70-0798-46f8-a59d-9bf812a2a450,MED,General Medicine,1311,677
3cc62c60-d2db-49f8-a36b-bdd5f660a90b,24db8f70-0798-46f8-a59d-9bf812a2a450,CARD,Cardiology,1082,957
f6c05a31-42ae-41dc-86cd-d30338300007,24db8f70-0798-46f8-a59d-9bf812a2a450,NEURO,Neurology,1684,1078
147a26a4-b416-40dd-84bc-15968026349d,24db8f70-0798-46f8-a59d-9bf812a2a450,ONCO,Oncology,771,40
212964b5-412e-42cb-9fcd-4f13f4f71939,24db8f70-0798-46f8-a59d-9bf812a2a450,ENT,ENT,1812,1502
839053d1-320a-41ba-817c-d3f0eb0c7c6e,24db8f70-0798-46f8-a59d-9bf812a2a450,OPTH,Ophthalmology,755,368
2700003a-09e9-4d57-b257-0fe9b0350da5,2527c1b6-82d8-470e-9ca0-8e06deb23ed0,GS,General Surgery,848,849
e1bb60ed-ad22-47dd-b7bc-08a98147f4cf,2527c1b6-82d8-470e-9ca0-8e06deb23ed0,MED,General Medicine,1366,950
0cdaa558-de5b-4df2-af78-b5bd355c11ae,2527c1b6-82d8-470e-9ca0-8e06deb23ed0,CARD,Cardiology,251,1292
32a7d6d2-6642-4499-a642-3fff30b96503,2527c1b6-82d8-470e-9ca0-8e06deb23ed0,URO,Urology,1025,1304
39e083b4-bbc8-4613-8705-d157b1c20775,25300e03-7734-4c5f-b12a-8a14acaed403,OBG,Obstetrics & Gynaecology,1281,607
be6277f9-f2ed-406c-ad55-ea4038a7b05a,25300e03-7734-4c5f-b12a-8a14acaed403,GS,General Surgery,1625,165
87af2494-0644-4232-a8ba-09fae1689b8a,25300e03-7734-4c5f-b12a-8a14acaed403,MED,General Medicine,1271,1106
43fb1a0f-cda8-469e-804c-d319ab1ad336,25300e03-7734-4c5f-b12a-8a14acaed403,URO,Urology,1977,1575
b1f6ed4a-12b9-4c51-8998-079cae29e562,25300e03-7734-4c5f-b12a-8a14acaed403,ORTH,Orthopaedics,1289,1216
437a4a03-2cf6-41ee-ab48-1590f0b1e7dc,25300e03-7734-4c5f-b12a-8a14acaed403,NEURO,Neurology,1278,1659
b2f5f5a2-eba1-46c7-a1dc-496cd1729873,2562603a-f641-494b-9a83-8ed4199c35c2,GS,General Surgery,218,1238
1fa75d5c-0fff-4a29-9801-0885f309d71e,2562603a-f641-494b-9a83-8ed4199c35c2,MED,General Medicine,1023,1142
93847dce-10ff-483d-aaf0-45f59e0b457c,2562603a-f641-494b-9a83-8ed4199c35c2,ORTH,Orthopaedics,2364,1974
ea6f04a5-5a5c-4c74-a9ac-4b646761e8b6,2562603a-f641-494b-9a83-8ed4199c35c2,CARD,Cardiology,1089,1661
e635da02-3fb9-47e0-8a97-cfbf5bc45657,2562603a-f641-494b-9a83-8ed4199c35c2,ONCO,Oncology,1542,91
e6608517-c87e-44f7-a40c-2f002e88c95c,2562603a-f641-494b-9a83-8ed4199c35c2,PEDS,Paediatrics,50,1008
8bada667-be94-4224-8b63-d5fad023071c,2562603a-f641-494b-9a83-8ed4199c35c2,URO,Urology,1845,608
4c3c86ad-22d4-4034-9548-38400352297e,25799b84-b7f3-48c3-ba9b-7013d7659d7f,GS,General Surgery,1583,1973
c9da00fc-027a-43b8-97fe-ff3024e2482c,25799b84-b7f3-48c3-ba9b-7013d7659d7f,URO,Urology,233,1675
4897f9f3-6471-4fb5-810d-361d28744ec0,25799b84-b7f3-48c3-ba9b-7013d7659d7f,CARD,Cardiology,1105,871
a390fb83-a930-4f71-b4a0-309c5cddddaa,25799b84-b7f3-48c3-ba9b-7013d7659d7f,PEDS,Paediatrics,985,1180
f63b85c3-0128-49ee-ad3c-ca9ff7d7d38f,25a3f989-e430-401f-9131-376f1cd8ff63,ORTH,Orthopaedics,261,1564
8a0e2cff-e4ed-48c2-9487-89f8aff36a55,25a3f989-e430-401f-9131-376f1cd8ff63,OPTH,Ophthalmology,1347,1160
4f6a4b3b-c68a-4e4b-bd17-18158f609bd0,25a3f989-e430-401f-9131-376f1cd8ff63,CARD,Cardiology,1794,772
9ea035d0-8fd1-4601-bab8-08dea5984afa,25a3f989-e430-401f-9131-376f1cd8ff63,MED,General Medicine,1170,938
19800033-01e1-497e-a6e5-e746191086a2,25a3f989-e430-401f-9131-376f1cd8ff63,URO,Urology,1824,40
785d8bd3-a917-4963-be6c-66c52a197d29,25cc882d-cade-4629-af07-bdbcaa8e2928,GS,General Surgery,922,40
ae3c9d34-1027-4f18-a2fd-076c798f5aa1,25cc882d-cade-4629-af07-bdbcaa8e2928,ORTH,Orthopaedics,825,40
24943ab3-c155-47db-8eb7-6ad4871e7cfc,25cc882d-cade-4629-af07-bdbcaa8e2928,PEDS,Paediatrics,1164,40
b302aefe-a829-4024-8774-ad1f99411bd6,25cc882d-cade-4629-af07-bdbcaa8e2928,MED,General Medicine,1133,753
e2758689-4409-445a-8077-3b27fdd53d4f,25cc882d-cade-4629-af07-bdbcaa8e2928,OPTH,Ophthalmology,1264,1077
1ae1a7d4-79db-4109-8973-c7b20637ade6,25cc882d-cade-4629-af07-bdbcaa8e2928,NEURO,Neurology,1474,1094
fbbdc24f-02fb-436a-846e-8d3efa8d35f0,2621e5d6-3fdd-4caa-b8a8-df10690bbe49,GS,General Surgery,681,1043
1cc5ae16-d71f-4ded-9dd2-0131b5a8181d,2621e5d6-3fdd-4caa-b8a8-df10690bbe49,CARD,Cardiology,904,1752
140b05f0-16f3-4fb3-8ce7-906d50da2df4,2621e5d6-3fdd-4caa-b8a8-df10690bbe49,MED,General Medicine,1346,1037
6fd27c4e-5a1f-469f-87fc-0acce8839993,265eddb7-a086-4ab7-a9c4-c4004f079d0b,MED,General Medicine,723,1001
01fd6fd7-40a6-421a-91ca-7189d8341a59,265eddb7-a086-4ab7-a9c4-c4004f079d0b,ORTH,Orthopaedics,359,799
9cbd3bbb-f132-42b7-8dff-fc8d0633a0ae,265eddb7-a086-4ab7-a9c4-c4004f079d0b,URO,Urology,1435,1108
490252f6-9019-4cc4-8823-aa6b4421e708,265eddb7-a086-4ab7-a9c4-c4004f079d0b,ENT,ENT,1851,1488
8a8ddac3-40f2-4d87-a0c8-2dbdc5e8ef34,265eddb7-a086-4ab7-a9c4-c4004f079d0b,OPTH,Ophthalmology,1714,1801
cff646e0-e0e6-4003-98b9-356bd4d5d345,265eddb7-a086-4ab7-a9c4-c4004f079d0b,NEURO,Neurology,1460,1909
5cf931f6-9d8f-4514-a698-bbc656eca9ce,26866bcb-4630-4820-811f-4d1799af65b6,CARD,Cardiology,387,1522
1dadf0db-5a4d-40de-9027-b1d6fb409492,26866bcb-4630-4820-811f-4d1799af65b6,URO,Urology,1444,366
d04d7573-0504-486e-beac-4c9483569b14,26866bcb-4630-4820-811f-4d1799af65b6,NEURO,Neurology,1129,340
f6ad318e-cbbc-4e71-a6bc-1fcedf451e3d,26866bcb-4630-4820-811f-4d1799af65b6,ENT,ENT,972,512
628c2020-d8f2-4cf3-9978-b68f47d0ad15,26866bcb-4630-4820-811f-4d1799af65b6,ONCO,Oncology,935,1554
16a007b0-774e-4932-814c-715b8a26649c,26eba5c0-c3c0-4d49-8580-d5487713c307,CARD,Cardiology,98,1138
10c3c162-55be-48c1-9c5d-ec56cc022bab,26eba5c0-c3c0-4d49-8580-d5487713c307,GS,General Surgery,1203,444
9c9b5164-0ce3-4f19-80a5-4c9c920ab3df,26eba5c0-c3c0-4d49-8580-d5487713c307,URO,Urology,640,1351
7259dab8-85bb-4118-a7fa-4db93fcfdb9a,26eba5c0-c3c0-4d49-8580-d5487713c307,NEURO,Neurology,1684,679
65486795-fec9-4636-9072-1284a3cc71e7,26eba5c0-c3c0-4d49-8580-d5487713c307,ONCO,Oncology,1017,929
2e4460d8-6802-42cb-a5c9-39d365baaabe,26eba5c0-c3c0-4d49-8580-d5487713c307,OPTH,Ophthalmology,1673,1352
5d919ae5-c5b4-4d46-8729-41d1d1382c78,27056224-0cc0-4751-97e8-82aa00a12121,CARD,Cardiology,782,1199
4dcf1ba2-9596-493a-b7c0-2481d80b7340,27056224-0cc0-4751-97e8-82aa00a12121,URO,Urology,1809,40
200b6b62-8e1f-4efb-b086-962375e42b33,27056224-0cc0-4751-97e8-82aa00a12121,GS,General Surgery,1270,447
ba1b530f-5802-4ac9-ae27-dc252a5ec24e,27056224-0cc0-4751-97e8-82aa00a12121,ORTH,Orthopaedics,305,1197
8878f21b-8224-4146-8387-7b17b46cc978,27056224-0cc0-4751-97e8-82aa00a12121,NEURO,Neurology,1159,1939
bb312402-8c7f-456c-8588-35bbaddf0fb0,27056224-0cc0-4751-97e8-82aa00a12121,ONCO,Oncology,1811,1117
af5c2833-c2f9-4e5b-b63c-5167f3b4d671,27077ebb-6db8-4e5d-8b41-58a6f7931f09,CARD,Cardiology,1015,671
6c0f7eaf-abaa-47b4-a78a-173f6a5fa257,27077ebb-6db8-4e5d-8b41-58a6f7931f09,URO,Urology,1646,440
b010e1c3-64bb-4666-8c9d-8fc34589e03f,27077ebb-6db8-4e5d-8b41-58a6f7931f09,MED,General Medicine,1540,40
9418b67d-ca25-4413-921f-6619509a094a,27077ebb-6db8-4e5d-8b41-58a6f7931f09,ORTH,Orthopaedics,1681,965
8687f34d-dfbb-47bd-9cbd-520bfe505476,27077ebb-6db8-4e5d-8b41-58a6f7931f09,NEURO,Neurology,50,933
6aa2dd2a-8006-4f1d-b4cc-fccbb83ed312,27cb775a-7e36-4a95-8089-3e3585456557,OBG,Obstetrics & Gynaecology,896,440
659bf8bf-4cbc-48d7-bb94-779a803fe126,27cb775a-7e36-4a95-8089-3e3585456557,CARD,Cardiology,50,680
11c997f2-4c9c-44e0-aed4-f88dca7d23cc,27cb775a-7e36-4a95-8089-3e3585456557,OPTH,Ophthalmology,1781,466
c5542fc5-5a31-49e0-aeac-dfcc8e29cbc6,27cb775a-7e36-4a95-8089-3e3585456557,ENT,ENT,652,585
c6832c19-8056-4efb-980c-3068272182f1,27cb775a-7e36-4a95-8089-3e3585456557,NEURO,Neurology,1411,40
4ba3de6f-6cd3-4dc4-a677-0f0dbc42cf25,27cb775a-7e36-4a95-8089-3e3585456557,ONCO,Oncology,1175,1245
0767e047-3feb-43c5-b719-56a4b5b3f274,287abca3-cb37-4a2d-b0a9-3e65dad648d1,OBG,Obstetrics & Gynaecology,1547,1744
4ccc2d15-8a2d-421e-ac64-a0d064cd31f4,287abca3-cb37-4a2d-b0a9-3e65dad648d1,CARD,Cardiology,1228,711
e3825097-b6eb-4f72-9acc-af51ebd391db,287abca3-cb37-4a2d-b0a9-3e65dad648d1,ONCO,Oncology,50,441
85a25a8f-abf7-40e5-a9a1-48cd2057abbc,287abca3-cb37-4a2d-b0a9-3e65dad648d1,MED,General Medicine,715,339
d6d7d648-6125-4b92-97a0-5f66c604a505,287abca3-cb37-4a2d-b0a9-3e65dad648d1,NEURO,Neurology,966,420
2f61813d-40c3-4c47-b955-a443467f2a81,287abca3-cb37-4a2d-b0a9-3e65dad648d1,OPTH,Ophthalmology,436,1164
552ba236-9469-41d0-9c15-85602046ccba,2971041e-f4b3-4dbc-b941-bb7cdd3c2ad0,CARD,Cardiology,424,260
8e416393-6299-4ee6-9be5-194938e057f3,2971041e-f4b3-4dbc-b941-bb7cdd3c2ad0,MED,General Medicine,556,547
60ac30ab-428b-483a-99e8-dbdd29dbb3aa,2971041e-f4b3-4dbc-b941-bb7cdd3c2ad0,GS,General Surgery,72,835
3aac2b01-77f4-4b6d-9c7f-15b3dcd214f2,2971041e-f4b3-4dbc-b941-bb7cdd3c2ad0,URO,Urology,50,1106
7de0fe53-06a6-47e2-b8cd-00bbf00622ee,2971041e-f4b3-4dbc-b941-bb7cdd3c2ad0,ENT,ENT,814,250
6d01e647-1c6b-455a-8f71-dea3b599d6a9,2971041e-f4b3-4dbc-b941-bb7cdd3c2ad0,OPTH,Ophthalmology,1192,1522
69326184-05a5-4943-9f58-95466191fa29,2971041e-f4b3-4dbc-b941-bb7cdd3c2ad0,ONCO,Oncology,1073,1262
b28c3015-1e2a-49e6-b75f-2ae811745c78,2a557c8a-e713-48d1-8205-e90d6d4721af,MED,General Medicine,1762,354
73f012f8-f53a-4c88-91c9-5bb93b6418b5,2a557c8a-e713-48d1-8205-e90d6d4721af,ORTH,Orthopaedics,50,1149
91b4ca59-16ac-4fcf-ae1b-5d64001e888b,2a557c8a-e713-48d1-8205-e90d6d4721af,CARD,Cardiology,1389,832
f6f07610-91ea-49d4-854a-cf034a50e46a,2a557c8a-e713-48d1-8205-e90d6d4721af,ENT,ENT,1416,1723
65b65d97-cee5-4022-8531-0db0f68c4099,2a557c8a-e713-48d1-8205-e90d6d4721af,URO,Urology,974,1381
f4792b43-f22b-4721-b8a9-367a6379b38a,2a557c8a-e713-48d1-8205-e90d6d4721af,NEURO,Neurology,916,1491
347605a2-4b1d-459a-9124-ce31b87aeb13,2a557c8a-e713-48d1-8205-e90d6d4721af,OPTH,Ophthalmology,1941,1021
751d5279-b162-419a-83ab-3aa35663ede2,2b6476b1-abcf-4e12-a7ab-c43ea29f80ad,OPTH,Ophthalmology,882,435
4870e6d3-2977-49fa-bd34-d982a7cc1a73,2b6476b1-abcf-4e12-a7ab-c43ea29f80ad,URO,Urology,2324,600
a02064f4-de67-4085-b95f-f2201f70a539,2b855e3e-e7a1-4dbd-b1a9-6b9e49850376,CARD,Cardiology,726,327
9675afc6-6864-4cb3-88f1-1ee790e21147,2b855e3e-e7a1-4dbd-b1a9-6b9e49850376,GS,General Surgery,1496,807
5ead379b-7c8b-4d2a-a5d9-f39e7263329f,2b855e3e-e7a1-4dbd-b1a9-6b9e49850376,OBG,Obstetrics & Gynaecology,863,472
662d7314-4978-44dd-8af5-2f8bf3b1186a,2b855e3e-e7a1-4dbd-b1a9-6b9e49850376,OPTH,Ophthalmology,201,1924
3d1a1bb0-80ae-4d68-84f2-4fc9fcfbd9ac,2b855e3e-e7a1-4dbd-b1a9-6b9e49850376,MED,General Medicine,1193,544
0e7b9f61-6b93-49b6-9ad6-cae1f1b9da02,2b855e3e-e7a1-4dbd-b1a9-6b9e49850376,ONCO,Oncology,865,1036
66cd5035-7c54-41f2-b96b-d97a394ffdf7,2ba61159-01d9-4a0f-9707-70b302bc869b,OBG,Obstetrics & Gynaecology,2231,359
0c747cd4-7f57-4530-8914-f5d9915a9c2c,2ba61159-01d9-4a0f-9707-70b302bc869b,OPTH,Ophthalmology,634,1840
277474e1-a866-42f3-8292-98c2ddf29593,2ba61159-01d9-4a0f-9707-70b302bc869b,PEDS,Paediatrics,201,345
bb3158d6-c01b-497d-9493-18da09a0c5b7,2ba61159-01d9-4a0f-9707-70b302bc869b,URO,Urology,578,816
8647b6ce-0108-4086-a416-cfa2fd5383b6,2ba61159-01d9-4a0f-9707-70b302bc869b,CARD,Cardiology,2164,382
de1bba62-b2b6-4652-95be-c4654913f535,2ba61159-01d9-4a0f-9707-70b302bc869b,ENT,ENT,876,1553
2ba1689b-7547-4f5b-8aff-2131efbe0d37,2bf50a3a-2318-4c54-ba0f-e5797d1825e9,OPTH,Ophthalmology,709,1162
26376c5e-23dc-4e05-902c-faa353b98a76,2bf50a3a-2318-4c54-ba0f-e5797d1825e9,CARD,Cardiology,110,675
68937873-c2ec-4010-9575-325366238f5d,2bf50a3a-2318-4c54-ba0f-e5797d1825e9,NEURO,Neurology,1629,878
cb96a54f-fd9d-409e-88a8-c8a9661e6b4a,2bf50a3a-2318-4c54-ba0f-e5797d1825e9,URO,Urology,678,1387
47ca6845-c1d1-43ae-9d49-b77f8df87add,2c47cf2f-06c6-439a-8bd4-b8057bc14e83,MED,General Medicine,908,1600
04753546-2b56-424e-bce1-49a2ffcbbd52,2c47cf2f-06c6-439a-8bd4-b8057bc14e83,URO,Urology,1182,754
e581ee8f-af69-4d0d-866f-3690705067d6,2c47cf2f-06c6-439a-8bd4-b8057bc14e83,ONCO,Oncology,1271,809
23e0cfa6-fc6b-4be9-adeb-a908d8e8988f,2c47cf2f-06c6-439a-8bd4-b8057bc14e83,OPTH,Ophthalmology,511,333
72bab76d-fd95-46b1-b921-3f2aa0c0dbc6,2d0db206-a334-4099-9bca-261dc45facd4,MED,General Medicine,739,1180
5cd13310-6448-4d90-842f-ab836dd8bdb0,2d0db206-a334-4099-9bca-261dc45facd4,CARD,Cardiology,779,1210
fb3f7f88-ca4b-44d4-85a4-3af17f556aeb,2d0db206-a334-4099-9bca-261dc45facd4,GS,General Surgery,1309,314
c0d119ea-d871-4595-8b48-41a0022c97a2,2d0db206-a334-4099-9bca-261dc45facd4,URO,Urology,369,466
ee13f71a-80b7-45ce-a038-718a35394efd,2d0db206-a334-4099-9bca-261dc45facd4,OPTH,Ophthalmology,1177,576
8a51e43a-f8fd-4fde-9bcb-106d704e8d01,2d0db206-a334-4099-9bca-261dc45facd4,ORTH,Orthopaedics,742,1133
08867250-0898-4907-b5a6-c1e154ac1922,2d0db206-a334-4099-9bca-261dc45facd4,ENT,ENT,1306,1824
840b4bcd-b0ac-4685-8144-e37b80067a0a,2d0db206-a334-4099-9bca-261dc45facd4,NEURO,Neurology,430,1411
84e9bf66-e3f3-4d35-affd-2a9a424e967b,2d0db206-a334-4099-9bca-261dc45facd4,ONCO,Oncology,1149,605
bc130e83-9265-4224-a45b-a87d47b926cf,2e6c7540-d36e-4602-9a66-c1c11e0c1a77,GS,General Surgery,1193,1425
c55e6b77-1562-4c91-a29f-c0ac91fb2b2c,2e6c7540-d36e-4602-9a66-c1c11e0c1a77,CARD,Cardiology,1633,604
4e8ea3fd-e5d6-4cff-9216-cfa439e944e4,2e6c7540-d36e-4602-9a66-c1c11e0c1a77,OPTH,Ophthalmology,1749,1028
1a7e8373-059f-4093-a66a-96d58029481d,2e6c7540-d36e-4602-9a66-c1c11e0c1a77,NEURO,Neurology,1111,221
f5c51ebf-56d6-4658-88f3-bd43561818da,2e6c7540-d36e-4602-9a66-c1c11e0c1a77,ONCO,Oncology,1126,1027
528dad48-0c11-4ad2-ac06-a7357f6a1f16,2ec17cf7-15f7-4bc1-b24c-0fad95e318a1,CARD,Cardiology,871,2069
22882a67-35b6-455c-8486-07fa07bc6613,2ec17cf7-15f7-4bc1-b24c-0fad95e318a1,MED,General Medicine,752,1173
c5d709b1-8778-4dd5-9c37-d49065137025,2ec17cf7-15f7-4bc1-b24c-0fad95e318a1,ONCO,Oncology,50,954
9168feb8-6a5f-42c1-8297-f686815932f4,2ec17cf7-15f7-4bc1-b24c-0fad95e318a1,OPTH,Ophthalmology,1617,351
17a72338-ffcd-46f0-a139-b3bd9d97551f,2ec17cf7-15f7-4bc1-b24c-0fad95e318a1,URO,Urology,1847,2713
da81604b-a717-4857-8b77-c99eb3e36a8b,2ec17cf7-15f7-4bc1-b24c-0fad95e318a1,ENT,ENT,685,955
bb4d989e-95ea-4dcf-9766-b0fc4f6ffe23,2eccdbdf-0bc5-4179-9e23-51eec32278fd,MED,General Medicine,1483,1375
273a6774-428a-4343-8394-18b24b738bb0,2eccdbdf-0bc5-4179-9e23-51eec32278fd,CARD,Cardiology,495,1480
ba980f16-c507-450c-a176-7c216ac394e4,2eccdbdf-0bc5-4179-9e23-51eec32278fd,ORTH,Orthopaedics,314,1007
0c019183-df5d-4b5f-bd1d-0cce2288e716,2eccdbdf-0bc5-4179-9e23-51eec32278fd,OPTH,Ophthalmology,841,1840
0890d2b8-7230-42d9-bf79-53ceb6ec125a,2eccdbdf-0bc5-4179-9e23-51eec32278fd,PEDS,Paediatrics,424,1788
1e1991dd-05ba-4c61-acd8-16923900a5ff,2eccdbdf-0bc5-4179-9e23-51eec32278fd,ENT,ENT,766,712
6df0dd30-c3ed-460a-bd22-c92221caa025,2ece46c0-d99c-499e-95a5-c0d91ef7a0c1,OBG,Obstetrics & Gynaecology,1765,1844
32767904-3a90-4aba-ad01-2d8959b18606,2ece46c0-d99c-499e-95a5-c0d91ef7a0c1,GS,General Surgery,601,2226
a03fde96-17b5-4b8f-92df-92419309e24a,2ece46c0-d99c-499e-95a5-c0d91ef7a0c1,OPTH,Ophthalmology,1450,1184
62fc095b-00ee-4562-bcc7-668c610758a8,2ece46c0-d99c-499e-95a5-c0d91ef7a0c1,NEURO,Neurology,1344,973
041574e6-63d0-46a3-9604-4d2e9f52f01c,2ece46c0-d99c-499e-95a5-c0d91ef7a0c1,ENT,ENT,1265,1546
0c978336-29f1-4fd3-8a14-48792afefed9,2ece46c0-d99c-499e-95a5-c0d91ef7a0c1,PEDS,Paediatrics,775,406
7a145f06-66fc-4d2d-9680-5cc6fa21968f,2ece46c0-d99c-499e-95a5-c0d91ef7a0c1,URO,Urology,324,1302
da941a9e-db5c-43bf-9a42-9fe9c4dbecae,2f514717-477d-47ee-ae8f-5e41be9e8dc6,OBG,Obstetrics & Gynaecology,919,459
c7e1553b-21aa-4bf0-8cca-341dfa98d1fe,2f514717-477d-47ee-ae8f-5e41be9e8dc6,CARD,Cardiology,1454,775
db5e5f80-3502-4108-942c-950d2f87cfa5,2f514717-477d-47ee-ae8f-5e41be9e8dc6,URO,Urology,2391,269
7b58699d-4fc6-4ea4-96b1-b3e119096ddb,2f514717-477d-47ee-ae8f-5e41be9e8dc6,MED,General Medicine,796,1373
7df1517f-1d95-4d99-8f21-f574ff6693d0,2f514717-477d-47ee-ae8f-5e41be9e8dc6,NEURO,Neurology,2230,1369
c072b25e-d2df-494f-afa0-e82763d7c132,2f514717-477d-47ee-ae8f-5e41be9e8dc6,ONCO,Oncology,1003,692
f0e64bb4-cea9-4bed-87e0-baa869dd6695,2f514717-477d-47ee-ae8f-5e41be9e8dc6,PEDS,Paediatrics,575,829
18b33469-b265-4afa-8021-0f6a8048bbd5,2f514717-477d-47ee-ae8f-5e41be9e8dc6,ENT,ENT,1261,40
2e523231-9dae-42d9-be37-092a2362f833,2f841c1e-94ab-47f1-b4f4-6a9755c35742,GS,General Surgery,2017,759
1b2afa75-c9aa-4589-b695-df1250ca9ddc,2f841c1e-94ab-47f1-b4f4-6a9755c35742,CARD,Cardiology,687,847
edb8bc0d-c43e-4385-9f18-13edb32c201e,2f841c1e-94ab-47f1-b4f4-6a9755c35742,NEURO,Neurology,1027,1068
7ffd1007-66ab-466f-9443-31e162dd63fc,2f841c1e-94ab-47f1-b4f4-6a9755c35742,OPTH,Ophthalmology,746,570
ba73e358-f91a-4330-9c1f-5e7e1955373b,2f841c1e-94ab-47f1-b4f4-6a9755c35742,MED,General Medicine,1312,836
9a0711f3-7478-4c5f-8800-888d52a6a65f,2f841c1e-94ab-47f1-b4f4-6a9755c35742,OBG,Obstetrics & Gynaecology,822,1534
e3a6459d-7cb9-49a4-b231-e46bf865f617,2f841c1e-94ab-47f1-b4f4-6a9755c35742,URO,Urology,966,152
54c42a73-b156-43fb-af53-ce7b22cb1df5,2f841c1e-94ab-47f1-b4f4-6a9755c35742,ENT,ENT,1258,464
116ac921-e7ed-42df-a5a5-76f67d6cb517,2fff4a41-fc32-4112-b004-e2a92f1a129b,CARD,Cardiology,385,1118
1d9dd456-874d-478e-9984-7a138b366fe6,2fff4a41-fc32-4112-b004-e2a92f1a129b,OBG,Obstetrics & Gynaecology,712,984
b3d2ecfe-c93a-46b6-89ae-9731544e061e,2fff4a41-fc32-4112-b004-e2a92f1a129b,URO,Urology,1189,911
3f221916-eb17-4b94-b9a9-4a3b4ff8a6e5,2fff4a41-fc32-4112-b004-e2a92f1a129b,ONCO,Oncology,50,737
5b059a19-aaa7-4c47-8f27-858f2f8944a4,2fff4a41-fc32-4112-b004-e2a92f1a129b,ORTH,Orthopaedics,587,446
636bf71f-af0d-40f4-bc0e-5d4ed3892926,2fff4a41-fc32-4112-b004-e2a92f1a129b,NEURO,Neurology,1298,40
cc516490-931f-46ab-a19d-fc61f9d624d8,2fff4a41-fc32-4112-b004-e2a92f1a129b,OPTH,Ophthalmology,2308,1829
95ee610c-1c15-4d60-946a-f0e7250bf742,303388df-3cf7-4298-86cb-d52b810ef613,GS,General Surgery,1128,1075
e0235c97-9665-48e6-9f15-b3b906b0c879,303388df-3cf7-4298-86cb-d52b810ef613,ORTH,Orthopaedics,103,1240
a88070fc-37d6-4c6f-96e2-3eb2cdbca67b,303388df-3cf7-4298-86cb-d52b810ef613,MED,General Medicine,558,1039
608b9b0a-4d32-46a3-b99f-227c91796dac,303388df-3cf7-4298-86cb-d52b810ef613,CARD,Cardiology,641,610
3e6b2ae1-6f90-44bb-af5f-fa2230ec9a4a,303388df-3cf7-4298-86cb-d52b810ef613,ENT,ENT,2161,569
983dd63f-2bde-4ce6-9f49-de188dfb47bb,304abb1b-8927-402c-bb21-99af928a56d2,MED,General Medicine,684,820
f5827924-2ac2-42bc-bd1b-68787e2bf500,304abb1b-8927-402c-bb21-99af928a56d2,CARD,Cardiology,775,1136
367ffb95-b856-4afb-a440-955b7500bda5,304abb1b-8927-402c-bb21-99af928a56d2,NEURO,Neurology,1059,945
3a906da3-f8f1-4788-b7af-35801d600f4c,304abb1b-8927-402c-bb21-99af928a56d2,URO,Urology,1236,1263
23a98527-46c6-4499-aa0f-08e487658131,304abb1b-8927-402c-bb21-99af928a56d2,ENT,ENT,1509,1157
bed6f13b-3b6d-46ad-8784-c4fbb75bc5bb,309707bb-cb0b-41ba-b1cc-dc8c1807a945,MED,General Medicine,1358,552
37f6f4c1-c8ef-4e8a-8be9-9524bc275687,309707bb-cb0b-41ba-b1cc-dc8c1807a945,ORTH,Orthopaedics,871,1148
002e8afd-06c0-4730-a0c7-00f6675efe41,309707bb-cb0b-41ba-b1cc-dc8c1807a945,NEURO,Neurology,391,710
44fcf820-17e0-4014-b22a-f52427e2646d,309707bb-cb0b-41ba-b1cc-dc8c1807a945,ONCO,Oncology,824,1267
ba611ded-e002-46b2-a6ca-05fe0da649ec,30a2635e-e25b-4493-b0d7-47d97e9b7905,ORTH,Orthopaedics,834,1598
b37be14f-8e08-48e1-b1af-cd4bf432a335,30a2635e-e25b-4493-b0d7-47d97e9b7905,GS,General Surgery,943,1339
4718fcc3-e70c-4b2e-8a1f-9fff11b8e3ad,30a2635e-e25b-4493-b0d7-47d97e9b7905,OPTH,Ophthalmology,962,755
ddb8e040-ebda-4b60-b43e-657833b9e410,30a2635e-e25b-4493-b0d7-47d97e9b7905,CARD,Cardiology,839,826
ca7cc6bf-a5eb-42bf-887b-318da93c1bfd,30a2635e-e25b-4493-b0d7-47d97e9b7905,ENT,ENT,650,1072
f2635b5b-c7ae-4ff2-a3c0-7621a14a3efa,30a2635e-e25b-4493-b0d7-47d97e9b7905,ONCO,Oncology,608,2046
4cb28f76-7b6b-4688-a981-043ebccba857,30a2635e-e25b-4493-b0d7-47d97e9b7905,PEDS,Paediatrics,1640,1090
2468aa52-312f-4b21-b57a-6691095b79a0,310c286a-875d-456f-b815-37edfb352216,CARD,Cardiology,1069,1472
2b3a3cd6-d540-4286-939a-2df80a60d124,310c286a-875d-456f-b815-37edfb352216,ORTH,Orthopaedics,1640,816
aa64fd76-f8ca-4e12-ac16-6d0e214d15af,310c286a-875d-456f-b815-37edfb352216,ENT,ENT,1891,908
124381c8-4967-4e45-bb43-6e12d5e5e6ed,310c286a-875d-456f-b815-37edfb352216,URO,Urology,983,2406
9c12ebc4-87a3-436a-b174-3ce272fd9dff,310c286a-875d-456f-b815-37edfb352216,MED,General Medicine,772,910
be773679-2c50-4c8d-ad9b-9160fa449905,310c286a-875d-456f-b815-37edfb352216,ONCO,Oncology,757,870
8b38b56f-30b2-41ff-9ddc-874b7ea60c10,3119e15b-f4c5-4a03-ab6e-7d7d3f74d54d,MED,General Medicine,772,1455
db2156cb-7c02-4aba-9e24-bc3f384ad659,3119e15b-f4c5-4a03-ab6e-7d7d3f74d54d,CARD,Cardiology,664,2121
f6865409-57c4-42e2-be93-38641da901a9,3119e15b-f4c5-4a03-ab6e-7d7d3f74d54d,NEURO,Neurology,1227,527
57f43410-c8fe-4ac3-8f8b-e2129f208bdd,3119e15b-f4c5-4a03-ab6e-7d7d3f74d54d,URO,Urology,1151,1175
489e5210-a3a4-47ca-a068-30c08dc1e1b4,3119e15b-f4c5-4a03-ab6e-7d7d3f74d54d,OPTH,Ophthalmology,2051,895
3eb34240-802c-4e5d-a811-129cd4d4f977,3119e15b-f4c5-4a03-ab6e-7d7d3f74d54d,ORTH,Orthopaedics,1006,1238
5557b96a-284e-44d1-84bc-6248fecafb8d,3157d0e1-190e-4ba7-b8f7-d292880a2840,CARD,Cardiology,342,1049
3f4e2d6a-79c5-4e73-9483-8a320ea012fa,3157d0e1-190e-4ba7-b8f7-d292880a2840,NEURO,Neurology,1176,1505
5178d316-edfd-442a-8354-a4f50831c1f3,3157d0e1-190e-4ba7-b8f7-d292880a2840,OPTH,Ophthalmology,115,642
3e73485d-9daa-4691-a12a-a59bbe395429,3195b4fa-9765-4e14-a6cb-ee9578600c2b,GS,General Surgery,2499,947
1b994789-8e5f-4140-b839-448bad25b844,3195b4fa-9765-4e14-a6cb-ee9578600c2b,NEURO,Neurology,2342,1064
53c91d92-9720-4ede-ab00-bcd2ed62061d,3195b4fa-9765-4e14-a6cb-ee9578600c2b,ENT,ENT,2062,953
8d10d688-4907-48e8-97e9-73564f018176,3195b4fa-9765-4e14-a6cb-ee9578600c2b,OPTH,Ophthalmology,662,347
5a4ca932-8c2a-4d41-8ad7-61cd1f90d7df,3195b4fa-9765-4e14-a6cb-ee9578600c2b,ORTH,Orthopaedics,547,1164
b3e6ba7c-1892-4520-9c24-784865f99c61,3234c76e-4303-4225-b839-9398cec4cdc7,GS,General Surgery,629,814
970c3d3c-d0e9-48b0-8a99-23cdde45570b,3234c76e-4303-4225-b839-9398cec4cdc7,OBG,Obstetrics & Gynaecology,957,1197
545906ea-e2fe-487f-a0ac-08d10b6f095f,3234c76e-4303-4225-b839-9398cec4cdc7,MED,General Medicine,534,1393
1b855e91-fc51-433e-a758-ca12332611b7,3234c76e-4303-4225-b839-9398cec4cdc7,OPTH,Ophthalmology,903,1475
1b6c1004-4d9d-4109-bbc9-f092182310d9,3234c76e-4303-4225-b839-9398cec4cdc7,NEURO,Neurology,963,54
983f72a0-1fc8-43d8-ad59-46ba44c8b2ac,3234c76e-4303-4225-b839-9398cec4cdc7,PEDS,Paediatrics,679,408
ed75e969-0044-4867-8feb-c27befc4dd66,3234c76e-4303-4225-b839-9398cec4cdc7,ONCO,Oncology,700,1181
6e9ee211-eb3a-4ef4-849e-34b17089c0aa,32536ac4-c916-4805-bf22-7f9facafca42,OBG,Obstetrics & Gynaecology,50,815
811134d3-a9db-4c5b-9770-9dbc29a75924,32536ac4-c916-4805-bf22-7f9facafca42,ORTH,Orthopaedics,749,827
30a7cd7e-19b2-444b-87df-058df9c6eb59,32536ac4-c916-4805-bf22-7f9facafca42,MED,General Medicine,717,1429
3ae4822a-93d8-4129-9716-b2675661db68,32536ac4-c916-4805-bf22-7f9facafca42,CARD,Cardiology,200,2221
d399ff54-f1d2-4060-b38e-6d0ca1a19bf9,32536ac4-c916-4805-bf22-7f9facafca42,OPTH,Ophthalmology,1276,40
346e70fd-07dd-4095-acae-c8c3875ec603,32536ac4-c916-4805-bf22-7f9facafca42,PEDS,Paediatrics,734,990
2e1beb94-72b3-47a6-98a6-0c54bd935bf0,32536ac4-c916-4805-bf22-7f9facafca42,ENT,ENT,936,670
281acbf4-f419-4875-9d90-cd871d379df2,329a769e-96ab-48fb-b82a-409c20359649,OBG,Obstetrics & Gynaecology,901,988
0944b18a-34a3-490d-ad00-6c69e2a867fd,329a769e-96ab-48fb-b82a-409c20359649,CARD,Cardiology,707,1455
ab1ffdff-16dc-4585-9eb2-3d391509e5c7,329a769e-96ab-48fb-b82a-409c20359649,ORTH,Orthopaedics,115,1338
22615445-9b25-41d0-b0b5-1602b33386d9,329a769e-96ab-48fb-b82a-409c20359649,OPTH,Ophthalmology,1325,622
176a36cc-77e8-4369-bb12-c2525cfbfd6b,329a769e-96ab-48fb-b82a-409c20359649,ENT,ENT,1129,947
f7ac4222-87f4-43e0-a9e5-0f2650602cd3,329a769e-96ab-48fb-b82a-409c20359649,ONCO,Oncology,1438,1209
3329b00d-55e2-4790-bec5-cd09b0a20139,34090c65-27b3-4fd0-9365-9c0db5a3a046,ORTH,Orthopaedics,1008,577
6258c4aa-9351-4f39-95be-7448d9367ef9,34090c65-27b3-4fd0-9365-9c0db5a3a046,PEDS,Paediatrics,511,467
b2a583cc-42f3-439a-be02-39359c42a767,34090c65-27b3-4fd0-9365-9c0db5a3a046,NEURO,Neurology,1584,1120
ccf559b6-bcaf-4918-b43f-f7af762e1ecb,34582c76-948b-4ff1-b5ea-30b1e41c3fd3,GS,General Surgery,50,1683
a3bf9aa8-26fc-4c44-a5cc-b29cd897ea38,34582c76-948b-4ff1-b5ea-30b1e41c3fd3,CARD,Cardiology,594,1153
85018469-57f9-46ea-b9ef-a5cd819cb9cc,34582c76-948b-4ff1-b5ea-30b1e41c3fd3,OBG,Obstetrics & Gynaecology,2494,292
f5eed1db-aee2-4d64-a171-7921c00c78f2,34582c76-948b-4ff1-b5ea-30b1e41c3fd3,OPTH,Ophthalmology,223,1168
0ce03e64-5dcf-4225-811d-b5d3c3c78121,34582c76-948b-4ff1-b5ea-30b1e41c3fd3,ORTH,Orthopaedics,785,1003
d9d7f61f-f875-436d-9b45-7f6a09b8bc69,34dbc358-44de-45b3-8185-99e0856b2a0a,URO,Urology,319,810
da2db879-fc72-405a-9111-5c2bd972e2bf,34dbc358-44de-45b3-8185-99e0856b2a0a,CARD,Cardiology,1341,589
7dca734d-bf27-4324-b0e4-1902f286b390,34dbc358-44de-45b3-8185-99e0856b2a0a,NEURO,Neurology,760,1076
6093da42-a3ae-488f-bcce-6ec16551f7df,34dbc358-44de-45b3-8185-99e0856b2a0a,GS,General Surgery,302,835
1ab3f4e8-3f9f-4389-b76f-039c7968262a,34dbc358-44de-45b3-8185-99e0856b2a0a,ONCO,Oncology,1090,848
9bb14364-a2aa-4b9c-b7aa-648702b26994,350580da-c699-43df-b0d1-5da92941d91b,MED,General Medicine,1240,1187
668f724e-36f8-4f23-94c6-a6042b0fa765,350580da-c699-43df-b0d1-5da92941d91b,CARD,Cardiology,772,912
cd1dac55-5ea5-4cee-b25c-9deb83b9d996,350580da-c699-43df-b0d1-5da92941d91b,GS,General Surgery,1312,1322
2196958a-b67c-44d2-b7de-7d51216b3cc3,350580da-c699-43df-b0d1-5da92941d91b,ONCO,Oncology,727,1046
798982dd-3ebf-4f17-9925-ad77dc8d0481,350580da-c699-43df-b0d1-5da92941d91b,OPTH,Ophthalmology,1164,1626
ddcff4e4-4ba6-471a-b904-0772835d7373,350580da-c699-43df-b0d1-5da92941d91b,URO,Urology,1291,1376
b4c35c85-1e5f-4e58-b226-86e15f180f7e,350580da-c699-43df-b0d1-5da92941d91b,ENT,ENT,1710,1735
ef8fadb7-88d4-491f-970e-eecf1f6ba15f,35d13594-7d71-4af5-b9a4-593c846ee525,GS,General Surgery,796,1258
e055cd46-61f7-4e7b-85a9-a7e728d89653,35d13594-7d71-4af5-b9a4-593c846ee525,CARD,Cardiology,1395,1056
b481df6f-ec29-4a4f-8788-8f7139fb85cd,35d13594-7d71-4af5-b9a4-593c846ee525,ORTH,Orthopaedics,1117,719
55f4d516-2c14-46d5-bbbe-9fc815e81990,35d13594-7d71-4af5-b9a4-593c846ee525,OPTH,Ophthalmology,1405,835
3c28f069-5a25-4aab-8984-7dcfedc70144,35d13594-7d71-4af5-b9a4-593c846ee525,PEDS,Paediatrics,1690,1660
4fbce45e-c40e-4f0e-88f0-2b14e6bc2be8,36444e3e-7a59-4ea5-8c9a-c6340604da8c,OBG,Obstetrics & Gynaecology,452,1390
f5135094-2c2e-476f-8526-0e746b286c46,36444e3e-7a59-4ea5-8c9a-c6340604da8c,GS,General Surgery,473,1049
4ac0b013-be49-4d3b-bd65-2de9f1768e93,36444e3e-7a59-4ea5-8c9a-c6340604da8c,NEURO,Neurology,878,351
c38224f8-4634-4a5d-a8ba-0f9cca13047b,36444e3e-7a59-4ea5-8c9a-c6340604da8c,ORTH,Orthopaedics,1018,1188
acc21362-b6c5-4406-99e8-8c03ef38709e,36444e3e-7a59-4ea5-8c9a-c6340604da8c,CARD,Cardiology,1182,991
bf76aa13-60ae-4635-b7c3-9dc3e32ddc0c,36444e3e-7a59-4ea5-8c9a-c6340604da8c,ONCO,Oncology,793,40
200764ab-9527-4031-bde7-062a18672e36,36514112-6034-4d11-bcc2-83c07762bea0,GS,General Surgery,1130,1462
a97e1b45-b3f3-46f9-9151-0b05928b0629,36514112-6034-4d11-bcc2-83c07762bea0,ORTH,Orthopaedics,1142,503
0d48b783-da6c-41ed-b330-1fa2ce4457f9,36514112-6034-4d11-bcc2-83c07762bea0,PEDS,Paediatrics,915,242
5180b74b-1c9c-44f3-9a98-d59a290d8efb,36514112-6034-4d11-bcc2-83c07762bea0,URO,Urology,958,841
0beb74aa-f534-4421-9033-6d94abe7d8e9,36514112-6034-4d11-bcc2-83c07762bea0,MED,General Medicine,618,1017
1858751a-d543-4e0d-9c6b-a5c168421f72,36514112-6034-4d11-bcc2-83c07762bea0,OPTH,Ophthalmology,741,274
945802e7-fe27-43ca-9467-d2eae8381352,36514112-6034-4d11-bcc2-83c07762bea0,NEURO,Neurology,2145,871
0f30cf3e-702c-4ee6-a4bf-b9b52fd8a583,369c4792-d860-46d9-9e91-928c88baf369,GS,General Surgery,1141,496
f3a47a57-584c-455b-a97a-149c5f61f5b5,369c4792-d860-46d9-9e91-928c88baf369,CARD,Cardiology,465,316
bfd713a8-ef7c-4218-9dda-1a1c20662470,369c4792-d860-46d9-9e91-928c88baf369,ORTH,Orthopaedics,1055,40
9e1b403d-fac1-4961-81ca-9efbaeb4769b,369c4792-d860-46d9-9e91-928c88baf369,MED,General Medicine,1866,1265
6fe618f0-930d-4809-b48f-2c1162dddc92,369c4792-d860-46d9-9e91-928c88baf369,URO,Urology,1026,418
b0ffc2d5-d1a6-439a-a0cf-c7c8d891eafb,369c4792-d860-46d9-9e91-928c88baf369,ENT,ENT,607,1418
7bcf1f96-eb13-4d2e-9f66-05808c0b20a6,369c4792-d860-46d9-9e91-928c88baf369,NEURO,Neurology,2278,1569
f519fd2d-9514-4cf8-8cb9-638bbe490204,377821b2-a49b-4bc4-a0f1-4fb8c7f6285f,CARD,Cardiology,1675,1651
2033cf43-7ba4-46d2-bc13-3199f0a48903,377821b2-a49b-4bc4-a0f1-4fb8c7f6285f,ONCO,Oncology,50,94
260ab6a9-6c2a-4afd-92ec-3d547b2bd345,377821b2-a49b-4bc4-a0f1-4fb8c7f6285f,OPTH,Ophthalmology,591,925
9931ed89-d4ff-43bd-ad83-b52eeb524333,377821b2-a49b-4bc4-a0f1-4fb8c7f6285f,PEDS,Paediatrics,1928,966
daf1c836-454b-478e-b1a9-9ee5e39e905d,377821b2-a49b-4bc4-a0f1-4fb8c7f6285f,URO,Urology,1458,1015
bd0c9373-7262-4fb5-a0f8-067aeea03cf1,37a7248b-0a18-4b56-b333-4f11d5643ec8,CARD,Cardiology,1258,1608
b6f1aacc-33d4-44ba-a26b-8f05ca58cc58,37a7248b-0a18-4b56-b333-4f11d5643ec8,ORTH,Orthopaedics,737,1114
9596e5eb-013b-41ea-a326-7a288dad74bf,37a7248b-0a18-4b56-b333-4f11d5643ec8,ENT,ENT,1118,1129
094811cc-aafc-495e-a790-c05d20b8f5d5,37a7248b-0a18-4b56-b333-4f11d5643ec8,MED,General Medicine,916,1711
404d8719-3693-4a13-a98d-b283eb2d7fe5,37a7248b-0a18-4b56-b333-4f11d5643ec8,ONCO,Oncology,529,1504
c0bd3fc7-74c0-428b-bd44-249a99e41310,37c2029e-65e3-4f0a-8c71-cb31a2f88e56,ORTH,Orthopaedics,1920,492
d720bfd8-965e-416e-9e46-f0634f640601,37c2029e-65e3-4f0a-8c71-cb31a2f88e56,MED,General Medicine,467,2268
07bdd269-e816-4751-b432-9e6f96ac2e38,37c2029e-65e3-4f0a-8c71-cb31a2f88e56,CARD,Cardiology,1860,40
e10ac699-1644-4e3d-88ad-1795596a9ccb,37c2029e-65e3-4f0a-8c71-cb31a2f88e56,ENT,ENT,444,1601
f1e90774-46f2-48e8-8150-0ed7d44f9a8a,37c2029e-65e3-4f0a-8c71-cb31a2f88e56,PEDS,Paediatrics,1296,570
e1976aaa-9771-449a-9916-690c60d7a5a2,37c2029e-65e3-4f0a-8c71-cb31a2f88e56,OPTH,Ophthalmology,1317,1386
9a449362-cfbb-4c03-883d-0fb6aa7334c2,37f8d188-6fb6-403e-bdc9-409b6a860db1,MED,General Medicine,1241,415
315e21c3-a05d-47f5-a84d-8e1fce1c4e10,37f8d188-6fb6-403e-bdc9-409b6a860db1,URO,Urology,789,253
c2072d88-e549-4b0d-96c7-ed0f76b23685,37f8d188-6fb6-403e-bdc9-409b6a860db1,ENT,ENT,1809,530
0b474159-8ba2-414e-bc18-f1f5be31defc,37f8d188-6fb6-403e-bdc9-409b6a860db1,OPTH,Ophthalmology,1249,510
8b6e1234-fa3e-41fa-8708-4ff37d7da00a,383efd30-cbe2-4006-a0d0-f5e8d18e4a7e,GS,General Surgery,791,648
af2e27e3-dfee-4110-9ac2-3f09c694e196,383efd30-cbe2-4006-a0d0-f5e8d18e4a7e,CARD,Cardiology,1941,455
e38a8f83-d3e3-4a65-aac0-87808a59e992,383efd30-cbe2-4006-a0d0-f5e8d18e4a7e,ORTH,Orthopaedics,965,469
f3231ad2-a878-4bd8-8376-4fc519082cd1,383efd30-cbe2-4006-a0d0-f5e8d18e4a7e,MED,General Medicine,1017,1001
8a66ad61-c81b-4fbb-96c5-ef2c0600ef76,383efd30-cbe2-4006-a0d0-f5e8d18e4a7e,ENT,ENT,915,40
d4f66561-2f80-476b-997d-419d7e3cb692,383efd30-cbe2-4006-a0d0-f5e8d18e4a7e,NEURO,Neurology,1223,103
fd4037ec-0e0e-4636-888c-2a7c8a9cb1ad,383efd30-cbe2-4006-a0d0-f5e8d18e4a7e,OPTH,Ophthalmology,1773,621
38d420a8-8092-4ddc-8faf-e51eb99ca90f,38649307-865a-4a7e-aa7f-91fd66ad2b69,CARD,Cardiology,1095,1478
b2aa7d3b-47ab-40f2-8a90-7a06adb36176,38649307-865a-4a7e-aa7f-91fd66ad2b69,MED,General Medicine,983,1551
0e424137-cd81-46bc-a76a-f84b7386b544,38649307-865a-4a7e-aa7f-91fd66ad2b69,URO,Urology,1436,1462
8296aa62-31de-40ed-8cff-f586d3f9d1a8,396f282a-612c-4ce1-9dcf-9330f9dd8328,MED,General Medicine,639,393
b22470cf-2c3b-4156-a865-a801c1b30026,396f282a-612c-4ce1-9dcf-9330f9dd8328,ORTH,Orthopaedics,1230,296
76e8c246-9076-4d29-9e18-a62fe8cdd810,396f282a-612c-4ce1-9dcf-9330f9dd8328,URO,Urology,1508,1620
17aa13b8-9892-4cf7-b89f-40e1c4e32389,3ad4306b-33ba-495a-be38-434868832ac7,CARD,Cardiology,1298,1547
124cdfb3-96e9-4ebb-be38-f8765a9bf56e,3ad4306b-33ba-495a-be38-434868832ac7,MED,General Medicine,1977,1296
6cfcda32-7d99-4864-81f1-956040679ceb,3ad4306b-33ba-495a-be38-434868832ac7,ENT,ENT,547,1007
31e5ecfb-f4bc-42b2-b953-ea5e551b9b82,3ad4306b-33ba-495a-be38-434868832ac7,OPTH,Ophthalmology,2017,1307
a9a64771-ed41-48be-8d98-8447714c9690,3ad4306b-33ba-495a-be38-434868832ac7,PEDS,Paediatrics,868,480
ae856e69-90d7-46cb-ba33-17d199567792,3ad4306b-33ba-495a-be38-434868832ac7,URO,Urology,1265,1598
64cd4edd-454f-45d0-9585-1bb541ad814f,3b10c69b-57d0-4699-8ace-72476649f51a,ORTH,Orthopaedics,1145,1336
21aff20b-d67f-4ed9-bfe2-d60936af30e9,3b10c69b-57d0-4699-8ace-72476649f51a,URO,Urology,1082,163
e1f37af9-176c-4cb2-a5e9-ac3033826bdc,3b10c69b-57d0-4699-8ace-72476649f51a,CARD,Cardiology,1541,1493
16c1c03a-9990-4f99-99e1-87a8b81d094c,3b10c69b-57d0-4699-8ace-72476649f51a,OPTH,Ophthalmology,322,1375
0cd370bc-9a1c-4fa1-9869-d5aa038d38a5,3bccff24-ff82-430d-a7b8-7f3b7501585c,CARD,Cardiology,349,895
b659c5f3-80d2-4602-9aff-4232b3238756,3bccff24-ff82-430d-a7b8-7f3b7501585c,GS,General Surgery,1046,807
b7cee097-f809-4d49-ad50-0bd36f56189f,3bccff24-ff82-430d-a7b8-7f3b7501585c,URO,Urology,1456,432
ecc1af91-e500-4acf-9bbd-ff861deda228,3bccff24-ff82-430d-a7b8-7f3b7501585c,NEURO,Neurology,1565,1556
333db4f0-7466-43e8-aef7-4feda634aa1c,3bccff24-ff82-430d-a7b8-7f3b7501585c,OBG,Obstetrics & Gynaecology,1060,632
b884f8f0-3ff0-4534-8b4a-fb5c4752cfa6,3bce3988-243e-4ade-8f58-92ce3d1e3285,CARD,Cardiology,224,334
b8934417-4251-4d22-9019-044865b35362,3bce3988-243e-4ade-8f58-92ce3d1e3285,ONCO,Oncology,882,40
bda53080-49d5-403a-b305-d2b0fd7e17d9,3bce3988-243e-4ade-8f58-92ce3d1e3285,PEDS,Paediatrics,75,2459
57dd4a09-8112-4658-925f-728a08b033be,3bce3988-243e-4ade-8f58-92ce3d1e3285,ENT,ENT,1301,617
a9bbb750-b127-4b6a-adb2-8e27b86edb00,3bce3988-243e-4ade-8f58-92ce3d1e3285,URO,Urology,773,1727
b4989896-3cc3-4097-a85f-06576961a709,3be409f2-d45f-47c7-afef-1980af1813d9,MED,General Medicine,939,599
66f44d21-9204-4cf6-a4b2-583bb4d28b12,3be409f2-d45f-47c7-afef-1980af1813d9,ENT,ENT,390,40
9e465b75-52e7-4595-98ed-17a2ee459d42,3be409f2-d45f-47c7-afef-1980af1813d9,OPTH,Ophthalmology,263,40
b50d1050-e69b-4117-9231-e2ba5fab6a7d,3be409f2-d45f-47c7-afef-1980af1813d9,ONCO,Oncology,714,92
0b96d5c2-75ca-4b26-ae20-efa73338f242,3bfa5202-683d-4c96-b57e-d90f4e583b89,OBG,Obstetrics & Gynaecology,288,722
1cad1681-38b9-41a1-9237-39c983b4918b,3bfa5202-683d-4c96-b57e-d90f4e583b89,OPTH,Ophthalmology,1457,1100
8f1fec2e-5384-4d83-afbf-dbb0a45ed206,3bfa5202-683d-4c96-b57e-d90f4e583b89,MED,General Medicine,1692,1086
492c7769-0051-4169-a33b-1caf9fed3d33,3bfa5202-683d-4c96-b57e-d90f4e583b89,ONCO,Oncology,90,1216
8922d46e-6f59-48b3-bd94-8e502b27c5cc,3bfa5202-683d-4c96-b57e-d90f4e583b89,URO,Urology,781,636
959cdd99-fb34-442c-848a-11444a785fbf,3c3f46e9-10c8-4f1e-8b29-5ea7bf21c8d7,MED,General Medicine,1303,1053
3cdbe261-7fed-4747-80ab-7ac3e2ffe9e5,3c3f46e9-10c8-4f1e-8b29-5ea7bf21c8d7,CARD,Cardiology,510,663
f31b7625-8bfe-4d5c-84c6-e2e613e91ed9,3c3f46e9-10c8-4f1e-8b29-5ea7bf21c8d7,GS,General Surgery,815,1077
aa9679b7-dbd8-4e12-877d-9b43dd293347,3c3f46e9-10c8-4f1e-8b29-5ea7bf21c8d7,ENT,ENT,1360,1502
91f824a1-4e29-4529-839a-5d055acecdc8,3c3f46e9-10c8-4f1e-8b29-5ea7bf21c8d7,PEDS,Paediatrics,1335,105
621244b5-d92e-45be-85d9-c9c83a22d692,3c3f46e9-10c8-4f1e-8b29-5ea7bf21c8d7,NEURO,Neurology,669,857
a8ef589b-03bd-4578-983b-d04a6754cc53,3c3f46e9-10c8-4f1e-8b29-5ea7bf21c8d7,ONCO,Oncology,1016,1007
40ae6766-2624-4b96-ad42-6cbcef4ef9dd,3c8687da-be51-4a29-9221-be1dbe037dc6,OBG,Obstetrics & Gynaecology,817,1599
e5f9aee8-2070-43e7-8ea8-f95b97336808,3c8687da-be51-4a29-9221-be1dbe037dc6,CARD,Cardiology,1007,40
dd0e0e49-34a2-4830-b3a5-78793909c44b,3c8687da-be51-4a29-9221-be1dbe037dc6,URO,Urology,1445,693
59698743-eee8-4130-8966-e11d7a90979e,3c8687da-be51-4a29-9221-be1dbe037dc6,ONCO,Oncology,433,885
1ef8c23d-ab0d-4bc1-a95a-529620bedb68,3c8687da-be51-4a29-9221-be1dbe037dc6,ORTH,Orthopaedics,690,772
47c6f0e1-c5c1-4c4e-b02a-b52b44298fb8,3c8687da-be51-4a29-9221-be1dbe037dc6,ENT,ENT,360,529
fc260662-75ca-4bf7-a08b-2c3b0a0acf66,3c8687da-be51-4a29-9221-be1dbe037dc6,NEURO,Neurology,755,923
22714320-318a-4af6-97e4-bc57764017ff,3c96aabd-e7cb-4c45-ac1c-614097b559da,PEDS,Paediatrics,1642,1326
a0da58b1-a31f-4bfd-a3ec-51b9c881de2c,3c96aabd-e7cb-4c45-ac1c-614097b559da,ONCO,Oncology,431,1787
82ed3467-abb4-47b3-ae78-05db3486eb2e,3c96aabd-e7cb-4c45-ac1c-614097b559da,ENT,ENT,1554,397
6e5f4d11-6ea3-4de7-887b-18e678fcef14,3c96aabd-e7cb-4c45-ac1c-614097b559da,OPTH,Ophthalmology,1633,456
07aa602b-d58d-4933-95bd-016860919ca3,3c9da9cb-ea34-42ec-a054-f09e6f21177a,CARD,Cardiology,1543,669
30f13d49-df0a-45f8-b62e-ece0915c5941,3c9da9cb-ea34-42ec-a054-f09e6f21177a,MED,General Medicine,347,1700
bef7b36a-da51-45ce-9a1b-bd634d1c14d2,3c9da9cb-ea34-42ec-a054-f09e6f21177a,URO,Urology,1385,1030
2e16e650-061d-4b0e-a40a-e2073c72fd76,3c9da9cb-ea34-42ec-a054-f09e6f21177a,ENT,ENT,1349,1290
a3af290d-7af8-42fa-9e69-26b5bf7f1816,3c9da9cb-ea34-42ec-a054-f09e6f21177a,NEURO,Neurology,1470,1070
4796a911-1284-4474-b3bd-945d82bc39c8,3c9da9cb-ea34-42ec-a054-f09e6f21177a,ONCO,Oncology,138,914
3cf15fd4-8990-4900-ad53-67cbb2fe13f9,3c9da9cb-ea34-42ec-a054-f09e6f21177a,ORTH,Orthopaedics,682,850
13a410d0-37c5-40ed-aea6-0c49ed3deb97,3cd12cbf-cc19-45ec-ac8d-b2a68901a173,OPTH,Ophthalmology,2566,1645
60d2220d-fc88-4cc8-8b40-45db1fce6e91,3cd12cbf-cc19-45ec-ac8d-b2a68901a173,CARD,Cardiology,1642,330
d245b9e6-7ca7-433f-805f-c3ed1ca00b74,3cd12cbf-cc19-45ec-ac8d-b2a68901a173,ONCO,Oncology,1776,1446
24629b17-b4f7-416f-8310-961dfd53e462,3cd12cbf-cc19-45ec-ac8d-b2a68901a173,ORTH,Orthopaedics,644,1147
4b09069d-7d41-494f-a9f0-e1344957aa98,3cd12cbf-cc19-45ec-ac8d-b2a68901a173,URO,Urology,483,1089
bc7047fa-bb2a-49cf-9f60-d892ff3955f9,3ce1ff8c-8fbe-4cc9-a998-c11a1a878d8a,GS,General Surgery,992,718
783e6d85-86c9-4320-bb91-7467a086358a,3ce1ff8c-8fbe-4cc9-a998-c11a1a878d8a,ENT,ENT,2327,737
a5575bc1-586e-4309-ba12-14f8e751a579,3ce1ff8c-8fbe-4cc9-a998-c11a1a878d8a,ONCO,Oncology,1032,983
c2f940e0-824d-405d-8a53-b728891e0725,3ce1ff8c-8fbe-4cc9-a998-c11a1a878d8a,OPTH,Ophthalmology,824,419
a363d5ef-2bad-4a5d-9ce4-1d49bc9ba6c9,3ce1ff8c-8fbe-4cc9-a998-c11a1a878d8a,ORTH,Orthopaedics,1144,422
25e352eb-c875-421a-9b04-e0bb735d497c,3ce1ff8c-8fbe-4cc9-a998-c11a1a878d8a,NEURO,Neurology,911,1260
ced6bc4e-d92f-4958-9547-15a6eaf41bb6,3d351ae1-6397-46c8-beec-90c39193e580,MED,General Medicine,1683,1311
cc49a5c9-ce22-4143-95c0-9f47b29ae1cb,3d351ae1-6397-46c8-beec-90c39193e580,ONCO,Oncology,623,185
e4470dcb-6f42-4b84-9981-ab2bdae541a8,3d351ae1-6397-46c8-beec-90c39193e580,CARD,Cardiology,2514,1577
ee53142a-08fa-4573-85c9-1c743d6361e1,3d351ae1-6397-46c8-beec-90c39193e580,OBG,Obstetrics & Gynaecology,1185,260
fd145c27-7844-49ea-98e1-5f721adb1189,3d351ae1-6397-46c8-beec-90c39193e580,ORTH,Orthopaedics,1248,1096
98d2cb18-3e50-400b-8c81-84d5725d631b,3d351ae1-6397-46c8-beec-90c39193e580,URO,Urology,1849,828
56fc858e-9156-451d-9924-57dd7318970b,3d69bf68-ccd0-45a6-a140-7900c8b813b9,MED,General Medicine,349,49
5376bc72-e4a1-44b5-b383-cba963aae967,3d69bf68-ccd0-45a6-a140-7900c8b813b9,CARD,Cardiology,1408,313
8cda0d64-1ecc-479d-9900-0d971409ac6a,3d69bf68-ccd0-45a6-a140-7900c8b813b9,PEDS,Paediatrics,791,739
4898c541-0f1c-46f7-9b4b-a68b11a2cb7e,3d69bf68-ccd0-45a6-a140-7900c8b813b9,ENT,ENT,2156,1151
eb0bf84e-801e-49b1-9f6f-5748d6cd0070,3e4a23d2-c449-4be3-9d75-c2d3f537e4c1,ORTH,Orthopaedics,1203,956
dcce1c52-9d35-4933-b671-155adc01ee8d,3e4a23d2-c449-4be3-9d75-c2d3f537e4c1,GS,General Surgery,1127,1454
11d3aa2a-fdcf-4fb9-81d8-ffcb104dc296,3e4a23d2-c449-4be3-9d75-c2d3f537e4c1,URO,Urology,1327,555
c1ca3bba-9d67-42ca-97f9-e91879f095c5,3e4a23d2-c449-4be3-9d75-c2d3f537e4c1,CARD,Cardiology,2209,1101
f0ed4a4c-c0b4-447d-8fc6-ecf7ab8d53f2,3e4a23d2-c449-4be3-9d75-c2d3f537e4c1,PEDS,Paediatrics,734,333
b97e3b92-2acb-4830-a0fd-b4ef2edd27ac,3e62dcc9-83fe-468f-b3b1-0662ba5b31f8,GS,General Surgery,934,1868
18a0c3bf-4a1a-4f03-8fba-d049d3db59aa,3e62dcc9-83fe-468f-b3b1-0662ba5b31f8,OBG,Obstetrics & Gynaecology,1415,226
dcb5276f-8d53-4c19-8c59-06719521ef91,3e62dcc9-83fe-468f-b3b1-0662ba5b31f8,CARD,Cardiology,1530,1169
679107b3-d5a8-4df1-910a-7716a9be38dd,3e62dcc9-83fe-468f-b3b1-0662ba5b31f8,ENT,ENT,1017,965
0d720488-af17-4b77-bed8-0407fb8e73ad,3e62dcc9-83fe-468f-b3b1-0662ba5b31f8,ONCO,Oncology,309,1304
ce3d3312-28f6-472f-b06c-191373893542,3e62dcc9-83fe-468f-b3b1-0662ba5b31f8,NEURO,Neurology,1592,66
e464ef88-3dfa-4255-810a-b90ad448d31b,3e7bc9c4-a821-47e1-97d0-80309e11ef38,ORTH,Orthopaedics,513,1393
06050734-f3ab-4aa0-9d35-54fdba2711fd,3e7bc9c4-a821-47e1-97d0-80309e11ef38,URO,Urology,1281,447
09882266-0d83-4982-8bfc-5583fa4012e6,3e7bc9c4-a821-47e1-97d0-80309e11ef38,CARD,Cardiology,1544,441
c66673a1-57cd-4f4b-91a4-1db128b494c4,3e7bc9c4-a821-47e1-97d0-80309e11ef38,NEURO,Neurology,601,82
73258260-ed16-4826-aadb-596ee066f86a,3efb1b56-6fbf-49d4-ba7f-909feb0b898b,GS,General Surgery,1567,1446
19b68692-457f-47c6-b059-2cd17dd3e109,3efb1b56-6fbf-49d4-ba7f-909feb0b898b,OPTH,Ophthalmology,1727,448
22b1221f-50a7-461a-a176-75f3df165c9e,3efb1b56-6fbf-49d4-ba7f-909feb0b898b,MED,General Medicine,572,1363
2e050a9f-225e-4b87-8f33-605f93b6899b,3f6e8f71-4b5e-412c-8c2d-e44ba17b6595,OPTH,Ophthalmology,920,746
15cde168-931e-45a1-9040-f8854af093d8,3f6e8f71-4b5e-412c-8c2d-e44ba17b6595,PEDS,Paediatrics,927,860
3ef32449-d71b-4f43-b41e-ed736d5ff3af,3f6e8f71-4b5e-412c-8c2d-e44ba17b6595,URO,Urology,969,918
06fc3373-ccde-44c6-8a87-9ed66e39b11b,3fd1b318-260c-4c2b-969f-25f3f2b164a8,GS,General Surgery,1008,311
e925b9f0-9a71-4b0b-8486-a42747a836b2,3fd1b318-260c-4c2b-969f-25f3f2b164a8,ORTH,Orthopaedics,720,397
7afc9cc1-28c8-4abc-a549-93d53b2e4287,3fd1b318-260c-4c2b-969f-25f3f2b164a8,OBG,Obstetrics & Gynaecology,437,955
f08c5f51-edcb-4c63-8934-1ba9cac42187,3fd1b318-260c-4c2b-969f-25f3f2b164a8,ENT,ENT,723,40
298fa1df-da2b-4e8c-accc-64cc6c5f0fce,3fd1b318-260c-4c2b-969f-25f3f2b164a8,PEDS,Paediatrics,1601,1226
2de4a694-a747-4b64-aadf-49de0c975d66,3fd1b318-260c-4c2b-969f-25f3f2b164a8,CARD,Cardiology,2056,694
5c7f5e6c-238a-45c2-bd7c-2c768e30fb02,3fd1b318-260c-4c2b-969f-25f3f2b164a8,NEURO,Neurology,1625,1120
23c545db-a50b-4755-9114-36a36a54e1be,3fd1b318-260c-4c2b-969f-25f3f2b164a8,ONCO,Oncology,1761,1506
a268293a-c5ab-4bce-9e8b-da9d72017f5c,3fdfbb50-b470-4048-bc8a-b65b51b1e469,OBG,Obstetrics & Gynaecology,759,1587
47337d3d-47be-49c3-a575-3cf2cf28e184,3fdfbb50-b470-4048-bc8a-b65b51b1e469,URO,Urology,989,779
82023a85-34cb-40c8-acb5-0c02909691bb,3fdfbb50-b470-4048-bc8a-b65b51b1e469,GS,General Surgery,2383,766
d9c2ac35-78e3-497e-ad75-996e995804a8,3fdfbb50-b470-4048-bc8a-b65b51b1e469,ORTH,Orthopaedics,1087,853
96e042fd-32d6-430b-8ed6-ae103539f25f,3fdfbb50-b470-4048-bc8a-b65b51b1e469,MED,General Medicine,169,1187
bab9babf-e2ec-455e-986c-43934dfbc61f,3fdfbb50-b470-4048-bc8a-b65b51b1e469,OPTH,Ophthalmology,1630,979
c7a800d5-9823-4851-8cdf-2332d361ef59,3fdfbb50-b470-4048-bc8a-b65b51b1e469,ONCO,Oncology,1442,1102
e3ed3a6a-7d70-4a1e-8baa-4898f0a2445f,40cd2163-9c7f-4bd9-8a9d-7a5d870c2fc9,CARD,Cardiology,1188,707
b1f4ff8b-728b-4138-9d99-e62df0b501ed,40cd2163-9c7f-4bd9-8a9d-7a5d870c2fc9,MED,General Medicine,1740,1200
e61e00c6-8b0b-4f83-bce3-e13e483b7314,40cd2163-9c7f-4bd9-8a9d-7a5d870c2fc9,URO,Urology,786,1451
23810ab7-21b3-4f39-8f87-3eb0324e970d,40cd2163-9c7f-4bd9-8a9d-7a5d870c2fc9,OPTH,Ophthalmology,1244,1772
6834a9c9-ad60-445f-a699-22a2451c6ef5,40cd2163-9c7f-4bd9-8a9d-7a5d870c2fc9,ORTH,Orthopaedics,2187,1258
223bad28-ef22-4f9b-a3cf-73c4558f7ad6,4143e59c-9ec0-45f0-b887-43b6c113a9fb,MED,General Medicine,1299,1702
18f7456e-831d-4386-8352-a314f75addaf,4143e59c-9ec0-45f0-b887-43b6c113a9fb,URO,Urology,1946,1588
a867c9b0-39a3-44fd-a820-c380202b2766,4143e59c-9ec0-45f0-b887-43b6c113a9fb,ENT,ENT,268,590
838ac6eb-c94c-440e-a0b3-23be45c444f7,4143e59c-9ec0-45f0-b887-43b6c113a9fb,NEURO,Neurology,693,294
ac9fa4f0-e19a-4ee1-b1c1-1d585aaba1c0,4143e59c-9ec0-45f0-b887-43b6c113a9fb,OPTH,Ophthalmology,1008,580
16ac41f1-9373-4bcd-a822-402dd84885ef,415e594d-ec73-4fd4-b01a-0eae58bacad9,GS,General Surgery,526,1007
48dca137-8013-4dcc-88df-e6fbf7d3f807,415e594d-ec73-4fd4-b01a-0eae58bacad9,MED,General Medicine,1347,2064
7013f889-d683-4d44-a4ce-48e08d7fb96f,415e594d-ec73-4fd4-b01a-0eae58bacad9,OPTH,Ophthalmology,1758,1079
d2a73448-4dfb-419f-b641-ca5a4e8d05de,415e594d-ec73-4fd4-b01a-0eae58bacad9,CARD,Cardiology,1181,811
2a7d996e-bd9b-4ca9-a7f0-1379cdc6ef62,415e594d-ec73-4fd4-b01a-0eae58bacad9,ENT,ENT,1519,1506
34a849d4-d885-48df-a243-06e53247a111,415e594d-ec73-4fd4-b01a-0eae58bacad9,NEURO,Neurology,1359,1176
54c9fdbd-9c75-460d-ad1d-933530977836,415e594d-ec73-4fd4-b01a-0eae58bacad9,PEDS,Paediatrics,1377,1807
e341953d-e337-4ed8-84ce-1ca5a47a27d0,41d8aac9-6902-4859-b2a8-2d983900e190,GS,General Surgery,1097,998
b70877ce-cc18-49be-825d-c086e704a0b8,41d8aac9-6902-4859-b2a8-2d983900e190,ORTH,Orthopaedics,1404,1183
a7a7a516-8596-4b52-915a-7e107a9bd6e9,41d8aac9-6902-4859-b2a8-2d983900e190,OBG,Obstetrics & Gynaecology,1913,61
ebb6465f-0d4c-4fcb-9f38-78f7a140cf2c,41d8aac9-6902-4859-b2a8-2d983900e190,URO,Urology,793,1868
81fe93af-4af4-4136-a4ce-4cd67217d460,41d8aac9-6902-4859-b2a8-2d983900e190,CARD,Cardiology,706,419
7c0c980a-d8c3-4c63-a99b-e21bf29292a6,41d8aac9-6902-4859-b2a8-2d983900e190,NEURO,Neurology,883,1642
3886e501-0336-408d-a0ae-ed755969a11e,41daf0d0-d3ba-4bf0-a9d2-8cbaabf6d384,CARD,Cardiology,1096,741
aba052b2-9036-49ea-9b22-14dc983d1f32,41daf0d0-d3ba-4bf0-a9d2-8cbaabf6d384,OBG,Obstetrics & Gynaecology,692,1144
c0ce66bf-1639-4d85-a14c-6fad49d6fb7d,41daf0d0-d3ba-4bf0-a9d2-8cbaabf6d384,ONCO,Oncology,768,1417
390c5a1d-3ff0-4158-8961-aa5d5899e645,41daf0d0-d3ba-4bf0-a9d2-8cbaabf6d384,ENT,ENT,616,1716
0dc84094-4731-4579-a220-21827fa80abc,41daf0d0-d3ba-4bf0-a9d2-8cbaabf6d384,MED,General Medicine,207,517
285cc5a6-8ddb-4a58-9400-4bbfc2544af0,41daf0d0-d3ba-4bf0-a9d2-8cbaabf6d384,NEURO,Neurology,650,868
b6323821-ae81-43c4-9b5b-1213dd1fd9e6,41daf0d0-d3ba-4bf0-a9d2-8cbaabf6d384,OPTH,Ophthalmology,882,590
09d90674-2c65-48cd-bd00-6d4d02e6f973,41daf0d0-d3ba-4bf0-a9d2-8cbaabf6d384,PEDS,Paediatrics,1247,1354
5802e773-b09e-47ff-9f29-d359eb1f34db,420e4cba-1468-4bc7-b980-d35a71071515,MED,General Medicine,1172,493
604de205-0863-4424-b7d9-0ca0eb671ba4,420e4cba-1468-4bc7-b980-d35a71071515,OBG,Obstetrics & Gynaecology,1550,1232
04048274-826e-487e-867a-ab44a1ddea88,420e4cba-1468-4bc7-b980-d35a71071515,OPTH,Ophthalmology,1920,902
714473d1-a1b2-430b-9830-c9313fbbf3c7,420e4cba-1468-4bc7-b980-d35a71071515,URO,Urology,1216,1138
0edd094b-cbcd-405b-a6f4-9c76c81fdf62,4262d8ff-60e4-4b7f-ae17-a2e046df8613,OBG,Obstetrics & Gynaecology,780,1107
112e22e6-1d24-495e-ba4b-e96615c0d22b,4262d8ff-60e4-4b7f-ae17-a2e046df8613,GS,General Surgery,1587,1622
d1a11cc5-8a1d-45be-9749-36472bdc755d,4262d8ff-60e4-4b7f-ae17-a2e046df8613,ORTH,Orthopaedics,2384,903
7011acb2-eee4-49d6-8947-2494bbb85188,4262d8ff-60e4-4b7f-ae17-a2e046df8613,CARD,Cardiology,922,40
37b942a7-2d93-4a6b-9650-5bb0d8987821,4262d8ff-60e4-4b7f-ae17-a2e046df8613,NEURO,Neurology,2189,1428
d873b01b-a992-47c7-847a-cf7759664adb,4262d8ff-60e4-4b7f-ae17-a2e046df8613,ONCO,Oncology,1394,583
54e2dafd-3be4-4c6f-aac8-2aafa3d13754,4262d8ff-60e4-4b7f-ae17-a2e046df8613,OPTH,Ophthalmology,125,966
1135b09a-e7a4-44a3-9f50-e2fb94fa433c,433f7571-593e-4b39-89c8-49115b68c702,OBG,Obstetrics & Gynaecology,243,1328
aaf33f1a-a155-4b33-8862-7a7f08b4d75a,433f7571-593e-4b39-89c8-49115b68c702,CARD,Cardiology,1273,546
ac7fd1d9-c5dd-466d-90e8-4cccb196bedc,433f7571-593e-4b39-89c8-49115b68c702,OPTH,Ophthalmology,1443,379
c9171b80-28bb-4dea-8d4a-166214072283,433f7571-593e-4b39-89c8-49115b68c702,ORTH,Orthopaedics,1178,1180
ba03fef0-4acc-4d6c-be75-8e7fcb2d2563,433f7571-593e-4b39-89c8-49115b68c702,ONCO,Oncology,504,40
7183a159-1216-48cd-a857-ff81dc384181,433f7571-593e-4b39-89c8-49115b68c702,NEURO,Neurology,1475,184
27ef25ad-c565-44fd-a907-a093e788fa94,43996e5a-0ba1-49a3-bca8-48d6bf5d4d79,GS,General Surgery,1048,1236
81c4ec7f-8d3d-4d18-81ed-8753d52eb6c0,43996e5a-0ba1-49a3-bca8-48d6bf5d4d79,OPTH,Ophthalmology,1610,1197
040f58ad-e7a9-4c20-8cbe-b4f307bc67cf,43996e5a-0ba1-49a3-bca8-48d6bf5d4d79,URO,Urology,643,1280
680b1a16-b96a-47af-a09e-f75ee1ab8bcf,43996e5a-0ba1-49a3-bca8-48d6bf5d4d79,MED,General Medicine,50,1078
30f6a820-26c4-4c28-976e-8a1674a9bd9a,43996e5a-0ba1-49a3-bca8-48d6bf5d4d79,OBG,Obstetrics & Gynaecology,485,1184
59a05f31-eb1d-43b8-9495-0d1c7836dfff,43996e5a-0ba1-49a3-bca8-48d6bf5d4d79,CARD,Cardiology,828,1253
b3c0d70b-b7b6-42e7-9988-f27097a56ede,43996e5a-0ba1-49a3-bca8-48d6bf5d4d79,ENT,ENT,1471,45
904b89be-4ee6-43cb-83f6-fb0802d28dd8,43996e5a-0ba1-49a3-bca8-48d6bf5d4d79,NEURO,Neurology,1290,564
0c3a5e89-4e9e-4613-a3b7-eddbd2c3df41,43b7d117-b51e-46dc-b26f-696b0ff56c82,MED,General Medicine,1136,819
bca41cfa-b63c-455f-a1ec-1648aa4aa866,43b7d117-b51e-46dc-b26f-696b0ff56c82,OBG,Obstetrics & Gynaecology,236,702
a74b77e1-510a-446a-9c41-55a4136a12cf,43b7d117-b51e-46dc-b26f-696b0ff56c82,GS,General Surgery,837,1354
31d5088c-9520-4c4e-b3cd-5861c8e70b36,43b7d117-b51e-46dc-b26f-696b0ff56c82,NEURO,Neurology,841,1568
eeaad146-cecd-4b26-8ead-9a68340e055d,43b7d117-b51e-46dc-b26f-696b0ff56c82,URO,Urology,1075,1042
148c5b6f-94b3-4f0b-be80-9d4165f4c2f1,43b7d117-b51e-46dc-b26f-696b0ff56c82,ENT,ENT,839,40
191b9bd1-99c2-403b-8aa0-547ab9629f16,43b7d117-b51e-46dc-b26f-696b0ff56c82,ONCO,Oncology,459,1532
406d84b6-635a-43ba-947c-f91d87ec1170,43b7d117-b51e-46dc-b26f-696b0ff56c82,OPTH,Ophthalmology,1119,788
beee2589-8001-4913-a4e0-8d45f5ea799d,44958a58-81df-434f-96f0-be6dfd69bf93,MED,General Medicine,1624,981
399d0506-5246-4547-8ea4-7a8e7b80673f,44958a58-81df-434f-96f0-be6dfd69bf93,PEDS,Paediatrics,824,613
a119f77c-7d9f-4452-9863-5fe8ba889352,44958a58-81df-434f-96f0-be6dfd69bf93,OPTH,Ophthalmology,950,1027
c147fc9d-1a70-45a4-9671-94f6fe8393c3,44958a58-81df-434f-96f0-be6dfd69bf93,ORTH,Orthopaedics,382,1078
60ddd2b8-ea64-4c33-9501-151856fad311,44958a58-81df-434f-96f0-be6dfd69bf93,GS,General Surgery,1892,1088
93fd3fff-305f-405c-97cf-a0847b7ced61,44958a58-81df-434f-96f0-be6dfd69bf93,URO,Urology,1962,670
3f3a4221-4ad5-425d-af87-1ebcf449b524,44dc56a6-7056-4052-8d04-ad514600eb72,OPTH,Ophthalmology,1315,693
bee00517-9293-499e-8f25-9adbef99fe74,44dc56a6-7056-4052-8d04-ad514600eb72,PEDS,Paediatrics,461,591
6c3ce611-efa0-4252-aaf3-f1148a4c65e3,44dc56a6-7056-4052-8d04-ad514600eb72,CARD,Cardiology,1066,1012
8741fdcf-41f3-4b59-9c25-73b3c353efc8,44dc56a6-7056-4052-8d04-ad514600eb72,ENT,ENT,1002,945
464696f4-dcbd-43f2-b517-3ac6f51e7020,44dc56a6-7056-4052-8d04-ad514600eb72,ORTH,Orthopaedics,1433,1004
7ecdda7e-1df3-4c3d-a703-28a84296cd2e,44dc56a6-7056-4052-8d04-ad514600eb72,URO,Urology,1157,772
3575f5e7-4777-4a92-9156-1ca083012b8a,44de4e75-8b0c-4958-a2cc-7fc3fa0c125a,GS,General Surgery,50,2283
9c550413-f8d3-4061-be14-5e2b74abacb9,44de4e75-8b0c-4958-a2cc-7fc3fa0c125a,MED,General Medicine,768,1066
d332e134-b9ad-4cbf-847e-d98bc2c488bf,44de4e75-8b0c-4958-a2cc-7fc3fa0c125a,OPTH,Ophthalmology,2132,1003
183438d0-9ed8-4558-abd2-f447acac6104,44de4e75-8b0c-4958-a2cc-7fc3fa0c125a,NEURO,Neurology,987,456
3b1fb4c7-d06d-4861-9b7c-904d65ce3f63,44de4e75-8b0c-4958-a2cc-7fc3fa0c125a,ORTH,Orthopaedics,954,40
5f54d853-f6ad-4d5f-b796-0434debc7b8c,4503aa38-0205-4089-aaf1-bcdc89fa5155,MED,General Medicine,962,1488
2ada53fb-4739-4254-9b8b-2fd74a7de95d,4503aa38-0205-4089-aaf1-bcdc89fa5155,CARD,Cardiology,1247,1367
9fb83b4a-e7fb-4ed8-bd61-89a88105efa7,4503aa38-0205-4089-aaf1-bcdc89fa5155,OPTH,Ophthalmology,1092,698
0ebbe7da-8fcc-4d23-b858-e8bb3aa67fde,4503aa38-0205-4089-aaf1-bcdc89fa5155,URO,Urology,50,1887
f7dbe862-fabe-4b15-884d-952a68b482f7,4503aa38-0205-4089-aaf1-bcdc89fa5155,ENT,ENT,828,783
1acb3a28-ed85-4400-b3bc-3a7c04bbd247,451e702a-3890-467e-a7b6-f99915540ea2,URO,Urology,1652,1516
660bd57f-1f0f-4cfc-80bb-e3de97aa537c,451e702a-3890-467e-a7b6-f99915540ea2,OPTH,Ophthalmology,1451,1301
9a464d70-b3a1-4ed7-997e-09c63f6b3ee6,451e702a-3890-467e-a7b6-f99915540ea2,MED,General Medicine,1761,738
9259fd35-03d9-485c-9cef-bc76c37d1e67,451e702a-3890-467e-a7b6-f99915540ea2,ONCO,Oncology,1247,1701
ce3a25f1-34ee-42f6-a936-28cdfd0315b0,451e702a-3890-467e-a7b6-f99915540ea2,ENT,ENT,1395,792
e5148f0d-4f0e-4c2a-b728-63075dbc511f,451e702a-3890-467e-a7b6-f99915540ea2,ORTH,Orthopaedics,1506,802
69ba3728-d971-4066-ae71-db28cce98eaf,451e702a-3890-467e-a7b6-f99915540ea2,CARD,Cardiology,473,1531
cc5f7af6-fa38-480d-bd25-755cec593781,451e702a-3890-467e-a7b6-f99915540ea2,NEURO,Neurology,1289,389
8694fed3-f651-4981-8dcc-ed6999418aa7,4579ce56-d734-4c9a-882d-5b50dc705204,MED,General Medicine,1799,894
be437732-907b-4921-a9df-4b08380be0aa,4579ce56-d734-4c9a-882d-5b50dc705204,CARD,Cardiology,1694,1858
99ed6f37-598a-4a6f-93e5-1c5b60d734f2,4579ce56-d734-4c9a-882d-5b50dc705204,ENT,ENT,1668,40
c2a0bbbb-e0f5-4a60-805e-5186c7f38dc0,4579ce56-d734-4c9a-882d-5b50dc705204,ONCO,Oncology,690,883
bd68fdbe-d1d0-41c3-9a17-b64a8dc47f1e,4579ce56-d734-4c9a-882d-5b50dc705204,ORTH,Orthopaedics,542,1080
0aa1ac16-aad2-4264-92e1-d76a3d3f0c3f,4585aeb1-aa08-4fc2-b668-a63af19a4352,OBG,Obstetrics & Gynaecology,600,1319
82d938bc-45d6-4b4b-aa76-6c6c02266c5f,4585aeb1-aa08-4fc2-b668-a63af19a4352,CARD,Cardiology,959,988
8bde0f6e-4b09-4bcf-b13c-ad920145f9a8,4585aeb1-aa08-4fc2-b668-a63af19a4352,ORTH,Orthopaedics,705,404
35c02eb4-29c9-4b91-a816-3103deba1ea7,4585aeb1-aa08-4fc2-b668-a63af19a4352,GS,General Surgery,1247,703
30a85bfa-d846-4cf8-929d-3786c17687bd,4585aeb1-aa08-4fc2-b668-a63af19a4352,URO,Urology,1442,394
f75a9e70-5c8e-48fe-a5e2-84952bbdd9d4,45e682c8-1edd-43f5-9a9a-63ab65a4f6f5,GS,General Surgery,2097,533
aa97f427-5202-43bd-af03-8e942e410c9a,45e682c8-1edd-43f5-9a9a-63ab65a4f6f5,URO,Urology,382,1561
c4508e57-c068-464d-a8d1-e6ba2e4980a0,45e682c8-1edd-43f5-9a9a-63ab65a4f6f5,ORTH,Orthopaedics,1218,217
842943e6-f06e-49e9-af33-61d52b55c557,45e682c8-1edd-43f5-9a9a-63ab65a4f6f5,NEURO,Neurology,1673,1140
392cadaf-585f-4bac-8956-d30dad357760,45e682c8-1edd-43f5-9a9a-63ab65a4f6f5,CARD,Cardiology,1789,594
fc007ea9-3d05-444b-ba22-31d231facd9e,45e682c8-1edd-43f5-9a9a-63ab65a4f6f5,ONCO,Oncology,1258,227
b044abe6-bdfd-424f-8ed5-c56595ea92f8,45e84c29-db52-4014-af17-b9d0ee2d63ce,CARD,Cardiology,495,862
f676874c-9d3c-4dd3-a31f-32c20fdb7a27,45e84c29-db52-4014-af17-b9d0ee2d63ce,ENT,ENT,1166,40
beaade22-f944-49f9-9521-193d2cbb7f26,45e84c29-db52-4014-af17-b9d0ee2d63ce,ORTH,Orthopaedics,677,1486
46031c9a-8572-43e2-8145-1108036ae1f8,45e84c29-db52-4014-af17-b9d0ee2d63ce,MED,General Medicine,921,432
fd5b3e08-3856-4804-bb22-7c00c9531545,45e84c29-db52-4014-af17-b9d0ee2d63ce,OPTH,Ophthalmology,951,817
f346cfa9-b30a-447a-a2ad-a59f6520e035,45e84c29-db52-4014-af17-b9d0ee2d63ce,ONCO,Oncology,1523,1472
d7d88fb3-dbad-47ef-a0c9-66d3076a349f,46008c3d-9845-40b0-9470-154009e40d0f,MED,General Medicine,742,1105
148e2d53-d40e-4cb0-9f03-999426fb93e6,46008c3d-9845-40b0-9470-154009e40d0f,OBG,Obstetrics & Gynaecology,1852,509
01c2cebd-860c-4e61-bd62-b53ae86211ea,46008c3d-9845-40b0-9470-154009e40d0f,CARD,Cardiology,1824,782
bc57bce0-1cf6-45c3-b52b-625d99565a4f,46008c3d-9845-40b0-9470-154009e40d0f,OPTH,Ophthalmology,2194,1713
baf61e3c-e542-4244-8a54-55ee91db3004,46008c3d-9845-40b0-9470-154009e40d0f,PEDS,Paediatrics,304,959
b0b743e4-9b26-436a-9a44-e4f942f3973a,46008c3d-9845-40b0-9470-154009e40d0f,GS,General Surgery,967,428
b47f554a-e82b-4247-8db5-f4c4b4765168,462870a7-d72c-437f-9859-06f5271cc205,CARD,Cardiology,857,1201
deaa88bb-49a1-41cc-a40b-61e81b274e17,462870a7-d72c-437f-9859-06f5271cc205,OPTH,Ophthalmology,1292,847
13382b09-c2bf-49e9-8510-947bc8d86063,462870a7-d72c-437f-9859-06f5271cc205,ORTH,Orthopaedics,1314,1138
58c1dfed-e667-4804-9864-e900967263c9,462870a7-d72c-437f-9859-06f5271cc205,URO,Urology,1789,497
dceb84a6-cac5-40f7-bbc9-be4df86b99da,462870a7-d72c-437f-9859-06f5271cc205,ENT,ENT,330,687
e0ca7ba7-a079-45c1-aaa0-e62f6372e309,462870a7-d72c-437f-9859-06f5271cc205,GS,General Surgery,128,1595
75c62fdd-aa86-4fea-beb3-94ba4c03503f,462870a7-d72c-437f-9859-06f5271cc205,MED,General Medicine,61,1018
d24669a8-3579-4ac4-a1a5-f7cbd63e4ab5,4698c63e-188e-4869-98ea-f0f5f5204e6b,CARD,Cardiology,1632,1162
038a218a-f168-47ab-9754-f2de5c7ab5a5,4698c63e-188e-4869-98ea-f0f5f5204e6b,GS,General Surgery,1671,1155
4a523e3d-03e9-49d5-8ac2-fa88f08b71a0,4698c63e-188e-4869-98ea-f0f5f5204e6b,MED,General Medicine,547,530
e8acdc7a-9a98-4de7-82e2-3ec8f2cdca53,4698c63e-188e-4869-98ea-f0f5f5204e6b,PEDS,Paediatrics,454,1418
08af2261-b254-430a-860d-69a0f739cadf,4698c63e-188e-4869-98ea-f0f5f5204e6b,NEURO,Neurology,1262,1037
48fe2f6f-c93e-4981-979f-62c4670c4ddd,4698c63e-188e-4869-98ea-f0f5f5204e6b,OPTH,Ophthalmology,642,1547
0fd21dec-eed1-44dd-b950-648a6ce1b96b,4698c63e-188e-4869-98ea-f0f5f5204e6b,ORTH,Orthopaedics,1036,669
77be4dbb-c03b-4f24-900c-9aa6fb634e60,46ccfaf5-4624-4410-94b8-264a16c2cdec,OBG,Obstetrics & Gynaecology,498,696
3438833a-0b9d-483e-a006-cdca85218d44,46ccfaf5-4624-4410-94b8-264a16c2cdec,OPTH,Ophthalmology,471,628
214b86d5-d09b-410d-adfc-6300a33cb7a0,46ccfaf5-4624-4410-94b8-264a16c2cdec,PEDS,Paediatrics,1328,1259
92669d34-a9e8-4a1c-b327-d1d1ccbb1799,46ccfaf5-4624-4410-94b8-264a16c2cdec,CARD,Cardiology,1103,268
f38ac361-318d-42d1-88a7-17384bc5826c,46cd8169-1b4a-4fe2-b419-6c34bba1f11a,GS,General Surgery,935,1449
bfd22f82-f4fd-4046-8d8b-5251f60420ad,46cd8169-1b4a-4fe2-b419-6c34bba1f11a,ORTH,Orthopaedics,1454,1352
d4187ede-ed81-49da-83c9-ee7166416981,46cd8169-1b4a-4fe2-b419-6c34bba1f11a,ONCO,Oncology,1164,1038
cb2859ac-7adf-41a9-8622-424ee8c0ad31,46cd8169-1b4a-4fe2-b419-6c34bba1f11a,OPTH,Ophthalmology,426,822
c23d0d2f-0690-430a-b75c-debce0a7021f,46cd8169-1b4a-4fe2-b419-6c34bba1f11a,ENT,ENT,113,839
280321fe-1a54-4d35-b2a1-7fda9a63d2b8,46d33299-c193-4919-9d89-9426f61866fb,OBG,Obstetrics & Gynaecology,1055,241
4390021d-baab-48b2-839c-341f226f6447,46d33299-c193-4919-9d89-9426f61866fb,ORTH,Orthopaedics,1364,1276
bba37fb2-ebbe-4617-bb65-8bd59d73c4bf,46d33299-c193-4919-9d89-9426f61866fb,CARD,Cardiology,315,195
68f6045a-ddf6-44c3-91fe-18e34a5968ff,46d33299-c193-4919-9d89-9426f61866fb,ONCO,Oncology,1345,393
f5bc8b85-1926-4cef-84a7-551a7be692ce,46d33299-c193-4919-9d89-9426f61866fb,OPTH,Ophthalmology,507,1333
546167b8-27f7-4439-b237-a4dc65300400,46d33299-c193-4919-9d89-9426f61866fb,URO,Urology,1041,1545
2a6891cf-af3d-484e-9d2c-de98629d0c95,47125a51-149b-47ee-9cbf-ae6720705295,ORTH,Orthopaedics,834,1011
44ce3508-9377-4bb1-ba56-5d4c5a90cbf6,47125a51-149b-47ee-9cbf-ae6720705295,URO,Urology,1348,1148
799a42aa-299e-4a66-9816-0fd82499b416,47125a51-149b-47ee-9cbf-ae6720705295,ONCO,Oncology,1586,922
2c69d68f-cb24-4d20-b75c-8e5177ecc0d7,47125a51-149b-47ee-9cbf-ae6720705295,OPTH,Ophthalmology,50,40
963a1061-9a3a-4bc4-913f-96879d1eec90,4778b43a-760b-404b-86d1-e2e787fe59e7,CARD,Cardiology,658,1716
f6c6eeab-221d-4dda-abec-dade3b75cdc3,4778b43a-760b-404b-86d1-e2e787fe59e7,ORTH,Orthopaedics,1847,1024
6206b21e-4320-4cb6-9fe2-d0a5497e9680,4778b43a-760b-404b-86d1-e2e787fe59e7,NEURO,Neurology,919,1111
35180381-39de-40a2-bd8f-6391c4efc205,4778b43a-760b-404b-86d1-e2e787fe59e7,ONCO,Oncology,50,1893
fc124c1f-caf4-4ece-8333-3476f97e7130,4778b43a-760b-404b-86d1-e2e787fe59e7,URO,Urology,1217,1080
ea6f66ae-2aa2-450d-8608-840ec78089d5,4829e973-f82f-4764-b305-7e52cf548e68,OPTH,Ophthalmology,801,1933
acf118a3-3536-4c43-82c1-88ddc0e3dbd7,4829e973-f82f-4764-b305-7e52cf548e68,OBG,Obstetrics & Gynaecology,1746,1331
0085d954-b0f5-4b57-9cc0-3fc9eec8bc20,4829e973-f82f-4764-b305-7e52cf548e68,ORTH,Orthopaedics,50,40
3086e174-b944-470e-a59a-d6da5a26a323,4829e973-f82f-4764-b305-7e52cf548e68,PEDS,Paediatrics,1432,1227
d3434be9-33e5-488f-b414-e8f3539322ce,4829e973-f82f-4764-b305-7e52cf548e68,URO,Urology,745,443
bb8401de-57a6-43a8-8d67-d3ffb0cf2feb,4829e973-f82f-4764-b305-7e52cf548e68,CARD,Cardiology,1758,1266
c87234ce-bd65-477c-a955-ec29dc0d5e67,4829e973-f82f-4764-b305-7e52cf548e68,ENT,ENT,2007,1386
deac79a5-68c5-4e86-b1df-fa0ba412f0c1,485db366-f036-4f19-ad67-c51b84a49903,ORTH,Orthopaedics,1360,1286
9c51daa1-5618-4a20-a582-acc132ceb823,485db366-f036-4f19-ad67-c51b84a49903,CARD,Cardiology,1231,1162
f435bd0e-1d54-4cea-b61e-fa24bd13eabf,485db366-f036-4f19-ad67-c51b84a49903,GS,General Surgery,1099,1289
ec796ebe-fc66-4c3c-a5fb-5163e660b270,485db366-f036-4f19-ad67-c51b84a49903,URO,Urology,1226,1440
772d2087-c7f1-4af1-bb2e-dc10d1795fbd,485db366-f036-4f19-ad67-c51b84a49903,PEDS,Paediatrics,970,635
2e3e83f7-504f-4e97-97d8-0f95a62b18a5,485db366-f036-4f19-ad67-c51b84a49903,ENT,ENT,1317,1625
701f3b1f-466d-4e25-ba1e-c4d03c1e5ee1,485db366-f036-4f19-ad67-c51b84a49903,NEURO,Neurology,1384,942
20cfa27a-5224-49a6-af5d-78fb7299b49a,485db366-f036-4f19-ad67-c51b84a49903,ONCO,Oncology,226,1543
f4c32c11-ef09-4a53-b1b7-939c9de061a8,48aae692-87fe-4be9-9b8c-e08d4c44689d,GS,General Surgery,342,767
48dd67a9-e409-4018-80c1-749ab636063e,48aae692-87fe-4be9-9b8c-e08d4c44689d,OPTH,Ophthalmology,436,564
f553eead-2129-47c3-bcd4-1f022ea766f7,48aae692-87fe-4be9-9b8c-e08d4c44689d,CARD,Cardiology,812,1939
8b10022f-9fbf-4ca6-a426-27cf03996d19,48aae692-87fe-4be9-9b8c-e08d4c44689d,URO,Urology,1553,1179
971d7ef0-0b5d-4289-9635-07da6d31ef9a,48aae692-87fe-4be9-9b8c-e08d4c44689d,MED,General Medicine,651,448
d5e237d7-11e3-4b2e-97e6-073c5561d764,48aae692-87fe-4be9-9b8c-e08d4c44689d,NEURO,Neurology,1385,981
2318cadf-c3d8-4ce9-9d71-c0a8a161d6f7,48aae692-87fe-4be9-9b8c-e08d4c44689d,ONCO,Oncology,824,1254
3d703237-30ca-42fa-ac2a-50df2471886a,490159cc-18a1-478d-932a-8aca001b6a7e,GS,General Surgery,1004,731
9c72aa80-fff9-473b-8ddb-3b3508e8c66f,490159cc-18a1-478d-932a-8aca001b6a7e,CARD,Cardiology,365,1215
a504202b-410f-4cb7-a161-c5f7201abc6c,490159cc-18a1-478d-932a-8aca001b6a7e,URO,Urology,717,1349
e3ceb49a-2490-4e53-8a54-a02e2da9606d,490159cc-18a1-478d-932a-8aca001b6a7e,ORTH,Orthopaedics,1101,210
fdd1c54f-8c36-4611-bc3c-6325eb00dd4e,490159cc-18a1-478d-932a-8aca001b6a7e,NEURO,Neurology,1693,913
6a17358c-d94f-42ff-ae78-90bbc7f9ef01,490159cc-18a1-478d-932a-8aca001b6a7e,OPTH,Ophthalmology,1011,899
9ef5c6c7-2686-4845-bf1a-083467990c5f,494808ef-aeec-4073-87ac-bf10484a67b7,ORTH,Orthopaedics,868,1578
ceb75c05-badd-40bb-ac5c-29a07c2e5905,494808ef-aeec-4073-87ac-bf10484a67b7,GS,General Surgery,1135,745
8c131b10-d3af-411c-b148-d56bb6bd2cee,494808ef-aeec-4073-87ac-bf10484a67b7,MED,General Medicine,1785,1619
87d50bfb-d082-4248-87db-bbe980728286,494808ef-aeec-4073-87ac-bf10484a67b7,ENT,ENT,1439,1130
99ec45ec-2592-4fe2-8045-3a93659a213f,494808ef-aeec-4073-87ac-bf10484a67b7,OPTH,Ophthalmology,634,1340
17c90eb9-a9cb-47f7-8ff3-d8bcdcee2b84,494808ef-aeec-4073-87ac-bf10484a67b7,CARD,Cardiology,504,1612
3cb0f6fd-7d67-402d-ab5c-56c1f54a5f15,494808ef-aeec-4073-87ac-bf10484a67b7,NEURO,Neurology,308,1018
53d95674-895d-4cb5-87f6-439321829da7,49594842-eeda-440c-9d84-05d23688557a,MED,General Medicine,50,1142
106933eb-6007-46ce-b886-3c9a369e79fd,49594842-eeda-440c-9d84-05d23688557a,OPTH,Ophthalmology,165,757
f0ee86bd-afd5-4970-af52-36f42e216c76,49594842-eeda-440c-9d84-05d23688557a,ORTH,Orthopaedics,1480,274
b891aeb0-054f-4f54-9027-4a1384c89592,49594842-eeda-440c-9d84-05d23688557a,URO,Urology,50,1544
f2ab821e-bd4d-43af-8c45-161a1f95e4fa,49594842-eeda-440c-9d84-05d23688557a,CARD,Cardiology,1418,1267
69f68355-bf86-4738-8cdd-fc7f51fc817d,49594842-eeda-440c-9d84-05d23688557a,ONCO,Oncology,847,1226
9a98935d-a3b5-414e-9fb6-8cd15fcb3e7e,49594842-eeda-440c-9d84-05d23688557a,PEDS,Paediatrics,946,498
c8fe0989-500d-4186-91c2-e3db03abf594,49594842-eeda-440c-9d84-05d23688557a,ENT,ENT,732,1009
d20b3baf-6d2d-4874-a568-1aa86bc5721a,496e204d-5705-48aa-a53d-97d1060242b0,GS,General Surgery,942,642
6ba56951-e3c2-4b10-a405-17d800e55cd6,496e204d-5705-48aa-a53d-97d1060242b0,ONCO,Oncology,232,48
c9b4c9dd-9310-4db0-9bee-e908ae920cb3,496e204d-5705-48aa-a53d-97d1060242b0,ORTH,Orthopaedics,1641,1789
87e8dabf-d8c1-4f1f-bf10-6a83ac3d9ea9,496e204d-5705-48aa-a53d-97d1060242b0,URO,Urology,670,597
6b0f5c36-aaa3-4c7c-a7c4-2456a6ca2b8b,496e204d-5705-48aa-a53d-97d1060242b0,NEURO,Neurology,1023,1328
a364e456-16a7-43d2-9e22-ed906a1bd0f9,49db68b9-3223-46a9-8bd3-1d8f7674eaa5,GS,General Surgery,570,1304
e90fd12a-acbf-45cb-af20-8c4b9ebe62ef,49db68b9-3223-46a9-8bd3-1d8f7674eaa5,URO,Urology,1698,1676
22c54a2c-a422-468f-98f8-1cb80be599b8,49db68b9-3223-46a9-8bd3-1d8f7674eaa5,PEDS,Paediatrics,1786,312
d5df3ce4-8078-47b8-bb42-7e61195a2926,49db68b9-3223-46a9-8bd3-1d8f7674eaa5,ENT,ENT,1195,745
85f7bf96-3bfe-4ff7-93b7-4ebee380e3fe,4a136301-a03a-44a0-8772-6eab6583e721,GS,General Surgery,581,1828
7c05e6ea-32c2-41d2-9f64-510e9568ec2d,4a136301-a03a-44a0-8772-6eab6583e721,URO,Urology,90,1563
d89be2e0-646c-4349-a9f9-b6d3fc31d580,4a136301-a03a-44a0-8772-6eab6583e721,CARD,Cardiology,1173,1231
94c5d435-4d47-4974-94ec-6737f24552ad,4a136301-a03a-44a0-8772-6eab6583e721,OBG,Obstetrics & Gynaecology,1519,264
57c855b5-d0ca-432d-9117-eb1a5bc01e30,4a136301-a03a-44a0-8772-6eab6583e721,MED,General Medicine,699,251
b409ce66-8f76-4572-95d2-837ff0512ef1,4a136301-a03a-44a0-8772-6eab6583e721,NEURO,Neurology,657,732
d48db76b-95c2-48b9-8bdf-5de953bd60a5,4a136301-a03a-44a0-8772-6eab6583e721,ONCO,Oncology,1204,1901
f9bd9ba3-335e-42a9-a6e9-7fb0f0415eea,4a1932e9-a828-4e48-80e3-b73a3a88bdb5,CARD,Cardiology,645,40
9c686a87-d0f8-458d-8e8b-d6cb4301466a,4a1932e9-a828-4e48-80e3-b73a3a88bdb5,MED,General Medicine,1033,1372
bd144aae-3fae-4cf6-ba3b-8119200344d7,4a1932e9-a828-4e48-80e3-b73a3a88bdb5,PEDS,Paediatrics,1849,300
44d5b506-c69c-4319-9e40-875f47e41d75,4aa43dd6-19ca-4612-ad28-04e82c2e6585,URO,Urology,1582,464
fa8f3ea1-4fbb-41a4-add6-6511b02a234b,4aa43dd6-19ca-4612-ad28-04e82c2e6585,CARD,Cardiology,1364,1407
12e52d2f-7482-48b3-8039-c52974f1e846,4aa43dd6-19ca-4612-ad28-04e82c2e6585,ENT,ENT,1274,850
7f719389-5e9b-418b-882f-e37b26820cfb,4aa43dd6-19ca-4612-ad28-04e82c2e6585,ONCO,Oncology,614,1767
38f2739a-1216-473f-ab9c-dec02b6ef764,4aa43dd6-19ca-4612-ad28-04e82c2e6585,MED,General Medicine,1009,1196
550264d6-f3c5-4aa6-9bb8-5dcd9ff5566d,4ae42283-66a2-4f6d-a8c4-8d9859d08b81,CARD,Cardiology,491,59
1894c85b-9ff3-476b-8058-0f34bc77b92a,4ae42283-66a2-4f6d-a8c4-8d9859d08b81,OPTH,Ophthalmology,50,742
8baab141-9758-4aa0-8eb6-10e21f78d9b0,4ae42283-66a2-4f6d-a8c4-8d9859d08b81,ORTH,Orthopaedics,1644,702
c4d52897-f2fb-4019-ab72-50250f59ac7c,4ae42283-66a2-4f6d-a8c4-8d9859d08b81,NEURO,Neurology,617,1442
e04f6d6d-9086-494d-a1f4-9795d6c2723f,4b1b09eb-7d1e-456b-b574-a77de98fd412,GS,General Surgery,1235,918
7ef14b5b-56e7-421e-820a-5d8f9038a56b,4b1b09eb-7d1e-456b-b574-a77de98fd412,CARD,Cardiology,514,1150
e1248260-1b13-483a-8139-11fab5c472bd,4b1b09eb-7d1e-456b-b574-a77de98fd412,MED,General Medicine,1122,210
f6705719-4a8f-4bab-994f-e1b049b452a2,4b1b09eb-7d1e-456b-b574-a77de98fd412,OPTH,Ophthalmology,1455,40
94425970-2f02-4f79-b931-415ac40bbd2c,4b1b09eb-7d1e-456b-b574-a77de98fd412,ORTH,Orthopaedics,1244,724
aa2b7600-6355-4bd5-be75-1506b24750ff,4b1b09eb-7d1e-456b-b574-a77de98fd412,URO,Urology,1593,845
7d720f87-b4e0-436e-af3a-87bb0e00e4a8,4b376662-68c0-4a9e-8631-8da88cc46bdf,MED,General Medicine,50,417
6f3df484-1c19-4b15-8138-3c60c602732f,4b376662-68c0-4a9e-8631-8da88cc46bdf,OPTH,Ophthalmology,1519,1262
cb46c6c2-8318-4b61-81f6-6b82961cf681,4b376662-68c0-4a9e-8631-8da88cc46bdf,ENT,ENT,1227,544
beada188-d79e-4b9b-8e23-860ea05ba349,4b4e4e27-1afd-49a5-a213-7eec78fdd5ea,GS,General Surgery,2057,40
6538c209-da7b-4fe9-a18f-9c1d567f1e53,4b4e4e27-1afd-49a5-a213-7eec78fdd5ea,URO,Urology,322,857
15bde500-f9d6-42c2-8052-ee52355e8935,4b4e4e27-1afd-49a5-a213-7eec78fdd5ea,CARD,Cardiology,1301,1741
1a958a66-54e0-4623-a0dd-13e0f72fc2a3,4b4e4e27-1afd-49a5-a213-7eec78fdd5ea,OBG,Obstetrics & Gynaecology,2638,1222
11b928be-185e-44c1-84d4-6211605e65ab,4b4e4e27-1afd-49a5-a213-7eec78fdd5ea,ORTH,Orthopaedics,920,809
652f12bf-6d81-4fd3-8cf1-3392cbacc8f8,4b4e4e27-1afd-49a5-a213-7eec78fdd5ea,NEURO,Neurology,2555,779
9be38d1a-5772-40ca-b967-72355f5bc858,4b4e4e27-1afd-49a5-a213-7eec78fdd5ea,OPTH,Ophthalmology,1666,657
06b8624b-e60f-41dd-8890-56d6bfa15f2e,4b4e4e27-1afd-49a5-a213-7eec78fdd5ea,PEDS,Paediatrics,834,1195
21bfcdcb-97d5-4dd7-911e-19bd7e1ae1d8,4bd854c8-5c65-4135-abd3-1499a9003c3e,MED,General Medicine,766,40
c7d1a94e-052d-42a3-b531-6a7f9d8f6df8,4bd854c8-5c65-4135-abd3-1499a9003c3e,ONCO,Oncology,2130,993
f40562d6-4c6a-4ba9-a884-3569e91e2ccb,4bd854c8-5c65-4135-abd3-1499a9003c3e,GS,General Surgery,1896,1293
dda876bc-6d36-49bf-b475-bdb67b9210b8,4bd854c8-5c65-4135-abd3-1499a9003c3e,OBG,Obstetrics & Gynaecology,1119,1437
cba5bf72-fe43-4f86-ba3e-9d6521f7da10,4bd854c8-5c65-4135-abd3-1499a9003c3e,CARD,Cardiology,1067,932
a9e5502d-896c-4524-a2d1-99e2cf0525cf,4bd854c8-5c65-4135-abd3-1499a9003c3e,ENT,ENT,795,962
17396b26-0a41-40f7-b0bd-2648a8b7a3dc,4bd854c8-5c65-4135-abd3-1499a9003c3e,NEURO,Neurology,510,2289
529f3cac-ded8-4139-b596-f9d76d4a0679,4c51929c-ecbc-4d9b-98a2-f85f2f88e7ea,GS,General Surgery,1030,40
4c30bed6-d19e-45d7-bf42-517df625949c,4c51929c-ecbc-4d9b-98a2-f85f2f88e7ea,URO,Urology,1476,1400
f0f0f518-04f2-42f5-8e4a-75eab51cd76d,4c51929c-ecbc-4d9b-98a2-f85f2f88e7ea,ENT,ENT,1314,597
abf9a37c-2795-4e4c-8caf-189901fb77a8,4c51929c-ecbc-4d9b-98a2-f85f2f88e7ea,MED,General Medicine,872,833
0ec4d116-a5c4-4798-b3ac-7eec8f94e0b6,4c51929c-ecbc-4d9b-98a2-f85f2f88e7ea,NEURO,Neurology,1104,40
8f35d48e-2227-45f5-98e2-309d59e2d6b5,4cafab4d-d68d-491e-8179-1cbedb8d964f,GS,General Surgery,1258,197
4b8d6b5b-6e8c-41bf-9e65-d724b866035f,4cafab4d-d68d-491e-8179-1cbedb8d964f,URO,Urology,2504,1601
f65e521f-3575-42a7-b983-f45e6cadc986,4cafab4d-d68d-491e-8179-1cbedb8d964f,ORTH,Orthopaedics,573,905
049af94e-11de-4657-af0b-eff362c0ac81,4cafab4d-d68d-491e-8179-1cbedb8d964f,OPTH,Ophthalmology,98,1103
ed41c7ab-b1dc-4cfe-8103-c323211f5822,4cafab4d-d68d-491e-8179-1cbedb8d964f,ONCO,Oncology,1424,782
5135a649-9651-407d-8639-a275ac69bb80,4cafab4d-d68d-491e-8179-1cbedb8d964f,CARD,Cardiology,451,824
9c45764e-a58a-4fed-9fe6-73229786886d,4cafab4d-d68d-491e-8179-1cbedb8d964f,NEURO,Neurology,1066,1451
49189600-482f-405c-a9b5-6dbb64746c37,4d3bc74a-40ab-4dcd-9294-f34fc3408d24,GS,General Surgery,935,1134
6b74a93d-b1db-45af-95fc-cdc22c05bdfe,4d3bc74a-40ab-4dcd-9294-f34fc3408d24,OPTH,Ophthalmology,529,1073
0294c344-c3d2-470c-805d-7e454a2693e4,4d3bc74a-40ab-4dcd-9294-f34fc3408d24,CARD,Cardiology,995,828
e415edec-96a9-4828-8ff1-ac1025eec44c,4d3bc74a-40ab-4dcd-9294-f34fc3408d24,ONCO,Oncology,378,1409
6a46c5c4-c829-4318-87fe-fcb94ba870b6,4d56d6b6-a141-4fc8-92df-d45f140de17f,GS,General Surgery,288,460
3cfe4850-5c02-4a37-8590-a183c02451fe,4d56d6b6-a141-4fc8-92df-d45f140de17f,OPTH,Ophthalmology,1005,635
6f0762a0-99e9-4a52-a7c0-97316a919abe,4d56d6b6-a141-4fc8-92df-d45f140de17f,MED,General Medicine,537,1726
5e914b9a-e431-4fac-9f3b-b8663ac93b1b,4d56d6b6-a141-4fc8-92df-d45f140de17f,ENT,ENT,1170,1266
addcd72b-fda9-48e6-b1f5-c2565fb56a11,4d56d6b6-a141-4fc8-92df-d45f140de17f,NEURO,Neurology,50,611
c70b561f-e665-4e19-b76e-aec95b0249b8,4d56d6b6-a141-4fc8-92df-d45f140de17f,ORTH,Orthopaedics,321,852
95fad26a-4eb4-40c9-92d6-4940857acd5e,4dbc8e1d-62ce-4605-81f1-8497ff07e2f4,URO,Urology,754,900
c067e0c5-fd86-4f1e-90ad-feb62fa5bdc0,4dbc8e1d-62ce-4605-81f1-8497ff07e2f4,ENT,ENT,1716,1194
853dfe24-c438-4466-a72d-d9f813f7ef5f,4dbc8e1d-62ce-4605-81f1-8497ff07e2f4,ONCO,Oncology,1061,119
eb6082c0-a656-45e7-8f57-67005f6fb32f,4dcb37bf-12e2-403b-b497-a7c10f381db9,OBG,Obstetrics & Gynaecology,1025,859
41d58242-3b5a-4a75-b728-8729483c8b96,4dcb37bf-12e2-403b-b497-a7c10f381db9,PEDS,Paediatrics,1089,280
2c7744cd-33af-4562-8c21-2c4ced7d50d8,4dcb37bf-12e2-403b-b497-a7c10f381db9,CARD,Cardiology,1211,571
108aea33-4cd8-497e-aa26-3fc0afe45c1b,4dcb37bf-12e2-403b-b497-a7c10f381db9,ORTH,Orthopaedics,534,1131
c48793dd-57a7-46a5-a644-98026a34b345,4e1babf2-a4ee-4a12-8701-f213236daae5,NEURO,Neurology,907,932
68e5107d-19b0-4087-9554-9b80ac6d1417,4e1babf2-a4ee-4a12-8701-f213236daae5,ORTH,Orthopaedics,177,657
3176b920-3be9-4dd9-8006-3023d6677528,4e1babf2-a4ee-4a12-8701-f213236daae5,ENT,ENT,50,272
b8ff332c-c35c-46df-b0c9-ec0a846521c3,4e53eac0-1a87-48c6-a78e-cbd8142393f4,OBG,Obstetrics & Gynaecology,1204,397
591d2e7d-a60e-4761-95c1-d2bebf930a98,4e53eac0-1a87-48c6-a78e-cbd8142393f4,GS,General Surgery,1753,1634
7c510a77-6184-4a8c-8db5-4aa7c1fab12d,4e53eac0-1a87-48c6-a78e-cbd8142393f4,NEURO,Neurology,550,1664
cfa9745b-f4e0-4590-bd7d-c926ca56e74e,4e53eac0-1a87-48c6-a78e-cbd8142393f4,CARD,Cardiology,533,1511
5ba368e6-3839-4b5c-b95d-a4a017ddb927,4e53eac0-1a87-48c6-a78e-cbd8142393f4,MED,General Medicine,1294,1887
48b165eb-4f76-4c0e-b4f3-0e3dff63fd66,4e53eac0-1a87-48c6-a78e-cbd8142393f4,OPTH,Ophthalmology,336,580
bee72d3b-1b4f-48c1-895c-f25b07b98e7a,4e53eac0-1a87-48c6-a78e-cbd8142393f4,ONCO,Oncology,812,1617
ca9b99a4-8cb8-4c3c-ae41-5a765ce03774,4e53eac0-1a87-48c6-a78e-cbd8142393f4,PEDS,Paediatrics,1006,670
11e34b1a-f4fa-4920-b752-d560d7ee9bb5,4ecaad2c-00a8-41f9-aefa-bfd837ff5171,GS,General Surgery,1859,566
17eb14ba-92bc-4200-8db0-e7b974776f61,4ecaad2c-00a8-41f9-aefa-bfd837ff5171,OPTH,Ophthalmology,1009,1691
e076e2d1-1153-4c10-a334-c88a712711d5,4ecaad2c-00a8-41f9-aefa-bfd837ff5171,ORTH,Orthopaedics,2079,760
4ef58a91-88a2-41ec-bbec-f297ac3fc168,4ecaad2c-00a8-41f9-aefa-bfd837ff5171,ENT,ENT,148,277
e3813453-c742-44fa-96f7-840adb93a4af,4ecaad2c-00a8-41f9-aefa-bfd837ff5171,NEURO,Neurology,554,40
90463583-41aa-4bfd-b826-a44f873a977c,4ecaad2c-00a8-41f9-aefa-bfd837ff5171,PEDS,Paediatrics,1537,102
2c03d298-d73f-4808-a71d-3e3db1008e07,4f91fae9-942a-4025-bbc0-0eaaf27cd4a8,CARD,Cardiology,1388,883
f44769c4-f74e-4eab-bda4-1771b7fca15e,4f91fae9-942a-4025-bbc0-0eaaf27cd4a8,ORTH,Orthopaedics,560,963
6c7f3483-f15f-4a40-aff4-d4567b9dac43,4f91fae9-942a-4025-bbc0-0eaaf27cd4a8,NEURO,Neurology,1457,484
18237062-3fe6-4c38-ab95-18aae734841c,4f91fae9-942a-4025-bbc0-0eaaf27cd4a8,ONCO,Oncology,187,1406
bfda92ef-c30f-47ba-93f8-01991bd0aa57,4f95535a-c061-42c5-847a-64846c9e8a33,CARD,Cardiology,921,691
37c7da20-1a6a-4a77-a6c2-89996e37e139,4f95535a-c061-42c5-847a-64846c9e8a33,URO,Urology,1223,270
4ae43e81-4847-4d8b-be43-9fd78b62803d,4f95535a-c061-42c5-847a-64846c9e8a33,ENT,ENT,1516,586
b87c1b47-5ce7-4964-9055-04acd4e8df33,4f95535a-c061-42c5-847a-64846c9e8a33,MED,General Medicine,949,231
286c20b7-8035-4b64-b499-195c83eadbe6,4f95535a-c061-42c5-847a-64846c9e8a33,OBG,Obstetrics & Gynaecology,897,1120
64edd95f-7b9a-4a33-b36b-35c6dabc9387,4f95535a-c061-42c5-847a-64846c9e8a33,ONCO,Oncology,2268,392
61a3f775-82fb-49db-a718-d64427370a0c,4f95535a-c061-42c5-847a-64846c9e8a33,PEDS,Paediatrics,1325,1393
8ec7b080-c5a4-4c1d-8ccd-c5a82f0b31d5,50204bf6-9931-42db-97f1-f9a549ab8921,MED,General Medicine,800,1110
58c3fb2f-6189-4936-80ed-0e806f80a586,50204bf6-9931-42db-97f1-f9a549ab8921,PEDS,Paediatrics,1925,1065
7d9c3914-54c1-40f9-ab85-4e0f2c7b2040,50204bf6-9931-42db-97f1-f9a549ab8921,URO,Urology,447,1521
c79708c9-4d30-4e1b-b4f3-e07aef3bdad2,50204bf6-9931-42db-97f1-f9a549ab8921,CARD,Cardiology,1343,1998
a794274c-33d7-40c8-9171-a93be010061b,50204bf6-9931-42db-97f1-f9a549ab8921,ENT,ENT,1867,921
6b869c36-9f11-4cc6-b6ac-131162195d29,50cc0f58-7482-4a76-a1da-c7ced84088d2,URO,Urology,1694,972
b8fa14cf-9b5d-4a3e-94d2-86d651da3d4e,50cc0f58-7482-4a76-a1da-c7ced84088d2,CARD,Cardiology,682,944
41bbc202-569d-4dbe-af1a-83863acd8818,50cc0f58-7482-4a76-a1da-c7ced84088d2,ENT,ENT,741,857
1c36e315-a66e-431b-b2ab-55f52354d582,50cc0f58-7482-4a76-a1da-c7ced84088d2,PEDS,Paediatrics,1988,1945
b574bda5-2ede-4c9a-af45-ac89f217e6ec,50cc0f58-7482-4a76-a1da-c7ced84088d2,GS,General Surgery,778,1721
8e29c48b-58a5-45de-ab2e-3c9edd10e1e4,50cc0f58-7482-4a76-a1da-c7ced84088d2,NEURO,Neurology,179,1527
ab4cff76-3a5b-41d3-bfe7-bf09c556c5d4,50cc0f58-7482-4a76-a1da-c7ced84088d2,ONCO,Oncology,388,40
7c685b2f-257f-4563-9f0f-6dd4cbbe55c3,50f6ceec-8460-4167-8d6b-3b199d81525e,OBG,Obstetrics & Gynaecology,365,770
326e8a27-4679-4845-baaf-79c8213e6f65,50f6ceec-8460-4167-8d6b-3b199d81525e,GS,General Surgery,1581,997
3cd69662-a368-45b9-a30c-0254a63788c0,50f6ceec-8460-4167-8d6b-3b199d81525e,CARD,Cardiology,1849,927
87d9d662-2c6d-402f-b93b-ca0fab31faab,50f6ceec-8460-4167-8d6b-3b199d81525e,URO,Urology,66,1206
9383884f-0876-411b-9ffc-ed5ecaabebc0,50f6ceec-8460-4167-8d6b-3b199d81525e,MED,General Medicine,718,1002
a5358b48-5b38-412e-b6c8-00deece796f6,517ea751-83de-4af4-89b3-bd52b1e8eee5,OBG,Obstetrics & Gynaecology,232,1365
1f1bb150-4769-4504-be54-48c8ce25ea30,517ea751-83de-4af4-89b3-bd52b1e8eee5,GS,General Surgery,813,118
1fb7fade-66ef-4e1b-b672-37949e612f70,517ea751-83de-4af4-89b3-bd52b1e8eee5,NEURO,Neurology,339,803
4edd101d-a805-440c-ade2-eeafbb1d4264,517ea751-83de-4af4-89b3-bd52b1e8eee5,CARD,Cardiology,1116,735
844873ff-84aa-4d66-b085-73c7b381a2a3,517ea751-83de-4af4-89b3-bd52b1e8eee5,MED,General Medicine,1614,1574
70bd717f-77fe-4e1b-b9cf-6f4b34513582,517ea751-83de-4af4-89b3-bd52b1e8eee5,ONCO,Oncology,671,40
10e9b5c7-6e68-402a-8d28-c0830ca5f970,517ea751-83de-4af4-89b3-bd52b1e8eee5,OPTH,Ophthalmology,807,960
817d410f-5773-45c4-bf49-394464a24108,51c29a49-2b12-4da2-a3c3-22ee900a9ed9,MED,General Medicine,1312,1079
b2437e41-fb66-4491-bef5-71dc451d2e08,51c29a49-2b12-4da2-a3c3-22ee900a9ed9,ORTH,Orthopaedics,1687,1753
d69aec45-e63b-4c46-8bc2-9fa0eb9bc216,51c29a49-2b12-4da2-a3c3-22ee900a9ed9,ENT,ENT,1176,1040
a4712e1e-e0da-4116-881b-a73f8a804fce,51c29a49-2b12-4da2-a3c3-22ee900a9ed9,ONCO,Oncology,422,638
9d0f5372-6eab-41fb-b0d8-ada0b8bdc7f0,51c29a49-2b12-4da2-a3c3-22ee900a9ed9,OPTH,Ophthalmology,990,898
f7ed7ffd-cc07-4bc1-932f-08821036ba5f,51c29a49-2b12-4da2-a3c3-22ee900a9ed9,PEDS,Paediatrics,50,1522
55413572-57d2-453a-9dbc-df40b567418e,525bcb91-f351-4c2a-a274-903954352118,CARD,Cardiology,824,1570
8a2b43de-3980-4a8a-97e3-b1105ce6b160,525bcb91-f351-4c2a-a274-903954352118,OPTH,Ophthalmology,430,1381
c11f9241-3f82-4289-bf61-32e63d8b2708,525bcb91-f351-4c2a-a274-903954352118,ORTH,Orthopaedics,499,1139
5e89e3e0-bc82-4800-8d72-6f42a39a302b,5280d74c-6d65-4538-abc9-bd70711ec5c2,GS,General Surgery,583,1301
53549bd1-3bac-4f0e-b8a9-308ac44aee1f,5280d74c-6d65-4538-abc9-bd70711ec5c2,OBG,Obstetrics & Gynaecology,1505,652
7dd1660f-2b3f-4eb8-84d4-359c5a76d388,5280d74c-6d65-4538-abc9-bd70711ec5c2,URO,Urology,1098,354
17a2010b-e223-4a23-ac62-4b58825d1f10,5280d74c-6d65-4538-abc9-bd70711ec5c2,CARD,Cardiology,1287,441
63d4200c-ceb8-46eb-a2ca-12e69be64b4c,5280d74c-6d65-4538-abc9-bd70711ec5c2,NEURO,Neurology,929,1287
e580a6ca-d96d-40b4-b903-291d3cbd4d0b,5280d74c-6d65-4538-abc9-bd70711ec5c2,OPTH,Ophthalmology,1003,876
ef2141ca-7b75-48d3-a98b-d3569db853db,5280d74c-6d65-4538-abc9-bd70711ec5c2,ORTH,Orthopaedics,682,1478
9698ca04-a94e-4d27-8001-f6e82f22041b,52affe87-361a-438a-8fc9-b836ff2f1b38,OBG,Obstetrics & Gynaecology,1061,680
a8a322e1-37f3-4cf3-b5b6-7f1fdfdbe06c,52affe87-361a-438a-8fc9-b836ff2f1b38,ENT,ENT,1635,1059
0dc6faa3-f8ab-4f95-a773-fbdcda9549d6,52affe87-361a-438a-8fc9-b836ff2f1b38,URO,Urology,1848,1061
90a4b124-4ac9-4d02-ba5f-5bb5c49202ad,52affe87-361a-438a-8fc9-b836ff2f1b38,CARD,Cardiology,799,729
69151f8a-c81d-4066-8d9c-7764fead03b9,53097eef-d54f-4fa8-8023-c7215706f5e0,MED,General Medicine,2034,868
d44a1acd-9bbd-44f3-bc16-68c3fb5c7f5e,53097eef-d54f-4fa8-8023-c7215706f5e0,CARD,Cardiology,1152,822
7ce18a12-90d2-4527-9782-dd1c9b49b197,53097eef-d54f-4fa8-8023-c7215706f5e0,ONCO,Oncology,1224,40
69ab28ee-1ce7-40b2-8d51-c34d3ccd7d45,53097eef-d54f-4fa8-8023-c7215706f5e0,ENT,ENT,1335,95
8d796d4b-1de7-4f49-bab6-a60852be61f1,53097eef-d54f-4fa8-8023-c7215706f5e0,PEDS,Paediatrics,1753,621
a5a43b05-6fa0-4f78-b3d7-f5428694fb79,53097eef-d54f-4fa8-8023-c7215706f5e0,URO,Urology,243,1376
4b152fda-5661-4552-95af-0aa12fba9b72,535536b6-459d-430e-bdb3-ce4a1fd27e14,OBG,Obstetrics & Gynaecology,1268,463
4e2e4a87-cf22-46e9-b89d-adbeca24cc81,535536b6-459d-430e-bdb3-ce4a1fd27e14,MED,General Medicine,1393,1286
0bf13712-b97c-4bc7-b3c7-0e0703de3cb5,535536b6-459d-430e-bdb3-ce4a1fd27e14,CARD,Cardiology,1853,40
b112fadc-8061-424d-8760-858a7e2f8d3d,537c7ad0-ba00-4d6b-84f9-77004e5657af,CARD,Cardiology,1707,825
02b8c8e5-6ae1-4009-8bd3-52fc99d411fe,537c7ad0-ba00-4d6b-84f9-77004e5657af,NEURO,Neurology,257,495
e60956e5-3b0d-42eb-9d93-05fb61ab5cd3,537c7ad0-ba00-4d6b-84f9-77004e5657af,OBG,Obstetrics & Gynaecology,1857,984
ec847a8f-067f-4ef7-a41f-ba4e494ce8ed,537c7ad0-ba00-4d6b-84f9-77004e5657af,MED,General Medicine,1828,890
f815e7a6-124b-4db9-ab2b-f79c7d3e74b1,537c7ad0-ba00-4d6b-84f9-77004e5657af,OPTH,Ophthalmology,287,1411
28d086f6-865f-4703-bd9c-53ff7e6c6acd,537c7ad0-ba00-4d6b-84f9-77004e5657af,PEDS,Paediatrics,496,1597
b60e4606-4d70-4354-b6dd-e001214bfb48,537c7ad0-ba00-4d6b-84f9-77004e5657af,ONCO,Oncology,706,629
84483e6f-ab88-47a5-9a07-d75971a45e3c,5387ea1a-cb1f-4458-a8f5-bfabdc6e906b,ENT,ENT,288,1363
58063adf-340d-418d-b71b-8023aa75c32e,5387ea1a-cb1f-4458-a8f5-bfabdc6e906b,OPTH,Ophthalmology,953,621
93040b5b-0e44-4c17-a5a6-14711d695a13,5387ea1a-cb1f-4458-a8f5-bfabdc6e906b,ORTH,Orthopaedics,1131,1231
7dfc2578-2834-4103-b4f7-fc82781436a6,5387ea1a-cb1f-4458-a8f5-bfabdc6e906b,NEURO,Neurology,388,1583
7d5da51e-8582-4e1a-8ff6-a33b47971605,5387ea1a-cb1f-4458-a8f5-bfabdc6e906b,PEDS,Paediatrics,1661,925
113d97d0-ee9c-4ebd-9c9f-87f9c18e2472,53ead09c-f759-4df0-afba-406cc5f961b3,MED,General Medicine,870,1191
7c7424a6-087b-498e-8929-594a1f092950,53ead09c-f759-4df0-afba-406cc5f961b3,GS,General Surgery,1347,792
8c46ff99-9707-410c-87b7-b6d721c9139d,53ead09c-f759-4df0-afba-406cc5f961b3,OBG,Obstetrics & Gynaecology,917,1737
57903fa8-d348-43d5-b8db-9319275ce393,53ead09c-f759-4df0-afba-406cc5f961b3,PEDS,Paediatrics,770,1456
dc641fb2-ce2f-4fe2-958d-36665cf6ec95,53ead09c-f759-4df0-afba-406cc5f961b3,URO,Urology,228,719
07c05968-2279-4f64-9272-56bbc7635f59,53ead09c-f759-4df0-afba-406cc5f961b3,ENT,ENT,597,248
1f79a24e-ee4c-4ade-96a5-4c33e2b676c3,53ead09c-f759-4df0-afba-406cc5f961b3,NEURO,Neurology,1525,1546
6ab4bc14-4cc0-4c67-9ac3-c6d2d0431479,5451b3cc-7f2b-4346-a2c6-f12a0c8c1d29,OPTH,Ophthalmology,1214,1346
7b773974-4aa4-438f-a646-1b5efeaeeb10,5451b3cc-7f2b-4346-a2c6-f12a0c8c1d29,CARD,Cardiology,1750,40
32c1b1c5-834a-4a24-87b1-bb74599929e4,5451b3cc-7f2b-4346-a2c6-f12a0c8c1d29,MED,General Medicine,647,779
ea0752d1-3c7a-4dd0-88a5-9afb8c78e4be,5451b3cc-7f2b-4346-a2c6-f12a0c8c1d29,ONCO,Oncology,1115,1574
7aaf1917-717c-40c1-800f-5d23f8a6243f,5451b3cc-7f2b-4346-a2c6-f12a0c8c1d29,URO,Urology,1378,672
b0320076-201b-4d41-a95b-ec3900c6757c,5451b3cc-7f2b-4346-a2c6-f12a0c8c1d29,ENT,ENT,2554,514
3322a8d3-1539-4229-8053-21809f66c2da,54747cb6-1cc7-4ffc-bcea-2801ae3d1c6d,CARD,Cardiology,422,332
e8e213d2-e19a-43bf-9467-8e4431f800af,54747cb6-1cc7-4ffc-bcea-2801ae3d1c6d,ORTH,Orthopaedics,1230,1836
e5a739a1-9b16-46d2-bc75-482a01b56fc0,54747cb6-1cc7-4ffc-bcea-2801ae3d1c6d,NEURO,Neurology,470,1907
cdf947c5-e6f3-4b2b-8063-714338679b60,54747cb6-1cc7-4ffc-bcea-2801ae3d1c6d,ONCO,Oncology,699,40
e5528d84-bcda-4b54-a1b0-bf821f84fcc7,54b20748-91e8-411a-bb22-b4a41e7cd872,GS,General Surgery,1024,279
892f4df8-3dbe-475e-b5d1-ef8944530fa3,54b20748-91e8-411a-bb22-b4a41e7cd872,OPTH,Ophthalmology,1570,379
0dc35481-c774-4573-8e96-0760255c498e,54b20748-91e8-411a-bb22-b4a41e7cd872,CARD,Cardiology,817,745
de65d0c5-de3a-4bef-9b15-c739d3e9dde6,54b20748-91e8-411a-bb22-b4a41e7cd872,NEURO,Neurology,1029,1010
d9764954-8552-424f-8410-99629bf8d949,54b20748-91e8-411a-bb22-b4a41e7cd872,ONCO,Oncology,1211,1536
27d53c91-3eeb-431b-a7d9-0711d86aa9b3,54b20748-91e8-411a-bb22-b4a41e7cd872,ORTH,Orthopaedics,836,40
bd96c22e-1669-489b-98ea-993e4b8c76a8,54b20748-91e8-411a-bb22-b4a41e7cd872,ENT,ENT,50,1136
9966eb57-dbfd-4b1a-949f-c8eb50ca3e18,553815e9-2e4c-4548-b1aa-384955efe102,OBG,Obstetrics & Gynaecology,789,1028
47d9afd4-5038-4f30-b302-a9d03160bea9,553815e9-2e4c-4548-b1aa-384955efe102,ORTH,Orthopaedics,294,1207
e82f6b27-30d1-4e5d-8412-486a4b65b235,553815e9-2e4c-4548-b1aa-384955efe102,URO,Urology,513,521
33b90348-3380-44bd-9190-e22f2e625449,553815e9-2e4c-4548-b1aa-384955efe102,NEURO,Neurology,1046,806
c990d769-6315-4566-87fd-2abae69aa907,553815e9-2e4c-4548-b1aa-384955efe102,OPTH,Ophthalmology,1398,484
6a4aae9c-1158-4865-8eb8-e2fd13a1fa99,553815e9-2e4c-4548-b1aa-384955efe102,PEDS,Paediatrics,1756,1685
9c1cc00f-545c-4f9b-a23e-f6018fdb44c4,5555d654-8be5-478d-9d4b-bb7fd625d29a,GS,General Surgery,81,840
18c90bb8-b791-4d15-a600-a338acbece2b,5555d654-8be5-478d-9d4b-bb7fd625d29a,OBG,Obstetrics & Gynaecology,581,94
8d7609fe-f8f5-4df5-85ad-920942db79ea,5555d654-8be5-478d-9d4b-bb7fd625d29a,PEDS,Paediatrics,569,1233
b71bd85d-da38-40c8-a61a-def26133cf3a,5555d654-8be5-478d-9d4b-bb7fd625d29a,ONCO,Oncology,1749,1310
fb3d0454-ea05-4f0c-a8ef-3baba7ea674a,5555d654-8be5-478d-9d4b-bb7fd625d29a,URO,Urology,272,882
323b8400-df07-469f-bf08-58e85f5645a7,55aec539-fde1-4ea1-8ae6-a6c140b652a3,GS,General Surgery,1665,930
33705b1f-7461-4d03-9878-85bce13031e9,55aec539-fde1-4ea1-8ae6-a6c140b652a3,CARD,Cardiology,970,2394
1043f5e3-324d-4c42-bdd1-4aa7f79d82c4,55aec539-fde1-4ea1-8ae6-a6c140b652a3,ENT,ENT,907,1305
3e884dcc-bd80-4b11-9152-04c67b57de41,55aec539-fde1-4ea1-8ae6-a6c140b652a3,ONCO,Oncology,1439,1290
0493a781-05b8-4c73-8c23-4f1a3d08d898,561c6756-7503-4a21-98e9-5329e3f9fb03,GS,General Surgery,1755,339
df882012-dbe6-4124-9612-b0e1a8ae7f60,561c6756-7503-4a21-98e9-5329e3f9fb03,ENT,ENT,1270,1383
8ac97d42-908a-4346-bf1f-ad0dc76fadc0,561c6756-7503-4a21-98e9-5329e3f9fb03,MED,General Medicine,828,1442
14a54e19-c90b-41a7-8044-647860ad49f5,561c6756-7503-4a21-98e9-5329e3f9fb03,URO,Urology,1091,1270
0278711c-8d39-4880-9d04-78ecaf6d5f87,561c6756-7503-4a21-98e9-5329e3f9fb03,ONCO,Oncology,647,1400
849433d4-a970-40e7-8320-11d8127dccc8,561c6756-7503-4a21-98e9-5329e3f9fb03,OPTH,Ophthalmology,747,555
6aa207b2-5b50-4d77-87e7-8d8e0c5b6517,567a2f84-a405-43c3-b225-0f407faf4d9b,CARD,Cardiology,1186,776
09d3e2e0-5534-441d-88b3-a6e675058a9b,567a2f84-a405-43c3-b225-0f407faf4d9b,GS,General Surgery,904,422
61c300b8-c69d-4c6b-9f07-c6e2f568bcd6,567a2f84-a405-43c3-b225-0f407faf4d9b,MED,General Medicine,859,623
a1c8de2b-70dd-435d-8286-05f4a1cd1956,567a2f84-a405-43c3-b225-0f407faf4d9b,OBG,Obstetrics & Gynaecology,510,1392
01e6ff3f-6fe1-4ca3-8436-f5907a0e11f2,567a2f84-a405-43c3-b225-0f407faf4d9b,NEURO,Neurology,416,825
a3731e0f-f864-4920-8c79-f85996ce5d68,567a2f84-a405-43c3-b225-0f407faf4d9b,ENT,ENT,1168,265
34ff0033-324a-4224-a146-9cc5a287164e,567a2f84-a405-43c3-b225-0f407faf4d9b,ORTH,Orthopaedics,756,1265
3d79a621-e3be-46d3-8db0-adc0ebff34a8,567a2f84-a405-43c3-b225-0f407faf4d9b,PEDS,Paediatrics,288,387
3978159d-c98d-4552-972a-cfd983fd464f,56afb951-aaf4-4664-bdf2-0ac91a4a066d,MED,General Medicine,1420,1415
9a5f9c71-b34d-4f3f-b231-926539603b19,56afb951-aaf4-4664-bdf2-0ac91a4a066d,ORTH,Orthopaedics,598,207
71e4d5f8-da7a-4276-a0bb-d2418e94bf9d,56afb951-aaf4-4664-bdf2-0ac91a4a066d,URO,Urology,747,1493
a7da1557-e29b-4eb7-8cfa-a02aa72e1a38,56afb951-aaf4-4664-bdf2-0ac91a4a066d,CARD,Cardiology,2351,1049
1816e425-00ef-4d72-a51c-816410ef5c85,56afb951-aaf4-4664-bdf2-0ac91a4a066d,GS,General Surgery,881,776
63bea6b3-4463-4279-871b-d046f766939a,56afb951-aaf4-4664-bdf2-0ac91a4a066d,NEURO,Neurology,1222,1416
b3f90f56-258b-4772-af90-88855550ba4a,56afb951-aaf4-4664-bdf2-0ac91a4a066d,OPTH,Ophthalmology,618,913
7f2f2414-967a-4eec-a0d7-b56045612e7c,56dfac25-65ed-4c1e-8408-7fb3bdfedde1,ENT,ENT,2134,618
2602144a-9852-46db-b9bb-7943d530919a,56dfac25-65ed-4c1e-8408-7fb3bdfedde1,NEURO,Neurology,233,911
885b42c0-4428-4ad3-933d-f0ce248faecd,56dfac25-65ed-4c1e-8408-7fb3bdfedde1,OPTH,Ophthalmology,1606,1232
a1131fe9-5ca6-496f-83e4-15bc9c41de44,56dfac25-65ed-4c1e-8408-7fb3bdfedde1,PEDS,Paediatrics,835,689
fb6001ce-f575-44fb-b68a-772d2754cf0a,56dfac25-65ed-4c1e-8408-7fb3bdfedde1,ORTH,Orthopaedics,200,114
2c533df5-7984-4e8b-9cec-fd635e111506,58705a78-cc11-414e-b4fb-f96d67d01ca4,CARD,Cardiology,964,494
f5e05b1c-53d6-4e9f-bc2b-49c7e7a18209,58705a78-cc11-414e-b4fb-f96d67d01ca4,URO,Urology,771,912
99ede56f-1f24-4aa4-b18e-b5cfa2fa14ee,58705a78-cc11-414e-b4fb-f96d67d01ca4,MED,General Medicine,1453,1817
541c04f1-f836-4374-9986-55056f0d0b43,588a58d8-6eae-4972-a4e3-77e30ffa3e3c,GS,General Surgery,967,1045
88ee6416-dab1-4cda-8964-997878c1b877,588a58d8-6eae-4972-a4e3-77e30ffa3e3c,URO,Urology,1328,40
9ca3a756-b11e-4356-afd6-274d799d4df7,588a58d8-6eae-4972-a4e3-77e30ffa3e3c,OPTH,Ophthalmology,1501,651
87be39b8-4b45-4d25-a89d-3fda82cb5706,588a58d8-6eae-4972-a4e3-77e30ffa3e3c,ORTH,Orthopaedics,985,1366
a4c9e206-e8e9-47f2-811e-400cc1514bb7,588a58d8-6eae-4972-a4e3-77e30ffa3e3c,PEDS,Paediatrics,1908,1436
08a7507f-3358-4341-89b0-4020c564ef37,59127543-a4ef-4f48-b859-c871032b5267,OBG,Obstetrics & Gynaecology,1581,1169
7373d264-477f-43c0-aa6b-d35863878ae8,59127543-a4ef-4f48-b859-c871032b5267,ORTH,Orthopaedics,1542,1774
08b1fbff-fceb-4d0c-92e2-4133ad3a8abc,59127543-a4ef-4f48-b859-c871032b5267,CARD,Cardiology,375,541
01679d66-a083-416e-b8d8-7f7351bdde2b,59127543-a4ef-4f48-b859-c871032b5267,PEDS,Paediatrics,583,1126
67ab59d3-053f-4226-bf55-f378d1d1c592,59127543-a4ef-4f48-b859-c871032b5267,ENT,ENT,1935,2039
e1de2b17-7a83-4875-aa9e-38dcbfdb7d39,59127543-a4ef-4f48-b859-c871032b5267,NEURO,Neurology,50,910
f5cdfa78-436b-4763-b27c-597ae10a0816,59127543-a4ef-4f48-b859-c871032b5267,ONCO,Oncology,1682,997
be70eb22-4767-4457-9861-36d20d6ea7b8,59331385-4f32-41c6-a6a8-a884a4ebacb4,MED,General Medicine,844,533
9a9a85ae-4225-4133-ac5a-b0d4bf03666d,59331385-4f32-41c6-a6a8-a884a4ebacb4,CARD,Cardiology,1203,1053
c0981e4f-51a9-4079-8bfd-9adec6c3de9f,59331385-4f32-41c6-a6a8-a884a4ebacb4,ORTH,Orthopaedics,865,749
84624ac1-787b-469f-b666-36d9641f0600,59331385-4f32-41c6-a6a8-a884a4ebacb4,URO,Urology,1640,1431
d7709d4c-5480-4b19-a61c-a26a84b16b48,59331385-4f32-41c6-a6a8-a884a4ebacb4,ENT,ENT,1336,40
dd0c0280-390a-43d8-a597-68ab5e28d911,59331385-4f32-41c6-a6a8-a884a4ebacb4,NEURO,Neurology,1048,1317
635df20c-75c0-4ba1-a694-f434e358f568,59331385-4f32-41c6-a6a8-a884a4ebacb4,OPTH,Ophthalmology,50,40
6d8e5098-e513-4f53-8c00-50cbc6ba18bb,59a8efba-d5b6-4d65-a2f6-361f9965cae3,ENT,ENT,811,943
c609333f-2d51-4dc0-9099-8ccdc35c71e5,59a8efba-d5b6-4d65-a2f6-361f9965cae3,OPTH,Ophthalmology,2046,1264
b7c607da-f534-4371-a522-35f5a3a145d8,59a8efba-d5b6-4d65-a2f6-361f9965cae3,OBG,Obstetrics & Gynaecology,1253,804
1a5cdcaa-3379-4249-8da0-d2280d12d763,59a8efba-d5b6-4d65-a2f6-361f9965cae3,ONCO,Oncology,1233,1790
7691cfa0-9aaa-4250-810d-21f3cd73dec7,59a8efba-d5b6-4d65-a2f6-361f9965cae3,PEDS,Paediatrics,642,1134
037ac93b-fcaf-413c-ab32-dcf8cb33d0ba,59c718e7-cfa6-43c6-84d9-9fd9e47107f2,OBG,Obstetrics & Gynaecology,821,40
ec5a52b0-c14f-4bc2-8614-e2cbef579461,59c718e7-cfa6-43c6-84d9-9fd9e47107f2,OPTH,Ophthalmology,1188,763
52ce9349-3c81-4929-b298-7d1cd64cec6c,59c718e7-cfa6-43c6-84d9-9fd9e47107f2,GS,General Surgery,1303,1025
82b77571-e2fa-4da1-96fb-560265990fda,59c718e7-cfa6-43c6-84d9-9fd9e47107f2,NEURO,Neurology,1310,810
3014a825-eaf6-4acc-a1a1-89e283d7ab9e,59c718e7-cfa6-43c6-84d9-9fd9e47107f2,ENT,ENT,1262,1289
d45a6264-f38a-42db-b74a-1af0dce29e3f,59c718e7-cfa6-43c6-84d9-9fd9e47107f2,ONCO,Oncology,587,1028
7d7bdd99-003b-48ce-b0a6-742d72282bc8,59c718e7-cfa6-43c6-84d9-9fd9e47107f2,PEDS,Paediatrics,1764,900
06558d83-ac78-4adb-8c19-2b3ddb45ca10,59fb002b-fae0-463b-a777-ddd901369bf2,GS,General Surgery,1866,1267
fd12f755-44e1-49e8-8ef1-43f5c147916f,59fb002b-fae0-463b-a777-ddd901369bf2,OPTH,Ophthalmology,1500,1030
0697f186-69f4-4760-8dcb-4602cb68626a,59fb002b-fae0-463b-a777-ddd901369bf2,ORTH,Orthopaedics,1264,1359
80d21767-c0a0-49c3-9705-aebced8f2b81,59fb002b-fae0-463b-a777-ddd901369bf2,CARD,Cardiology,871,1909
14cdabd2-df8b-4dd0-ba94-372735968e66,59fb002b-fae0-463b-a777-ddd901369bf2,ENT,ENT,1912,513
831c3889-4226-451c-8b66-94c614f7f2c2,59fb002b-fae0-463b-a777-ddd901369bf2,MED,General Medicine,50,897
2432f2a8-5b8b-4ad1-8faa-e7bcc35d020c,59fb002b-fae0-463b-a777-ddd901369bf2,NEURO,Neurology,1153,915
f3f67004-6226-4be2-bac5-b963a3195668,59fb002b-fae0-463b-a777-ddd901369bf2,ONCO,Oncology,50,1246
7a28bc06-58f1-4a97-92ab-f5df7376a435,59feb58f-10b2-44b7-95ec-9961cdd9cb34,ORTH,Orthopaedics,1566,1801
ac6094ce-1bbc-4ddb-9ed1-2beb2279b946,59feb58f-10b2-44b7-95ec-9961cdd9cb34,OBG,Obstetrics & Gynaecology,1907,1380
9392d5ec-d67e-45b0-8bfb-8d683f82a4df,59feb58f-10b2-44b7-95ec-9961cdd9cb34,MED,General Medicine,2036,1435
57131fc0-e1e6-4f5c-9a4a-bcceb3dbe047,59feb58f-10b2-44b7-95ec-9961cdd9cb34,CARD,Cardiology,355,1091
e2e3043a-a92b-49ab-a98c-a48da332d613,59feb58f-10b2-44b7-95ec-9961cdd9cb34,NEURO,Neurology,885,911
4b52c818-201a-44e4-8999-196ccd7cbcdb,59feb58f-10b2-44b7-95ec-9961cdd9cb34,OPTH,Ophthalmology,726,171
01887eec-92db-4fa3-a114-ebfb5b0c1d35,5a00f0f2-b63b-413a-80b4-85459ec37495,ORTH,Orthopaedics,797,134
f4590dec-7fc5-4433-9613-28c76d2b6a6b,5a00f0f2-b63b-413a-80b4-85459ec37495,CARD,Cardiology,552,1016
4f1e21be-bc1c-4325-af75-12a3740a5055,5a00f0f2-b63b-413a-80b4-85459ec37495,MED,General Medicine,1811,509
d653db22-2b81-4038-8716-0ce513afd812,5a00f0f2-b63b-413a-80b4-85459ec37495,ONCO,Oncology,204,724
13882b13-e71e-4ff2-896e-15201c1b796c,5a00f0f2-b63b-413a-80b4-85459ec37495,URO,Urology,978,116
58bf8f9f-4168-4dee-a2b5-c729964c9420,5a00f0f2-b63b-413a-80b4-85459ec37495,ENT,ENT,197,1291
ae4f470a-13e5-47bd-a098-b4844f0ffd3e,5a00f0f2-b63b-413a-80b4-85459ec37495,OPTH,Ophthalmology,427,1546
52f6bb9d-a7e4-4de8-871c-1dc372a8a1ee,5a22e077-a095-4645-ac89-4b17dc08d4cf,CARD,Cardiology,704,40
cd237da3-1261-40ee-9501-9a55ed6559e3,5a22e077-a095-4645-ac89-4b17dc08d4cf,OBG,Obstetrics & Gynaecology,562,906
9f68a390-3c05-4c10-ac57-70d0d3a2816f,5a22e077-a095-4645-ac89-4b17dc08d4cf,GS,General Surgery,1266,85
2abd5faa-5c9c-4408-9190-88228beee0c6,5a22e077-a095-4645-ac89-4b17dc08d4cf,OPTH,Ophthalmology,1750,356
a2fd488e-6d25-4f3f-a6c7-54ddd91c0730,5a22e077-a095-4645-ac89-4b17dc08d4cf,ENT,ENT,1199,380
f774290d-3133-4099-b4bb-d4cdd7ed068e,5c50a41c-8176-4534-acde-b156771df199,GS,General Surgery,1425,621
c0e6846e-b2d7-4c58-bcbd-c86a44372f0c,5c50a41c-8176-4534-acde-b156771df199,ONCO,Oncology,1330,1959
f08a8d94-e12c-49e9-988a-b0bc02b77eba,5c50a41c-8176-4534-acde-b156771df199,OPTH,Ophthalmology,301,1440
e74f4483-20a0-43a7-8e2f-2644c075b712,5c50a41c-8176-4534-acde-b156771df199,MED,General Medicine,1127,1480
408d885b-9ca5-44cf-99b5-a3c227442b53,5c50a41c-8176-4534-acde-b156771df199,CARD,Cardiology,1228,1012
54a3a719-5875-4f0f-a13e-da1fd64e2e9c,5c50a41c-8176-4534-acde-b156771df199,NEURO,Neurology,508,974
c07ce98d-e69f-41d2-a785-219b888861f4,5c50a41c-8176-4534-acde-b156771df199,PEDS,Paediatrics,1226,1103
2ed0ea76-f310-4cf1-b719-54c0046f220c,5c727695-ed4c-4f29-b909-7d1af1979889,GS,General Surgery,846,1086
8b85133a-4420-4edc-9d95-3b9c0b9f5adf,5c727695-ed4c-4f29-b909-7d1af1979889,CARD,Cardiology,1511,1575
7a87ac2b-55f9-41c9-b592-26d03d9bf42b,5c727695-ed4c-4f29-b909-7d1af1979889,ORTH,Orthopaedics,739,726
8a982309-ce83-4512-95e6-808fdcb7d25b,5c727695-ed4c-4f29-b909-7d1af1979889,ENT,ENT,1200,884
691a7500-261d-4306-a2cf-25c87daabd56,5c727695-ed4c-4f29-b909-7d1af1979889,NEURO,Neurology,1096,862
a943a12c-a3dd-4bac-a4e7-d517044bd8c8,5c727695-ed4c-4f29-b909-7d1af1979889,OPTH,Ophthalmology,1641,1453
1d505eba-7eef-4706-8dc8-cf214fa255a7,5cd21b7d-188f-4966-b23c-d377c153a291,CARD,Cardiology,1194,2140
687ed516-88f0-4c29-aacf-6ad72a3b9149,5cd21b7d-188f-4966-b23c-d377c153a291,ORTH,Orthopaedics,377,1353
2c9d8af3-31ff-4390-95dd-5b786e3b0a62,5cd21b7d-188f-4966-b23c-d377c153a291,OBG,Obstetrics & Gynaecology,570,1482
de976c97-f072-45c7-ae0a-389fd3f1a5fc,5cd21b7d-188f-4966-b23c-d377c153a291,PEDS,Paediatrics,50,1401
ef5b80be-aae9-4ce9-9c92-73116f263012,5cd21b7d-188f-4966-b23c-d377c153a291,ENT,ENT,1012,546
3b677d3a-c00b-47d8-8127-f077f84f9d73,5cd21b7d-188f-4966-b23c-d377c153a291,NEURO,Neurology,1447,233
4cf2bf39-aed2-48f5-b876-0b036c68512f,5cd21b7d-188f-4966-b23c-d377c153a291,ONCO,Oncology,667,1449
51c4cf4b-a502-4df9-a5dd-f9a68f85f776,5d745d10-cd21-48e5-925f-58429a3e5687,CARD,Cardiology,1428,1541
e38bf9a0-8dd4-41c7-93d6-e32f93e7172e,5d745d10-cd21-48e5-925f-58429a3e5687,OPTH,Ophthalmology,1080,495
a9dadbd4-37b0-4ba7-9949-3ad396bddae6,5ddf7e87-91eb-4b43-9b6a-cee7be05af4b,OBG,Obstetrics & Gynaecology,731,1216
ae08fa9f-b03c-4575-a41c-536bd73a5664,5ddf7e87-91eb-4b43-9b6a-cee7be05af4b,MED,General Medicine,1423,829
247c10eb-c7c8-4cca-b529-a82c06b0c17d,5ddf7e87-91eb-4b43-9b6a-cee7be05af4b,ORTH,Orthopaedics,1472,733
63ecd5e5-b9f3-4586-938e-b175a66b7dec,5ddf7e87-91eb-4b43-9b6a-cee7be05af4b,NEURO,Neurology,1024,1013
40e58079-7eba-451f-9c85-356fbe880179,5ddf7e87-91eb-4b43-9b6a-cee7be05af4b,ENT,ENT,1413,927
3951368d-869d-4ed4-a28e-75267752834b,5ddf7e87-91eb-4b43-9b6a-cee7be05af4b,GS,General Surgery,612,1579
14d82a61-ef55-40dc-b806-6fe2351e96a7,5ddf7e87-91eb-4b43-9b6a-cee7be05af4b,ONCO,Oncology,301,1417
8b86846f-7120-4b9b-8120-f0d6ec2d7993,5ddf7e87-91eb-4b43-9b6a-cee7be05af4b,PEDS,Paediatrics,1318,500
b66fa09d-1e8b-45ad-b791-bed669223aef,5e4b493b-25cd-4a22-8924-51c3c6697718,GS,General Surgery,1295,656
7157a489-6303-4bbe-8f58-d5e524eb4f48,5e4b493b-25cd-4a22-8924-51c3c6697718,ENT,ENT,1287,1004
d60ed15c-f144-433c-bd0f-e943ed555011,5e4b493b-25cd-4a22-8924-51c3c6697718,ONCO,Oncology,918,2335
f0880e09-b2d0-49c0-83c5-147624ca5fa6,5e4b493b-25cd-4a22-8924-51c3c6697718,URO,Urology,1659,1529
540ab5ef-60e2-49cc-bb96-87a2cfd0bfa5,5e4b493b-25cd-4a22-8924-51c3c6697718,CARD,Cardiology,934,325
e9808c25-5d87-4f53-b72e-125c3dd67a8e,5e61eaf4-4d9a-4bf5-ad2d-e905a8860727,MED,General Medicine,1015,441
bfc44b73-bf70-4378-9370-468d637eda14,5e61eaf4-4d9a-4bf5-ad2d-e905a8860727,CARD,Cardiology,339,459
c696ddd8-d6ef-440b-a6c1-0939935c5066,5e61eaf4-4d9a-4bf5-ad2d-e905a8860727,ONCO,Oncology,1427,1492
1edab50b-31c2-4f7b-bc55-50e657a71329,5e9bcbc0-18e7-4d4e-b2a2-c1a2eeda36cc,ORTH,Orthopaedics,884,1297
95d3de8e-d692-4149-9d42-7ce55048841b,5e9bcbc0-18e7-4d4e-b2a2-c1a2eeda36cc,CARD,Cardiology,50,791
46961fa1-8ecd-4d2b-b6de-7e255292dbaf,5e9bcbc0-18e7-4d4e-b2a2-c1a2eeda36cc,NEURO,Neurology,560,461
63479ee9-1a48-4b05-b058-c3ccdd7daafd,5e9bcbc0-18e7-4d4e-b2a2-c1a2eeda36cc,URO,Urology,802,614
d92cf63d-314a-4fd9-919b-616672fc0f1e,5e9bcbc0-18e7-4d4e-b2a2-c1a2eeda36cc,ENT,ENT,64,957
31e930da-b47a-4bdf-b901-18e4ae6d6e16,5e9bcbc0-18e7-4d4e-b2a2-c1a2eeda36cc,ONCO,Oncology,554,2046
c8e2ffa2-857e-41e5-a489-75b20790af4e,5eb0fc61-eb72-4d50-9f5d-4c0353309b1e,OPTH,Ophthalmology,1373,1538
96cca9d6-dd8c-447e-b031-09e389cc18a5,5eb0fc61-eb72-4d50-9f5d-4c0353309b1e,CARD,Cardiology,1517,1214
d1379751-352d-4def-a4d5-d3ec8d537247,5eb0fc61-eb72-4d50-9f5d-4c0353309b1e,ENT,ENT,193,1264
22da0546-6037-47aa-a27d-df2299d095f0,5eb0fc61-eb72-4d50-9f5d-4c0353309b1e,GS,General Surgery,1728,40
4437f456-4590-48e4-bfbb-a53af02d135d,5eb0fc61-eb72-4d50-9f5d-4c0353309b1e,ORTH,Orthopaedics,154,1371
8a7a3d35-f2cf-4c37-9323-9010ffd44a25,5eb0fc61-eb72-4d50-9f5d-4c0353309b1e,NEURO,Neurology,892,936
a6f898d0-997c-4ab9-8703-647dc104a175,5eb0fc61-eb72-4d50-9f5d-4c0353309b1e,ONCO,Oncology,50,893
5d6b40bf-6dd0-4d96-875c-fabba877e8fe,5f336a30-f600-4b00-affb-c0c067ec58e7,CARD,Cardiology,1839,1126
adff9d97-e4ae-4ebe-9896-07b7883d8f59,5f336a30-f600-4b00-affb-c0c067ec58e7,OBG,Obstetrics & Gynaecology,1963,1070
2600231d-3914-449e-af7d-5a0ce7c53e19,5f336a30-f600-4b00-affb-c0c067ec58e7,URO,Urology,1452,1377
4350bfba-5aba-4507-a1c2-28ad31cc6039,5f336a30-f600-4b00-affb-c0c067ec58e7,ONCO,Oncology,1349,1410
da618cd2-7c6c-4bb7-8a0a-4885140d0840,5f336a30-f600-4b00-affb-c0c067ec58e7,OPTH,Ophthalmology,760,201
1b40e4d8-9898-48c4-bfe2-2090f63f36bb,5f74e2e2-dde4-4877-afe8-c66f668662b7,OBG,Obstetrics & Gynaecology,1497,955
ac5847d4-c119-445c-9b2d-d8d074381378,5f74e2e2-dde4-4877-afe8-c66f668662b7,GS,General Surgery,584,1627
8040f81d-9172-4d4b-a27e-f23489884b78,5f74e2e2-dde4-4877-afe8-c66f668662b7,CARD,Cardiology,733,1961
a068b561-9059-414c-8d8f-144ad5271b52,5f74e2e2-dde4-4877-afe8-c66f668662b7,NEURO,Neurology,240,692
d2561962-daa4-47f4-837c-e61d1f0a7070,5f74e2e2-dde4-4877-afe8-c66f668662b7,ORTH,Orthopaedics,1327,262
d47079ac-bc4e-40ed-812b-76c6a754a503,5f74e2e2-dde4-4877-afe8-c66f668662b7,OPTH,Ophthalmology,1143,1055
698b90ca-f279-43a9-aad9-8038252ee49f,5f74e2e2-dde4-4877-afe8-c66f668662b7,URO,Urology,1274,239
7f699718-24dc-4d1c-8597-ad6a542fb267,6026e193-5b9a-42fd-a78f-91ab822c513d,CARD,Cardiology,1480,1690
1baa0af8-288a-4dce-85bf-6c25ef92c206,6026e193-5b9a-42fd-a78f-91ab822c513d,OPTH,Ophthalmology,1248,1758
43c247fc-b051-4a65-9725-395e169aed4d,6026e193-5b9a-42fd-a78f-91ab822c513d,ONCO,Oncology,1183,699
cd925d7a-22e4-46a4-b461-a3219629d87f,6026e193-5b9a-42fd-a78f-91ab822c513d,ENT,ENT,87,161
8b011517-3bc0-43ee-a0fd-41b6faa8dffc,6026e193-5b9a-42fd-a78f-91ab822c513d,MED,General Medicine,1193,691
908b5b9d-35e4-493a-8dfc-12360dc04a5a,6026e193-5b9a-42fd-a78f-91ab822c513d,NEURO,Neurology,1225,438
73b9f882-3643-4398-a5b9-ee16f01b59b1,6026e193-5b9a-42fd-a78f-91ab822c513d,PEDS,Paediatrics,1642,1455
00c63bd3-9127-46a7-9bfc-86e5d804c3ab,604f77e0-867d-4f47-b005-035ccfe6eafe,GS,General Surgery,1843,922
f696c41f-1a97-4da2-924d-f281f7a396fb,604f77e0-867d-4f47-b005-035ccfe6eafe,OPTH,Ophthalmology,1537,1676
190837ca-825b-4d51-8562-8ae08fa6e578,604f77e0-867d-4f47-b005-035ccfe6eafe,MED,General Medicine,995,1149
ffd6a792-d8a2-4e31-a09a-c9cdcbd7a059,604f77e0-867d-4f47-b005-035ccfe6eafe,URO,Urology,1632,1354
5109ca4a-5eb1-4dfc-ba42-0e4505b4b9d8,604f77e0-867d-4f47-b005-035ccfe6eafe,ENT,ENT,670,40
db45618a-98be-489b-b3a7-ba26a3043e20,604f77e0-867d-4f47-b005-035ccfe6eafe,ONCO,Oncology,399,1467
aef83190-4a70-4bb0-b178-6539a39f7724,604f77e0-867d-4f47-b005-035ccfe6eafe,ORTH,Orthopaedics,1648,1309
953f8610-d8b7-42f8-8948-7b531ead7598,60982dad-6a46-4042-8070-db1c1284ef78,GS,General Surgery,1199,773
02f9a826-b5b9-49eb-a593-30c0075472af,60982dad-6a46-4042-8070-db1c1284ef78,OBG,Obstetrics & Gynaecology,1215,1120
31d25dae-2e14-45f1-8faf-e27b436d3df2,60982dad-6a46-4042-8070-db1c1284ef78,OPTH,Ophthalmology,1271,1339
345d9752-926a-410d-a065-f32b03bed9d3,60982dad-6a46-4042-8070-db1c1284ef78,ORTH,Orthopaedics,1334,700
3fd9c238-340f-4584-b005-d7abbb9d850e,60982dad-6a46-4042-8070-db1c1284ef78,CARD,Cardiology,1045,573
05a48fdb-c2fa-438d-ac0b-7f6e8f9c7568,60982dad-6a46-4042-8070-db1c1284ef78,PEDS,Paediatrics,50,1270
b91c4683-ea3a-4d9e-a802-4f63ad0e739c,60a002f8-1cbf-47a4-be0d-933f039b35ef,OBG,Obstetrics & Gynaecology,857,1080
831bfe27-c5e9-45e6-bfd0-bb76c6fd5b7a,60a002f8-1cbf-47a4-be0d-933f039b35ef,CARD,Cardiology,856,1866
097c4299-f8a7-46d5-99ca-7923f985e0b3,60a002f8-1cbf-47a4-be0d-933f039b35ef,OPTH,Ophthalmology,1660,1212
28693288-c187-475c-adaf-a196e8aa42cd,60a002f8-1cbf-47a4-be0d-933f039b35ef,GS,General Surgery,709,1065
6bfac222-1fac-4224-96f5-f24bc1fff566,60a002f8-1cbf-47a4-be0d-933f039b35ef,ORTH,Orthopaedics,421,528
c49baa29-a07c-4243-a697-8d1f1c953f74,60a002f8-1cbf-47a4-be0d-933f039b35ef,URO,Urology,1517,1940
94536a66-db99-402c-8272-8bbcc1b4daed,60a002f8-1cbf-47a4-be0d-933f039b35ef,MED,General Medicine,1277,349
1a1eadaf-0b5d-4ac7-9f52-b29faf0c5e56,619241f5-3422-453c-bcba-0e1db980ad70,MED,General Medicine,1490,1344
ee15f95d-c627-4bf8-acc2-44113192fb0a,619241f5-3422-453c-bcba-0e1db980ad70,OBG,Obstetrics & Gynaecology,96,1233
b0714d4b-5b2c-44ea-87a1-c3da5f85ee49,619241f5-3422-453c-bcba-0e1db980ad70,CARD,Cardiology,734,1224
da945d5e-17b5-4250-ae22-b1b8ba16d4ae,619241f5-3422-453c-bcba-0e1db980ad70,ENT,ENT,674,1334
718d5596-c5cc-412c-b43a-f838738bd4b9,619241f5-3422-453c-bcba-0e1db980ad70,OPTH,Ophthalmology,784,1096
5d16a9d4-58d4-4016-92ba-7a6005be1235,619241f5-3422-453c-bcba-0e1db980ad70,URO,Urology,1044,1891
50a348e0-6885-4717-abd2-49d24855144f,619241f5-3422-453c-bcba-0e1db980ad70,GS,General Surgery,525,966
bc07db7a-a74b-4a46-bc85-b8993932dca7,619241f5-3422-453c-bcba-0e1db980ad70,NEURO,Neurology,1647,981
2a860a61-159a-460b-8e6e-85564231a664,61cc971e-208f-4727-bce5-e8e9cb5fdb04,CARD,Cardiology,955,1652
df850106-19bd-401c-9947-f99a61cecb52,61cc971e-208f-4727-bce5-e8e9cb5fdb04,MED,General Medicine,1427,591
c9fbac1f-e6bf-4fae-a574-7c4530314e99,62e1ce57-4241-4364-92cb-7637c17b5c01,GS,General Surgery,623,503
5eaec05d-497b-4406-9833-e684733e16d3,62e1ce57-4241-4364-92cb-7637c17b5c01,MED,General Medicine,1523,808
28f45e5a-6954-49f6-90cd-5eae7b21a189,62e1ce57-4241-4364-92cb-7637c17b5c01,OBG,Obstetrics & Gynaecology,1446,1165
44638eb2-2277-465a-942b-a2fd83d41ef5,62e1ce57-4241-4364-92cb-7637c17b5c01,OPTH,Ophthalmology,982,442
86b2b7c9-3dbf-41ce-979f-8b6e6e109fd8,62e1ce57-4241-4364-92cb-7637c17b5c01,ONCO,Oncology,370,1839
04f928f1-c11b-4182-a83e-dc4a63810762,6321512d-78a5-425f-8038-d29cd7a8473a,ONCO,Oncology,1309,395
a730baa7-d761-498f-a0cc-981ba2e6afa5,6321512d-78a5-425f-8038-d29cd7a8473a,CARD,Cardiology,554,533
ea003e60-4353-4619-9551-8cce32febbfd,6321512d-78a5-425f-8038-d29cd7a8473a,OBG,Obstetrics & Gynaecology,1210,40
9c6833b2-ec4e-484d-a9b9-e28b1d007665,6321512d-78a5-425f-8038-d29cd7a8473a,ENT,ENT,1043,1770
5e63653e-34a8-46a9-a01c-937bbdb1a527,634a130c-fcbe-4e59-a818-ddcac4bfae04,MED,General Medicine,858,845
99e658c8-6d6c-48a6-a400-12718f5dca50,634a130c-fcbe-4e59-a818-ddcac4bfae04,ENT,ENT,1996,1215
3564bebf-9f89-4603-8cc4-040c28da254a,634a130c-fcbe-4e59-a818-ddcac4bfae04,NEURO,Neurology,792,154
f789c676-72bb-4518-af2b-e36c85ff8d62,634a130c-fcbe-4e59-a818-ddcac4bfae04,OPTH,Ophthalmology,1304,1157
bb96c1fa-ef5f-42b1-9edf-3664073043df,634a130c-fcbe-4e59-a818-ddcac4bfae04,URO,Urology,684,1004
b029af06-2bf6-4c6e-98f2-37e0e78b290c,634a130c-fcbe-4e59-a818-ddcac4bfae04,ONCO,Oncology,960,40
7a5eaace-b899-41d5-a038-266dfba46f6c,6370ad26-6d44-4337-9ee9-dd0dc9f87a18,ORTH,Orthopaedics,872,497
bf8c2d96-300c-45d8-a53e-fb235493d909,6370ad26-6d44-4337-9ee9-dd0dc9f87a18,URO,Urology,1341,827
0e5b977f-eb8d-4f27-a0e2-48a5aa5dab71,6370ad26-6d44-4337-9ee9-dd0dc9f87a18,OBG,Obstetrics & Gynaecology,457,1526
f2315208-2dda-4a81-8676-818044d11350,6370ad26-6d44-4337-9ee9-dd0dc9f87a18,CARD,Cardiology,986,817
40975025-a5cb-4bdc-b1c0-d4b295884a5a,6370ad26-6d44-4337-9ee9-dd0dc9f87a18,ONCO,Oncology,50,40
127508bc-e26e-433a-9514-c3fedd89f4cf,6370ad26-6d44-4337-9ee9-dd0dc9f87a18,OPTH,Ophthalmology,1664,890
7d944ddc-c1c8-4780-babf-02f2e0eeca5d,6370ad26-6d44-4337-9ee9-dd0dc9f87a18,ENT,ENT,2036,1080
eec9e9fe-1b87-4f8f-b189-74deb4c8ff2f,639ffc2d-ecdf-44b8-9943-60faac4ee622,GS,General Surgery,323,1669
084735a7-6d7f-4d67-8adb-83d2482fd97a,639ffc2d-ecdf-44b8-9943-60faac4ee622,ORTH,Orthopaedics,743,453
af18c9fd-9d3c-45db-ad23-23b0767cea4b,639ffc2d-ecdf-44b8-9943-60faac4ee622,PEDS,Paediatrics,2264,1518
1793c912-5f06-42e6-b741-406f494bd661,639ffc2d-ecdf-44b8-9943-60faac4ee622,NEURO,Neurology,1203,1599
3a18bb9d-ad2b-44f7-8262-67e36c7c1d1b,639ffc2d-ecdf-44b8-9943-60faac4ee622,ONCO,Oncology,1399,1940
098415e4-2121-463f-b4a6-7b5fd19e83b7,639ffc2d-ecdf-44b8-9943-60faac4ee622,ENT,ENT,575,846
3b602d71-0cda-417b-99ad-9ce4203fc663,64332df1-0fd4-4153-950a-593efe09e1e1,GS,General Surgery,1671,701
5fbd5b7a-5189-447a-88da-96ac6de1e3fb,64332df1-0fd4-4153-950a-593efe09e1e1,OBG,Obstetrics & Gynaecology,1759,266
78310306-2a52-4b19-a47c-4ddf20fafb50,64332df1-0fd4-4153-950a-593efe09e1e1,URO,Urology,647,607
976407d7-59c8-4eb5-a03f-5a2afd440010,64332df1-0fd4-4153-950a-593efe09e1e1,MED,General Medicine,1357,595
0235746a-0a6a-48c4-9e37-2219686f1b1f,64332df1-0fd4-4153-950a-593efe09e1e1,ONCO,Oncology,850,1656
996d659d-cf2b-4f0f-8d47-1ba504127cff,64332df1-0fd4-4153-950a-593efe09e1e1,ENT,ENT,149,638
e806d80c-bf3e-4f05-a50e-801dba9df577,64332df1-0fd4-4153-950a-593efe09e1e1,NEURO,Neurology,835,817
89693bac-517e-4cfa-a0f8-c8a02488c2ab,652f43d6-de19-471a-aa92-bf89906ef03c,MED,General Medicine,1433,934
dc81a79d-aef3-4f7d-86de-28cc27f0abdf,652f43d6-de19-471a-aa92-bf89906ef03c,ONCO,Oncology,452,1942
4168c4b1-584d-4a4d-b70a-69283b80954a,652f43d6-de19-471a-aa92-bf89906ef03c,CARD,Cardiology,838,1157
920a8b28-76f7-4662-b2b5-745ebbe5de7f,652f43d6-de19-471a-aa92-bf89906ef03c,OPTH,Ophthalmology,986,1317
aa91964b-96b9-407d-ae6c-e2e42fce3f0d,652f43d6-de19-471a-aa92-bf89906ef03c,GS,General Surgery,869,750
c66a1a70-c4f7-4b07-be8b-19f01b526b77,652f43d6-de19-471a-aa92-bf89906ef03c,OBG,Obstetrics & Gynaecology,224,1082
e3a322f1-0bc7-45d4-87b6-e23a1dab6c08,652f43d6-de19-471a-aa92-bf89906ef03c,URO,Urology,1429,783
24a02bab-6521-4491-9f3a-ac091b8672a5,655b3ac5-16ea-4824-9d83-c86a7ed120ab,GS,General Surgery,768,40
aff3e590-a831-406d-b973-38c40774bd2e,655b3ac5-16ea-4824-9d83-c86a7ed120ab,OPTH,Ophthalmology,1024,968
a10a7810-5e80-4e75-9397-55ff19eae95b,655b3ac5-16ea-4824-9d83-c86a7ed120ab,URO,Urology,889,1520
93ef500a-342e-4a46-a375-49c2bf39d3d4,655b3ac5-16ea-4824-9d83-c86a7ed120ab,CARD,Cardiology,542,1555
b44206af-66ce-4429-adaf-14129c1d7499,655b3ac5-16ea-4824-9d83-c86a7ed120ab,ENT,ENT,718,615
6adf2c6d-0570-49b5-8527-3963857c11c7,655b3ac5-16ea-4824-9d83-c86a7ed120ab,ONCO,Oncology,1206,1314
c54881fd-e29d-4904-82d1-fe5044704632,655b3ac5-16ea-4824-9d83-c86a7ed120ab,MED,General Medicine,514,1415
2fba0052-2ce6-49cf-8056-79546a68ee38,655b3ac5-16ea-4824-9d83-c86a7ed120ab,NEURO,Neurology,952,413
11fe01a0-729c-4d95-9e31-512f17eca75b,65729bca-d04c-4300-b365-1b42386327e8,ORTH,Orthopaedics,606,1027
83543b1b-8bba-49f4-9855-36dd3b3d5d2b,65729bca-d04c-4300-b365-1b42386327e8,OBG,Obstetrics & Gynaecology,50,1049
deffe39b-dda4-4ef9-8a5a-6edc51b308ac,65729bca-d04c-4300-b365-1b42386327e8,NEURO,Neurology,511,685
5d8135c6-ce50-4ec0-80c5-aa73c421d79c,65729bca-d04c-4300-b365-1b42386327e8,ONCO,Oncology,1104,1294
4107e6d2-46d9-48b7-ba24-38d2b42f7d70,65e9cae5-1bb5-47e7-8469-3b64297e5819,GS,General Surgery,1016,40
d61b8615-7e87-4609-a759-d7e3134817bd,65e9cae5-1bb5-47e7-8469-3b64297e5819,ENT,ENT,1094,914
ce12a6f5-5adf-4076-b3fd-521f1f081cc7,65e9cae5-1bb5-47e7-8469-3b64297e5819,CARD,Cardiology,1955,1601
117282f0-713a-4d83-9f08-5b6354ca6663,65e9cae5-1bb5-47e7-8469-3b64297e5819,ONCO,Oncology,267,1751
1e9bca76-b8e5-4e6e-a98e-967301d82008,65e9cae5-1bb5-47e7-8469-3b64297e5819,ORTH,Orthopaedics,1002,1834
cf983b6f-de1b-4aff-b631-53d3cae6a2d7,65e9cae5-1bb5-47e7-8469-3b64297e5819,PEDS,Paediatrics,1168,1807
ebd08aa6-1690-486a-8086-a004294191fd,66155c71-af84-45d5-8ea6-b73003e0abf3,MED,General Medicine,236,1010
19917c8b-39c6-456b-83d5-7f99623957b4,66155c71-af84-45d5-8ea6-b73003e0abf3,OBG,Obstetrics & Gynaecology,50,1168
db67fcb4-8e0b-4da8-91cc-6d7de9986f94,66155c71-af84-45d5-8ea6-b73003e0abf3,OPTH,Ophthalmology,1380,1151
0c802e1c-811b-425c-a894-7670bdba6b88,66155c71-af84-45d5-8ea6-b73003e0abf3,ORTH,Orthopaedics,398,1210
2fba2c4e-7fdc-4e84-8f8e-5a8366dd96e3,66155c71-af84-45d5-8ea6-b73003e0abf3,ENT,ENT,1027,730
0d8c43e2-bceb-4e18-8b73-367d022b4f6c,66155c71-af84-45d5-8ea6-b73003e0abf3,ONCO,Oncology,1238,40
887d8302-34c5-4e41-b130-bafb5a172fc6,6639e037-a748-4725-bb30-49cf6b203f7f,MED,General Medicine,1444,1353
cd405c91-aa10-4a85-8b2a-62a7d7012b86,6639e037-a748-4725-bb30-49cf6b203f7f,PEDS,Paediatrics,1296,908
62f2ba6f-f321-4a5e-b36d-7ebc0fac083f,6639e037-a748-4725-bb30-49cf6b203f7f,CARD,Cardiology,474,1549
db29b88c-7e27-43a5-99ad-16e65df3d2a7,6639e037-a748-4725-bb30-49cf6b203f7f,ONCO,Oncology,664,40
b4361884-e52b-4702-89b7-b66eaf0a8d1d,6639e037-a748-4725-bb30-49cf6b203f7f,ENT,ENT,2103,1754
aca6b7c2-8461-49f3-8c16-708bdd92f28c,6639e037-a748-4725-bb30-49cf6b203f7f,NEURO,Neurology,456,1714
30792ce0-9486-455f-bb9d-bdffa48ca33d,66dae4d3-f113-4c1c-9dc8-1ddc5a865a5b,OBG,Obstetrics & Gynaecology,1141,1588
19bf842b-9753-43fe-a45c-ab92e4b94476,66dae4d3-f113-4c1c-9dc8-1ddc5a865a5b,OPTH,Ophthalmology,983,456
79bd0f5e-13c2-4969-bc68-1c3d3409cc15,66dae4d3-f113-4c1c-9dc8-1ddc5a865a5b,URO,Urology,971,1320
7ffe3c19-bb38-41f3-89fb-0e7de0c5ea57,66dae4d3-f113-4c1c-9dc8-1ddc5a865a5b,MED,General Medicine,1304,260
747fdccf-7ccd-4d27-89a6-b1fa5fbbf5ab,66dae4d3-f113-4c1c-9dc8-1ddc5a865a5b,ENT,ENT,973,1032
af8d61c1-4096-410f-a150-59d210e18ffa,66dae4d3-f113-4c1c-9dc8-1ddc5a865a5b,ORTH,Orthopaedics,1467,620
59ff2ebe-f734-4546-af47-be476ae8125a,678a9d99-f865-4498-9cdc-2793d64799e1,GS,General Surgery,685,732
98eea7a5-4b87-470f-b1f0-9a68e425faf6,678a9d99-f865-4498-9cdc-2793d64799e1,PEDS,Paediatrics,860,738
a95ffdc8-c479-4088-9ea7-11024f3af362,678a9d99-f865-4498-9cdc-2793d64799e1,NEURO,Neurology,741,1366
142e8369-1e18-4916-96f1-b88ccd4e4586,678a9d99-f865-4498-9cdc-2793d64799e1,ENT,ENT,1162,1844
e9883354-34bc-4298-ad0b-be9b6beb6038,678a9d99-f865-4498-9cdc-2793d64799e1,ORTH,Orthopaedics,432,1559
b5311676-a216-447f-8b8f-4550fb5a8f82,678a9d99-f865-4498-9cdc-2793d64799e1,CARD,Cardiology,2033,715
6a722845-7aee-46c7-a081-e3d4c82d210e,678a9d99-f865-4498-9cdc-2793d64799e1,ONCO,Oncology,50,925
d6389355-9e3e-46c6-8401-1660f3ee8638,682a4a50-e514-46f8-88d2-90c351729b29,OBG,Obstetrics & Gynaecology,1421,1248
01592a81-204f-48ef-823c-61a3b494a01a,682a4a50-e514-46f8-88d2-90c351729b29,ORTH,Orthopaedics,577,1108
8c704554-64cd-4caa-8702-c1abfeb0edd7,682a4a50-e514-46f8-88d2-90c351729b29,MED,General Medicine,1494,1169
492bab1f-aa07-4354-93c2-3a8d99b9eb98,682a4a50-e514-46f8-88d2-90c351729b29,ENT,ENT,1752,400
e31f8c49-d253-447c-a12b-d379c165138d,682a4a50-e514-46f8-88d2-90c351729b29,PEDS,Paediatrics,996,1555
7c6bedf4-97fb-486f-b48a-563b37e7209e,682a4a50-e514-46f8-88d2-90c351729b29,CARD,Cardiology,1375,1427
156302c2-9273-4ebf-80fc-2c31563d7879,682a4a50-e514-46f8-88d2-90c351729b29,ONCO,Oncology,970,1563
12ae3fa1-c217-43b2-bbcf-ae441dac891b,69145784-4a25-49ed-958e-b532f579d5ed,GS,General Surgery,1592,778
3c7a6b17-9ba6-4c1a-81ea-4c505f179734,69145784-4a25-49ed-958e-b532f579d5ed,CARD,Cardiology,1035,776
22ed01ce-e329-482b-bb54-21deae91c723,69145784-4a25-49ed-958e-b532f579d5ed,ENT,ENT,288,719
1cd0799c-041c-4022-8628-c9102d5a4a40,69145784-4a25-49ed-958e-b532f579d5ed,NEURO,Neurology,98,104
4049a9b3-a274-4e04-9fb9-3f2c7093af23,692657c3-3813-422c-bb78-b387a75b029b,CARD,Cardiology,145,909
029ff34d-a1e4-462b-9052-f0cf12604da4,692657c3-3813-422c-bb78-b387a75b029b,OPTH,Ophthalmology,950,1253
f9a49d2d-64ab-4b71-8500-f2dc8215c959,692657c3-3813-422c-bb78-b387a75b029b,GS,General Surgery,367,778
6c6c1301-152b-4355-81d8-095d6ac80267,692657c3-3813-422c-bb78-b387a75b029b,OBG,Obstetrics & Gynaecology,546,256
ab08f5d1-b781-41e4-a03c-cbf2e4a8604c,692657c3-3813-422c-bb78-b387a75b029b,ENT,ENT,961,793
8478b1d6-9a57-4f94-bdea-a6854d158da3,692657c3-3813-422c-bb78-b387a75b029b,PEDS,Paediatrics,717,528
ac3f011e-092c-4bbd-bdee-1dfab121b97a,692657c3-3813-422c-bb78-b387a75b029b,URO,Urology,1453,224
397962dc-7e73-49e1-a3b9-1bcb0609efa2,6967284a-0de9-48cb-a5f3-502ca4965c0d,CARD,Cardiology,1100,1573
1d2956d5-283a-4631-904e-b93c593874f1,6967284a-0de9-48cb-a5f3-502ca4965c0d,OPTH,Ophthalmology,1489,40
e531d7d2-1cae-45a1-93cc-6f28af13f8fe,6967284a-0de9-48cb-a5f3-502ca4965c0d,NEURO,Neurology,187,1090
d6dabcea-90f5-43ec-9051-56f5cb132de5,6967284a-0de9-48cb-a5f3-502ca4965c0d,ORTH,Orthopaedics,356,1236
fddb81a4-9956-495c-acb6-1f056f6ac4e2,6967284a-0de9-48cb-a5f3-502ca4965c0d,PEDS,Paediatrics,808,1674
59dcdb1e-00e0-43d4-ab8b-86eae1866833,6967284a-0de9-48cb-a5f3-502ca4965c0d,MED,General Medicine,856,1633
ab3584e9-acca-41bd-b3c7-0d90c78f2d1a,6967284a-0de9-48cb-a5f3-502ca4965c0d,ONCO,Oncology,1373,1780
eeecd3a2-2f68-4144-9de7-70e745a1880e,6967284a-0de9-48cb-a5f3-502ca4965c0d,URO,Urology,920,823
55e8bb93-7c45-4d44-a817-d99ccaf02da9,6a086aec-9669-4b17-b8a0-9caaf9a034a1,GS,General Surgery,1140,203
a79729e1-7242-4880-b72a-13b3d102d6c4,6a086aec-9669-4b17-b8a0-9caaf9a034a1,CARD,Cardiology,1532,1019
918eef93-c45c-4bb7-931e-c705d91507a5,6a086aec-9669-4b17-b8a0-9caaf9a034a1,URO,Urology,364,758
1ff7ede0-c2fc-4b05-8a96-f209e35bbb22,6a086aec-9669-4b17-b8a0-9caaf9a034a1,ENT,ENT,678,470
13bb1d54-7b15-4bbd-8521-4ffb771cfb70,6a086aec-9669-4b17-b8a0-9caaf9a034a1,OBG,Obstetrics & Gynaecology,1328,1045
9be167d5-603f-47c5-9089-8a85d90a4f44,6a086aec-9669-4b17-b8a0-9caaf9a034a1,ONCO,Oncology,603,1652
f02fc765-11a2-4606-a65c-cbf056589410,6a086aec-9669-4b17-b8a0-9caaf9a034a1,OPTH,Ophthalmology,1699,795
9dee432d-4df9-4c96-8bc3-9eaae81b807a,6a086aec-9669-4b17-b8a0-9caaf9a034a1,ORTH,Orthopaedics,1127,767
57c78458-2e3a-415b-a2a3-0733fd99dd10,6a5af65d-f9ac-4884-b719-f5a6d994348f,CARD,Cardiology,1147,1316
37df5d33-652d-4537-b805-6e4ace107a74,6a5af65d-f9ac-4884-b719-f5a6d994348f,GS,General Surgery,1460,1016
1f9e42b6-9c10-4b6e-b10b-e8b1d5fefe42,6a5af65d-f9ac-4884-b719-f5a6d994348f,OBG,Obstetrics & Gynaecology,1208,1120
60cbe247-d4cd-4aee-b183-93e38a307bad,6a5af65d-f9ac-4884-b719-f5a6d994348f,ORTH,Orthopaedics,1106,998
07cd4f3a-cea0-41b5-bef1-fca0300cd4ef,6a5af65d-f9ac-4884-b719-f5a6d994348f,ONCO,Oncology,821,828
03aed8de-8abd-4faf-b77a-c32ceb89c1b5,6a5af65d-f9ac-4884-b719-f5a6d994348f,OPTH,Ophthalmology,50,489
c9fbbd3c-6649-4306-8838-2f19a68d361e,6a5af65d-f9ac-4884-b719-f5a6d994348f,PEDS,Paediatrics,1658,966
0e954eb8-5bee-408d-9fd3-2b124c52c436,6a79cf0f-7f1e-433a-ac0f-d0edfbb790ed,GS,General Surgery,1436,1315
865cf7cf-32a8-42dc-bde2-51ba7f324fd1,6a79cf0f-7f1e-433a-ac0f-d0edfbb790ed,CARD,Cardiology,431,1174
9d783c14-d50b-4a11-a1a5-b1f57eda8240,6a79cf0f-7f1e-433a-ac0f-d0edfbb790ed,ENT,ENT,713,1474
feccc0fb-43ea-4efb-9657-27b5aaa95525,6a79cf0f-7f1e-433a-ac0f-d0edfbb790ed,MED,General Medicine,1593,455
37eeaa00-e0e9-47b2-8479-375bcfdb8a5b,6a79cf0f-7f1e-433a-ac0f-d0edfbb790ed,NEURO,Neurology,1149,502
e658ba85-477a-4526-abfc-8ceac746a335,6a79cf0f-7f1e-433a-ac0f-d0edfbb790ed,OBG,Obstetrics & Gynaecology,610,1020
d8be6597-443b-47ae-ba77-e1acb1622a5a,6a79cf0f-7f1e-433a-ac0f-d0edfbb790ed,OPTH,Ophthalmology,509,721
10ef8ef2-4ae2-4f73-aacb-20005ff04582,6ad78f1a-23fa-4203-9a84-c928c1485082,CARD,Cardiology,732,945
7d84b159-a5df-4486-990a-e6614dafb003,6ad78f1a-23fa-4203-9a84-c928c1485082,OPTH,Ophthalmology,1670,1235
4ce6731b-ff73-4265-9cdb-81257d97917e,6ad78f1a-23fa-4203-9a84-c928c1485082,ORTH,Orthopaedics,1240,1634
7622db96-ddca-4a6e-82dc-1cdd4329a317,6ad78f1a-23fa-4203-9a84-c928c1485082,PEDS,Paediatrics,402,981
d4dca444-aa63-478e-9330-bdf762d4a6a2,6ad78f1a-23fa-4203-9a84-c928c1485082,ENT,ENT,1047,1530
c89ec6e9-a0f9-4cc7-8f25-ad6e2d385093,6b5b9eb1-a8cb-4dcc-a3ed-c810f07feac5,GS,General Surgery,606,543
bfd04fe9-1763-4756-8319-d60479bdff3f,6b5b9eb1-a8cb-4dcc-a3ed-c810f07feac5,ENT,ENT,1001,832
7d2f112d-fd9f-41e7-9fb4-5a06b13a1972,6b5b9eb1-a8cb-4dcc-a3ed-c810f07feac5,NEURO,Neurology,435,1172
d51857f8-39d1-47b0-af83-c5f3cd1859eb,6b5b9eb1-a8cb-4dcc-a3ed-c810f07feac5,ORTH,Orthopaedics,476,982
7a1b4e72-86f7-43cb-98a9-fdd77f28266a,6b5b9eb1-a8cb-4dcc-a3ed-c810f07feac5,MED,General Medicine,1525,1130
b4e67b3b-717b-454f-b837-df015d097f92,6b5b9eb1-a8cb-4dcc-a3ed-c810f07feac5,ONCO,Oncology,866,911
c326f312-9e0b-41dd-b0e1-915d28eff132,6bab69eb-9afa-4043-a8a8-f7c0b089c088,CARD,Cardiology,1409,1235
d347ce22-7a72-43a5-a413-f7da02710469,6bab69eb-9afa-4043-a8a8-f7c0b089c088,URO,Urology,850,1322
649825e9-3a92-4684-a332-be73c34b52f4,6bab69eb-9afa-4043-a8a8-f7c0b089c088,ORTH,Orthopaedics,50,348
2304f4cd-2f45-4f17-b1f8-941094878367,6bab69eb-9afa-4043-a8a8-f7c0b089c088,ENT,ENT,196,1242
5c3fadc8-3db2-407f-b9e0-3b34aaef4445,6bab69eb-9afa-4043-a8a8-f7c0b089c088,MED,General Medicine,1036,771
ab34b3bc-c3b6-4beb-b4ce-110aa52848e1,6bba99d2-742e-4c5a-8c79-ddbb7cd6f31d,OBG,Obstetrics & Gynaecology,1112,435
fdce024a-99ad-40f0-8a19-05c5bdbbb2b2,6bba99d2-742e-4c5a-8c79-ddbb7cd6f31d,ONCO,Oncology,928,536
ffaf2298-6161-4d06-aa7b-d4f4e1b69637,6bba99d2-742e-4c5a-8c79-ddbb7cd6f31d,ORTH,Orthopaedics,821,332
f6319b86-ccd9-4d5a-bd67-38276b8a6ace,6bba99d2-742e-4c5a-8c79-ddbb7cd6f31d,CARD,Cardiology,1760,646
7b4d72ca-d4be-43e2-92e8-a36e4ed80545,6bba99d2-742e-4c5a-8c79-ddbb7cd6f31d,MED,General Medicine,672,1296
940e412a-c8b5-443e-9631-64190273152e,6bba99d2-742e-4c5a-8c79-ddbb7cd6f31d,ENT,ENT,1187,925
ccb5a6f2-8777-459a-927d-5da43dd8b28a,6bba99d2-742e-4c5a-8c79-ddbb7cd6f31d,URO,Urology,403,552
09a4f9a4-11fd-4833-a997-01f0a5848810,6bf3ade8-af71-40c1-b904-ad7f1e8e46ef,CARD,Cardiology,2031,1380
62f1558e-f4c0-4b2c-8fca-91bd83274f13,6bf3ade8-af71-40c1-b904-ad7f1e8e46ef,NEURO,Neurology,484,397
851dc039-f248-4546-9705-8570b2d07cba,6bf3ade8-af71-40c1-b904-ad7f1e8e46ef,GS,General Surgery,117,112
56941d79-e143-49f3-b23a-60f19b45f2e3,6bf3ade8-af71-40c1-b904-ad7f1e8e46ef,OBG,Obstetrics & Gynaecology,1646,1788
fa061d15-77b6-4137-95f7-2f2bf0dd61f2,6bf3ade8-af71-40c1-b904-ad7f1e8e46ef,ENT,ENT,1046,1300
2bff28a8-72df-4433-aa26-0ea4c17ddd44,6bf3ade8-af71-40c1-b904-ad7f1e8e46ef,ONCO,Oncology,767,1170
696f0b97-d193-45e8-b76b-54f5a936bac2,6bf3ade8-af71-40c1-b904-ad7f1e8e46ef,OPTH,Ophthalmology,776,1690
d88b81f8-28be-46dd-b498-3007027d9714,6bf3ade8-af71-40c1-b904-ad7f1e8e46ef,ORTH,Orthopaedics,1312,1057
2d60c518-5126-4687-91ce-71784f616619,6bfad725-0cbe-4dce-a4ba-1a5e76b17847,CARD,Cardiology,545,743
a83c8d71-359a-46b5-a6b0-03f7c5b395c3,6bfad725-0cbe-4dce-a4ba-1a5e76b17847,MED,General Medicine,50,1044
8d57ee7a-d585-47f1-b3e7-63894a083361,6bfad725-0cbe-4dce-a4ba-1a5e76b17847,PEDS,Paediatrics,50,284
d976e903-b007-4f3c-84e9-0d76cc6ea847,6bfad725-0cbe-4dce-a4ba-1a5e76b17847,ENT,ENT,384,1261
6e5a5da7-3126-4be0-8b89-a872cc92dd14,6bfad725-0cbe-4dce-a4ba-1a5e76b17847,GS,General Surgery,1037,1412
15aa98dc-1e99-4721-ab13-2690b26c422c,6bfad725-0cbe-4dce-a4ba-1a5e76b17847,OPTH,Ophthalmology,1237,687
7999db7f-4b3c-4da7-ba4b-b8b6312dd42d,6c68ced4-7801-48b9-9fd7-16063376ad14,ONCO,Oncology,1254,1465
88deed42-4de5-4a6c-a6e0-7f816639da6b,6c68ced4-7801-48b9-9fd7-16063376ad14,ENT,ENT,1430,879
bbefd437-3864-4cbf-a3df-193dfa93ce86,6c68ced4-7801-48b9-9fd7-16063376ad14,GS,General Surgery,687,945
cccd514e-9cc8-4c28-a523-06a14fce6adb,6c68ced4-7801-48b9-9fd7-16063376ad14,MED,General Medicine,1289,763
acff68a5-9660-45da-96ca-84e5b478806c,6c68ced4-7801-48b9-9fd7-16063376ad14,OPTH,Ophthalmology,1009,1363
03d981b1-b56c-475a-959e-7c9e78cad0f2,6c68ced4-7801-48b9-9fd7-16063376ad14,URO,Urology,1073,40
0823c807-f504-430c-9e42-5b78ccda1318,6cd2a30c-4e21-4b8b-9a50-0534c6dfde5a,CARD,Cardiology,1796,560
16f680c0-3297-48ca-add7-3ca1107636e0,6cd2a30c-4e21-4b8b-9a50-0534c6dfde5a,GS,General Surgery,2249,275
2057bd72-9d3a-4fde-b982-8c7e02add77b,6cd2a30c-4e21-4b8b-9a50-0534c6dfde5a,ORTH,Orthopaedics,965,965
64f37eee-4b33-4d58-8375-28a916fd3e0e,6cd2a30c-4e21-4b8b-9a50-0534c6dfde5a,NEURO,Neurology,835,1207
5b3d6e95-2159-4c88-a490-a4008b7f788a,6ce061b1-33a7-4aa9-bdac-4dacbc2438c0,GS,General Surgery,818,1202
aa234b9f-57b0-4bf1-8266-6a017117c7de,6ce061b1-33a7-4aa9-bdac-4dacbc2438c0,MED,General Medicine,892,1227
e9d38261-5e91-4cab-91f5-7b25759c83cf,6ce061b1-33a7-4aa9-bdac-4dacbc2438c0,CARD,Cardiology,927,1030
00c09a43-a8cd-443d-8c72-61c4a47e9d7e,6ce061b1-33a7-4aa9-bdac-4dacbc2438c0,OPTH,Ophthalmology,1603,607
5b4cb0b7-2e03-4199-bbb9-3bd7aea63b64,6ce061b1-33a7-4aa9-bdac-4dacbc2438c0,ORTH,Orthopaedics,316,1928
6302f4af-3109-4b3c-af34-b04545cce9d5,6ce061b1-33a7-4aa9-bdac-4dacbc2438c0,PEDS,Paediatrics,746,1175
3e69aae8-b8b7-4976-9674-f6b496c3ae1b,6ce061b1-33a7-4aa9-bdac-4dacbc2438c0,ENT,ENT,50,389
9034d6d5-b5ad-4847-8365-483a4c044282,6db2e3d0-46ea-4f45-8fdb-d3992e7cb3c6,MED,General Medicine,204,772
531b32ce-cc43-4567-97ba-259c8d2215a1,6db2e3d0-46ea-4f45-8fdb-d3992e7cb3c6,OBG,Obstetrics & Gynaecology,1761,1482
8681154e-c455-4321-a0ec-3f3275774a4a,6db2e3d0-46ea-4f45-8fdb-d3992e7cb3c6,ORTH,Orthopaedics,725,662
85af2246-3f49-4bcc-9a97-d932290e1778,6db2e3d0-46ea-4f45-8fdb-d3992e7cb3c6,URO,Urology,933,564
6915b122-0639-40a6-933b-6db9a3d8cb25,6db2e3d0-46ea-4f45-8fdb-d3992e7cb3c6,CARD,Cardiology,1365,1127
38552210-de55-4248-8461-15d7ab27f7c0,6db2e3d0-46ea-4f45-8fdb-d3992e7cb3c6,ENT,ENT,452,182
53133a0e-dfb7-4755-a7b6-6b7abef760db,6db2e3d0-46ea-4f45-8fdb-d3992e7cb3c6,ONCO,Oncology,1012,209
895ef423-aac2-4f95-b28a-ca40408c0acb,6db2e3d0-46ea-4f45-8fdb-d3992e7cb3c6,NEURO,Neurology,925,971
7725cd05-1f94-40ab-a0ac-79a41d0d85c4,6e4e3210-9365-4047-962a-1969aeb236c7,GS,General Surgery,980,319
15042450-39ab-44c5-abff-1e6815c5f0f4,6e4e3210-9365-4047-962a-1969aeb236c7,URO,Urology,1247,211
5b977b07-89fd-47b2-8ded-d2c8af203ea7,6e4e3210-9365-4047-962a-1969aeb236c7,MED,General Medicine,501,973
5dd37928-1c5a-4297-a63a-e60a16885ae4,6e4e3210-9365-4047-962a-1969aeb236c7,CARD,Cardiology,845,1375
3593d85c-77e4-4424-b053-3801868c7a3f,6e4e3210-9365-4047-962a-1969aeb236c7,ONCO,Oncology,1850,535
aa6018b7-e30d-4bc3-b3e1-43d18441cdca,6e4e3210-9365-4047-962a-1969aeb236c7,OPTH,Ophthalmology,242,638
00d4fac0-3e2b-4dcb-bd49-c8417c793ca7,6e4e3210-9365-4047-962a-1969aeb236c7,PEDS,Paediatrics,1392,374
66c21a23-742a-4e15-bf6a-f3b518e263a8,6e6ec9a2-31f0-4e47-96bd-7c837cf0470f,GS,General Surgery,909,1152
5c788e33-ac01-4dbd-a7d3-deed0de2db0b,6e6ec9a2-31f0-4e47-96bd-7c837cf0470f,OBG,Obstetrics & Gynaecology,1245,805
89f5e75f-480b-4dcd-b4e0-c1eff77c6773,6e6ec9a2-31f0-4e47-96bd-7c837cf0470f,ORTH,Orthopaedics,2384,1572
a4e1166d-e5a4-48b3-95c4-327010ede62b,6e6ec9a2-31f0-4e47-96bd-7c837cf0470f,ENT,ENT,250,40
4329e52b-a96d-4da3-ad58-67436389db31,6e6ec9a2-31f0-4e47-96bd-7c837cf0470f,OPTH,Ophthalmology,1105,1506
35921500-034e-4f53-aa19-903e32d153b3,6e6ec9a2-31f0-4e47-96bd-7c837cf0470f,CARD,Cardiology,125,2496
6a109a90-0303-4f4b-864b-8b3f0b956b3a,6e6ec9a2-31f0-4e47-96bd-7c837cf0470f,NEURO,Neurology,1707,1451
0b9532e1-d54f-4752-b5c9-6955ae97fe3f,6f6fd709-89b2-4913-984e-9bf86d63793c,OBG,Obstetrics & Gynaecology,1148,1207
5ac0e493-60c6-4754-8e84-0682edd71b06,6f6fd709-89b2-4913-984e-9bf86d63793c,CARD,Cardiology,887,1219
56ec054e-bfb7-4ae7-823e-2f3b983beea7,6f6fd709-89b2-4913-984e-9bf86d63793c,ENT,ENT,1125,754
c2433e3a-e6c2-47f4-b97b-555bd24cc1a5,6f6fd709-89b2-4913-984e-9bf86d63793c,GS,General Surgery,640,1067
a1778e09-7736-4cd7-b530-96ca941a5094,6f6fd709-89b2-4913-984e-9bf86d63793c,ONCO,Oncology,1510,478
b2d850a0-8169-4fbd-ba83-a87255546701,6f7f05c1-29a4-4a3b-9f1d-8ce43825e456,GS,General Surgery,1028,704
7e7dc715-64fe-4fe1-b4ef-e8d27488294a,6f7f05c1-29a4-4a3b-9f1d-8ce43825e456,CARD,Cardiology,1419,984
57060690-2034-4553-a900-dd15f51e2a82,6f7f05c1-29a4-4a3b-9f1d-8ce43825e456,MED,General Medicine,1013,1259
e53febc6-31ca-4e21-94d5-5108eee9432f,6f7f05c1-29a4-4a3b-9f1d-8ce43825e456,ONCO,Oncology,1155,688
21f3712e-dfe7-4bfc-88b2-49ea34daa039,6f7f05c1-29a4-4a3b-9f1d-8ce43825e456,ORTH,Orthopaedics,1779,1108
56955580-2907-4d4e-a739-fd3f9d8882fd,6f7f05c1-29a4-4a3b-9f1d-8ce43825e456,ENT,ENT,1797,927
a685774a-bbf6-407a-8e1a-0f28e312ba49,6f7f05c1-29a4-4a3b-9f1d-8ce43825e456,NEURO,Neurology,1374,935
6bc22160-09f1-4be3-90d6-f589c0d76142,6f7f05c1-29a4-4a3b-9f1d-8ce43825e456,OPTH,Ophthalmology,1044,668
ccb7a89c-3a60-4115-b9d6-139539bc0d34,6fd6afb1-c990-4fb6-a3dd-c67e7a81926d,CARD,Cardiology,666,1373
9c2547ec-3ed5-473e-911d-32a5bc0a9b3e,6fd6afb1-c990-4fb6-a3dd-c67e7a81926d,ORTH,Orthopaedics,253,1591
0cafd962-b963-44ae-85a4-7d6fe4949d7a,6fd6afb1-c990-4fb6-a3dd-c67e7a81926d,ENT,ENT,1220,1601
661ef3e5-1e5e-4c11-8a69-e7e5d869ab1b,6fd6afb1-c990-4fb6-a3dd-c67e7a81926d,URO,Urology,867,1453
b68f417b-c9fa-4e3c-a949-32364ec69a9b,70d8413d-6cee-47a1-8dca-499191c83394,ENT,ENT,1473,865
7ef00c7f-0bad-4175-8886-7cf29c050813,70d8413d-6cee-47a1-8dca-499191c83394,OPTH,Ophthalmology,870,400
e0bc63aa-1c64-48d7-bcce-b3eba4c09fe1,70d8413d-6cee-47a1-8dca-499191c83394,ORTH,Orthopaedics,920,751
2ece94f8-5b04-40f1-a451-e9225db0b792,70d8413d-6cee-47a1-8dca-499191c83394,URO,Urology,1805,300
23f47530-8030-48b8-8336-93df0cc25859,713533b3-d576-4b3c-9300-8c3985baf538,MED,General Medicine,1538,828
e65e6f8d-7e01-4375-bcc3-3cdad9a0628d,713533b3-d576-4b3c-9300-8c3985baf538,CARD,Cardiology,926,888
66d963bb-091d-479f-a0e6-cc168c5a6901,713533b3-d576-4b3c-9300-8c3985baf538,GS,General Surgery,1019,634
6bf4cd3b-e9c1-4f61-b15f-33681f75166d,713533b3-d576-4b3c-9300-8c3985baf538,URO,Urology,863,1365
301ac09b-b06c-4894-a49e-baa3f225d4e8,713533b3-d576-4b3c-9300-8c3985baf538,NEURO,Neurology,427,901
4efc1ac5-20bf-4b62-bb87-f4a48de778f9,71def1dc-e3a2-4d9f-b3b3-3a134ac38e5a,OPTH,Ophthalmology,604,503
58d84194-5d3a-4419-9918-d2cf12cc8768,71def1dc-e3a2-4d9f-b3b3-3a134ac38e5a,CARD,Cardiology,1936,875
cc9dd0c0-e68f-4498-8d99-f4af01c5b409,71def1dc-e3a2-4d9f-b3b3-3a134ac38e5a,ORTH,Orthopaedics,486,1154
e8d7c6de-974e-463f-ba91-8ae6dbb980da,71def1dc-e3a2-4d9f-b3b3-3a134ac38e5a,ONCO,Oncology,980,1110
c9ac819d-d256-4929-a0e4-4923305104a4,71def1dc-e3a2-4d9f-b3b3-3a134ac38e5a,URO,Urology,1425,599
d261e9cc-f8d0-4738-8f5a-c1e5c2f4d739,71def1dc-e3a2-4d9f-b3b3-3a134ac38e5a,MED,General Medicine,1066,1053
e30042b6-b752-45dd-a19e-839350aee3ea,71def1dc-e3a2-4d9f-b3b3-3a134ac38e5a,NEURO,Neurology,965,696
ce540229-c452-4804-bd48-95de37d19b07,72926ebd-da37-49e2-ab3c-b839808859f6,ENT,ENT,1153,943
d7d9b0c1-c5a6-4d53-af65-7e428d6e98d2,72926ebd-da37-49e2-ab3c-b839808859f6,MED,General Medicine,1787,842
22a458fc-850b-421c-a638-a2c47e0d2f88,72926ebd-da37-49e2-ab3c-b839808859f6,ORTH,Orthopaedics,331,1062
adb8d977-1e38-42fb-9b09-88c91da9312f,72926ebd-da37-49e2-ab3c-b839808859f6,GS,General Surgery,742,934
1b9186e2-a025-47c1-a5d8-f4041678f0ea,72926ebd-da37-49e2-ab3c-b839808859f6,PEDS,Paediatrics,324,696
8fda3ee2-6194-49a8-a909-16faa9426c98,72926ebd-da37-49e2-ab3c-b839808859f6,OPTH,Ophthalmology,866,568
d5cb4bef-951d-40d1-b5b2-c9257b180f6b,72efbd34-cf81-4cf0-8910-777597ae85ba,GS,General Surgery,1597,539
578df292-03a9-47b6-9aa8-ab69d2a49b07,72efbd34-cf81-4cf0-8910-777597ae85ba,CARD,Cardiology,1077,828
0f53635a-be4f-4600-adba-ca2077f5ecaf,72efbd34-cf81-4cf0-8910-777597ae85ba,MED,General Medicine,989,1853
c314323f-f68d-4a43-9e1c-92dc0d11d95b,72efbd34-cf81-4cf0-8910-777597ae85ba,ENT,ENT,843,40
69b4c19d-c27e-4447-af37-ded8feb89f72,72efbd34-cf81-4cf0-8910-777597ae85ba,URO,Urology,1837,575
820e7820-d471-45b5-b2c6-cb8af30bc853,72efbd34-cf81-4cf0-8910-777597ae85ba,ONCO,Oncology,80,970
091fc8b2-d3d5-47dd-8d4b-cf0e116968c3,72efbd34-cf81-4cf0-8910-777597ae85ba,ORTH,Orthopaedics,697,880
5b96cdf8-29a9-4467-8ccb-c9ac68e28191,73029354-bdeb-4153-bf97-41982cabaa29,MED,General Medicine,609,1000
7de51928-9945-4dff-87a6-418887eb6061,73029354-bdeb-4153-bf97-41982cabaa29,CARD,Cardiology,772,40
65e22199-b53c-4061-8273-6fe84d03ad50,73029354-bdeb-4153-bf97-41982cabaa29,OBG,Obstetrics & Gynaecology,742,1717
6c36d1e9-c40f-4def-9dc5-ff48177b8c12,73029354-bdeb-4153-bf97-41982cabaa29,OPTH,Ophthalmology,2005,1003
fdefc954-10b6-42e7-8259-0bca39aa0593,7319f433-3a62-400b-bb73-a84b5ee6d232,OBG,Obstetrics & Gynaecology,265,1685
bc0025d5-38c7-44bc-8566-bacd678996d0,7319f433-3a62-400b-bb73-a84b5ee6d232,MED,General Medicine,410,1420
e1a1e1d4-af41-41fc-9ac6-7955d53424ed,7319f433-3a62-400b-bb73-a84b5ee6d232,ORTH,Orthopaedics,513,818
472dcdff-0f24-4458-999f-c813d77e828e,7319f433-3a62-400b-bb73-a84b5ee6d232,OPTH,Ophthalmology,755,293
20900c10-4c59-464d-b919-261b146335ec,7319f433-3a62-400b-bb73-a84b5ee6d232,PEDS,Paediatrics,1697,1453
ee4614db-152a-4257-958c-f00a1d83b410,7319f433-3a62-400b-bb73-a84b5ee6d232,URO,Urology,731,646
8781b149-1904-4b76-9d55-711e0c777939,7351156d-395a-48f3-ae66-8871e568bf63,OPTH,Ophthalmology,50,903
3343d74a-7f2c-4085-8084-2d68c1d473e1,7351156d-395a-48f3-ae66-8871e568bf63,URO,Urology,948,1884
ad868723-f759-46ac-a907-98c9e3457a14,7351156d-395a-48f3-ae66-8871e568bf63,GS,General Surgery,1153,1452
d93a5059-fb24-4b62-9584-2c2e2b4c37a6,7351156d-395a-48f3-ae66-8871e568bf63,ORTH,Orthopaedics,1139,462
017850cd-80d6-449b-be78-3978a0ffd700,7351156d-395a-48f3-ae66-8871e568bf63,PEDS,Paediatrics,384,1532
942ebcf7-e2a9-4f82-a956-798baabf993b,74267fc2-2786-4988-bc93-88244b6810f2,URO,Urology,446,2132
5b4c8d54-4fa3-433e-b201-ebe979a0d8ce,74267fc2-2786-4988-bc93-88244b6810f2,NEURO,Neurology,1306,1036
fd93204d-2b05-43b8-b96c-09e46777b410,74267fc2-2786-4988-bc93-88244b6810f2,CARD,Cardiology,1612,1556
e1ddb29b-0702-4132-862c-4d262450ce0f,74267fc2-2786-4988-bc93-88244b6810f2,ENT,ENT,980,922
4ca75773-0df9-4543-ba63-280ed104b438,74267fc2-2786-4988-bc93-88244b6810f2,MED,General Medicine,1158,706
de1a4c91-1854-4c2e-922b-a361cba50d4e,74267fc2-2786-4988-bc93-88244b6810f2,ORTH,Orthopaedics,1237,1015
daec89fd-fe34-4a30-b23a-83773f05a391,74267fc2-2786-4988-bc93-88244b6810f2,PEDS,Paediatrics,1412,233
3421ba3c-c9dc-43be-8907-bcad2da4233b,7467bc17-19a1-4697-9bac-69f4cdaacecc,ORTH,Orthopaedics,486,1167
fd85e2e4-9983-4611-b1a9-2945bd8c8150,7467bc17-19a1-4697-9bac-69f4cdaacecc,GS,General Surgery,788,1307
fcd93c71-9ab3-4aaa-8943-0633e94a9faa,7467bc17-19a1-4697-9bac-69f4cdaacecc,CARD,Cardiology,1096,345
30ad88a6-0f0f-4e79-a36b-b7c5e15b5903,7467bc17-19a1-4697-9bac-69f4cdaacecc,OPTH,Ophthalmology,1221,459
8f6e840a-047f-4de0-b34d-fb25b4358c5e,7467bc17-19a1-4697-9bac-69f4cdaacecc,ENT,ENT,1418,617
f507a65a-33b1-4794-9e7f-71b413fe359e,7467bc17-19a1-4697-9bac-69f4cdaacecc,URO,Urology,1147,921
d25270ff-87b5-48e7-b854-13942aeedbaa,7469f721-a5c5-442b-8175-ba3e661ee28a,OBG,Obstetrics & Gynaecology,635,446
a46b41be-f967-4082-8359-7b5ad84244dd,7469f721-a5c5-442b-8175-ba3e661ee28a,URO,Urology,1392,1031
54a6105c-7bac-4baf-922d-defe74e7952a,7469f721-a5c5-442b-8175-ba3e661ee28a,GS,General Surgery,1389,1920
edc86185-3e77-43e4-a19e-4cfe3f41d72d,7469f721-a5c5-442b-8175-ba3e661ee28a,CARD,Cardiology,1382,517
951837d8-5f08-4479-ad88-5abb7b60717c,7469f721-a5c5-442b-8175-ba3e661ee28a,PEDS,Paediatrics,1615,750
08522a10-7c16-4c50-8194-b2189536e905,7469f721-a5c5-442b-8175-ba3e661ee28a,ORTH,Orthopaedics,671,374
6b1ba65c-a22d-4ec9-8e69-8aad69775435,7469f721-a5c5-442b-8175-ba3e661ee28a,NEURO,Neurology,917,559
6103d703-780d-452f-97c1-55860ed5d4cd,7517a147-10ac-4547-a6e5-398e0aec8db6,MED,General Medicine,1032,522
d170096f-7ce6-483e-818d-46d8e5e9ec13,7517a147-10ac-4547-a6e5-398e0aec8db6,GS,General Surgery,755,1297
19c4681c-83a0-4af7-91f2-7a394c954233,7517a147-10ac-4547-a6e5-398e0aec8db6,NEURO,Neurology,1123,1232
fab47224-9e45-48dc-8f79-5e96972ea388,7517a147-10ac-4547-a6e5-398e0aec8db6,ONCO,Oncology,50,1598
627a69b6-53f1-4c01-9dea-0c2b87ad90e9,7517a147-10ac-4547-a6e5-398e0aec8db6,PEDS,Paediatrics,843,417
2999365a-a817-4a4e-a129-2682d0d369f7,757a18c5-44c9-452a-9bcd-3e80d3a727c3,MED,General Medicine,693,1158
e8946c54-7f86-4dad-9f4a-efb4e6e905d9,757a18c5-44c9-452a-9bcd-3e80d3a727c3,ENT,ENT,579,934
56f36c21-1273-4894-b8e3-05560ec2c1e6,757a18c5-44c9-452a-9bcd-3e80d3a727c3,URO,Urology,591,971
bb22be95-dcf9-406f-8ca8-d5dc1abed314,757a18c5-44c9-452a-9bcd-3e80d3a727c3,CARD,Cardiology,986,786
dce80444-d05e-4559-bab6-f5a4ce56c73f,757a18c5-44c9-452a-9bcd-3e80d3a727c3,OPTH,Ophthalmology,1459,40
7601eaea-d08e-4fe9-b0c4-3b826ad3e5c9,758813dc-97a7-4005-8104-a90e216eacfc,OBG,Obstetrics & Gynaecology,272,240
ef87b986-2c70-41b8-b8f9-22aff2d6764a,758813dc-97a7-4005-8104-a90e216eacfc,CARD,Cardiology,995,1725
14ff0d08-95d7-4ceb-8096-9e77b8783e83,758813dc-97a7-4005-8104-a90e216eacfc,ONCO,Oncology,709,1758
3b57f2ad-6201-4d3b-92c8-5532a4b646de,758813dc-97a7-4005-8104-a90e216eacfc,NEURO,Neurology,597,1083
c26da346-2cdd-4ed2-8d21-1a774f60c0e3,758813dc-97a7-4005-8104-a90e216eacfc,URO,Urology,486,593
e3f07219-d34e-4523-9266-d5f95f22c400,758e531b-0cc1-4015-aaf2-0bb889c7a16d,CARD,Cardiology,559,1325
8e78709c-c2ad-4048-adeb-6970c4530810,758e531b-0cc1-4015-aaf2-0bb889c7a16d,PEDS,Paediatrics,50,669
8ea92b40-e628-448a-9540-710a6df07e14,758e531b-0cc1-4015-aaf2-0bb889c7a16d,ENT,ENT,1002,242
02556fdd-5e16-4f0d-9d86-17b5db27d4fa,758e531b-0cc1-4015-aaf2-0bb889c7a16d,NEURO,Neurology,679,40
3a2448ce-0b0e-4bcc-a2cd-5f558fbc988a,758e531b-0cc1-4015-aaf2-0bb889c7a16d,OPTH,Ophthalmology,1433,1106
6681d77c-e7dd-4513-a287-600c23c1dd80,758e531b-0cc1-4015-aaf2-0bb889c7a16d,ORTH,Orthopaedics,873,1685
f7844066-4683-43c6-b1cb-7e2f71982fae,75e844c9-96d1-408d-bc7c-782e807fa5df,ORTH,Orthopaedics,782,2112
27dba98c-df30-4144-b17f-bc82c57ae948,75e844c9-96d1-408d-bc7c-782e807fa5df,CARD,Cardiology,50,1028
9e1f21d0-c4a9-410c-bd03-d1f71ae58dfd,75e844c9-96d1-408d-bc7c-782e807fa5df,ONCO,Oncology,984,284
b643e040-606a-4c05-b53d-b0f8f903f2b7,75e844c9-96d1-408d-bc7c-782e807fa5df,URO,Urology,1529,374
8db8f11f-ca58-401a-a873-8bdea98b706f,75e844c9-96d1-408d-bc7c-782e807fa5df,GS,General Surgery,371,1049
7b2ce44b-a923-4a79-8a5e-6d164c3ebcc5,76d53435-2f53-44c7-977f-fa63dbddef70,MED,General Medicine,826,547
9c0352ff-6d41-44aa-9488-4a9ad52be215,76d53435-2f53-44c7-977f-fa63dbddef70,CARD,Cardiology,828,1406
548c3f84-f1a1-484b-89b4-3fffbeb82559,76d53435-2f53-44c7-977f-fa63dbddef70,PEDS,Paediatrics,864,825
70fb9bde-bde4-403e-a269-19c1937a7cdb,76f0688b-0b6e-428c-9661-228e6786d89d,URO,Urology,194,1138
384e745c-f052-4bc9-8247-079ab264050a,76f0688b-0b6e-428c-9661-228e6786d89d,CARD,Cardiology,969,512
16a73d54-5778-4544-b4fd-7efdb93574dd,76f0688b-0b6e-428c-9661-228e6786d89d,MED,General Medicine,1010,763
815f4937-10e4-4afd-8407-f9863b205f7b,76f0688b-0b6e-428c-9661-228e6786d89d,OBG,Obstetrics & Gynaecology,1236,1099
3c18374c-6706-4708-ab0c-d326a83808be,76f0688b-0b6e-428c-9661-228e6786d89d,PEDS,Paediatrics,1342,814
015dd0ef-dccc-4553-8667-fa4baa00ea09,76f0688b-0b6e-428c-9661-228e6786d89d,ENT,ENT,1099,857
872add7c-e58d-4875-a8a7-a3350033c907,76f0688b-0b6e-428c-9661-228e6786d89d,OPTH,Ophthalmology,127,1853
96182e0a-f907-491c-9aa9-f136c1e5c62e,773f7fa2-f78a-4b7d-98a4-1a388c138acb,MED,General Medicine,1685,395
25c787c0-5415-4ff0-8575-5157d8af9b81,773f7fa2-f78a-4b7d-98a4-1a388c138acb,CARD,Cardiology,860,376
828de476-560c-4733-a4b3-68ae22493cb9,773f7fa2-f78a-4b7d-98a4-1a388c138acb,ORTH,Orthopaedics,997,263
ea45f31d-052c-4092-a90b-0ebe540caf19,773f7fa2-f78a-4b7d-98a4-1a388c138acb,ENT,ENT,1283,40
3cacb450-b7e2-42e7-8233-c33501d605c8,773f7fa2-f78a-4b7d-98a4-1a388c138acb,NEURO,Neurology,1898,480
7790cb1b-2588-4270-8beb-881c8e117e34,774e84f5-a11e-428d-a490-b6e026c3389e,OBG,Obstetrics & Gynaecology,1089,717
8119e8fa-f7c1-4096-9c2b-58750aa8c1de,774e84f5-a11e-428d-a490-b6e026c3389e,URO,Urology,769,1178
1e984305-0aa1-4a5d-9695-0cd6c4940310,774e84f5-a11e-428d-a490-b6e026c3389e,NEURO,Neurology,771,1105
aef5dec4-3b9c-4b57-87ca-a150cee2a27a,774e84f5-a11e-428d-a490-b6e026c3389e,CARD,Cardiology,903,1595
e06acc84-4daf-4020-b8af-51d58fb867e4,774e84f5-a11e-428d-a490-b6e026c3389e,ONCO,Oncology,814,819
ae17e0be-0de1-4234-b926-82f6c13bd208,778f9df5-9d72-4e82-a40e-e8a6175ce696,MED,General Medicine,1366,1566
e87151ba-8c33-449d-9b7a-9f84bb7b4b01,778f9df5-9d72-4e82-a40e-e8a6175ce696,URO,Urology,2091,1934
64a448bf-e55b-4643-a279-b5cfe8408c44,778f9df5-9d72-4e82-a40e-e8a6175ce696,OPTH,Ophthalmology,50,1328
0898be57-7daa-474a-87d4-2ced385c6969,778f9df5-9d72-4e82-a40e-e8a6175ce696,CARD,Cardiology,1960,415
3317128e-7262-4b55-88ee-4253b8ca488e,778f9df5-9d72-4e82-a40e-e8a6175ce696,GS,General Surgery,1777,1306
51717177-a305-4750-b39a-5112496d443b,778f9df5-9d72-4e82-a40e-e8a6175ce696,ONCO,Oncology,779,253
2037bf81-b68c-4130-b0d3-e1debb0d1a5f,778f9df5-9d72-4e82-a40e-e8a6175ce696,ORTH,Orthopaedics,496,440
aa4d3629-0228-4bf2-9e5a-d3044142857b,778f9df5-9d72-4e82-a40e-e8a6175ce696,ENT,ENT,131,1352
018c2175-6ea9-4daf-aff6-125760b073e9,77941d05-1445-409b-abbf-6a6ecab13bf1,OPTH,Ophthalmology,257,1786
2c02ab95-50d5-441d-856c-4f77acbc05bb,77941d05-1445-409b-abbf-6a6ecab13bf1,MED,General Medicine,516,1265
c3184a37-55b5-41f7-a3b7-31de12486444,77941d05-1445-409b-abbf-6a6ecab13bf1,CARD,Cardiology,1370,1649
f776418c-0909-4b31-b655-6008b5fe0c6f,77941d05-1445-409b-abbf-6a6ecab13bf1,ORTH,Orthopaedics,1759,1382
c730a53c-6d72-487b-af5f-c13395975b4d,77941d05-1445-409b-abbf-6a6ecab13bf1,PEDS,Paediatrics,685,1063
36539f79-9675-44b5-927a-48388fe03bdf,77941d05-1445-409b-abbf-6a6ecab13bf1,ONCO,Oncology,859,1097
4afaaaad-d1ae-45dd-8324-4012806b553c,77bee0a6-3736-41b7-878e-2044de6db9a2,CARD,Cardiology,1789,40
c7dd1ab6-b355-4302-9e83-aa126ffb9a6a,77bee0a6-3736-41b7-878e-2044de6db9a2,OPTH,Ophthalmology,200,478
da03f2fd-ea0e-4c4f-8bb9-6cae2e2f3f1f,77bee0a6-3736-41b7-878e-2044de6db9a2,ENT,ENT,1086,1510
df134cf2-b0ef-437a-88d6-2c6742f049ae,77bee0a6-3736-41b7-878e-2044de6db9a2,MED,General Medicine,1510,646
4ce6a78f-b68e-4f7d-bef1-2d598167468a,77bee0a6-3736-41b7-878e-2044de6db9a2,ONCO,Oncology,966,1406
751aef09-803c-4b76-997a-17cf398e16af,77bee0a6-3736-41b7-878e-2044de6db9a2,ORTH,Orthopaedics,1622,814
99f4072f-8dce-4d5e-b30f-926569bdd7c4,77bee0a6-3736-41b7-878e-2044de6db9a2,PEDS,Paediatrics,1143,1318
43c14dc5-4eb0-45b4-980d-7de491deb982,781d2b15-6dec-44a6-a948-9f3756c1ec5a,ORTH,Orthopaedics,650,1677
0f476a14-75f5-4c68-b867-76ea85085aa5,781d2b15-6dec-44a6-a948-9f3756c1ec5a,MED,General Medicine,1659,1326
772dfcdf-cb4f-4fd5-949a-694abe36b8e5,781d2b15-6dec-44a6-a948-9f3756c1ec5a,CARD,Cardiology,1202,1913
d5a1b53b-0505-4099-a4c5-3240f9bf868e,781d2b15-6dec-44a6-a948-9f3756c1ec5a,NEURO,Neurology,1644,686
94918498-4555-4bce-ae14-623a305b64b7,781d2b15-6dec-44a6-a948-9f3756c1ec5a,ONCO,Oncology,1414,485
0da21102-ab25-4b78-b4b3-e4e15b0fb0b8,781f96ae-034b-4a7c-9b21-4623143b17d4,OBG,Obstetrics & Gynaecology,1732,1143
59e172e0-04ff-4a5a-87f0-74a6287a3a8e,781f96ae-034b-4a7c-9b21-4623143b17d4,CARD,Cardiology,1552,715
1fc07b1e-d902-4cb7-8e0d-54794b11162a,781f96ae-034b-4a7c-9b21-4623143b17d4,MED,General Medicine,1108,1119
0c3d8968-2d32-440b-991f-caf2c73faba4,781f96ae-034b-4a7c-9b21-4623143b17d4,ORTH,Orthopaedics,818,563
f731568a-41f2-4be3-9353-edb0eabfbb8b,784ebc03-77b5-47d2-b590-bd52a5bb47d0,GS,General Surgery,1171,1572
00a8b4c9-a3d6-4e53-ad3e-08dd89e97f32,784ebc03-77b5-47d2-b590-bd52a5bb47d0,OBG,Obstetrics & Gynaecology,807,340
5f811446-5467-4dc5-a901-6bb263a7f34c,784ebc03-77b5-47d2-b590-bd52a5bb47d0,CARD,Cardiology,1420,1734
35e6b7a5-52bd-40d4-9c51-ce501dd0faeb,784ebc03-77b5-47d2-b590-bd52a5bb47d0,MED,General Medicine,1454,724
cc9458cd-8c7d-4e1f-abeb-a8012dc3ffb2,784ebc03-77b5-47d2-b590-bd52a5bb47d0,URO,Urology,774,549
e1b05533-61e9-4fc9-b056-58d8ef85ca38,7874e354-349f-4c7f-afe1-cd8abcbf9343,ORTH,Orthopaedics,1203,974
7bf60b57-1e3e-454a-92f3-bd582959fef2,7874e354-349f-4c7f-afe1-cd8abcbf9343,CARD,Cardiology,1161,1617
7648f9fb-2133-4513-858e-4ff3d874ef46,7874e354-349f-4c7f-afe1-cd8abcbf9343,OBG,Obstetrics & Gynaecology,50,1398
34a2a146-083b-4784-b042-485265d189a1,7874e354-349f-4c7f-afe1-cd8abcbf9343,OPTH,Ophthalmology,934,1088
46c2a143-993e-4265-a652-5dc4bceca1b2,7874e354-349f-4c7f-afe1-cd8abcbf9343,MED,General Medicine,1182,1391
200c8114-277c-4ac0-bd84-f6b9673630b3,7874e354-349f-4c7f-afe1-cd8abcbf9343,GS,General Surgery,762,806
c8b2bdea-f3dd-4710-b5e7-9d768427308e,7874e354-349f-4c7f-afe1-cd8abcbf9343,ONCO,Oncology,338,1827
a99c666c-6371-46b3-8fbc-bf93b59845fc,787beee6-ff80-4a5b-aeca-4fd2756f0548,GS,General Surgery,1152,722
17281356-d9a2-4f85-b34d-0250f8942fe2,787beee6-ff80-4a5b-aeca-4fd2756f0548,OBG,Obstetrics & Gynaecology,1575,928
6bead046-bf77-411b-9879-e72e0f1258d6,787beee6-ff80-4a5b-aeca-4fd2756f0548,CARD,Cardiology,1255,669
e6589773-53f2-4a38-9125-bd3371227854,787beee6-ff80-4a5b-aeca-4fd2756f0548,ENT,ENT,1498,407
a215ad34-c5b9-4302-8723-ad340d764018,787beee6-ff80-4a5b-aeca-4fd2756f0548,NEURO,Neurology,1044,1663
ed95cf3d-1027-4083-b25b-a97710bec40f,787beee6-ff80-4a5b-aeca-4fd2756f0548,ONCO,Oncology,468,40
6985514f-98ef-4721-af9d-88264107f26c,787beee6-ff80-4a5b-aeca-4fd2756f0548,ORTH,Orthopaedics,50,1602
75cf6c79-1dd8-446f-ba3b-090b70f7cbdd,787beee6-ff80-4a5b-aeca-4fd2756f0548,OPTH,Ophthalmology,636,1174
d8e79e54-982b-4e1b-a82d-882e3f8d774a,78c8b6e1-51b0-412d-a2e4-d3ca7655de51,OBG,Obstetrics & Gynaecology,1011,1263
6bc43c57-5198-4718-b350-e31fd8e8148d,78c8b6e1-51b0-412d-a2e4-d3ca7655de51,ONCO,Oncology,844,1336
0af83de4-8fb2-4f5e-8bdc-8e390d56393b,78c8b6e1-51b0-412d-a2e4-d3ca7655de51,CARD,Cardiology,363,1025
d262c0c2-7419-409b-9dbe-1a5f1b74126f,78c8b6e1-51b0-412d-a2e4-d3ca7655de51,MED,General Medicine,2400,1932
dccd09d4-8c17-47ae-8fc1-32be66720869,78c8b6e1-51b0-412d-a2e4-d3ca7655de51,PEDS,Paediatrics,1526,670
89ade2ac-7016-4d8e-9569-f52a8b47dca9,79212271-c452-4987-990b-2917f610086b,GS,General Surgery,1696,790
0e5cc96e-036e-4ffc-a8da-256631bea464,79212271-c452-4987-990b-2917f610086b,MED,General Medicine,1079,149
492c85ca-7003-4ba9-abef-8635309be512,79212271-c452-4987-990b-2917f610086b,OBG,Obstetrics & Gynaecology,1996,719
900eda25-733b-42e2-bfb7-60693f27d413,79212271-c452-4987-990b-2917f610086b,ONCO,Oncology,840,1813
13949560-925a-4742-96d1-9968cc7feb88,7930b01e-fe60-4367-b07f-3ebc6726b6e3,OBG,Obstetrics & Gynaecology,137,1636
9028c43e-c234-41f9-bbf9-6517fac2ca52,7930b01e-fe60-4367-b07f-3ebc6726b6e3,CARD,Cardiology,897,654
f679a28b-0414-4dc0-8169-ddb13fb33a6f,7930b01e-fe60-4367-b07f-3ebc6726b6e3,GS,General Surgery,786,1287
afb78673-6da6-4a49-abd6-2c6edec4c9ba,7930b01e-fe60-4367-b07f-3ebc6726b6e3,NEURO,Neurology,1052,571
593c7e99-acd1-40a4-80ad-bdf274bd3346,7930b01e-fe60-4367-b07f-3ebc6726b6e3,ENT,ENT,979,947
b7f4eb64-e5d4-4459-b155-a2512be08c5e,797abff9-f90d-4ab6-b9d6-f9737b14ac1e,OBG,Obstetrics & Gynaecology,691,63
c97bddc7-2af9-4ba6-a752-ea174de2514e,797abff9-f90d-4ab6-b9d6-f9737b14ac1e,GS,General Surgery,1380,590
0fc22041-7a72-452d-bf9f-bcb663236de5,797abff9-f90d-4ab6-b9d6-f9737b14ac1e,ORTH,Orthopaedics,1341,516
783918a3-adc8-4b34-ba36-71923fa594b3,797abff9-f90d-4ab6-b9d6-f9737b14ac1e,OPTH,Ophthalmology,1663,1041
50b92ede-4b60-49fc-913e-fa9da3a0a5b8,797abff9-f90d-4ab6-b9d6-f9737b14ac1e,PEDS,Paediatrics,721,1288
4f83c934-8442-42fb-8583-cc36dce02f90,797c0604-743c-4e66-8363-7cd94b949afe,ORTH,Orthopaedics,1537,779
b77e34b0-adf3-4601-bce3-86f4fd9e1249,797c0604-743c-4e66-8363-7cd94b949afe,GS,General Surgery,1128,1624
746e12f2-665c-4f9e-96e8-a1e4572b9949,797c0604-743c-4e66-8363-7cd94b949afe,OPTH,Ophthalmology,471,821
26460aa3-69a2-4e44-ad50-34db47fc7eba,797c0604-743c-4e66-8363-7cd94b949afe,CARD,Cardiology,899,1505
241c132b-4b91-4fcd-96c1-15c5a21d4f68,797c0604-743c-4e66-8363-7cd94b949afe,URO,Urology,924,40
d6017735-3169-4dee-8991-1c416b4d104e,79a79f21-a01f-474b-a7b6-ab1912fc824f,GS,General Surgery,1886,824
c27fa1a8-21f7-46ae-85ad-c4bc0e9f79b4,79a79f21-a01f-474b-a7b6-ab1912fc824f,ORTH,Orthopaedics,970,886
8305f90c-1861-4fe9-8c30-a499660e19a4,79a79f21-a01f-474b-a7b6-ab1912fc824f,ONCO,Oncology,196,1214
50793099-b1d4-4d51-9dd4-d2504d03e9b7,79a79f21-a01f-474b-a7b6-ab1912fc824f,ENT,ENT,510,396
5b46259b-5da8-47dd-b1c7-d23350ece519,79a79f21-a01f-474b-a7b6-ab1912fc824f,OPTH,Ophthalmology,1354,957
3885b27f-c6d8-46c1-b83f-d103d0bef50c,79a79f21-a01f-474b-a7b6-ab1912fc824f,PEDS,Paediatrics,50,1358
32ab2530-c35e-4a14-98f5-b3d4c2180d56,7a3ee66c-aae8-4a51-88c8-644fe1342824,OPTH,Ophthalmology,1232,1762
0693bb35-0671-41bd-89dc-2722ac897af9,7a3ee66c-aae8-4a51-88c8-644fe1342824,MED,General Medicine,1776,1065
ecebd557-d5f2-462f-94b9-6da047b86184,7a3ee66c-aae8-4a51-88c8-644fe1342824,ORTH,Orthopaedics,623,446
de1d5388-dcec-42f1-81e5-c55cfd7af5fa,7a3ee66c-aae8-4a51-88c8-644fe1342824,ENT,ENT,1914,1688
b93ce172-c56e-4caf-8142-03802c28f248,7a3ee66c-aae8-4a51-88c8-644fe1342824,GS,General Surgery,310,736
cd71fc29-ebc1-4681-9570-29c736a47517,7a8bc033-3325-4dd6-806c-1bfc49e276e0,OPTH,Ophthalmology,1901,441
bc411fed-cbbd-4f87-a9a9-a8f1bf53df7c,7a8bc033-3325-4dd6-806c-1bfc49e276e0,ORTH,Orthopaedics,847,1157
a273cd72-3c32-45bf-a03d-354859fcf42e,7a8bc033-3325-4dd6-806c-1bfc49e276e0,PEDS,Paediatrics,1017,1024
78fd5592-182b-45e3-951e-49b33b6f8d92,7a8bc033-3325-4dd6-806c-1bfc49e276e0,CARD,Cardiology,1216,342
4cb1098f-0c87-4ad7-bc0b-8792ee3a9b56,7a8bc033-3325-4dd6-806c-1bfc49e276e0,ENT,ENT,1462,480
40d6c176-3b8c-47a8-a7e7-98a9e2b11086,7a917e17-ad91-49da-8aa0-3688c4992991,OBG,Obstetrics & Gynaecology,1312,1327
897ad1d4-1031-4adf-9c34-9096e7ae44f4,7a917e17-ad91-49da-8aa0-3688c4992991,URO,Urology,145,1870
183f6c9d-94a7-4115-8568-1a51766673c2,7a917e17-ad91-49da-8aa0-3688c4992991,ORTH,Orthopaedics,2068,1135
4e27d73d-d66d-4257-8189-e34d06510a8b,7a917e17-ad91-49da-8aa0-3688c4992991,ONCO,Oncology,734,879
ce3238e8-d0ae-4c88-82ff-786c070ec242,7a917e17-ad91-49da-8aa0-3688c4992991,PEDS,Paediatrics,1506,574
c18e53f2-54c0-425b-bebb-33486f6a8ec3,7a927937-2e3a-4b83-b6c8-223e527f674b,OBG,Obstetrics & Gynaecology,1639,994
0ec8c49e-ca3d-4ab9-9f30-12ba004d9fa7,7a927937-2e3a-4b83-b6c8-223e527f674b,ORTH,Orthopaedics,50,1002
b0560d54-dbe8-4940-856e-c3f4bbe07fb3,7a927937-2e3a-4b83-b6c8-223e527f674b,URO,Urology,502,552
196e0cba-0b03-4442-b962-d177734a759a,7a927937-2e3a-4b83-b6c8-223e527f674b,GS,General Surgery,205,202
7be51b6e-5352-4faa-96dd-04e00f771978,7a927937-2e3a-4b83-b6c8-223e527f674b,ENT,ENT,1175,1611
13e67b24-058f-4a30-9878-2dd60542daa8,7ade0625-920e-4c17-9c49-26b5460ba358,CARD,Cardiology,50,629
cc8798eb-095b-4a00-b129-f739734f5252,7ade0625-920e-4c17-9c49-26b5460ba358,ORTH,Orthopaedics,1161,931
6e5191b0-4f57-468b-9109-927db53b6d27,7ade0625-920e-4c17-9c49-26b5460ba358,MED,General Medicine,600,907
95d55db6-1848-4520-bfec-62a0eaf7d2f6,7ade0625-920e-4c17-9c49-26b5460ba358,URO,Urology,102,770
6496e554-143e-4eba-9ed6-18995134eb3e,7ade0625-920e-4c17-9c49-26b5460ba358,ENT,ENT,1530,204
43d2019d-55aa-466f-ad6e-8a9f6450299e,7ade0625-920e-4c17-9c49-26b5460ba358,OPTH,Ophthalmology,1617,1334
8fac37ce-953d-4bd0-a05f-641ca7a94338,7b01b0ef-b5d1-4b32-8d71-60df7c6f97e8,GS,General Surgery,831,391
cf4bcec4-3189-4e65-97f0-8f2bf5e8a794,7b01b0ef-b5d1-4b32-8d71-60df7c6f97e8,URO,Urology,725,817
532f6858-f57a-4025-8a3c-1bfeccd0c6b0,7b01b0ef-b5d1-4b32-8d71-60df7c6f97e8,MED,General Medicine,669,2113
1df25e42-9cc1-4efb-9423-f2c2065279cd,7b01b0ef-b5d1-4b32-8d71-60df7c6f97e8,PEDS,Paediatrics,1488,609
01ed35d0-1e88-448b-b14f-9c399d12c233,7b01b0ef-b5d1-4b32-8d71-60df7c6f97e8,NEURO,Neurology,828,450
cef3d681-669a-4a62-9c6e-a10ed1eaf9bc,7b01b0ef-b5d1-4b32-8d71-60df7c6f97e8,OBG,Obstetrics & Gynaecology,641,708
31f2445f-3975-4633-a68d-f41738d80428,7b64b485-6350-4f47-9c8a-5482a29027ae,GS,General Surgery,1082,1357
bae3bd7e-f274-40f4-95a2-5310154a41b6,7b64b485-6350-4f47-9c8a-5482a29027ae,URO,Urology,585,205
72fe1c2f-ecc8-4c23-a66d-55f688615c16,7b64b485-6350-4f47-9c8a-5482a29027ae,OPTH,Ophthalmology,1742,1808
2e0df013-65fd-4c40-b817-551f2764697e,7b64b485-6350-4f47-9c8a-5482a29027ae,PEDS,Paediatrics,1006,1131
c4b3e801-2505-48b4-a994-4a253ba2ece2,7c354af0-50a7-4be2-b8dc-4888d6d30374,GS,General Surgery,1296,752
e55d31d7-2920-462b-9799-c6cfde7a2a7d,7c354af0-50a7-4be2-b8dc-4888d6d30374,MED,General Medicine,1284,1257
64a171b1-53f9-4f2b-a01e-3c3b83e517cb,7c354af0-50a7-4be2-b8dc-4888d6d30374,CARD,Cardiology,631,827
f2c8c834-7c01-4343-919a-5e06515f1b54,7c354af0-50a7-4be2-b8dc-4888d6d30374,NEURO,Neurology,541,415
2ee359e1-cb65-4a46-bdc8-f6c3df18baf9,7c6b6b27-ca35-4d9a-a0e5-8ae998f279c7,URO,Urology,1091,40
c9835baa-1584-48e4-b30c-f3702b97dd71,7c6b6b27-ca35-4d9a-a0e5-8ae998f279c7,CARD,Cardiology,1021,909
5ae99fb8-33e5-47f2-883a-dde1c5ce217c,7c6b6b27-ca35-4d9a-a0e5-8ae998f279c7,GS,General Surgery,500,764
e7e9821c-5539-4da5-a250-f84f77657039,7c6b6b27-ca35-4d9a-a0e5-8ae998f279c7,MED,General Medicine,1197,1310
e331e2c1-50a0-4aeb-84f1-fa2062e9238e,7c6b6b27-ca35-4d9a-a0e5-8ae998f279c7,ORTH,Orthopaedics,567,1018
9b4d99dd-e2b6-4c0f-bed5-2faff2695938,7c6b6b27-ca35-4d9a-a0e5-8ae998f279c7,PEDS,Paediatrics,1257,855
bcbd392c-9ece-49e6-bc79-36209a40ca8b,7c6b6b27-ca35-4d9a-a0e5-8ae998f279c7,NEURO,Neurology,689,2315
88435b94-caa3-4c14-89d2-c767f72e38f0,7c74a3fe-c833-4480-bf77-3b2569feda4c,MED,General Medicine,622,1000
0f2bffb6-8f55-4240-9342-ba06c0b08366,7c74a3fe-c833-4480-bf77-3b2569feda4c,URO,Urology,1382,1761
5a1b1950-3241-4110-8e06-245c8505e60f,7c74a3fe-c833-4480-bf77-3b2569feda4c,CARD,Cardiology,916,1367
4e7ed558-4e91-4505-9532-64940bd792f2,7c74a3fe-c833-4480-bf77-3b2569feda4c,OPTH,Ophthalmology,631,508
8efdf75f-b0c8-4000-bb1e-92ff3c4c1125,7c74a3fe-c833-4480-bf77-3b2569feda4c,NEURO,Neurology,1040,704
139860ab-80cb-4427-8c81-c5efff6b771a,7c74a3fe-c833-4480-bf77-3b2569feda4c,ENT,ENT,743,1707
f8aded5c-7fe4-405d-9070-6d1393b2cfa4,7c85c491-a6e2-48d1-bed6-83d569e7c4ec,OPTH,Ophthalmology,848,516
39022bc1-a747-49e5-956e-006d8925060a,7c85c491-a6e2-48d1-bed6-83d569e7c4ec,OBG,Obstetrics & Gynaecology,1335,404
ec308526-8fed-4035-bc6a-87fd221365de,7c85c491-a6e2-48d1-bed6-83d569e7c4ec,PEDS,Paediatrics,1265,346
4f52c4c6-918b-46f5-b962-dc06f7b3fa8c,7c85c491-a6e2-48d1-bed6-83d569e7c4ec,ENT,ENT,1564,141
e7dbcd6f-35d0-476f-97aa-c294cc82979d,7c85c491-a6e2-48d1-bed6-83d569e7c4ec,NEURO,Neurology,50,1762
fb62c5de-a057-4ab7-9a0a-deff93ffba32,7caf5089-aa04-4bd3-9ae5-9a9aac526376,MED,General Medicine,1975,40
cb3a4a8c-12c4-489f-b837-c944335c3bd0,7caf5089-aa04-4bd3-9ae5-9a9aac526376,OPTH,Ophthalmology,1267,598
874ca121-640f-497c-81c9-64d11d1fcab5,7caf5089-aa04-4bd3-9ae5-9a9aac526376,ONCO,Oncology,1017,1120
3fffcb4d-4c98-4816-b777-565d25da8a36,7caf5089-aa04-4bd3-9ae5-9a9aac526376,URO,Urology,1616,330
b8f524ee-5d85-4b78-b408-898affea30ab,7caf5089-aa04-4bd3-9ae5-9a9aac526376,ORTH,Orthopaedics,1993,1178
1682f674-28ad-4e2c-baef-fb1ad19f8fe0,7cb7d8d0-5a14-4534-ac0d-b0cdb0b4cee8,GS,General Surgery,1043,514
3b0ec35f-ea55-4035-add3-cc9862dc2e64,7cb7d8d0-5a14-4534-ac0d-b0cdb0b4cee8,CARD,Cardiology,520,1468
d0c1e3a6-d9ae-4c12-80e9-ee47ce0daaca,7cb7d8d0-5a14-4534-ac0d-b0cdb0b4cee8,ENT,ENT,1609,1505
12d8db6f-98b0-40ac-a00e-43cf842f8fbf,7cb7d8d0-5a14-4534-ac0d-b0cdb0b4cee8,URO,Urology,1132,1340
24743384-eecf-4973-846d-d56dba40abae,7cb7d8d0-5a14-4534-ac0d-b0cdb0b4cee8,OBG,Obstetrics & Gynaecology,804,1685
ee446b41-0c49-42c2-8258-49e54e5454a2,7cb7d8d0-5a14-4534-ac0d-b0cdb0b4cee8,NEURO,Neurology,680,1535
d738d5c2-769a-437d-9d00-7a03635067a6,7cb7d8d0-5a14-4534-ac0d-b0cdb0b4cee8,OPTH,Ophthalmology,1291,1635
0828ee2d-e02e-4d46-85d2-b9dba8231ddf,7cf63fd6-525a-4cb0-aa17-70114174c4e8,ENT,ENT,1246,942
bc9eec52-1476-4f97-8bf3-d1fefa0f7100,7cf63fd6-525a-4cb0-aa17-70114174c4e8,OBG,Obstetrics & Gynaecology,2029,40
d7a528f8-46b7-4f8c-8243-b6e6819cfb86,7cf63fd6-525a-4cb0-aa17-70114174c4e8,ONCO,Oncology,1485,2030
745055cb-5e64-4cfe-9c2a-4d3c10bf80c8,7cf63fd6-525a-4cb0-aa17-70114174c4e8,OPTH,Ophthalmology,1901,558
129d3d7c-4183-4687-a012-4d66a43db0ba,7cf63fd6-525a-4cb0-aa17-70114174c4e8,CARD,Cardiology,562,652
07ee131f-108e-4f14-bede-1ff427d725b3,7cf63fd6-525a-4cb0-aa17-70114174c4e8,PEDS,Paediatrics,716,194
f1fec89f-1085-4ef7-9386-9e5c5946db0c,7d30507d-4a27-4c69-b2b8-08eda53ca9a6,MED,General Medicine,1786,1686
146490d4-8768-415a-9cf6-c135f9994ef0,7d30507d-4a27-4c69-b2b8-08eda53ca9a6,ORTH,Orthopaedics,1093,530
f04891a6-ac34-4578-b879-f8a88d370093,7d30507d-4a27-4c69-b2b8-08eda53ca9a6,URO,Urology,50,233
cc58a23c-2df3-4273-ae5a-d44f7fc1a35a,7d30507d-4a27-4c69-b2b8-08eda53ca9a6,CARD,Cardiology,1075,1057
58ea249c-66e7-4caa-a111-78e1a0c7ec3c,7d30507d-4a27-4c69-b2b8-08eda53ca9a6,PEDS,Paediatrics,145,717
e9df9ad3-ed2a-46c4-b0b8-7d4f6b92936b,7d30507d-4a27-4c69-b2b8-08eda53ca9a6,ENT,ENT,50,1026
eb52c9c1-db32-4e61-a589-80bda48171fa,7d30507d-4a27-4c69-b2b8-08eda53ca9a6,ONCO,Oncology,1006,626
61aab786-0d26-46c7-82cb-d5e10ba9a0f7,7d3a6fb8-836e-477f-bed4-8e6b99ce006f,CARD,Cardiology,1278,1012
ef4d492f-86ca-4ca9-aa43-c9e555b04a48,7d3a6fb8-836e-477f-bed4-8e6b99ce006f,OBG,Obstetrics & Gynaecology,131,1267
f256d94c-132e-4d49-aaaf-e189b3fa7ed1,7d3a6fb8-836e-477f-bed4-8e6b99ce006f,ONCO,Oncology,1911,1304
953c89bb-6e83-4180-9bd4-9c08a7ea6484,7d3a6fb8-836e-477f-bed4-8e6b99ce006f,OPTH,Ophthalmology,684,972
f1def69a-9e84-473f-ae78-2bd4b03bf32e,7d3a6fb8-836e-477f-bed4-8e6b99ce006f,ORTH,Orthopaedics,639,40
969c95af-4b88-459d-aa6c-fb6558207588,7d3a6fb8-836e-477f-bed4-8e6b99ce006f,NEURO,Neurology,886,853
8a01093d-191e-4f43-acf0-ef197fb5ef3b,7db8e352-3f79-4326-9bbd-942c6ae3210e,MED,General Medicine,1104,717
33c6a2f4-c9d1-42ca-b67c-d7a269f6442b,7db8e352-3f79-4326-9bbd-942c6ae3210e,GS,General Surgery,144,219
876dc354-d858-457d-8e9a-9cb18c419d9a,7db8e352-3f79-4326-9bbd-942c6ae3210e,CARD,Cardiology,286,816
55f085ec-c2ec-4602-b059-b61dadfb9a56,7db8e352-3f79-4326-9bbd-942c6ae3210e,OPTH,Ophthalmology,552,1066
fcfd6b36-f1e7-4597-a81a-bda47b4648cc,7db8e352-3f79-4326-9bbd-942c6ae3210e,ENT,ENT,299,672
4645c13a-7c13-4720-a588-b0469d4881dc,7db8e352-3f79-4326-9bbd-942c6ae3210e,URO,Urology,185,750
9f5bf848-abc1-4274-952a-431a1e067cec,7df6476c-36e5-4b7f-b491-d544b865d70c,MED,General Medicine,1314,971
ad9e64d6-9528-4a62-86bc-25a9b5f4cd09,7df6476c-36e5-4b7f-b491-d544b865d70c,URO,Urology,154,744
81efa912-05e4-43b1-a5b8-85a3361fe15d,7df6476c-36e5-4b7f-b491-d544b865d70c,CARD,Cardiology,1228,968
b9de11bd-ed6b-4fd1-9f6f-bd6781bca4fc,7df6476c-36e5-4b7f-b491-d544b865d70c,GS,General Surgery,830,409
298757b4-548e-4027-bd11-075adf5e62c4,7df6476c-36e5-4b7f-b491-d544b865d70c,OPTH,Ophthalmology,1126,40
84ad6920-8aa6-4982-95ec-40ba63f43a5b,7e18c107-d87e-4765-98f3-39d6dca8d4ee,GS,General Surgery,411,814
d805907b-2b41-47e3-950d-250617b07450,7e18c107-d87e-4765-98f3-39d6dca8d4ee,MED,General Medicine,522,1823
259247bf-3465-41d2-bfdc-1f46fca75de8,7e18c107-d87e-4765-98f3-39d6dca8d4ee,ENT,ENT,1183,1254
4fce4b29-323a-4639-8f7a-376360d41533,7e18c107-d87e-4765-98f3-39d6dca8d4ee,OPTH,Ophthalmology,1245,1252
291afb61-39cb-40ff-94d7-ccf36570098e,7e18c107-d87e-4765-98f3-39d6dca8d4ee,OBG,Obstetrics & Gynaecology,397,559
4fb4b380-787d-45b6-9d5a-405a4ab60812,7e18c107-d87e-4765-98f3-39d6dca8d4ee,URO,Urology,1637,1975
91f49bba-2b34-4582-9072-94cb54178e69,7e18c107-d87e-4765-98f3-39d6dca8d4ee,CARD,Cardiology,1413,1442
9d3468b5-3b06-41d4-a1c6-1aaddbfd90be,7e18c107-d87e-4765-98f3-39d6dca8d4ee,NEURO,Neurology,868,40
85a3f606-86ba-4bb3-9a25-519527d15671,7ec361eb-8edf-48e1-b1c2-d2beff453f59,ORTH,Orthopaedics,1157,205
6694f2c9-6546-4d80-aec7-662505f28029,7ec361eb-8edf-48e1-b1c2-d2beff453f59,CARD,Cardiology,832,442
e71e1616-0b90-4cce-acd7-4ea2de90431a,7ec361eb-8edf-48e1-b1c2-d2beff453f59,GS,General Surgery,177,122
8aadcb93-b256-4ae0-8a89-4663a0c34ad5,7ec361eb-8edf-48e1-b1c2-d2beff453f59,ONCO,Oncology,1348,1473
3d32ed89-5ce2-4003-b88d-8d9fc83e77f5,7edeb341-4f12-4e75-b43e-a189b9d38f28,GS,General Surgery,1206,2208
ca176e08-f51b-4819-87dc-531633030410,7edeb341-4f12-4e75-b43e-a189b9d38f28,ORTH,Orthopaedics,934,40
487c80e1-03f4-4f8f-9e74-549e673bf80a,7edeb341-4f12-4e75-b43e-a189b9d38f28,URO,Urology,1282,664
3662a6e9-e6c5-420b-a66e-a35d5da91a75,7edeb341-4f12-4e75-b43e-a189b9d38f28,ENT,ENT,1537,582
eb3a64ed-6829-4985-a21d-9c7d68975214,7f08db5a-758e-41ff-9702-28fa6d926ea2,OBG,Obstetrics & Gynaecology,1484,1332
2f44be51-1435-4435-ba36-563170c96ea3,7f08db5a-758e-41ff-9702-28fa6d926ea2,CARD,Cardiology,1560,949
f751ced0-a377-42b1-9653-0dd8a59406e8,7f08db5a-758e-41ff-9702-28fa6d926ea2,MED,General Medicine,50,1139
a2179124-880d-4eef-8634-81e42ccd118c,7f08db5a-758e-41ff-9702-28fa6d926ea2,ENT,ENT,469,791
126d818e-36cf-4d26-a860-8d602add08ba,7f0e13ba-d622-4c5c-b64b-785317e6088b,ORTH,Orthopaedics,752,338
32644596-9ab1-4f46-9234-ef52498c959a,7f0e13ba-d622-4c5c-b64b-785317e6088b,URO,Urology,971,705
c592cba1-0f0f-4852-b487-f4594a3c9186,7f0e13ba-d622-4c5c-b64b-785317e6088b,NEURO,Neurology,855,540
a93816c3-19b4-48d8-8b5f-11ddd884e72a,7f0e13ba-d622-4c5c-b64b-785317e6088b,PEDS,Paediatrics,1522,873
6a9d8a50-5f57-4bf6-ab54-a866d7dab3ac,7f0e13ba-d622-4c5c-b64b-785317e6088b,ENT,ENT,1047,1092
4b711bc6-21d8-4989-859b-ad160e31c423,7f6e29aa-913b-44e9-8b13-d2da50c8faa6,CARD,Cardiology,772,240
cd34555e-cdaa-40b1-bf17-672e81f1eb22,7f6e29aa-913b-44e9-8b13-d2da50c8faa6,GS,General Surgery,543,231
e9f2642e-cc60-4325-8d48-badfbe8da8dc,7f6e29aa-913b-44e9-8b13-d2da50c8faa6,ORTH,Orthopaedics,1376,1073
ef3bee75-b402-4b62-8aec-b67151c75faa,7f6e29aa-913b-44e9-8b13-d2da50c8faa6,NEURO,Neurology,1458,379
8e9b66e5-7e87-4004-912f-4a3cdd1d697d,7f9c4249-b2f5-4ace-a88b-cdfa28a441b4,MED,General Medicine,1428,949
4393df56-4243-4281-951d-f1a7b83f0dd0,7f9c4249-b2f5-4ace-a88b-cdfa28a441b4,NEURO,Neurology,711,771
3c00ba6d-03cc-4e55-960c-71c472c34b8d,7f9c4249-b2f5-4ace-a88b-cdfa28a441b4,OPTH,Ophthalmology,526,400
4aba09ad-aa46-4373-bc67-27329666c332,7f9c4249-b2f5-4ace-a88b-cdfa28a441b4,PEDS,Paediatrics,732,1656
4138b5d2-4478-40af-b41d-4855966e53b9,7f9c4249-b2f5-4ace-a88b-cdfa28a441b4,ORTH,Orthopaedics,577,1377
f60447d0-0ed8-4317-9094-fc1d8f79b738,7ff394e9-3485-4a4d-8fcd-340365ed2cb4,CARD,Cardiology,935,875
fd3787e4-e078-477e-b689-b968276f9c8f,7ff394e9-3485-4a4d-8fcd-340365ed2cb4,NEURO,Neurology,1471,904
dfd8a364-3df0-456b-9d21-73baef470537,7ff394e9-3485-4a4d-8fcd-340365ed2cb4,OPTH,Ophthalmology,1007,800
e76809c7-7711-4804-99af-485f369f2813,7ff394e9-3485-4a4d-8fcd-340365ed2cb4,ENT,ENT,1576,1101
d6d1ed2e-c8a2-49ce-9ea9-50deca6ad538,8052c7d4-796f-4a16-92ad-b46246192b2d,ONCO,Oncology,1397,836
96d24745-6a92-4311-8c04-036ed52a37ef,8052c7d4-796f-4a16-92ad-b46246192b2d,OPTH,Ophthalmology,688,1423
0b7214e1-253c-4777-aeb3-960565e7d904,8052c7d4-796f-4a16-92ad-b46246192b2d,NEURO,Neurology,101,1604
4b31c690-976c-4c79-b805-79d4dff26f06,809ff073-96e2-4170-ac65-c8e1906d329f,GS,General Surgery,1516,733
c98521be-949e-47d7-b878-99dd8cf33b9e,809ff073-96e2-4170-ac65-c8e1906d329f,ORTH,Orthopaedics,1252,356
11dd40b4-76ac-48d5-b83f-e038ceee4ab4,809ff073-96e2-4170-ac65-c8e1906d329f,MED,General Medicine,1647,1200
f22509c1-bb9b-4c62-8dbe-a8c2a89d879b,809ff073-96e2-4170-ac65-c8e1906d329f,OPTH,Ophthalmology,50,1156
6b39215e-ea23-418f-a8cc-69b06a78a54f,809ff073-96e2-4170-ac65-c8e1906d329f,URO,Urology,1296,1569
4a245ffb-99f9-4ee8-94fc-45caea05e999,809ff073-96e2-4170-ac65-c8e1906d329f,CARD,Cardiology,407,1008
724f2c81-ac27-4b38-bc15-1ad1553b3468,809ff073-96e2-4170-ac65-c8e1906d329f,ENT,ENT,1312,1314
d52c8340-a078-48e8-930b-b04911d01bf6,80effd9c-cf91-4862-8951-24df3b811a6d,MED,General Medicine,663,211
289fccab-8c7c-40b0-9aa7-01b84c648f03,80effd9c-cf91-4862-8951-24df3b811a6d,CARD,Cardiology,1112,207
a522ad1e-6825-4d70-9f04-75e98c3f39fa,80effd9c-cf91-4862-8951-24df3b811a6d,OPTH,Ophthalmology,576,1258
df51bf92-bbc1-4fc7-9135-5e0eda308724,80effd9c-cf91-4862-8951-24df3b811a6d,ENT,ENT,50,899
b0682bb5-3175-472e-9944-26daaa39c64e,80effd9c-cf91-4862-8951-24df3b811a6d,NEURO,Neurology,50,1196
1826f520-17bc-4383-bd54-bbd528f53d2e,80effd9c-cf91-4862-8951-24df3b811a6d,ORTH,Orthopaedics,628,610
e515c73d-6859-4d56-8a7c-e2b46aef378d,819724e0-e567-4482-adcc-72961a8003f3,MED,General Medicine,754,1518
589d3f34-f311-47e0-8ebb-cf63d3a0dff5,819724e0-e567-4482-adcc-72961a8003f3,GS,General Surgery,1746,575
b25354d2-9554-48d7-9516-184607c91636,819724e0-e567-4482-adcc-72961a8003f3,OBG,Obstetrics & Gynaecology,943,1269
aa799fbb-aa37-4f9d-88f4-c5dc41b04c62,819724e0-e567-4482-adcc-72961a8003f3,CARD,Cardiology,1708,2095
bc9aeae7-e6c4-4e2f-a12b-d8f91d34b26f,819724e0-e567-4482-adcc-72961a8003f3,NEURO,Neurology,441,427
6bd1ad98-d9dc-47b7-89e3-23911f53a311,819724e0-e567-4482-adcc-72961a8003f3,OPTH,Ophthalmology,1044,1328
5a380aa5-7cc4-4e29-af2c-464977850ac8,8205c20a-c739-4130-940c-99739372b984,ENT,ENT,387,341
d87c56d7-dcfd-4f4f-865d-af267805818b,8205c20a-c739-4130-940c-99739372b984,CARD,Cardiology,972,768
7735de70-5a64-4091-ac3b-691f5195c67d,8205c20a-c739-4130-940c-99739372b984,NEURO,Neurology,50,721
d8c7b3fa-f612-4ed7-906c-20f17e53e716,820ca43b-423d-4257-9219-1f3be7b6156e,ORTH,Orthopaedics,1654,1273
123e4fe7-5fc9-4e80-a898-e3ab8d2f3f47,820ca43b-423d-4257-9219-1f3be7b6156e,MED,General Medicine,789,1059
8f566c01-f583-43ec-a35f-74137f9f05c0,820ca43b-423d-4257-9219-1f3be7b6156e,OPTH,Ophthalmology,1793,1015
250b91c7-442b-407e-84c6-e8ff0f6cf726,820ca43b-423d-4257-9219-1f3be7b6156e,URO,Urology,1549,1274
b5cc642c-2180-4b3d-8464-711e01eea4cd,820ca43b-423d-4257-9219-1f3be7b6156e,ENT,ENT,1602,2044
1c31e165-7789-4ddb-953b-82a5386186e7,820ca43b-423d-4257-9219-1f3be7b6156e,NEURO,Neurology,282,1253
4e07fc1f-f3f9-420d-8544-9eb6efec4cfe,82345f0d-f2e9-41d8-bfea-e76efbcffc72,OBG,Obstetrics & Gynaecology,487,486
48bc8e23-c3cc-4250-8fd4-661faa570289,82345f0d-f2e9-41d8-bfea-e76efbcffc72,NEURO,Neurology,913,475
7136929e-577d-43f3-94bb-ea6fad9c3190,82345f0d-f2e9-41d8-bfea-e76efbcffc72,MED,General Medicine,1229,770
b11005bf-faaa-4c4a-ba0d-b0fdda3e6e9a,82345f0d-f2e9-41d8-bfea-e76efbcffc72,ONCO,Oncology,1565,1053
529cab04-a0e3-4666-8be8-ed7ad95539af,82345f0d-f2e9-41d8-bfea-e76efbcffc72,OPTH,Ophthalmology,1185,658
28909b54-7304-47cd-acba-a97c9522d1e9,823975a1-876c-402d-9dd1-be395baf2ce5,OBG,Obstetrics & Gynaecology,1125,889
fe272209-2906-4d0d-b59c-289cd5b90525,823975a1-876c-402d-9dd1-be395baf2ce5,OPTH,Ophthalmology,1858,527
7aebf2e5-f794-48a6-9522-0bf7bbe230ed,823975a1-876c-402d-9dd1-be395baf2ce5,URO,Urology,669,40
dc4de7af-dd69-4798-b4d8-25a4c5fd004e,823975a1-876c-402d-9dd1-be395baf2ce5,NEURO,Neurology,1233,747
54ae7f3d-5dc6-4ebc-b6e0-bf1107ac19e3,824bb4d8-1753-491b-b8c1-0e2edc738286,MED,General Medicine,1184,263
2368352c-2c61-45a8-bd9b-670f056394d6,824bb4d8-1753-491b-b8c1-0e2edc738286,GS,General Surgery,50,712
c17b7d98-008f-4040-927d-82dfe216f768,824bb4d8-1753-491b-b8c1-0e2edc738286,ENT,ENT,1813,1224
77a7b26e-0b2b-484a-8806-522bbc8c64d8,824bb4d8-1753-491b-b8c1-0e2edc738286,URO,Urology,1660,1610
25e49e18-2c42-4628-b3a8-222a0101844d,824bb4d8-1753-491b-b8c1-0e2edc738286,ONCO,Oncology,185,410
81e38592-924d-49a6-9804-1d51b52b7542,825eb8fb-e42c-413c-9793-19648b45f015,ORTH,Orthopaedics,50,1134
5464b795-af72-4794-bc85-62e07d00ca73,825eb8fb-e42c-413c-9793-19648b45f015,OBG,Obstetrics & Gynaecology,1983,916
cede8a89-d608-4e06-a1bf-1bb091b10c4e,825eb8fb-e42c-413c-9793-19648b45f015,URO,Urology,721,489
52a8f218-f312-4cfd-8da9-7dcc54950896,825eb8fb-e42c-413c-9793-19648b45f015,CARD,Cardiology,1276,1485
03496d13-400c-4cf0-814a-b8066e0bbed7,825eb8fb-e42c-413c-9793-19648b45f015,MED,General Medicine,862,1335
b0bef319-9583-41e6-8016-46d5aa9e7952,825eb8fb-e42c-413c-9793-19648b45f015,PEDS,Paediatrics,732,179
45b05e2c-2fe2-45b6-9702-c638021d6088,825eb8fb-e42c-413c-9793-19648b45f015,NEURO,Neurology,1043,784
51e32730-4b38-4a3e-950a-aa047bf190ac,825eb8fb-e42c-413c-9793-19648b45f015,OPTH,Ophthalmology,1539,40
5b78e541-ecc9-4822-bec6-0eb1139623d1,8261815c-c6c3-4440-b5cb-a61472a5f6c3,CARD,Cardiology,1383,750
4524ec66-bc55-4552-a373-86934af9b8fe,8261815c-c6c3-4440-b5cb-a61472a5f6c3,GS,General Surgery,1556,1221
6a410251-7199-428f-9abd-816db66b0dd9,8261815c-c6c3-4440-b5cb-a61472a5f6c3,PEDS,Paediatrics,545,1145
4b5442fd-10d4-4125-9b11-fd4025d573c1,8261815c-c6c3-4440-b5cb-a61472a5f6c3,ENT,ENT,1429,1457
9ffc3c7e-da31-4693-b25a-3523fd630011,8261815c-c6c3-4440-b5cb-a61472a5f6c3,OBG,Obstetrics & Gynaecology,1596,183
5c446a00-0c60-41e9-a79f-93ad68858b51,8261815c-c6c3-4440-b5cb-a61472a5f6c3,ORTH,Orthopaedics,642,1622
d8da6e17-9656-4750-a0a9-48070bd8915a,826bb3c7-e3a4-46d7-a157-b370dc2e7ec0,CARD,Cardiology,978,1833
9797e0f2-2f2e-49e2-8309-a7bbd5c19c6a,826bb3c7-e3a4-46d7-a157-b370dc2e7ec0,ORTH,Orthopaedics,915,40
528f6686-ab4a-466a-a464-1ef281369183,826bb3c7-e3a4-46d7-a157-b370dc2e7ec0,MED,General Medicine,222,1459
6aa171d3-ca4c-422b-b95d-b974a7a846d7,826bb3c7-e3a4-46d7-a157-b370dc2e7ec0,OPTH,Ophthalmology,50,1554
62e484fd-727f-475d-a326-cd5f6858180e,826bb3c7-e3a4-46d7-a157-b370dc2e7ec0,GS,General Surgery,887,626
357e9b76-20c4-4391-b017-a6d1c66414e4,826bb3c7-e3a4-46d7-a157-b370dc2e7ec0,PEDS,Paediatrics,1977,1391
84551dc9-8902-482a-8139-3008110dcdaf,826bb3c7-e3a4-46d7-a157-b370dc2e7ec0,ENT,ENT,1234,256
1b6c6d18-bd5d-42a0-8eb1-cc8be584902b,826bb3c7-e3a4-46d7-a157-b370dc2e7ec0,ONCO,Oncology,597,1689
30d2f379-b43f-4609-9323-137b051a834c,82c8d24f-ce74-4ce1-afd5-8ac38a4e73e5,MED,General Medicine,1296,975
797def7e-e89f-4b7f-adfe-4f771fa975e4,82c8d24f-ce74-4ce1-afd5-8ac38a4e73e5,ORTH,Orthopaedics,106,1496
2ba6a4b1-cc6c-4620-9273-2a9f75c354db,82c8d24f-ce74-4ce1-afd5-8ac38a4e73e5,OPTH,Ophthalmology,936,1423
c4e6b9f3-abb6-4a7b-bb75-836a64797ca0,82c8d24f-ce74-4ce1-afd5-8ac38a4e73e5,PEDS,Paediatrics,1208,602
72b350eb-0494-41f7-ac2a-65dc24843982,82c8d24f-ce74-4ce1-afd5-8ac38a4e73e5,ENT,ENT,570,664
b12f22dd-a0ac-4dd4-aefd-13fceb6d15b6,82c8d24f-ce74-4ce1-afd5-8ac38a4e73e5,OBG,Obstetrics & Gynaecology,50,1072
32c1da6a-3d61-45d1-8d62-2faa84f9ca5d,82c8d24f-ce74-4ce1-afd5-8ac38a4e73e5,ONCO,Oncology,1451,292
77d9e9d1-a1d1-44ac-8112-ec48e6f38c61,82d1e6ad-438a-4a16-8ecc-e03e8526342c,CARD,Cardiology,915,40
26fa4c0c-2496-4c00-8715-8f37307c7ea5,82d1e6ad-438a-4a16-8ecc-e03e8526342c,PEDS,Paediatrics,992,1746
b0d7d86c-f1a2-4ae1-94f5-9816f02b11b5,82d1e6ad-438a-4a16-8ecc-e03e8526342c,ORTH,Orthopaedics,2177,895
01168a15-8e99-4368-aaf6-aa373380c493,82d1e6ad-438a-4a16-8ecc-e03e8526342c,GS,General Surgery,2293,40
c40c6af3-e02a-4588-bc48-679e7e8a02ac,82d1e6ad-438a-4a16-8ecc-e03e8526342c,URO,Urology,1179,558
e8dc1363-a52f-45c8-8c56-f70ac69f9c08,82d1e6ad-438a-4a16-8ecc-e03e8526342c,MED,General Medicine,2031,599
b8ed19d2-1d80-4434-9ea4-36872ed1103b,82f0c635-e239-4173-a652-e5c58ab0a63e,CARD,Cardiology,1718,1174
7443d29e-e56c-46c5-affc-2afd1a1c5092,82f0c635-e239-4173-a652-e5c58ab0a63e,ORTH,Orthopaedics,214,407
3b0dfae9-b63b-487c-bab7-634ad1f7dddb,82f0c635-e239-4173-a652-e5c58ab0a63e,MED,General Medicine,538,204
7fd283b1-f684-4e2c-a67a-6e1f2a42df8c,82f0c635-e239-4173-a652-e5c58ab0a63e,NEURO,Neurology,1012,836
78624d63-3775-43a4-ac79-b7cc65efd200,82f0c635-e239-4173-a652-e5c58ab0a63e,ENT,ENT,1773,1833
aba43610-8e16-46b1-9533-d6a3061d4ef8,82f0c635-e239-4173-a652-e5c58ab0a63e,ONCO,Oncology,530,40
94950b0a-9200-4022-a990-d097f25bc971,83115e24-f21e-45c0-8978-d571ef4a469d,ORTH,Orthopaedics,386,1245
89b0c368-d069-4b1f-976e-e1fbebd6e0a6,83115e24-f21e-45c0-8978-d571ef4a469d,GS,General Surgery,1119,1928
214525f0-e837-4ef8-94d7-f4c9f78ceef0,83115e24-f21e-45c0-8978-d571ef4a469d,OPTH,Ophthalmology,1283,1711
5fcb2104-a409-49bd-b6e8-25fe6b4e7f67,83115e24-f21e-45c0-8978-d571ef4a469d,OBG,Obstetrics & Gynaecology,1391,711
bad7c25c-fbd7-47f7-80cf-114e1daf48a2,83115e24-f21e-45c0-8978-d571ef4a469d,URO,Urology,656,431
cdb4b358-3e8e-4efd-b911-dc20d288ef99,83115e24-f21e-45c0-8978-d571ef4a469d,CARD,Cardiology,791,879
e82541d6-0e4a-431d-a513-ece9f3dd99b6,83115e24-f21e-45c0-8978-d571ef4a469d,ONCO,Oncology,447,677
5ba590ee-649c-46a4-b5ed-3c13fc17c137,83115e24-f21e-45c0-8978-d571ef4a469d,ENT,ENT,922,1210
2cca1da2-c9b6-49df-a253-d6bae1467a3f,8325ecfe-0863-4a34-b714-c82d017a36e3,OBG,Obstetrics & Gynaecology,1498,1566
31fcff65-6b23-4396-9662-9fc69851d57d,8325ecfe-0863-4a34-b714-c82d017a36e3,GS,General Surgery,681,1328
263923cb-021d-4323-b419-681ca50e28c6,8325ecfe-0863-4a34-b714-c82d017a36e3,OPTH,Ophthalmology,657,40
c1a106d3-2573-423b-99af-ba94c28c5031,8325ecfe-0863-4a34-b714-c82d017a36e3,ENT,ENT,452,591
42ac567b-1a9f-420b-8776-15d43bc826a4,8325ecfe-0863-4a34-b714-c82d017a36e3,PEDS,Paediatrics,986,1035
1487168a-abb0-4d33-ac43-6384f69df187,834427c5-4632-4c64-9d4e-c55ddcfaefae,ORTH,Orthopaedics,1378,479
471b1fdd-7b9d-4510-9b7a-c6f1d0c6eae9,834427c5-4632-4c64-9d4e-c55ddcfaefae,URO,Urology,528,183
402e8fd4-409d-40e6-9d37-b3cac841c04a,834427c5-4632-4c64-9d4e-c55ddcfaefae,OBG,Obstetrics & Gynaecology,2716,912
88f355d5-c21a-449b-bad7-c5564c9b3cbc,834427c5-4632-4c64-9d4e-c55ddcfaefae,ENT,ENT,1358,481
5936c75b-04f0-41ec-80a2-ea556964d43a,8345028d-6c75-4624-88bb-a8d7ab3a3ca9,ORTH,Orthopaedics,1547,1141
36abd4c7-d3ca-4011-9ec5-add52971d5fa,8345028d-6c75-4624-88bb-a8d7ab3a3ca9,ENT,ENT,1005,1738
9464ccb9-29f2-49b6-a464-753c1a4e1070,8345028d-6c75-4624-88bb-a8d7ab3a3ca9,NEURO,Neurology,1743,40
358dd942-b0ec-43d8-a550-e8c17989a30d,8345028d-6c75-4624-88bb-a8d7ab3a3ca9,OPTH,Ophthalmology,1302,40
36a94338-91a4-4782-a149-9841a7ac3ed3,836a040a-d9d3-4aca-aea6-b7dceb825023,OPTH,Ophthalmology,676,1514
c8cd3d29-56f2-4ff1-844e-a89e0d0b4eff,836a040a-d9d3-4aca-aea6-b7dceb825023,ORTH,Orthopaedics,532,1077
ec647780-3894-4ad2-9a21-7d3033bbd4cd,836a040a-d9d3-4aca-aea6-b7dceb825023,CARD,Cardiology,851,1552
845e34eb-83b2-4d67-901d-b6a86cab079a,836a040a-d9d3-4aca-aea6-b7dceb825023,GS,General Surgery,1366,207
bd7d8865-df68-4a59-8925-31e48e856b56,836a040a-d9d3-4aca-aea6-b7dceb825023,MED,General Medicine,544,1206
76e60460-f1f3-4a14-be59-ea0981b1319c,836a040a-d9d3-4aca-aea6-b7dceb825023,PEDS,Paediatrics,328,999
36e16f89-aedb-4450-998c-12bb3005fc73,83a82ea2-ddf3-446f-97d1-169c91344581,MED,General Medicine,1000,1772
2f7d551e-0dd4-49cd-845c-38e5d7282eb6,83a82ea2-ddf3-446f-97d1-169c91344581,ORTH,Orthopaedics,1778,1280
608513c1-c9a4-4483-8c26-28946f3dd485,83a82ea2-ddf3-446f-97d1-169c91344581,CARD,Cardiology,827,2110
fbe80114-422a-4024-856e-e3f87a8e5f9d,83a82ea2-ddf3-446f-97d1-169c91344581,ENT,ENT,50,643
7dc52e54-2cfe-4785-8f4b-4d8c2382d5ac,83a82ea2-ddf3-446f-97d1-169c91344581,NEURO,Neurology,1824,40
cdfa4008-2ebb-4c01-9a43-5613cb52af69,83b596d4-261f-4a3e-94b4-fee8e3c97037,MED,General Medicine,1041,892
e505b7eb-c0e9-4a7a-bf1a-25f0c43894da,83b596d4-261f-4a3e-94b4-fee8e3c97037,OBG,Obstetrics & Gynaecology,50,797
f3366bd6-f37c-4533-a1d0-93af1282cecd,83b596d4-261f-4a3e-94b4-fee8e3c97037,GS,General Surgery,1453,1269
5408fa5e-731a-42a1-b566-a267afef9a59,83b596d4-261f-4a3e-94b4-fee8e3c97037,ORTH,Orthopaedics,923,1638
e70aa557-dbe3-408b-9a23-0e14769c58d6,83b596d4-261f-4a3e-94b4-fee8e3c97037,ENT,ENT,2064,1943
98a0b17a-48cb-4e77-b164-b59d97078ac5,83ba63cf-a221-40bd-a10e-8055f9516fb0,OPTH,Ophthalmology,1432,687
b6ad51d2-4022-4685-87ca-64b82fc96bee,83ba63cf-a221-40bd-a10e-8055f9516fb0,ORTH,Orthopaedics,1476,703
57b6d6b1-45b4-4b08-877a-ddf569eb4d57,83ba63cf-a221-40bd-a10e-8055f9516fb0,URO,Urology,881,1282
26a08f1d-378c-4aa5-90de-c21f17f817f0,83ba63cf-a221-40bd-a10e-8055f9516fb0,CARD,Cardiology,417,380
3de7ad42-2729-4220-8f94-adb5ae371c3a,83ba63cf-a221-40bd-a10e-8055f9516fb0,MED,General Medicine,1372,500
1586459f-d162-418b-b755-eab0dc857963,83ba63cf-a221-40bd-a10e-8055f9516fb0,ENT,ENT,1943,899
c2f0d612-4f65-4207-bcff-a309b43c5e70,83ba63cf-a221-40bd-a10e-8055f9516fb0,NEURO,Neurology,2130,328
5670b1d8-8ff6-43fe-b510-ad4aaab26191,83ba63cf-a221-40bd-a10e-8055f9516fb0,ONCO,Oncology,805,40
2babce92-39de-4f44-9c36-2766d81a5ea1,83d7b479-72a0-4875-8dea-21791315c7b2,CARD,Cardiology,825,283
e6f29ed3-551a-4663-b7b7-787d59e1cf95,83d7b479-72a0-4875-8dea-21791315c7b2,ENT,ENT,1647,1189
3482482d-494b-4fa2-85f2-400bd73fbdec,83d7b479-72a0-4875-8dea-21791315c7b2,MED,General Medicine,805,1404
fcbc8533-2c25-4ec3-8ee0-c488a9e7e761,83d7b479-72a0-4875-8dea-21791315c7b2,NEURO,Neurology,882,1353
6ad4e254-7a8f-462e-80de-a5cebf3d6acf,83d7b479-72a0-4875-8dea-21791315c7b2,ONCO,Oncology,809,300
1651cae3-630f-4c40-840a-f872c8216d7d,83d7b479-72a0-4875-8dea-21791315c7b2,OPTH,Ophthalmology,960,439
976c5b6b-fe24-445a-9a35-545bea7cbd9a,83f6174d-9cdf-45b3-88d5-8c5740134a55,MED,General Medicine,1272,754
2c12ed13-109f-4d63-aa51-45466d0d1079,83f6174d-9cdf-45b3-88d5-8c5740134a55,ORTH,Orthopaedics,1109,1431
3d70431b-759f-44c2-82ad-078f3d4f2a0a,83f6174d-9cdf-45b3-88d5-8c5740134a55,GS,General Surgery,142,81
7ef8db00-10c0-4ed9-9661-105ca64834b5,83f6174d-9cdf-45b3-88d5-8c5740134a55,OPTH,Ophthalmology,574,948
f8061c22-eaf3-4d79-9105-a7c1344b2b72,83f6174d-9cdf-45b3-88d5-8c5740134a55,URO,Urology,832,921
4a58f710-d2c9-4068-a992-b46b97b49471,83f6174d-9cdf-45b3-88d5-8c5740134a55,CARD,Cardiology,1927,1683
62e102db-2e92-4a89-956a-7793b8ba85e4,83f6174d-9cdf-45b3-88d5-8c5740134a55,ENT,ENT,2036,592
c88c8ac1-660b-43ff-b56d-111387534ba0,83f6174d-9cdf-45b3-88d5-8c5740134a55,NEURO,Neurology,1138,1020
e9fb1d62-feb4-4f72-a007-806fb8bcead0,83f6174d-9cdf-45b3-88d5-8c5740134a55,ONCO,Oncology,718,369
64176d70-6380-454f-bbde-d3c8a71c3d8f,841f2477-39c6-4da5-9c5b-351c6e8b3328,GS,General Surgery,1073,1106
08fb6746-2ec6-46b5-b8ca-fd13fd4783f4,841f2477-39c6-4da5-9c5b-351c6e8b3328,CARD,Cardiology,50,897
5d003239-cabf-47c6-a0e8-c99dac368ffd,841f2477-39c6-4da5-9c5b-351c6e8b3328,OPTH,Ophthalmology,837,160
ab4e6136-437a-4962-af3b-05635c598be6,841f2477-39c6-4da5-9c5b-351c6e8b3328,URO,Urology,1027,916
00ac4527-52ea-4406-bcd0-35111adef71f,841f2477-39c6-4da5-9c5b-351c6e8b3328,OBG,Obstetrics & Gynaecology,2113,1438
598ce345-0eca-49bd-8c1a-22eda9531574,842d46e3-3d55-4b31-b26b-b9801a0918a8,MED,General Medicine,1327,1509
a27da83d-10e6-452d-b5f1-bafa5f45b613,842d46e3-3d55-4b31-b26b-b9801a0918a8,ENT,ENT,386,1330
96efd730-bc0f-48f7-a482-5c79f047cabf,842d46e3-3d55-4b31-b26b-b9801a0918a8,ORTH,Orthopaedics,1522,1162
819df155-493d-49a2-b49a-36bee4e1bf34,842d46e3-3d55-4b31-b26b-b9801a0918a8,ONCO,Oncology,1041,1169
ffdda009-f1e4-43fc-a564-bc06ad726f76,84cb3c64-3ecc-4541-b8e8-f057bdb261b5,GS,General Surgery,136,381
afdd2ce9-8543-41c1-986e-2f8910c9a0f2,84cb3c64-3ecc-4541-b8e8-f057bdb261b5,NEURO,Neurology,1209,537
3ecd9a2b-913d-4003-b099-a506972a94fa,84cb3c64-3ecc-4541-b8e8-f057bdb261b5,OBG,Obstetrics & Gynaecology,1128,981
8d84b4fe-ecd2-4ec3-ab13-653bae3c972d,84cb3c64-3ecc-4541-b8e8-f057bdb261b5,ONCO,Oncology,468,1338
57a16a9b-c478-4859-b82e-8c6ae4ceb513,84cb3c64-3ecc-4541-b8e8-f057bdb261b5,OPTH,Ophthalmology,667,488
3ffef2dd-6827-41af-aa16-140a889f6fb9,84cb3c64-3ecc-4541-b8e8-f057bdb261b5,ENT,ENT,318,1400
c2a1a433-2144-450b-bd2b-13c2509d6a91,84f42872-598e-431d-bf84-f1bbca673743,MED,General Medicine,315,739
40e5e274-c06a-4a10-8281-74699a15e7d2,84f42872-598e-431d-bf84-f1bbca673743,ORTH,Orthopaedics,683,714
d40bbdcd-bc8b-4a08-ab4f-4d8063597013,84f42872-598e-431d-bf84-f1bbca673743,CARD,Cardiology,1200,1540
fa2df6a2-581e-4b05-bbd0-0002a064ab23,84f42872-598e-431d-bf84-f1bbca673743,ENT,ENT,1351,1084
c88c52fa-d57e-4fb8-a403-7e72b48353f5,84f42872-598e-431d-bf84-f1bbca673743,ONCO,Oncology,1187,1230
1ef6e69e-f56a-4801-8f73-f04e1db936f5,84f42872-598e-431d-bf84-f1bbca673743,URO,Urology,593,1066
c55c182e-9067-4c4c-8f6b-90d651faf658,84f42872-598e-431d-bf84-f1bbca673743,OPTH,Ophthalmology,527,1484
568253b4-f036-4d44-9e08-098a90df3829,85043c0c-6419-4b00-91e3-b23106776f95,ORTH,Orthopaedics,694,1033
04273152-2701-4887-872b-495adf496276,85043c0c-6419-4b00-91e3-b23106776f95,OBG,Obstetrics & Gynaecology,697,1489
96eb48ca-dfe7-4734-958a-239983c5c7ae,85043c0c-6419-4b00-91e3-b23106776f95,OPTH,Ophthalmology,768,2046
82bb4300-cdce-4a00-bdf0-c0b2df2efa7f,85043c0c-6419-4b00-91e3-b23106776f95,GS,General Surgery,499,1398
1a414a12-d314-4e58-b454-b394167cad67,85043c0c-6419-4b00-91e3-b23106776f95,PEDS,Paediatrics,1091,795
62803d85-72b1-4555-8aa2-cab7f95fd750,85d41920-65fe-4bee-bc7b-77c3b478e92e,GS,General Surgery,1567,1460
a8d7ecec-a17d-4f2c-a400-1e83219b39a1,85d41920-65fe-4bee-bc7b-77c3b478e92e,OBG,Obstetrics & Gynaecology,1182,1655
ddd22fdd-d38b-428f-87d1-d74f56084d54,85d41920-65fe-4bee-bc7b-77c3b478e92e,MED,General Medicine,893,664
2ae235a8-4f34-491b-bd5d-29ca26c868eb,85d41920-65fe-4bee-bc7b-77c3b478e92e,CARD,Cardiology,985,158
090a5e01-17d6-4215-9818-3b80c311478e,85d41920-65fe-4bee-bc7b-77c3b478e92e,OPTH,Ophthalmology,528,1510
50bf867e-a2e7-4bc1-a315-c03403abd73b,85d41920-65fe-4bee-bc7b-77c3b478e92e,URO,Urology,225,449
7287588b-30fd-4c60-b4f5-b0421136b7f0,85d41920-65fe-4bee-bc7b-77c3b478e92e,ENT,ENT,1305,258
4522c4ee-0467-4f07-9775-3dcc5920baf8,85d41920-65fe-4bee-bc7b-77c3b478e92e,NEURO,Neurology,231,1243
7e235f22-8ef4-4be7-b652-76b1949fccd9,86558851-1882-453c-9ea1-67d2603900dc,ORTH,Orthopaedics,1412,1356
b9d8a1d5-6991-4635-a3ee-f3a3c22ea5d6,86558851-1882-453c-9ea1-67d2603900dc,CARD,Cardiology,882,793
f7f5cce8-4e16-4a06-9978-2410f74e31c1,86558851-1882-453c-9ea1-67d2603900dc,MED,General Medicine,657,409
9fd1fda2-6a2b-4df7-aa86-624bf960b130,86558851-1882-453c-9ea1-67d2603900dc,OPTH,Ophthalmology,1401,1254
0644d651-8b32-4353-999a-2ad9f6c1ca5b,86558851-1882-453c-9ea1-67d2603900dc,PEDS,Paediatrics,1075,461
a79b98e7-5365-4c6f-ab7a-338952bcc9dc,86a5dc96-32d0-4859-ae22-c8b3841132d4,CARD,Cardiology,487,1275
e73d4aec-6e11-4183-a318-e6d97be68d7f,86a5dc96-32d0-4859-ae22-c8b3841132d4,MED,General Medicine,1707,855
da0a4812-a16c-4246-8d8f-19707442627f,86a5dc96-32d0-4859-ae22-c8b3841132d4,PEDS,Paediatrics,1295,565
572b9cc6-f14b-419b-9d36-3a35271047a4,86a5dc96-32d0-4859-ae22-c8b3841132d4,ORTH,Orthopaedics,2126,1215
40f536f9-4662-4bf2-9f20-0b2d64fbb907,86a5dc96-32d0-4859-ae22-c8b3841132d4,NEURO,Neurology,650,1030
eaa16a07-4a79-4345-b020-551c52200a64,86f87c6b-bbc9-4d7c-a22f-b605d4655338,GS,General Surgery,1586,752
76e27a7d-b010-4506-bb8e-ede8b4b01e73,86f87c6b-bbc9-4d7c-a22f-b605d4655338,CARD,Cardiology,701,40
b956d226-9e51-4ae3-8e11-d09d3988d16e,86f87c6b-bbc9-4d7c-a22f-b605d4655338,NEURO,Neurology,480,40
4024b851-6ce2-47fb-8518-913cec4d3d28,86f87c6b-bbc9-4d7c-a22f-b605d4655338,OPTH,Ophthalmology,644,1554
63f4e372-7055-4ca5-920c-fb6c83deff26,86f87c6b-bbc9-4d7c-a22f-b605d4655338,PEDS,Paediatrics,1430,2002
963f73a2-10c9-47c8-92c2-00084028c855,86f87c6b-bbc9-4d7c-a22f-b605d4655338,ENT,ENT,1485,759
0c127248-985f-48e8-810e-fca7408f1c3a,87b65ca7-bf10-41ed-8229-7524f6b3a30d,MED,General Medicine,1494,1836
6a2ae8b6-aa95-4ac4-8e30-8bf9f4b86bb8,87b65ca7-bf10-41ed-8229-7524f6b3a30d,ORTH,Orthopaedics,1141,1153
7fe2afee-57f3-433e-b00e-1f14355f025d,87b65ca7-bf10-41ed-8229-7524f6b3a30d,GS,General Surgery,1354,677
c419ec71-24ea-4738-9a60-7d39e07f2ee9,87b65ca7-bf10-41ed-8229-7524f6b3a30d,ONCO,Oncology,238,1127
6aaab124-e8c4-4a8b-b409-fa389dbf867f,87b65ca7-bf10-41ed-8229-7524f6b3a30d,ENT,ENT,304,527
69fd0b22-18b6-408a-8eb7-a4f252bf4561,87b65ca7-bf10-41ed-8229-7524f6b3a30d,OPTH,Ophthalmology,147,805
b5f18a8d-89b5-48d5-9678-e8eea3e11e0e,87d075c8-0a84-4cac-b249-a7d144a620b8,CARD,Cardiology,1666,571
c47d20bf-f339-42f4-90f3-fff8d4ceaf27,87d075c8-0a84-4cac-b249-a7d144a620b8,MED,General Medicine,359,720
dc9eb286-5d4d-4762-ba68-158fc344eb70,87d075c8-0a84-4cac-b249-a7d144a620b8,ONCO,Oncology,1271,172
1fee344d-1015-44e8-9ae6-00022cb528a4,87d075c8-0a84-4cac-b249-a7d144a620b8,OPTH,Ophthalmology,669,483
5002e3e0-4cd3-401e-a20c-a789584bf99f,87d075c8-0a84-4cac-b249-a7d144a620b8,ORTH,Orthopaedics,1036,1335
eca59578-ef07-4dbc-9073-ca5ab23c57f4,87d075c8-0a84-4cac-b249-a7d144a620b8,ENT,ENT,513,881
7cbc75b1-4c65-4a97-ac78-ad7ec4f4bf2f,87d075c8-0a84-4cac-b249-a7d144a620b8,NEURO,Neurology,1373,819
5cc0989f-5efd-4ea5-aaee-d87f17aa3aa1,87d075c8-0a84-4cac-b249-a7d144a620b8,PEDS,Paediatrics,211,1038
0d368196-1bd0-4448-bebf-51dd131de4bf,886e768d-710b-4ab0-be65-8fbaa25b0e6d,CARD,Cardiology,338,1645
9d6d9014-d37c-45d8-ae91-f0712f949fe5,886e768d-710b-4ab0-be65-8fbaa25b0e6d,ENT,ENT,1689,1359
bf8b7372-bdb5-4960-acd2-bda419a9625e,886e768d-710b-4ab0-be65-8fbaa25b0e6d,MED,General Medicine,2601,700
baa6f693-5a78-456d-a44e-1c09d52ca125,886e768d-710b-4ab0-be65-8fbaa25b0e6d,PEDS,Paediatrics,1648,142
d036d749-df73-4fde-88cf-7d1d4f95543a,886e768d-710b-4ab0-be65-8fbaa25b0e6d,URO,Urology,1458,1477
0d327686-464e-4881-83f6-280f7011d379,886e768d-710b-4ab0-be65-8fbaa25b0e6d,NEURO,Neurology,1028,1825
8c83730d-3e5d-4b86-9c17-d96ea1420164,886e768d-710b-4ab0-be65-8fbaa25b0e6d,ONCO,Oncology,2253,292
fc15c042-e79e-4186-864e-005a24a6d46d,88779510-d0c2-4ebf-b10d-71ca4353a4b5,URO,Urology,252,801
90798df3-90c9-448f-ace1-a18dc1520d05,88779510-d0c2-4ebf-b10d-71ca4353a4b5,MED,General Medicine,1129,478
1246ff00-b180-4267-bc11-632e3d6d499c,88779510-d0c2-4ebf-b10d-71ca4353a4b5,PEDS,Paediatrics,193,1363
f639901a-e234-41e4-a5a9-8d1b724162a0,889a8e3b-c080-4fd6-a51d-2a0f9a940daa,CARD,Cardiology,1408,718
52775791-7867-4eda-b526-4bd763b5fe34,889a8e3b-c080-4fd6-a51d-2a0f9a940daa,ENT,ENT,1187,451
cdbaad75-19db-42cf-b561-66f121ee1fc5,889a8e3b-c080-4fd6-a51d-2a0f9a940daa,OPTH,Ophthalmology,747,919
ea415c80-2c65-4966-8abf-c6e5ad200ed8,889a8e3b-c080-4fd6-a51d-2a0f9a940daa,NEURO,Neurology,1382,1550
ea5da852-1c76-4a39-81de-f8d00ed19764,889a8e3b-c080-4fd6-a51d-2a0f9a940daa,ONCO,Oncology,1491,889
fc9b84f6-b903-4dd1-b4a5-e945f96916a4,88aa76d4-a5a2-42d8-9d91-464c99d9aa38,GS,General Surgery,1548,573
0d16d789-11ca-4890-bd5c-0389def8ce60,88aa76d4-a5a2-42d8-9d91-464c99d9aa38,MED,General Medicine,1549,2079
a8ea7eb9-7687-4a98-8f12-60a2ba8e0843,88aa76d4-a5a2-42d8-9d91-464c99d9aa38,PEDS,Paediatrics,1026,451
a481bd33-f697-4f6f-b8cc-655aecb22532,88aa76d4-a5a2-42d8-9d91-464c99d9aa38,CARD,Cardiology,2011,1203
b25ab992-5ba3-4d00-b74a-bac63c8b9053,88f78b56-50e9-4119-b191-af66e4852c3f,GS,General Surgery,1143,534
6cf73ada-938c-4b94-bea2-e6eb9359127b,88f78b56-50e9-4119-b191-af66e4852c3f,CARD,Cardiology,649,318
45e31e00-91eb-4300-9646-c58b021a6114,88f78b56-50e9-4119-b191-af66e4852c3f,OBG,Obstetrics & Gynaecology,368,459
059b59b2-cdfc-475e-9124-e0d0c85d8b78,88f78b56-50e9-4119-b191-af66e4852c3f,PEDS,Paediatrics,1004,329
8813bf55-d73c-4b03-a214-b6fd94926a93,88f78b56-50e9-4119-b191-af66e4852c3f,MED,General Medicine,1386,1525
6c90893b-87e3-414f-916c-080b5e4d9dfa,88f78b56-50e9-4119-b191-af66e4852c3f,ORTH,Orthopaedics,2115,40
22f668bf-0711-4a56-9481-2c5fd382954d,8908553e-a57b-4755-81e4-7004f49e51f1,ORTH,Orthopaedics,608,529
b4bf2b07-a306-41b8-a9d4-81f4c5391c2f,8908553e-a57b-4755-81e4-7004f49e51f1,GS,General Surgery,1481,952
f13eace5-5cde-422a-b96c-2565aa21e6d4,8908553e-a57b-4755-81e4-7004f49e51f1,ENT,ENT,1105,464
2323caac-a322-4a4d-a0f9-257dc8f86f8c,8908553e-a57b-4755-81e4-7004f49e51f1,PEDS,Paediatrics,640,1596
59e29deb-0e87-435a-9a00-73ffdfa1c4bd,89834b8c-a4e0-4700-8e5e-09ecc579955f,CARD,Cardiology,1664,752
1d35815f-3ef5-458d-961d-3aef1422c2c0,89834b8c-a4e0-4700-8e5e-09ecc579955f,OPTH,Ophthalmology,1510,40
ff27459d-3d7d-46ee-96a1-bd7ef519428f,89834b8c-a4e0-4700-8e5e-09ecc579955f,ORTH,Orthopaedics,2074,585
28c74fcb-4c53-4438-a768-753aa89f9c19,89834b8c-a4e0-4700-8e5e-09ecc579955f,PEDS,Paediatrics,159,771
969b8108-d6ad-4a3b-9cb7-349e2186768a,89922aea-4531-4d7a-bd0f-f69598d210d9,OBG,Obstetrics & Gynaecology,773,910
0aec39ec-cb1e-4882-a8bb-e9ec9bdc99cd,89922aea-4531-4d7a-bd0f-f69598d210d9,MED,General Medicine,1554,1244
7f24961c-b16e-4040-a197-fad925075b9a,89922aea-4531-4d7a-bd0f-f69598d210d9,GS,General Surgery,642,1160
8e51aaf1-cadd-4576-a813-ebe02878a19e,89f423a1-3966-48f9-815b-958a153a94ff,MED,General Medicine,1803,947
d0cd8314-bb97-4532-ad5b-b8c4b92e7b9b,89f423a1-3966-48f9-815b-958a153a94ff,ORTH,Orthopaedics,1833,1300
ae762b35-f641-44fb-a26c-237164ce0f5b,89f423a1-3966-48f9-815b-958a153a94ff,OPTH,Ophthalmology,1306,175
ddf4b3aa-5377-41df-962e-6eb5c447a67d,89f423a1-3966-48f9-815b-958a153a94ff,PEDS,Paediatrics,779,362
ae709821-cb80-41a9-9b44-ff5cc77d8331,89f423a1-3966-48f9-815b-958a153a94ff,OBG,Obstetrics & Gynaecology,690,380
be9f5151-24b0-4b7b-89f5-5d1fa8dba7a7,89f423a1-3966-48f9-815b-958a153a94ff,ENT,ENT,1086,998
874258cc-4565-46b7-b3f0-580413b646f7,8a08772e-88df-4961-bee3-259ec79e1670,OBG,Obstetrics & Gynaecology,804,40
1dcdd40d-cc98-49bf-be5f-206779ecc8cd,8a08772e-88df-4961-bee3-259ec79e1670,CARD,Cardiology,677,1542
15c01507-9a38-46cc-9147-223dff7e8686,8a08772e-88df-4961-bee3-259ec79e1670,ONCO,Oncology,577,776
144a1942-3e3a-4035-babb-1590227d00f7,8a08772e-88df-4961-bee3-259ec79e1670,OPTH,Ophthalmology,1227,56
84787074-8aab-4ba1-b0b1-1ae32937bdf6,8a2d1075-4c99-4e9f-b320-50d5c4a91f4a,CARD,Cardiology,1279,1052
08b245bd-78ca-4e0c-b054-60c4d6befe20,8a2d1075-4c99-4e9f-b320-50d5c4a91f4a,OPTH,Ophthalmology,2185,235
b5b47c3d-e5ab-425f-aa1d-b67faf7b043e,8a2d1075-4c99-4e9f-b320-50d5c4a91f4a,ORTH,Orthopaedics,773,821
137d3efe-5cce-43dc-bcc4-546073f24f71,8a2d1075-4c99-4e9f-b320-50d5c4a91f4a,URO,Urology,537,1122
d8b4194f-d0c1-49ac-9451-7c5c0e7db057,8a2d1075-4c99-4e9f-b320-50d5c4a91f4a,NEURO,Neurology,1602,816
248106ba-8d59-474b-aa9e-8352005e882c,8a34bb7e-24fe-4f59-adb9-8d50aa7ba972,OBG,Obstetrics & Gynaecology,1338,817
7c30e0a1-7fa0-4cc6-a6ef-4b5b74173763,8a34bb7e-24fe-4f59-adb9-8d50aa7ba972,GS,General Surgery,1155,40
dc55ba8b-d327-4ce4-8571-d59ba31bd911,8a34bb7e-24fe-4f59-adb9-8d50aa7ba972,MED,General Medicine,823,565
f61d2216-7f0a-469a-9bae-b9c2bc8cf22d,8a34bb7e-24fe-4f59-adb9-8d50aa7ba972,CARD,Cardiology,580,788
1cbca6d8-e6b2-4f49-9412-ce4e85aa22e0,8a34bb7e-24fe-4f59-adb9-8d50aa7ba972,ORTH,Orthopaedics,1480,1398
38f02197-65c2-40f7-8280-e0504a71cc8f,8a34bb7e-24fe-4f59-adb9-8d50aa7ba972,NEURO,Neurology,1758,1012
278dc065-9a2c-4863-a7d2-9b2621f6ce10,8a34bb7e-24fe-4f59-adb9-8d50aa7ba972,ONCO,Oncology,966,1139
a9bb056e-6570-4807-8b87-62506ee1a436,8a53fac1-ab97-441b-b0ec-aa542b7d7a9a,PEDS,Paediatrics,923,1648
ff3d974d-7ee0-4646-841c-c2fb17cbb789,8a53fac1-ab97-441b-b0ec-aa542b7d7a9a,MED,General Medicine,990,1461
838f8aef-f34e-45de-9feb-f19fbdd071f5,8a53fac1-ab97-441b-b0ec-aa542b7d7a9a,OBG,Obstetrics & Gynaecology,1274,573
3d4aefea-3d5b-4183-b64d-4988040de896,8a53fac1-ab97-441b-b0ec-aa542b7d7a9a,URO,Urology,1456,1070
dbdd1a74-801d-4c33-b3ca-9e0403eded08,8a53fac1-ab97-441b-b0ec-aa542b7d7a9a,ENT,ENT,1919,1016
8cb0674f-e588-4127-8e6c-7d7cbd9f2dd1,8a53fac1-ab97-441b-b0ec-aa542b7d7a9a,ORTH,Orthopaedics,50,1439
43202372-88e1-4ae6-8554-d3b25cd8a79b,8a53fac1-ab97-441b-b0ec-aa542b7d7a9a,NEURO,Neurology,808,1602
a01fc387-5ce3-46d3-99b1-a75d45d285b9,8a971fb0-fa85-4836-b3f5-9622ba8af71e,GS,General Surgery,1444,781
21601c6f-4061-4ba6-b099-872caf405752,8a971fb0-fa85-4836-b3f5-9622ba8af71e,ORTH,Orthopaedics,365,620
c101c5de-35e3-449f-8eb7-f6fb094471ee,8a971fb0-fa85-4836-b3f5-9622ba8af71e,OPTH,Ophthalmology,1565,910
89c57dec-9e3d-4c99-b8a9-91cbf266c45d,8a971fb0-fa85-4836-b3f5-9622ba8af71e,URO,Urology,447,444
d1ad12ef-f2a3-4725-b915-450e22f98779,8ad6e7c5-1134-4ca0-a5b6-d37ec3e89170,OBG,Obstetrics & Gynaecology,1106,611
ea5aae14-ebc4-4044-bb90-5a9d11956741,8ad6e7c5-1134-4ca0-a5b6-d37ec3e89170,CARD,Cardiology,1569,1657
a8684565-7d25-4cd8-8901-7d45a3c158b4,8ad6e7c5-1134-4ca0-a5b6-d37ec3e89170,OPTH,Ophthalmology,497,1039
f9ac8b41-39d5-48e8-bcd1-a51b76cde6e4,8ad6e7c5-1134-4ca0-a5b6-d37ec3e89170,PEDS,Paediatrics,1513,40
7f926c26-b582-4892-a3bd-a37696f49ac0,8ad6e7c5-1134-4ca0-a5b6-d37ec3e89170,MED,General Medicine,2104,337
218192c2-77a5-47e8-9f94-1bafa6094b40,8ad6e7c5-1134-4ca0-a5b6-d37ec3e89170,ORTH,Orthopaedics,449,689
3aa42954-56d0-47fa-b633-d01b81b22637,8ae6a2f3-be22-4775-b473-81f5c37133f1,GS,General Surgery,981,380
564725a4-293f-4527-84f3-227bf601cd36,8ae6a2f3-be22-4775-b473-81f5c37133f1,MED,General Medicine,1327,826
d342d956-f304-477b-a704-4538d0d06e6f,8ae6a2f3-be22-4775-b473-81f5c37133f1,ONCO,Oncology,1282,779
1421a4a8-a901-43c6-8666-5bd5216ee1d4,8ae6a2f3-be22-4775-b473-81f5c37133f1,PEDS,Paediatrics,1029,562
92e1ceb3-0906-4e50-895d-4b0cf2075ffd,8ae6a2f3-be22-4775-b473-81f5c37133f1,URO,Urology,464,445
b344df2c-d74e-48cd-8df7-e49e1c3d6b87,8ae6a2f3-be22-4775-b473-81f5c37133f1,CARD,Cardiology,687,1186
4e02bf26-9146-40d7-993c-3b05f3e30059,8b5a2d8c-e6e9-4fda-982b-128ab4d07053,ENT,ENT,907,1193
0a3ed501-42ef-4e2c-b28d-57ad7182557f,8b5a2d8c-e6e9-4fda-982b-128ab4d07053,CARD,Cardiology,1267,530
908f5397-761d-4270-a082-1285b497f59f,8b5a2d8c-e6e9-4fda-982b-128ab4d07053,GS,General Surgery,1518,89
49f7a63d-b045-418f-bc28-19e6c2c5810d,8b5a2d8c-e6e9-4fda-982b-128ab4d07053,URO,Urology,1482,910
a60db784-a9db-4833-8e55-07428ad01ccd,8b5a2d8c-e6e9-4fda-982b-128ab4d07053,OPTH,Ophthalmology,1596,410
27ba2d26-06b0-4605-8811-150b63aba417,8b5a2d8c-e6e9-4fda-982b-128ab4d07053,NEURO,Neurology,657,1194
f0ea59fb-61d1-4a27-bd89-271792af2747,8b5dde1e-f33c-4840-9ed7-e11c9ef89c2d,OBG,Obstetrics & Gynaecology,1248,108
569248b5-c2c1-470e-a723-e47190629f68,8b5dde1e-f33c-4840-9ed7-e11c9ef89c2d,GS,General Surgery,2031,1194
a6e8b77c-492d-41f0-8dfa-434ff23a97b1,8b5dde1e-f33c-4840-9ed7-e11c9ef89c2d,MED,General Medicine,2067,695
a1fb4152-2d9f-4da3-a84a-802c7f9d85b8,8b5dde1e-f33c-4840-9ed7-e11c9ef89c2d,NEURO,Neurology,756,393
f0384131-aed6-495b-a840-65eb6916beb3,8b5dde1e-f33c-4840-9ed7-e11c9ef89c2d,ORTH,Orthopaedics,449,650
6b7eb1f1-01cf-473b-b70a-8336f625a007,8b5dde1e-f33c-4840-9ed7-e11c9ef89c2d,ENT,ENT,1006,1331
11f17dbd-501b-4bae-a80d-d591e650c1ae,8bbf5a35-3845-4d03-a4d9-46f59724c81b,GS,General Surgery,2006,1028
b81540ed-6598-4e95-ac9f-341e7c9702c3,8bbf5a35-3845-4d03-a4d9-46f59724c81b,OBG,Obstetrics & Gynaecology,1173,156
7bcc555f-0de6-453f-a370-d2776a94ce65,8bbf5a35-3845-4d03-a4d9-46f59724c81b,CARD,Cardiology,933,497
6819a203-e4b9-48b4-ab8d-823bcda2b346,8bbf5a35-3845-4d03-a4d9-46f59724c81b,MED,General Medicine,462,461
e677362f-cb38-4e80-9502-91507179e808,8bbf5a35-3845-4d03-a4d9-46f59724c81b,ORTH,Orthopaedics,1398,839
6f713a40-d02b-4f02-9461-c7e14ca90562,8bbf5a35-3845-4d03-a4d9-46f59724c81b,ONCO,Oncology,1210,653
5508b787-1889-46a9-88ae-2b95585c178d,8bbf5a35-3845-4d03-a4d9-46f59724c81b,NEURO,Neurology,103,1312
25f41bb3-2ab5-41c4-8b85-afd4ab05fb41,8bbf5a35-3845-4d03-a4d9-46f59724c81b,OPTH,Ophthalmology,1040,889
9c1cd584-b3c8-4f7a-adaa-71cbb5848f0e,8bc71410-a0f1-4c76-800f-5300d9496eca,CARD,Cardiology,1585,1871
35d81cf1-e245-4574-8fa1-fc697afa2d91,8bc71410-a0f1-4c76-800f-5300d9496eca,ENT,ENT,1668,264
fcfff979-cb86-4a2a-817e-87be515f2e03,8bc71410-a0f1-4c76-800f-5300d9496eca,GS,General Surgery,947,506
5d78066b-185a-4730-95ed-ad6aa6e84662,8bc71410-a0f1-4c76-800f-5300d9496eca,MED,General Medicine,1739,1514
2fd07de9-ed01-4014-a82c-1dc731658841,8bc71410-a0f1-4c76-800f-5300d9496eca,ONCO,Oncology,1454,40
373e5314-2b8f-4ea4-8819-f6545b621aef,8be68d63-128e-4cdd-a827-cbd619567b0c,CARD,Cardiology,911,426
7009238d-e0be-47ae-98e7-02525a7e4f03,8be68d63-128e-4cdd-a827-cbd619567b0c,OPTH,Ophthalmology,1445,1209
ad185ee9-c0a9-4265-91b4-9c14b60227e5,8be68d63-128e-4cdd-a827-cbd619567b0c,GS,General Surgery,1327,406
7afc4da2-4617-46be-8cd3-f9b044790987,8be6a867-97dc-4986-87a7-81062f67660f,ORTH,Orthopaedics,691,40
b0664799-097a-4e9c-84ee-2732e2b545db,8be6a867-97dc-4986-87a7-81062f67660f,CARD,Cardiology,876,1073
e806d22b-daab-4409-94be-ef4932c8ab37,8be6a867-97dc-4986-87a7-81062f67660f,MED,General Medicine,1696,451
977062f4-1bc3-457c-ab81-a84e3d5e65da,8be6a867-97dc-4986-87a7-81062f67660f,ONCO,Oncology,895,834
235f0341-6ae3-49e0-b844-1596163a9fe9,8be6a867-97dc-4986-87a7-81062f67660f,URO,Urology,2280,1232
4ca055e8-6158-48d1-8285-14237b281cf1,8be6a867-97dc-4986-87a7-81062f67660f,ENT,ENT,1046,926
0cf5001a-66e2-4a52-89d8-73e9d83ceb37,8be6a867-97dc-4986-87a7-81062f67660f,GS,General Surgery,1617,380
4c84d1c7-6e11-4ed3-a88a-9d15459f22d3,8c28e7b6-bbce-4f3e-b496-0b5d11471805,GS,General Surgery,1659,40
681efbed-1fcc-4f15-baca-ccf05f6a8108,8c28e7b6-bbce-4f3e-b496-0b5d11471805,CARD,Cardiology,977,1243
83d58191-8573-4041-9125-7af888be776b,8c28e7b6-bbce-4f3e-b496-0b5d11471805,PEDS,Paediatrics,758,1721
77f39b65-1e27-4b8f-a04d-58f688051616,8c28e7b6-bbce-4f3e-b496-0b5d11471805,ENT,ENT,141,250
267bb3dc-f873-45da-80ca-ea8a4a32f1ca,8c28e7b6-bbce-4f3e-b496-0b5d11471805,NEURO,Neurology,1418,753
d2e5190a-c084-4ced-97f9-4a53c322f37d,8c2900a2-2dbd-4876-9ba5-e438fa096e8c,OPTH,Ophthalmology,379,367
7cd8992a-343c-41de-9e88-755f1f55952b,8c2900a2-2dbd-4876-9ba5-e438fa096e8c,ORTH,Orthopaedics,1617,1135
f60cada7-d4b6-45ac-9703-2dc04609f853,8c2900a2-2dbd-4876-9ba5-e438fa096e8c,PEDS,Paediatrics,927,771
a075429c-5901-4371-92e7-b1c0fe8acee5,8c2900a2-2dbd-4876-9ba5-e438fa096e8c,URO,Urology,138,460
358a9969-ed5b-4c0f-9f27-33061340924b,8c2900a2-2dbd-4876-9ba5-e438fa096e8c,CARD,Cardiology,983,952
3297a3a7-06e0-4dc8-a8f1-ac109690afc2,8c7430a4-0ea6-41ca-b018-056e339aa5b0,OBG,Obstetrics & Gynaecology,50,762
6bdd1454-6af7-4d01-93d6-3cd7506e7547,8c7430a4-0ea6-41ca-b018-056e339aa5b0,GS,General Surgery,516,76
2796b793-a0b1-4795-b15a-32c898af060c,8c7430a4-0ea6-41ca-b018-056e339aa5b0,ENT,ENT,2017,913
000425c0-85f6-4fc0-b6d8-86bf467acd18,8c7430a4-0ea6-41ca-b018-056e339aa5b0,CARD,Cardiology,656,264
473bc539-8ac9-48c8-acc4-006b1b3ddddc,8c7430a4-0ea6-41ca-b018-056e339aa5b0,OPTH,Ophthalmology,847,1344
49395822-0eeb-4b8e-b387-db8ae381abef,8c7430a4-0ea6-41ca-b018-056e339aa5b0,ORTH,Orthopaedics,1332,965
dcb4cf12-8c47-4d57-8137-f580fa472bf8,8c7430a4-0ea6-41ca-b018-056e339aa5b0,PEDS,Paediatrics,592,274
4f314964-b443-487c-ba47-30316b969763,8c7430a4-0ea6-41ca-b018-056e339aa5b0,ONCO,Oncology,1030,1465
c4a97cca-1a83-48ca-beda-3c546dcf6f7c,8d104833-7669-4afb-adb6-cbdb1c33700d,GS,General Surgery,1591,1309
e6cd1188-638f-483d-a932-2649703765c7,8d104833-7669-4afb-adb6-cbdb1c33700d,OBG,Obstetrics & Gynaecology,1619,1504
aae32ffc-2628-49b3-94b9-39b2640c38ab,8d104833-7669-4afb-adb6-cbdb1c33700d,CARD,Cardiology,423,892
aa96c4f6-6375-4b1d-99a9-c1e6536f9478,8d104833-7669-4afb-adb6-cbdb1c33700d,ONCO,Oncology,713,1311
33596cb0-52c9-4d07-89c1-be7460930476,8d104833-7669-4afb-adb6-cbdb1c33700d,OPTH,Ophthalmology,568,180
42e0598a-7ad8-4ad6-8e7a-9c877fde5f67,8d104833-7669-4afb-adb6-cbdb1c33700d,PEDS,Paediatrics,1043,429
2383512b-d3bf-4edb-8536-2baa98b78d23,8d495549-7062-42a0-9e4e-44aeb67e59c4,OBG,Obstetrics & Gynaecology,402,697
7cf3a1a5-23fe-441b-8c4c-6d4136a27e2d,8d495549-7062-42a0-9e4e-44aeb67e59c4,MED,General Medicine,1455,1409
bf49bbbf-7692-4afd-b06c-2dc74772c10d,8d495549-7062-42a0-9e4e-44aeb67e59c4,CARD,Cardiology,634,99
90b08c72-4664-462d-ae72-2843f7075035,8d495549-7062-42a0-9e4e-44aeb67e59c4,URO,Urology,1111,905
22283b2e-afb1-4d74-b79f-ec2955ff996c,8d495549-7062-42a0-9e4e-44aeb67e59c4,NEURO,Neurology,1474,1429
4ec79e50-8f6f-4581-b2a8-aa974840a5c7,8d76fa6a-16be-4276-a4a0-d59fe9ee5a7f,GS,General Surgery,50,1606
1f5c75ca-59e6-45f4-ba73-795e5420abc2,8d76fa6a-16be-4276-a4a0-d59fe9ee5a7f,MED,General Medicine,895,620
09b26e82-7ff2-4d70-a181-23a96ccf3d5d,8d76fa6a-16be-4276-a4a0-d59fe9ee5a7f,CARD,Cardiology,622,848
122ea33c-4476-4045-b8c8-ad492d39ccfb,8d76fa6a-16be-4276-a4a0-d59fe9ee5a7f,OPTH,Ophthalmology,1619,1604
73abcfb7-46b8-430a-a0d5-6ef31a2faa11,8d76fa6a-16be-4276-a4a0-d59fe9ee5a7f,PEDS,Paediatrics,678,689
7b15bd49-ea6f-4ad8-9f22-3994f0b59769,8d76fa6a-16be-4276-a4a0-d59fe9ee5a7f,URO,Urology,533,826
ef040fc8-5d45-4d79-949d-4d03239084b3,8d76fa6a-16be-4276-a4a0-d59fe9ee5a7f,ORTH,Orthopaedics,1799,1162
e6f3797e-efe4-45c1-b79f-14f27b89748a,8d76fa6a-16be-4276-a4a0-d59fe9ee5a7f,ENT,ENT,2274,1462
4dd9b98b-72d7-4c30-a8a3-2cf80a38dbea,8dd88ab8-586d-4275-9334-22ec58d9d619,CARD,Cardiology,1276,1682
c7d63dc0-3f78-4b5e-ab80-125a08dfe4d4,8dd88ab8-586d-4275-9334-22ec58d9d619,ONCO,Oncology,1066,1012
4cac9c77-7119-4917-bc70-1807d8fc00c5,8dd88ab8-586d-4275-9334-22ec58d9d619,PEDS,Paediatrics,2002,1449
c25f6424-7095-47f2-b269-039b6aaa0d25,8dd88ab8-586d-4275-9334-22ec58d9d619,MED,General Medicine,516,1109
9cd8af9b-0059-4847-a5ca-3f0309d64f2b,8e2d2656-b44d-4607-baa4-996f08b2a920,GS,General Surgery,1520,1346
36335bd5-a7da-445f-95e3-6dcd5ccc59ce,8e2d2656-b44d-4607-baa4-996f08b2a920,CARD,Cardiology,1502,1037
ba4cc4f0-e442-4f04-97d0-2fc455ff07e5,8e2d2656-b44d-4607-baa4-996f08b2a920,OBG,Obstetrics & Gynaecology,1254,843
ab5a173d-ebdc-4ea9-9b7f-5ee864ff3240,8e2d2656-b44d-4607-baa4-996f08b2a920,MED,General Medicine,1591,1102
eff82eb1-cbca-4bb7-9165-7f7e083eabc1,8e2d2656-b44d-4607-baa4-996f08b2a920,ENT,ENT,2201,2048
77096493-b1d0-4195-8458-2a918f787819,8e2d2656-b44d-4607-baa4-996f08b2a920,ONCO,Oncology,1592,363
b51324a3-d899-4c34-9cd4-fe8bae3bcc9b,8e2d2656-b44d-4607-baa4-996f08b2a920,OPTH,Ophthalmology,1005,187
27fbfc26-fa8a-4ba6-b505-71e0be78fd75,8e2d2656-b44d-4607-baa4-996f08b2a920,ORTH,Orthopaedics,633,1138
21644830-0c01-4104-b7a6-079766502397,8e583d2a-f0cd-467c-a271-e2a1da253f79,ORTH,Orthopaedics,2140,484
bd8af56b-377b-463a-9f91-4b39795fef7f,8e583d2a-f0cd-467c-a271-e2a1da253f79,CARD,Cardiology,1836,1658
8d46c8a1-cbb5-4b5d-941e-f9d2d503ce3c,8e583d2a-f0cd-467c-a271-e2a1da253f79,URO,Urology,603,524
6584db70-c335-419d-b9ff-e2a45b720152,8e583d2a-f0cd-467c-a271-e2a1da253f79,ENT,ENT,2939,1585
33382d45-b8c0-467f-8577-ff4ce730cbe1,8e583d2a-f0cd-467c-a271-e2a1da253f79,NEURO,Neurology,1203,550
d59171f4-c40e-48b0-9cdb-7715466aece4,8e583d2a-f0cd-467c-a271-e2a1da253f79,OPTH,Ophthalmology,2175,955
57246ca0-e768-425e-9656-e11e69ed956f,8f7bda38-3fda-49f4-9453-fa8e3536276b,GS,General Surgery,1132,944
66c53b86-6b6c-43be-9295-2ce0ba16c5cd,8f7bda38-3fda-49f4-9453-fa8e3536276b,PEDS,Paediatrics,265,894
2a471afe-afaa-4daa-bc6c-a8e9de7d640f,8f7bda38-3fda-49f4-9453-fa8e3536276b,MED,General Medicine,1196,1833
dfcda1bd-02ad-4b5b-8a61-1dd92782d872,8f7bda38-3fda-49f4-9453-fa8e3536276b,ONCO,Oncology,50,1122
53253736-3c7b-4cd9-a6af-ca6efc737392,8f7bda38-3fda-49f4-9453-fa8e3536276b,ENT,ENT,274,1585
1e2d2630-672b-49da-9526-561519ec888a,8fdfe1df-6126-4bf3-a5a9-29be286fc729,GS,General Surgery,884,810
e67cf455-b322-4b89-b473-077f25d7f6a7,8fdfe1df-6126-4bf3-a5a9-29be286fc729,PEDS,Paediatrics,1199,1197
2dfd7a84-cd05-49dc-9705-cbe87dc44093,8fdfe1df-6126-4bf3-a5a9-29be286fc729,URO,Urology,859,714
c34bcb6a-d092-4dd4-8d43-c08737948828,8fdfe1df-6126-4bf3-a5a9-29be286fc729,CARD,Cardiology,2045,703
5cadfe9d-33db-4adc-801f-03fd16ac97fd,8fdfe1df-6126-4bf3-a5a9-29be286fc729,NEURO,Neurology,1006,1001
e1d186d9-23e9-4a5b-8b5b-a35d8feedfc1,91143462-8c05-49cb-ac2f-8cb088470310,CARD,Cardiology,1563,922
da4dd18e-ebb8-4af0-9c00-be6f29bf9a52,91143462-8c05-49cb-ac2f-8cb088470310,MED,General Medicine,2069,1737
b844b7d6-808d-4ff7-904c-37c51c5b95b7,91143462-8c05-49cb-ac2f-8cb088470310,URO,Urology,331,979
59748e83-f362-4e1b-9128-5648e7adf83b,91143462-8c05-49cb-ac2f-8cb088470310,ONCO,Oncology,1045,753
fa0c4e06-96de-48d4-b3d2-149636844f9c,91143462-8c05-49cb-ac2f-8cb088470310,ENT,ENT,1240,472
36b810cc-5555-47e4-bc0b-b47009a6ff19,91143462-8c05-49cb-ac2f-8cb088470310,NEURO,Neurology,1317,1448
2b12fb1e-3c11-4241-834f-02df66b2256e,9114cd94-bb73-4868-98e5-e7921839d79f,MED,General Medicine,1369,1906
a4052c24-7a94-49ed-9eeb-f6916e668520,9114cd94-bb73-4868-98e5-e7921839d79f,CARD,Cardiology,1080,1151
62943f30-8b99-4296-95e3-aa27dc24f76b,9114cd94-bb73-4868-98e5-e7921839d79f,ENT,ENT,1337,1310
e789540d-61e4-4066-a021-1cc78ebd6bee,9114cd94-bb73-4868-98e5-e7921839d79f,GS,General Surgery,1045,775
f8340d95-50ec-4254-9431-e0c99b38fbd3,9114cd94-bb73-4868-98e5-e7921839d79f,ONCO,Oncology,403,957
50c7c919-9153-41f3-be1f-2a03f9eb8a66,9114cd94-bb73-4868-98e5-e7921839d79f,ORTH,Orthopaedics,556,1486
8f539572-a898-41b2-a662-5873ee5830d7,9114cd94-bb73-4868-98e5-e7921839d79f,OPTH,Ophthalmology,512,858
a58c6ed8-52d0-437a-ae99-88d92d2b8151,9174ced4-f019-4246-8827-a065aa44eb01,URO,Urology,2120,505
797a5f24-8969-4b66-8dc2-df605550db18,9174ced4-f019-4246-8827-a065aa44eb01,CARD,Cardiology,190,1425
0b42e295-9af7-49c5-835e-d9a015bdc133,9174ced4-f019-4246-8827-a065aa44eb01,GS,General Surgery,795,40
fa1b0923-b180-4599-b4f2-72286406eba3,9174ced4-f019-4246-8827-a065aa44eb01,MED,General Medicine,925,40
15e8dc78-ee3a-4c2b-aeba-32f824fa5dc7,9174ced4-f019-4246-8827-a065aa44eb01,ONCO,Oncology,592,407
aac231bb-cd7e-447a-8ce7-b0583db1d213,9174ced4-f019-4246-8827-a065aa44eb01,PEDS,Paediatrics,491,651
3bb92f8c-558a-495a-9bf0-8480f19f391a,91f99c76-03d3-4e2a-82f0-e10b815f00b9,OBG,Obstetrics & Gynaecology,662,1097
ad11edd4-6ba0-46e8-ac42-fbad814c0bb0,91f99c76-03d3-4e2a-82f0-e10b815f00b9,GS,General Surgery,2158,923
7a08a5db-5b67-4c4a-a3b7-24ccf9721c42,91f99c76-03d3-4e2a-82f0-e10b815f00b9,ENT,ENT,1109,1266
fe2a24d3-444b-4974-923e-1232bbcf76e2,91f99c76-03d3-4e2a-82f0-e10b815f00b9,MED,General Medicine,50,1282
9b77d744-fb49-4331-a0b6-b0c3901f803f,91f99c76-03d3-4e2a-82f0-e10b815f00b9,ORTH,Orthopaedics,664,595
ba15084e-c7f8-4442-9a52-6efa46f600dc,927da465-917a-4740-a92b-683e25a2aa74,OBG,Obstetrics & Gynaecology,671,960
4acd1622-c601-4c8d-bb5d-15aedb8aeb03,927da465-917a-4740-a92b-683e25a2aa74,CARD,Cardiology,1895,137
4a4906ba-0b4d-41f6-92b6-5d209e5faf3c,927da465-917a-4740-a92b-683e25a2aa74,OPTH,Ophthalmology,478,424
2a523051-d9ad-4c26-9ad0-faaaffee1b58,927da465-917a-4740-a92b-683e25a2aa74,URO,Urology,235,1401
95fab205-9939-4d6c-9357-e9849d48124d,927da465-917a-4740-a92b-683e25a2aa74,ENT,ENT,1511,1308
991874de-7159-4313-9fc1-ab6234f791e9,92a4daba-b6b6-45e5-9f77-f852770dcb99,ORTH,Orthopaedics,697,881
5590399a-8e92-44eb-8325-c93a44718076,92a4daba-b6b6-45e5-9f77-f852770dcb99,URO,Urology,1346,1398
6c29fedd-b31d-4fea-a604-ad2d65c17297,92a4daba-b6b6-45e5-9f77-f852770dcb99,OPTH,Ophthalmology,493,40
a22a6a21-c992-4df2-9729-ef57484fa17e,92a4daba-b6b6-45e5-9f77-f852770dcb99,MED,General Medicine,50,536
896e5603-5c82-45d8-a251-ec32b8a62dbd,92a4daba-b6b6-45e5-9f77-f852770dcb99,NEURO,Neurology,835,1564
c8b31d74-4a45-49ba-b231-c126cd05d27d,92a4daba-b6b6-45e5-9f77-f852770dcb99,ONCO,Oncology,1741,478
a880e0e8-1f29-4e1a-97da-32329623ad22,92ea8701-4174-4c3e-a2da-129dd0150a34,GS,General Surgery,909,1596
c805af48-c449-46de-b0ce-b293dcda4b93,92ea8701-4174-4c3e-a2da-129dd0150a34,CARD,Cardiology,50,1025
1bdf0cab-4eec-4122-9ce0-a4c961497643,92ea8701-4174-4c3e-a2da-129dd0150a34,ORTH,Orthopaedics,1904,1095
56e9d73c-4097-4981-83de-7a427a371b93,92ea8701-4174-4c3e-a2da-129dd0150a34,ENT,ENT,539,1689
e1383c1d-45b1-4ca2-8ff3-4c0a60f71869,92ea8701-4174-4c3e-a2da-129dd0150a34,MED,General Medicine,2198,1655
a9bbcd8f-94e7-4815-9b63-ceeda7e293c3,92ea8701-4174-4c3e-a2da-129dd0150a34,ONCO,Oncology,1534,1560
35e9ebd2-5fee-450b-b497-0269b2ae22aa,92ea8701-4174-4c3e-a2da-129dd0150a34,OPTH,Ophthalmology,926,1388
1f7aec2b-702d-44e0-b58c-cdd694e2026d,9333300c-391b-456e-85ee-4a23b83df8e0,MED,General Medicine,852,1006
d93a4b60-b778-4c1d-a4f1-c8b0e00fa4ef,9333300c-391b-456e-85ee-4a23b83df8e0,CARD,Cardiology,1745,321
c3fe18f0-eb46-4159-a9e1-328c1c88a15a,9333300c-391b-456e-85ee-4a23b83df8e0,URO,Urology,2181,1081
64399623-b75f-4259-ac72-6b36b398c30f,9333300c-391b-456e-85ee-4a23b83df8e0,ORTH,Orthopaedics,511,1447
69198e58-beae-4b84-ae12-304d87059a70,9333300c-391b-456e-85ee-4a23b83df8e0,GS,General Surgery,676,421
7e65f8de-7ff6-44d8-8316-f49a315d00c5,9333300c-391b-456e-85ee-4a23b83df8e0,ENT,ENT,605,1244
9ff2a865-968b-4886-82a8-d649610a4f87,933bac93-7b41-4ae5-84ff-7042c2e5ed5d,ORTH,Orthopaedics,1273,789
f917a10c-8315-4675-8bf7-ba3a6557653f,933bac93-7b41-4ae5-84ff-7042c2e5ed5d,CARD,Cardiology,89,433
5b3b4a88-be34-4e51-be75-49ca9457ae1a,933bac93-7b41-4ae5-84ff-7042c2e5ed5d,GS,General Surgery,108,672
f115a77a-322d-4628-8b65-3210b300a989,933bac93-7b41-4ae5-84ff-7042c2e5ed5d,NEURO,Neurology,1119,1006
e7d5850e-0970-41ff-8e31-deb08e15e7b5,933bac93-7b41-4ae5-84ff-7042c2e5ed5d,OPTH,Ophthalmology,552,1127
fe98a144-60dd-4548-bc2d-614eeac9ecfd,933bac93-7b41-4ae5-84ff-7042c2e5ed5d,ENT,ENT,1151,671
b4f541dc-dde8-49cd-81fa-f28f48cb1530,933bac93-7b41-4ae5-84ff-7042c2e5ed5d,MED,General Medicine,843,596
3408b8dd-d400-4117-acdf-f2812f75a239,938ada21-db7d-45a9-878b-2ebe3568a39a,GS,General Surgery,191,1323
ddded35d-dace-4353-9a3e-5e05f39c6955,938ada21-db7d-45a9-878b-2ebe3568a39a,OBG,Obstetrics & Gynaecology,694,320
8829e45b-83c0-4051-88f6-52cb571c957a,938ada21-db7d-45a9-878b-2ebe3568a39a,CARD,Cardiology,1289,1147
7c2fa3f0-62db-4322-a966-7491978e47c7,938ada21-db7d-45a9-878b-2ebe3568a39a,OPTH,Ophthalmology,948,221
fbc2c759-154f-479f-8813-224b36fd3deb,938ada21-db7d-45a9-878b-2ebe3568a39a,ENT,ENT,2027,1267
b29afe40-2f0f-445b-bf96-e81b5893ad8e,938ada21-db7d-45a9-878b-2ebe3568a39a,ORTH,Orthopaedics,1071,760
57df72a4-3339-449d-ab9f-2ea104acd5fe,938ada21-db7d-45a9-878b-2ebe3568a39a,MED,General Medicine,543,1540
8816e9f7-e287-4ac9-bb01-ecabd622332d,938ada21-db7d-45a9-878b-2ebe3568a39a,ONCO,Oncology,732,2362
74b5b86f-a4e0-4fab-8921-6318dce5c64d,93d20d4c-ed7f-49f5-9a1c-e76c05f7996a,OPTH,Ophthalmology,1224,532
1a1d2266-8de2-4fe3-ab21-1e323d474dc3,93d20d4c-ed7f-49f5-9a1c-e76c05f7996a,ONCO,Oncology,512,1384
e9408cee-7bbd-4838-96d4-eb858b84535c,93d20d4c-ed7f-49f5-9a1c-e76c05f7996a,CARD,Cardiology,528,1152
566324df-3f1e-4f8b-8a37-ef820eeab91f,93d20d4c-ed7f-49f5-9a1c-e76c05f7996a,OBG,Obstetrics & Gynaecology,1228,1134
8b658b45-8f5c-4a5e-9f6e-3fec730c506d,93d20d4c-ed7f-49f5-9a1c-e76c05f7996a,ENT,ENT,1005,547
9dad64d3-20b2-48b9-97e6-46c6588551e9,93d20d4c-ed7f-49f5-9a1c-e76c05f7996a,NEURO,Neurology,669,1416
d3ae53c4-0472-487c-8d12-fe0417d622f4,944b0add-7df4-4a7b-b9fb-8552b629c7ea,MED,General Medicine,1050,418
e058eada-4a22-49dd-ba80-5e849e5d27c7,944b0add-7df4-4a7b-b9fb-8552b629c7ea,OPTH,Ophthalmology,1744,884
126a7b8f-1219-404f-812f-3ad06fdba5b5,944b0add-7df4-4a7b-b9fb-8552b629c7ea,ENT,ENT,317,1360
4f2f86e4-5578-456c-b514-da15b227392b,944b0add-7df4-4a7b-b9fb-8552b629c7ea,GS,General Surgery,1261,142
d63bbbfd-51a5-4700-a679-cc582ff23237,944b0add-7df4-4a7b-b9fb-8552b629c7ea,OBG,Obstetrics & Gynaecology,844,882
7b8d530b-bf2f-42e6-b7d7-52a2b0f5bfdd,944b0add-7df4-4a7b-b9fb-8552b629c7ea,NEURO,Neurology,1355,40
5d2427aa-5d21-4926-a79d-fe74d2a16cf7,944b0add-7df4-4a7b-b9fb-8552b629c7ea,PEDS,Paediatrics,1917,862
d8edaf51-9579-40b5-b459-7a429844680e,94a284dc-5cf1-4342-8a6f-4f64dedb0a1e,CARD,Cardiology,1668,93
a2022d46-3583-4c16-a1ff-fa1f82c128bb,94a284dc-5cf1-4342-8a6f-4f64dedb0a1e,GS,General Surgery,2204,172
422e0374-cec5-4868-b03f-ea066977179d,94a284dc-5cf1-4342-8a6f-4f64dedb0a1e,MED,General Medicine,920,1120
4b2e3eb2-e4de-48fa-8a0c-b4c25d759cc5,94a284dc-5cf1-4342-8a6f-4f64dedb0a1e,OPTH,Ophthalmology,502,1332
07ce6826-8f1f-4e00-874f-1528a219594d,94a284dc-5cf1-4342-8a6f-4f64dedb0a1e,NEURO,Neurology,533,870
55c6c98a-7da2-4cf3-87cc-af6c1bf98565,94bb3526-ed70-4e3a-a814-6323ad0d9e3a,OPTH,Ophthalmology,50,764
7a676c9a-665a-4481-973c-d3f8e21c3ce3,94bb3526-ed70-4e3a-a814-6323ad0d9e3a,URO,Urology,1663,857
b4240a81-853e-4dc4-b477-d3897e3e5204,94bb3526-ed70-4e3a-a814-6323ad0d9e3a,CARD,Cardiology,1867,844
afd7f476-46d2-4e45-b5e1-b4a446a8ed52,94bb3526-ed70-4e3a-a814-6323ad0d9e3a,MED,General Medicine,493,567
210ad541-e0ba-410b-a525-1a387fc31dc1,95013210-df30-4699-9644-32da7da48a5d,CARD,Cardiology,1974,1084
9bd3a7fe-7410-4698-a1c2-3e33f8316dc5,95013210-df30-4699-9644-32da7da48a5d,GS,General Surgery,50,1561
ffcb120d-e7d4-4c80-9c30-21fb3db6b1d0,95013210-df30-4699-9644-32da7da48a5d,OPTH,Ophthalmology,353,2373
fdaaf4a7-8848-4a39-a578-ca19f0fb7f84,95013210-df30-4699-9644-32da7da48a5d,ORTH,Orthopaedics,1594,241
d267eafd-a5d7-4cb9-adfa-c086ab08d579,95013210-df30-4699-9644-32da7da48a5d,ONCO,Oncology,1629,1117
0436201e-408c-4499-9ff8-996f647fb61f,955003ac-10e8-425c-a740-d329e48f099b,OBG,Obstetrics & Gynaecology,2106,1255
5d330119-31cc-41b8-9bc0-2ce3a7cb0c28,955003ac-10e8-425c-a740-d329e48f099b,OPTH,Ophthalmology,803,2113
8848f3e4-1bc5-4dfc-85d9-06f9ac6bf43c,955003ac-10e8-425c-a740-d329e48f099b,CARD,Cardiology,1561,1040
b3e57952-8fd7-455d-bb1f-53287af3fb93,955003ac-10e8-425c-a740-d329e48f099b,URO,Urology,1813,1689
59f561f4-c432-494f-94fd-fc7220ad7cb2,955003ac-10e8-425c-a740-d329e48f099b,ENT,ENT,122,1649
1b9b7996-5e7f-4482-882e-e4ddbb4c5160,955003ac-10e8-425c-a740-d329e48f099b,NEURO,Neurology,589,1888
22cf631c-0b06-4cfd-b4f3-b01a9f768bc1,955003ac-10e8-425c-a740-d329e48f099b,ONCO,Oncology,1183,1078
9f7971d2-d364-428b-b047-b5e0b0bfdd05,95b396b3-a7b5-4ead-950a-344bb0e2e82d,MED,General Medicine,1613,1211
1be571ef-567e-416c-9fa7-b0a4a521884c,95b396b3-a7b5-4ead-950a-344bb0e2e82d,ENT,ENT,1206,546
5d381515-e02a-4817-952e-6171b132ce36,95b396b3-a7b5-4ead-950a-344bb0e2e82d,OPTH,Ophthalmology,1639,613
c1695f59-1085-46ed-81ca-add996425d3d,95b396b3-a7b5-4ead-950a-344bb0e2e82d,CARD,Cardiology,646,987
50d27397-e5b9-49bd-94f4-3280db012fc1,95b396b3-a7b5-4ead-950a-344bb0e2e82d,NEURO,Neurology,983,1083
a03936b1-2759-4386-8194-6981274914ec,95b396b3-a7b5-4ead-950a-344bb0e2e82d,ONCO,Oncology,50,789
137c7487-fb17-4682-af92-ba738a2aecda,95b396b3-a7b5-4ead-950a-344bb0e2e82d,PEDS,Paediatrics,1673,1641
ca19f629-cbe0-43b4-8026-5d9a329d65e1,95f235be-b1f5-44dd-bd72-e4ff493eed15,CARD,Cardiology,406,40
b03a7e63-bb5f-43f4-b253-7a700e5ada3c,95f235be-b1f5-44dd-bd72-e4ff493eed15,MED,General Medicine,1239,901
9d8b5111-2263-42bd-9e92-ab21a2cfb0de,95f235be-b1f5-44dd-bd72-e4ff493eed15,PEDS,Paediatrics,944,991
94f30def-6a10-474f-ae23-67b471c981ef,95f235be-b1f5-44dd-bd72-e4ff493eed15,NEURO,Neurology,468,1054
19b67fd8-e5b5-4fc3-b431-a565f33ca89f,95f235be-b1f5-44dd-bd72-e4ff493eed15,OBG,Obstetrics & Gynaecology,561,884
46326409-fad4-4951-b06e-09da0cdf893c,96305c82-d8ab-45b7-9c62-a81bfa46c417,MED,General Medicine,328,1079
ed652212-9fb0-4cd4-9073-2adee32f5214,96305c82-d8ab-45b7-9c62-a81bfa46c417,ENT,ENT,230,891
45e3a69f-dbb5-4edd-aa46-28d6db63a301,96305c82-d8ab-45b7-9c62-a81bfa46c417,CARD,Cardiology,132,1719
9c649732-c72f-48cc-89df-519028548c4b,96305c82-d8ab-45b7-9c62-a81bfa46c417,OPTH,Ophthalmology,983,1418
0c34c202-699e-4485-b7c6-7b316f7512c1,96305c82-d8ab-45b7-9c62-a81bfa46c417,PEDS,Paediatrics,152,558
98142954-be42-4237-89e8-19e940d3dfbd,96305c82-d8ab-45b7-9c62-a81bfa46c417,OBG,Obstetrics & Gynaecology,1213,385
846eb418-3e3c-4d06-9413-71a337c884f0,9643f308-b07f-45ab-8906-08a9e8b27e58,GS,General Surgery,446,1550
07c651ba-38d0-4c47-b710-dde90e488030,9643f308-b07f-45ab-8906-08a9e8b27e58,CARD,Cardiology,1234,626
dc892409-0408-4305-8d3c-c70b1844ba6b,9643f308-b07f-45ab-8906-08a9e8b27e58,OPTH,Ophthalmology,1970,1325
1fdaa857-2dc1-4083-a90f-da5577ca2144,9643f308-b07f-45ab-8906-08a9e8b27e58,ORTH,Orthopaedics,2319,502
aa43f463-b42f-4c56-98a0-66b37902aca6,9643f308-b07f-45ab-8906-08a9e8b27e58,MED,General Medicine,1432,2084
9a61dc4e-f635-49e3-990b-cf829eec1be7,9643f308-b07f-45ab-8906-08a9e8b27e58,ONCO,Oncology,582,382
7fd08cde-720e-4734-b335-c1a39181526d,9643f308-b07f-45ab-8906-08a9e8b27e58,ENT,ENT,1730,646
aadb3285-cbe6-4ef1-9eb7-1eec6d4ea035,9643f308-b07f-45ab-8906-08a9e8b27e58,NEURO,Neurology,1281,1795
bf3f3bdf-6572-4992-b60a-b61d95008c40,968c30b7-a2e6-4221-850c-9c8e40575fb9,OPTH,Ophthalmology,151,618
9e69dad5-11b0-4804-bafb-ec99419975b9,968c30b7-a2e6-4221-850c-9c8e40575fb9,ORTH,Orthopaedics,1684,1201
cddd2e18-f092-43a0-b3d0-ec2a81c3e409,968c30b7-a2e6-4221-850c-9c8e40575fb9,OBG,Obstetrics & Gynaecology,782,784
4788e0ea-1da9-42b3-953b-39e8629c4b13,968c30b7-a2e6-4221-850c-9c8e40575fb9,GS,General Surgery,1634,2142
abd95aea-8bc7-4eab-9a52-297d57bf2531,968c30b7-a2e6-4221-850c-9c8e40575fb9,ONCO,Oncology,747,1038
68c4e1a2-7017-43f3-8670-fdddba73fa96,968c30b7-a2e6-4221-850c-9c8e40575fb9,URO,Urology,264,1147
e89efe38-75cc-4d64-8f5b-812ab43c7a87,968c30b7-a2e6-4221-850c-9c8e40575fb9,CARD,Cardiology,1170,630
df4be6e5-de18-4e9f-95d7-f6c3b39f8029,96a65710-3273-498b-97c7-fa3615b7aaac,GS,General Surgery,1271,800
c28d7b0d-4c8f-4c94-bf74-0cc9ae65e64f,96a65710-3273-498b-97c7-fa3615b7aaac,MED,General Medicine,389,1550
4573554f-479d-48b2-a2a6-f3b648672f44,96a65710-3273-498b-97c7-fa3615b7aaac,ORTH,Orthopaedics,1005,847
c8a7fbb9-67bd-4890-a67e-dfdb8133b80b,96a65710-3273-498b-97c7-fa3615b7aaac,CARD,Cardiology,524,785
411db343-baa3-41b8-9732-d1df17cfee94,96a65710-3273-498b-97c7-fa3615b7aaac,URO,Urology,1001,1210
884259c8-b5bb-427f-b209-42e5f5ad01d0,96a65710-3273-498b-97c7-fa3615b7aaac,ENT,ENT,1759,1278
92e8113a-a032-495d-ae70-248309bb7199,96a65710-3273-498b-97c7-fa3615b7aaac,ONCO,Oncology,695,841
536f911e-bce6-453c-883d-07f733fd58e1,96c9506c-020a-4297-8af7-1d7eeffe7be0,ORTH,Orthopaedics,979,1217
8740aefe-2130-4582-9c3e-d9eeb7d84290,96c9506c-020a-4297-8af7-1d7eeffe7be0,MED,General Medicine,917,1253
30125870-d552-454f-9b17-2a74b39c094e,96c9506c-020a-4297-8af7-1d7eeffe7be0,OPTH,Ophthalmology,50,725
a0c6fa97-ac36-43bf-82d4-db963db9a8e1,96c9506c-020a-4297-8af7-1d7eeffe7be0,NEURO,Neurology,2007,455
d43ab990-ab84-464b-8ff8-b1de50b0835f,96db583d-7981-452f-9291-b456e020d267,MED,General Medicine,707,1848
88fd29b7-d11a-4d3a-bc68-e64a1e5a6710,96db583d-7981-452f-9291-b456e020d267,OBG,Obstetrics & Gynaecology,1041,1637
952d494b-b4f8-496d-b888-6ffe9284af30,96db583d-7981-452f-9291-b456e020d267,GS,General Surgery,2037,809
e091a575-33e1-4503-8b8b-494917b6dd9d,96db583d-7981-452f-9291-b456e020d267,NEURO,Neurology,1555,753
9f99a763-134c-4249-ac3e-049687726491,96db583d-7981-452f-9291-b456e020d267,ONCO,Oncology,1489,552
5493e4a1-af0c-4ce1-a763-44618752d0a6,96db583d-7981-452f-9291-b456e020d267,OPTH,Ophthalmology,1369,1170
314d4887-1ee4-4de0-b6fb-6e160a704af0,9713d5b5-bdfb-4560-941b-75828ca83d3b,ORTH,Orthopaedics,474,954
5f72ed74-f14f-4bae-87c4-b312354abd5c,9713d5b5-bdfb-4560-941b-75828ca83d3b,GS,General Surgery,1913,1377
d5939206-6f67-41d4-b7dc-0c09b82f3ee9,9713d5b5-bdfb-4560-941b-75828ca83d3b,MED,General Medicine,597,574
335c2015-ab76-48c0-975d-5bac8f48948d,9713d5b5-bdfb-4560-941b-75828ca83d3b,OBG,Obstetrics & Gynaecology,1677,375
3d31a014-f4c6-4292-a391-a664936c7617,9713d5b5-bdfb-4560-941b-75828ca83d3b,OPTH,Ophthalmology,1131,986
57a10c9a-82ba-4e58-9d37-e9b33d080b72,9713d5b5-bdfb-4560-941b-75828ca83d3b,ENT,ENT,50,534
82c0fbf4-978e-4f4a-bac8-a5cd1551d70e,9713d5b5-bdfb-4560-941b-75828ca83d3b,ONCO,Oncology,1470,576
c55cb2ab-a20a-43a8-a4d1-c5c718a157f5,9713d5b5-bdfb-4560-941b-75828ca83d3b,PEDS,Paediatrics,58,947
1c953692-5921-4118-afc3-6674a58f2bb5,973c72b6-a78b-45a8-b525-868353af84ea,ORTH,Orthopaedics,1085,1149
f3eed2c5-036d-454e-a876-d0f8ff08bb76,973c72b6-a78b-45a8-b525-868353af84ea,GS,General Surgery,962,379
1d070b6b-1fb0-47c5-940f-2a7959de88f5,973c72b6-a78b-45a8-b525-868353af84ea,CARD,Cardiology,543,871
3bceee5a-abaf-493b-8501-c21cc3c70e7d,973c72b6-a78b-45a8-b525-868353af84ea,NEURO,Neurology,1086,904
5656bfb4-075d-431b-a720-10e290a37a93,973c72b6-a78b-45a8-b525-868353af84ea,PEDS,Paediatrics,914,662
4c3f5e85-3f89-4892-9443-40375e0a4e7f,973c72b6-a78b-45a8-b525-868353af84ea,URO,Urology,1400,567
ccd1d6bf-4dcb-4f6b-84f0-81f461069a10,975d2175-7e14-43de-86aa-003a47ce08f8,MED,General Medicine,1521,251
0e6e7a4b-7110-4640-987a-adb47d164a0d,975d2175-7e14-43de-86aa-003a47ce08f8,CARD,Cardiology,757,1105
1db0f265-0130-4b5d-b758-7573c71560f0,975d2175-7e14-43de-86aa-003a47ce08f8,OBG,Obstetrics & Gynaecology,381,1125
f5122ebb-dce4-4658-979f-0c7078336d11,975d2175-7e14-43de-86aa-003a47ce08f8,ONCO,Oncology,1292,242
f7456dbf-7b37-447f-a10e-db1346587f99,975d2175-7e14-43de-86aa-003a47ce08f8,URO,Urology,1139,586
5df52e96-1c4c-400d-881e-bc546259aa26,9790f009-c4ec-4e15-8b88-3762ae3b75cc,URO,Urology,1078,1768
fe88dccd-b88a-456d-ae82-91a91b75ed18,9790f009-c4ec-4e15-8b88-3762ae3b75cc,GS,General Surgery,1494,40
d6dc3db2-1220-4677-8d27-6922b05b586e,9790f009-c4ec-4e15-8b88-3762ae3b75cc,CARD,Cardiology,1492,660
2108f198-9eb8-4455-aa9d-a98dc814e0bf,9790f009-c4ec-4e15-8b88-3762ae3b75cc,OPTH,Ophthalmology,1232,1750
9176d606-061b-4056-b0df-cf5efdc9b096,9790f009-c4ec-4e15-8b88-3762ae3b75cc,PEDS,Paediatrics,925,1817
f14966d3-4931-4a19-9094-ba96e8e7bb72,97dcb20d-4eb6-47b6-93c4-8a4a779e0045,OBG,Obstetrics & Gynaecology,1586,628
0a9b25bf-f5e6-4f0f-9808-cc7ee0559463,97dcb20d-4eb6-47b6-93c4-8a4a779e0045,GS,General Surgery,1230,1038
72e1e2c8-49df-439a-84bb-4528a3a255c7,97dcb20d-4eb6-47b6-93c4-8a4a779e0045,ORTH,Orthopaedics,976,707
338ec919-d2c2-4189-b68b-bafcd67baf2c,97dcb20d-4eb6-47b6-93c4-8a4a779e0045,MED,General Medicine,1062,1007
11e3b5df-fe55-485f-9110-5efbb2441e59,97dcb20d-4eb6-47b6-93c4-8a4a779e0045,CARD,Cardiology,1549,851
5e78dbaa-5a18-4126-9755-792901a95358,97dcb20d-4eb6-47b6-93c4-8a4a779e0045,NEURO,Neurology,50,1449
ba146ea5-f146-4eb1-a1b3-a8fce54a689a,97dcb20d-4eb6-47b6-93c4-8a4a779e0045,PEDS,Paediatrics,600,415
ea96abac-6a26-4461-80d3-b4ae5c376747,97fb368a-0d78-4977-a707-d6c350b2683e,ENT,ENT,1101,934
4f43d304-cc81-441c-8d9f-d05424ff9327,97fb368a-0d78-4977-a707-d6c350b2683e,GS,General Surgery,1095,1639
b18bab0a-89bb-4691-9b83-1d9ec18b775d,97fb368a-0d78-4977-a707-d6c350b2683e,CARD,Cardiology,1213,1069
f0e492b4-1f00-4857-8a60-e2376d91de77,97fb368a-0d78-4977-a707-d6c350b2683e,MED,General Medicine,50,40
ec3aad30-31db-45b7-a401-5964f3bf5abd,97fb368a-0d78-4977-a707-d6c350b2683e,NEURO,Neurology,276,1200
208c2785-102f-4d48-9801-c995b36c1455,97fb368a-0d78-4977-a707-d6c350b2683e,ONCO,Oncology,1579,590
3c8f504d-6ba4-47ef-8ad6-1dc233d92375,97fb368a-0d78-4977-a707-d6c350b2683e,URO,Urology,447,1955
a710d945-0800-4842-b22e-7a06eded36f7,984e0e77-c7d8-4c9e-b4c0-91cb3cfc45d4,PEDS,Paediatrics,1925,348
cc0c3753-0f0d-4de6-8c6b-f17898f02864,984e0e77-c7d8-4c9e-b4c0-91cb3cfc45d4,CARD,Cardiology,765,435
9ad28ff7-ebf6-4c83-ac05-5092b8168470,984e0e77-c7d8-4c9e-b4c0-91cb3cfc45d4,GS,General Surgery,896,754
0d2ddeff-156d-4517-8e52-7ed9b5035b7d,984e0e77-c7d8-4c9e-b4c0-91cb3cfc45d4,MED,General Medicine,112,1407
a3c98182-7049-4719-88aa-101cf1e454ef,984e0e77-c7d8-4c9e-b4c0-91cb3cfc45d4,NEURO,Neurology,545,1609
cf5969ce-7ea5-4c22-8fa7-941d574fbbde,984e0e77-c7d8-4c9e-b4c0-91cb3cfc45d4,ENT,ENT,1095,237
66aee1bb-6a78-4c15-90c4-5183895fe40b,9878f087-5008-4e9a-91db-118ffc6d2f1e,OBG,Obstetrics & Gynaecology,1117,900
24264446-0c9f-4a46-bf5e-36548ce7ac1b,9878f087-5008-4e9a-91db-118ffc6d2f1e,CARD,Cardiology,1435,1039
8912dd39-a7ac-47f3-9dd9-bb001af39874,9878f087-5008-4e9a-91db-118ffc6d2f1e,ORTH,Orthopaedics,1292,1660
14f00323-5a12-42e9-b13d-ce7653f5e173,9878f087-5008-4e9a-91db-118ffc6d2f1e,PEDS,Paediatrics,1919,901
37282b37-1065-4d7e-84a0-cbe794b14649,9878f087-5008-4e9a-91db-118ffc6d2f1e,OPTH,Ophthalmology,1772,702
367e7cb1-a613-4fcc-a7a6-3a5e20f4aafd,9878f087-5008-4e9a-91db-118ffc6d2f1e,URO,Urology,1060,1292
1a4e22a1-e30b-4358-8098-1edb53f16c97,98996e2b-fd7d-42db-9e98-c546a28254cc,GS,General Surgery,421,830
7b3eeabd-3dba-4997-a1a5-28c0f4a981ed,98996e2b-fd7d-42db-9e98-c546a28254cc,ORTH,Orthopaedics,832,985
3e009da6-69bc-4ff6-b1a8-7a297bb4f00d,98996e2b-fd7d-42db-9e98-c546a28254cc,ENT,ENT,1496,1495
406bd602-1f84-4582-8d4c-5ef4cebe695c,98996e2b-fd7d-42db-9e98-c546a28254cc,MED,General Medicine,1191,1446
da980968-c8cd-46b3-8ab6-08c99806a6cc,98996e2b-fd7d-42db-9e98-c546a28254cc,OPTH,Ophthalmology,1587,1297
41d19a8d-3c36-41a1-9624-63abb618ba43,98996e2b-fd7d-42db-9e98-c546a28254cc,URO,Urology,50,1076
f3ef1982-a575-4a0d-8595-7defabe7f1aa,98996e2b-fd7d-42db-9e98-c546a28254cc,ONCO,Oncology,1696,1340
509f429a-fd8a-4c1a-8f3b-6e0a8c824150,989e7a06-2fea-458a-8fbd-24b589a8913e,ORTH,Orthopaedics,1671,831
3fac8f2f-0663-4544-96f1-ded9c336f848,989e7a06-2fea-458a-8fbd-24b589a8913e,GS,General Surgery,860,1899
5db10b88-cec5-4b21-ab6c-717ded4bf1a3,989e7a06-2fea-458a-8fbd-24b589a8913e,MED,General Medicine,1605,2002
9ae75095-410f-4e79-8d7c-876b7cdc4dee,989e7a06-2fea-458a-8fbd-24b589a8913e,CARD,Cardiology,1326,1205
1099f0a3-766c-472e-89dd-b35358ccb75d,989e7a06-2fea-458a-8fbd-24b589a8913e,ENT,ENT,499,609
4b3b803c-fb07-4483-8ba5-7ddadb2caabe,989e7a06-2fea-458a-8fbd-24b589a8913e,OPTH,Ophthalmology,396,972
90634332-5aff-43e4-8af1-ab9a972dc23e,98b8bcb0-8348-4bc5-9877-ef7b95360383,CARD,Cardiology,884,695
91ae0058-d476-4e35-b345-0d26292df0f3,98b8bcb0-8348-4bc5-9877-ef7b95360383,GS,General Surgery,1035,40
fea0941f-54a0-4d48-aded-0f6137774420,98b8bcb0-8348-4bc5-9877-ef7b95360383,ONCO,Oncology,1835,978
87d63552-a3fc-4f05-a822-e21670da72da,98b8bcb0-8348-4bc5-9877-ef7b95360383,ORTH,Orthopaedics,50,846
39b75a9f-abd2-4fe8-8f27-a27a0cb69724,98b8bcb0-8348-4bc5-9877-ef7b95360383,PEDS,Paediatrics,1092,989
422ff458-4342-48ad-9769-c662b0a5e3bc,98b8bcb0-8348-4bc5-9877-ef7b95360383,URO,Urology,1191,507
1ff0fd42-7f2f-4a42-b82d-51a55096eba7,98f30103-c1c1-4ca1-abc0-d45e6011bbe5,MED,General Medicine,519,927
f2bc231c-2f53-4eef-9f9b-732a8b56b90f,98f30103-c1c1-4ca1-abc0-d45e6011bbe5,GS,General Surgery,1205,86
adb2b8af-e693-4aa2-bd83-522f08791d19,98f30103-c1c1-4ca1-abc0-d45e6011bbe5,CARD,Cardiology,50,1613
7d636783-20dd-499f-a048-13c43eb9c571,98f30103-c1c1-4ca1-abc0-d45e6011bbe5,OBG,Obstetrics & Gynaecology,410,312
eb383a63-fee1-4258-9ec0-2248c96d8345,9aad09cb-c280-49cf-a789-776d88414bc0,OBG,Obstetrics & Gynaecology,385,1600
13e5d6f5-a591-4372-be86-9aea42463cd7,9aad09cb-c280-49cf-a789-776d88414bc0,OPTH,Ophthalmology,799,970
a32e05c0-2e41-41f9-a824-0d9042dcd1a4,9aad09cb-c280-49cf-a789-776d88414bc0,ENT,ENT,681,996
b299ff69-64a6-4800-8f16-13100ab4edd7,9aad09cb-c280-49cf-a789-776d88414bc0,ONCO,Oncology,556,1511
bd05965d-7ac5-449a-9651-98209f051ee3,9aad09cb-c280-49cf-a789-776d88414bc0,PEDS,Paediatrics,660,742
7eb303ef-fa65-45c5-8bd2-051edc1841b4,9aad09cb-c280-49cf-a789-776d88414bc0,CARD,Cardiology,700,197
7a8fb580-12de-429d-9af4-5567fb6aea61,9adb0638-8214-4db4-920b-e2a1d52305be,GS,General Surgery,1143,1595
22024ea5-0f63-4f8a-8404-4223b13c4872,9adb0638-8214-4db4-920b-e2a1d52305be,MED,General Medicine,2193,635
e742b469-f077-4ea0-8297-8f4a28334622,9adb0638-8214-4db4-920b-e2a1d52305be,URO,Urology,1108,1053
5210c15b-4efc-446f-92a5-e0a6e55b9061,9adb0638-8214-4db4-920b-e2a1d52305be,ONCO,Oncology,446,1061
99390b0a-ad42-4fb8-9319-8b0b115a9665,9adb0638-8214-4db4-920b-e2a1d52305be,PEDS,Paediatrics,1676,589
9b16387b-12f3-4a79-9d76-12d652564cd8,9adb0638-8214-4db4-920b-e2a1d52305be,ENT,ENT,998,622
14d32f2f-c555-448b-9130-c78cbe06d520,9b5aec1c-f59c-4cbe-b343-a4d10f65aa9e,ORTH,Orthopaedics,447,1945
3135f6e6-a527-481b-8a86-38e10205fc67,9b5aec1c-f59c-4cbe-b343-a4d10f65aa9e,MED,General Medicine,1677,1832
cbd0377b-a758-4cfe-ac2d-53a22db02982,9b5aec1c-f59c-4cbe-b343-a4d10f65aa9e,GS,General Surgery,1437,1093
85eda74e-5fd3-43db-a982-ce6e34596b2c,9b5aec1c-f59c-4cbe-b343-a4d10f65aa9e,OBG,Obstetrics & Gynaecology,364,1774
68dccc3d-ab73-405b-bdf8-4e121452b31f,9b5aec1c-f59c-4cbe-b343-a4d10f65aa9e,CARD,Cardiology,1856,1022
4fe8dab0-e99e-4916-bba7-93011e1d0340,9b5aec1c-f59c-4cbe-b343-a4d10f65aa9e,OPTH,Ophthalmology,461,1098
2490e14d-d298-41a4-b09c-2935107c3cb4,9bbf9c2d-2037-4d42-9a7c-b6f4eb1e5c64,OPTH,Ophthalmology,912,909
10d245c5-3fe9-40bf-88c9-61460c3961ac,9bbf9c2d-2037-4d42-9a7c-b6f4eb1e5c64,CARD,Cardiology,841,622
e5e01d9f-be07-423d-b707-754397e6475f,9bbf9c2d-2037-4d42-9a7c-b6f4eb1e5c64,MED,General Medicine,832,542
e9a6971d-ba4f-4af8-ba0d-391dcd8627ee,9bbf9c2d-2037-4d42-9a7c-b6f4eb1e5c64,GS,General Surgery,1493,321
0c03af0c-72f8-49a4-8f82-e91a23ecdfdc,9bbf9c2d-2037-4d42-9a7c-b6f4eb1e5c64,OBG,Obstetrics & Gynaecology,1086,1346
ee469fe1-93e1-425b-95c3-ffc472adcbbc,9bbf9c2d-2037-4d42-9a7c-b6f4eb1e5c64,ENT,ENT,901,673
c79442cc-0774-4c6a-8270-2936a88bf441,9c496e68-ffd7-4bc9-bf67-3498c1551012,CARD,Cardiology,1265,850
598d92f6-dbfb-4b76-9cb0-72a65574c32b,9c496e68-ffd7-4bc9-bf67-3498c1551012,ORTH,Orthopaedics,1402,123
1573dc17-edd9-49a5-8a38-21aed167bce8,9c496e68-ffd7-4bc9-bf67-3498c1551012,OPTH,Ophthalmology,1160,875
3ecfabc0-6278-4f80-9998-bf0c742190eb,9c7f91cf-ca53-474b-8fa4-fa52c1f46601,ORTH,Orthopaedics,634,802
a821e9a1-719c-4f60-aa78-6deab0d9b016,9c7f91cf-ca53-474b-8fa4-fa52c1f46601,NEURO,Neurology,50,1433
58dfdf00-533a-46c6-83d1-93316d773bad,9c7f91cf-ca53-474b-8fa4-fa52c1f46601,URO,Urology,629,692
4b8c2284-6ef1-405c-9b43-720984b05c70,9c903e15-2d9a-42da-aaeb-26fe91b012f4,NEURO,Neurology,1403,1089
a1483688-1356-440d-92fd-95c1b79a3c66,9c903e15-2d9a-42da-aaeb-26fe91b012f4,CARD,Cardiology,495,375
ef69c8b8-2569-4764-ba76-e449d421e1d3,9c903e15-2d9a-42da-aaeb-26fe91b012f4,ONCO,Oncology,2210,1476
b870fb1a-e107-4662-b6ee-460f01f8f774,9c903e15-2d9a-42da-aaeb-26fe91b012f4,ORTH,Orthopaedics,349,1196
6b601ac3-c95b-480a-8b2c-4b586903030a,9c903e15-2d9a-42da-aaeb-26fe91b012f4,ENT,ENT,632,1649
9a1d8db0-6b34-47de-bdfc-64c56d211944,9c903e15-2d9a-42da-aaeb-26fe91b012f4,MED,General Medicine,380,734
d1b6a906-fe67-4dee-a57c-c017989c78cc,9c903e15-2d9a-42da-aaeb-26fe91b012f4,OPTH,Ophthalmology,50,368
711941f5-4f89-41c6-8ee9-5a6cadac1846,9cd9e31f-ab3a-44f0-b283-69eed7aab7d7,URO,Urology,705,1176
556d2e4a-344e-4037-92ba-b31560a481fe,9cd9e31f-ab3a-44f0-b283-69eed7aab7d7,MED,General Medicine,1054,40
e01df125-61e1-4400-96ee-5835216d3d24,9cd9e31f-ab3a-44f0-b283-69eed7aab7d7,GS,General Surgery,1616,921
ac5fd654-7998-45c7-9400-ec35d52a25d4,9cd9e31f-ab3a-44f0-b283-69eed7aab7d7,CARD,Cardiology,1282,905
2e1bc718-746b-4c7f-93ab-435b93f2d5b0,9cd9e31f-ab3a-44f0-b283-69eed7aab7d7,ONCO,Oncology,1040,1174
9127b149-0380-45b5-af48-80236d3fe387,9ce7a416-a770-4f67-81e0-7b44323fe502,CARD,Cardiology,777,1399
9bfc2da6-4e2e-4a9d-bc0a-94eccd0f529f,9ce7a416-a770-4f67-81e0-7b44323fe502,MED,General Medicine,123,839
4c41c406-7b0d-4729-9070-0cf35caee2d3,9ce7a416-a770-4f67-81e0-7b44323fe502,OBG,Obstetrics & Gynaecology,509,1257
05592090-ce17-4a42-a2a4-8e48ff5bee95,9ce7a416-a770-4f67-81e0-7b44323fe502,ONCO,Oncology,1314,706
f917172a-ad02-4092-806c-884943203a95,9ce7a416-a770-4f67-81e0-7b44323fe502,ENT,ENT,1161,1638
e3359828-4253-4d84-88e7-06c069c25799,9d17a940-6381-4800-aeb5-06b692d8cfc4,MED,General Medicine,1556,1612
2032d52a-4b2c-4798-846e-508d9249dc53,9d17a940-6381-4800-aeb5-06b692d8cfc4,ORTH,Orthopaedics,1156,188
367d5994-0e34-473b-977d-12ce6d98c082,9d17a940-6381-4800-aeb5-06b692d8cfc4,ONCO,Oncology,1654,574
87569b4a-b5fd-42aa-90ea-49b0dd29629e,9d17a940-6381-4800-aeb5-06b692d8cfc4,URO,Urology,1575,882
7f296cb5-882a-4730-980c-15b28cd27816,9d17a940-6381-4800-aeb5-06b692d8cfc4,NEURO,Neurology,455,592
052095e8-18fa-412e-86d4-67d8aad04044,9d88bb82-d69d-4a40-99ce-2c5d498b71d4,URO,Urology,2229,1928
65849eb8-c8ac-4564-9fea-9977554b811c,9d88bb82-d69d-4a40-99ce-2c5d498b71d4,ENT,ENT,1483,497
2889dc1f-9105-4de3-aa51-af76932b0933,9d88bb82-d69d-4a40-99ce-2c5d498b71d4,NEURO,Neurology,1507,784
b62fb495-fbef-4b06-9601-d3e0b044eae1,9d90006e-8084-409b-8df1-e98cb3cdde4c,OPTH,Ophthalmology,1730,1184
cc09a8cc-8c62-4812-95fa-a9e18478bb44,9d90006e-8084-409b-8df1-e98cb3cdde4c,OBG,Obstetrics & Gynaecology,601,451
4b4d7fa7-0d8b-4cbb-94d8-a0bbae313fe0,9d90006e-8084-409b-8df1-e98cb3cdde4c,ORTH,Orthopaedics,1524,665
b68dafce-95b7-467d-8c43-f464d48e2b20,9d90006e-8084-409b-8df1-e98cb3cdde4c,GS,General Surgery,870,2115
9f95deee-2516-46d3-a192-1a7791bbf4f8,9d90006e-8084-409b-8df1-e98cb3cdde4c,ONCO,Oncology,1088,934
e1158fdb-4d8b-4604-8102-1246d09a3105,9f2f7283-1558-4ebe-84b5-2c48bf754ce3,MED,General Medicine,1823,382
308382dd-6187-4082-8857-cde322838c5e,9f2f7283-1558-4ebe-84b5-2c48bf754ce3,URO,Urology,1582,1045
0284ed79-e626-43bd-97c4-3dd17a2341c3,9f2f7283-1558-4ebe-84b5-2c48bf754ce3,ENT,ENT,396,1048
28ccceac-9ffd-4c94-b6a4-f6bef4e60437,9f2f7283-1558-4ebe-84b5-2c48bf754ce3,ORTH,Orthopaedics,1361,1218
29354de9-6520-41a3-8135-738a604d3f21,9f2f7283-1558-4ebe-84b5-2c48bf754ce3,PEDS,Paediatrics,1246,1036
8c6fea7b-3fc4-4481-9c9b-77e6246acf74,9f2f7283-1558-4ebe-84b5-2c48bf754ce3,NEURO,Neurology,828,705
1584a105-2914-491e-b91b-c1744ac77680,9fa6ed63-66b7-4f8b-a1a8-6307316296a8,OBG,Obstetrics & Gynaecology,1739,123
856715a9-bc22-477b-b8b0-2a8d1619e8a0,9fa6ed63-66b7-4f8b-a1a8-6307316296a8,GS,General Surgery,1624,608
98485b24-5ad9-48d8-93df-548b0811c156,9fa6ed63-66b7-4f8b-a1a8-6307316296a8,OPTH,Ophthalmology,1357,960
abaa57ce-ac04-4739-8845-3a6e11123cc9,9fa6ed63-66b7-4f8b-a1a8-6307316296a8,ENT,ENT,50,1047
d3658e09-b1cc-4823-b0bf-65016452e8e2,9fa6ed63-66b7-4f8b-a1a8-6307316296a8,ONCO,Oncology,962,491
c579f367-ad39-463c-96a6-4a7f297d2040,9fa6ed63-66b7-4f8b-a1a8-6307316296a8,MED,General Medicine,1124,116
527ef670-11ba-435c-a7c4-3e953fb55829,9fa6ed63-66b7-4f8b-a1a8-6307316296a8,NEURO,Neurology,594,703
6880aa02-06be-4cb9-9ead-908f6a27a6bc,9fc1fc3e-15af-43a6-9d91-5152c2aeac4e,ORTH,Orthopaedics,264,707
b374e0d8-606d-44dc-aba7-f48731dad4b9,9fc1fc3e-15af-43a6-9d91-5152c2aeac4e,CARD,Cardiology,700,863
bc4c39a7-d077-4023-af14-7b3fcec1fdbf,9fc1fc3e-15af-43a6-9d91-5152c2aeac4e,OPTH,Ophthalmology,1089,1549
24d1fdc6-14b7-44a9-ba27-7b924eb3a679,9fc1fc3e-15af-43a6-9d91-5152c2aeac4e,PEDS,Paediatrics,1308,785
af89f01a-b22b-40f7-8eb8-93a0b0e98e91,9fc1fc3e-15af-43a6-9d91-5152c2aeac4e,URO,Urology,462,170
4bbc51b3-9867-4e6b-a4a4-4f756c51d4ee,a06311f6-0fa6-4dbe-817e-56f528a5e0ea,MED,General Medicine,1529,1408
fc8e9575-27f8-4f94-a1c9-60617247e42d,a06311f6-0fa6-4dbe-817e-56f528a5e0ea,GS,General Surgery,985,905
6e8fb276-945c-4555-af5d-f385c4086694,a06311f6-0fa6-4dbe-817e-56f528a5e0ea,NEURO,Neurology,1583,1759
3ec409d3-9e3e-4594-92cd-c6d96e34d2f9,a06311f6-0fa6-4dbe-817e-56f528a5e0ea,URO,Urology,411,346
47bd26f2-6b17-454c-bac2-45614b4997f0,a06311f6-0fa6-4dbe-817e-56f528a5e0ea,CARD,Cardiology,1202,471
898d739e-1a6f-499b-acde-8e3b173853aa,a06311f6-0fa6-4dbe-817e-56f528a5e0ea,OPTH,Ophthalmology,1430,677
3c88ff7b-6760-4caa-a341-5bf4e42fb2e9,a06311f6-0fa6-4dbe-817e-56f528a5e0ea,ENT,ENT,666,1425
56936aa0-8df2-459e-abb2-18e79fd063b9,a07869aa-6cb5-42b3-8592-33bf95ca49fb,ORTH,Orthopaedics,850,1144
2eb6d865-7b10-4d43-8fc6-dca5448b5135,a07869aa-6cb5-42b3-8592-33bf95ca49fb,ONCO,Oncology,819,1215
d933983b-77b1-4c7f-bb27-ecaf8f0d53aa,a07869aa-6cb5-42b3-8592-33bf95ca49fb,PEDS,Paediatrics,50,343
b2e2bba5-e5bc-43cc-8c9a-ef848d0c36c6,a07869aa-6cb5-42b3-8592-33bf95ca49fb,CARD,Cardiology,699,1485
a8f007d8-b78e-4869-93bc-09c3e08962f4,a0ca67df-3619-4e3c-ba10-f0e214d3dd90,OBG,Obstetrics & Gynaecology,272,702
e8a8b5e6-735b-4889-a9eb-a8826c7d57ae,a0ca67df-3619-4e3c-ba10-f0e214d3dd90,ORTH,Orthopaedics,2048,332
459f00bb-76a0-4a13-bb39-aa43fe35cc72,a0ca67df-3619-4e3c-ba10-f0e214d3dd90,URO,Urology,1074,644
66c5942e-2c7e-45d3-b4e7-e3a5801f18c7,a0ca67df-3619-4e3c-ba10-f0e214d3dd90,OPTH,Ophthalmology,521,137
35706917-a9a7-466a-8ac1-370dc0d37246,a0ca67df-3619-4e3c-ba10-f0e214d3dd90,NEURO,Neurology,714,402
210a8ec2-11d1-423c-ace2-bf27395b4f81,a0ca67df-3619-4e3c-ba10-f0e214d3dd90,ENT,ENT,1006,1164
8522eae6-d678-4e4f-a015-93441b165042,a1752c7c-7223-4e9e-bd32-3f670ed10ae4,ORTH,Orthopaedics,66,1675
0868cecf-8ebe-4478-a590-618af413a162,a1752c7c-7223-4e9e-bd32-3f670ed10ae4,GS,General Surgery,50,903
7aebeded-88d6-4e35-9875-88fb0967477f,a1752c7c-7223-4e9e-bd32-3f670ed10ae4,ONCO,Oncology,975,336
86cedab4-db8e-45ec-83f5-8cb5bc03ccfd,a1752c7c-7223-4e9e-bd32-3f670ed10ae4,OPTH,Ophthalmology,1983,811
b6f5e05d-6686-4ab1-8ee6-691d757b7085,a1aa09e4-b67d-4082-8faa-b83940e779f8,MED,General Medicine,50,2886
edcd6731-5bb7-4eac-9de6-7e04cffc7e08,a1aa09e4-b67d-4082-8faa-b83940e779f8,OPTH,Ophthalmology,844,860
49a930e5-6f9c-408a-a4c6-2b55a88f9ee2,a1aa09e4-b67d-4082-8faa-b83940e779f8,ORTH,Orthopaedics,452,569
ab483b5a-7df3-4104-a31d-3957c1623eed,a1aa09e4-b67d-4082-8faa-b83940e779f8,CARD,Cardiology,1483,1434
e0fecc9c-cb35-47ed-a5ed-652545f50f6c,a1aa09e4-b67d-4082-8faa-b83940e779f8,NEURO,Neurology,66,854
cd103bfd-6e9a-4e6b-bec1-e4929b1e06ee,a1abf9fb-8fc8-4ad0-bfb5-e46d55fa13b4,ORTH,Orthopaedics,440,337
8accca42-8a7a-487c-89fc-5291ab316332,a1abf9fb-8fc8-4ad0-bfb5-e46d55fa13b4,URO,Urology,330,1089
83b36106-7f11-46fe-9e13-e590b2ee1a63,a1abf9fb-8fc8-4ad0-bfb5-e46d55fa13b4,GS,General Surgery,377,314
9293c8b7-f4c1-4b90-8e1e-2b908d60a2df,a1abf9fb-8fc8-4ad0-bfb5-e46d55fa13b4,PEDS,Paediatrics,840,40
848c3b7d-9e79-4663-8ccc-fa085435f34f,a1abf9fb-8fc8-4ad0-bfb5-e46d55fa13b4,MED,General Medicine,950,551
3d2010f1-0487-4dbb-ad65-5269129ade13,a1abf9fb-8fc8-4ad0-bfb5-e46d55fa13b4,ONCO,Oncology,1114,1131
09064f76-157f-42cb-b817-44d9e5f6ebb6,a230b71c-8e95-4cca-a609-066eaac129c0,ORTH,Orthopaedics,311,746
4ae84117-4c4b-4507-8e30-4d4cada50e03,a230b71c-8e95-4cca-a609-066eaac129c0,CARD,Cardiology,1765,1533
7d2caa42-f0d1-4867-906c-bdd2366a49d7,a230b71c-8e95-4cca-a609-066eaac129c0,ONCO,Oncology,1684,1575
2d4127fc-9004-4ec8-96b3-73f42c79863c,a230b71c-8e95-4cca-a609-066eaac129c0,PEDS,Paediatrics,1487,1326
2d114dde-bc33-4b4e-bdad-8be4f8d42950,a230b71c-8e95-4cca-a609-066eaac129c0,OBG,Obstetrics & Gynaecology,708,730
45dd8126-0aed-468d-acf5-5fe4662051fd,a2b628b7-8f1d-46db-92b6-969042c93102,GS,General Surgery,697,1418
e97ccfd9-b7ec-4ca4-b277-8a2fa3832141,a2b628b7-8f1d-46db-92b6-969042c93102,MED,General Medicine,1554,1063
2b71cbdf-a81e-4685-8955-310fe47cea3c,a2b628b7-8f1d-46db-92b6-969042c93102,CARD,Cardiology,1175,1471
273bf67c-66b1-47c7-9af8-401699573081,a2b628b7-8f1d-46db-92b6-969042c93102,NEURO,Neurology,974,1188
b340106d-df29-4adc-9d36-c1706cdc5e81,a320e738-29ac-4256-aadd-e2552664bcc8,GS,General Surgery,456,1328
364a3e80-bfa7-42fc-b2db-a7e03ebbce8b,a320e738-29ac-4256-aadd-e2552664bcc8,ORTH,Orthopaedics,1480,1227
4e6d66e0-4ae1-4fe5-836f-747bbc21f138,a320e738-29ac-4256-aadd-e2552664bcc8,CARD,Cardiology,1248,321
5448d004-6d1c-4564-bc7d-de661e2ce794,a320e738-29ac-4256-aadd-e2552664bcc8,PEDS,Paediatrics,1529,1864
d486b04d-3c1b-49a8-8708-81accbbddfcf,a320e738-29ac-4256-aadd-e2552664bcc8,ENT,ENT,870,1709
57519f30-ef37-45a8-a80d-c84101eb6afc,a320e738-29ac-4256-aadd-e2552664bcc8,NEURO,Neurology,1655,854
3e06fa71-d709-4743-b3f6-72d1f73c59ac,a35db00a-d1b5-4e90-9b52-5af75ce38efe,MED,General Medicine,1709,1514
9159cab8-7f9f-4c1f-96a9-292c870bdad4,a35db00a-d1b5-4e90-9b52-5af75ce38efe,CARD,Cardiology,1627,1420
137b2a41-bcd4-4eec-9e17-d59025e58780,a35db00a-d1b5-4e90-9b52-5af75ce38efe,ORTH,Orthopaedics,1119,1607
cc3d49f1-b08f-4b83-be54-9dbaaa60e60f,a35db00a-d1b5-4e90-9b52-5af75ce38efe,PEDS,Paediatrics,444,1428
7b6e5124-404b-4991-b483-21a11d6d1599,a35db00a-d1b5-4e90-9b52-5af75ce38efe,ENT,ENT,941,1259
9885b864-2da1-4463-a5d7-a9348275f9d6,a35db00a-d1b5-4e90-9b52-5af75ce38efe,NEURO,Neurology,1104,40
7cfe99cb-b301-4210-ae5e-41cdb8ebfafe,a40f5f0a-3929-4e76-a9d2-31ce4dbb246e,CARD,Cardiology,376,1154
6da6fde7-ccb5-4c55-8f77-ea8973e01df6,a40f5f0a-3929-4e76-a9d2-31ce4dbb246e,ORTH,Orthopaedics,978,1700
bed380a5-1252-47ce-86f2-a53541b1c68c,a40f5f0a-3929-4e76-a9d2-31ce4dbb246e,NEURO,Neurology,1200,1205
5f6ef113-be5e-4237-8f44-622076eb0a8b,a40f5f0a-3929-4e76-a9d2-31ce4dbb246e,PEDS,Paediatrics,886,610
7f61e411-89c9-4ffe-bc48-9ed4d632c2f1,a48e3033-8056-4595-b32b-6d6740402864,OBG,Obstetrics & Gynaecology,1093,124
21e2074a-26e0-4e2f-8a6a-7829f77df069,a48e3033-8056-4595-b32b-6d6740402864,ORTH,Orthopaedics,965,501
ffe52fa5-f1f9-470b-93f7-436ccc47bdea,a48e3033-8056-4595-b32b-6d6740402864,MED,General Medicine,1785,1068
f98d0d08-09ef-4b32-af50-10d60c2a4538,a48e3033-8056-4595-b32b-6d6740402864,URO,Urology,149,1910
35459d84-951a-4e59-89ee-bbddb8fe2663,a48e3033-8056-4595-b32b-6d6740402864,CARD,Cardiology,828,1278
5b25085c-85ff-4de2-ab5d-e080196345e8,a48e3033-8056-4595-b32b-6d6740402864,ONCO,Oncology,266,239
97596dfd-691d-4e9b-855e-1ec503fc915b,a4af1771-116a-403f-976a-2598d16ab6d5,ORTH,Orthopaedics,981,804
efe606fd-4684-4676-8496-2030b91021f3,a4af1771-116a-403f-976a-2598d16ab6d5,URO,Urology,1785,1635
87b5b6ac-fe34-484e-948d-6d8da92f33ea,a4af1771-116a-403f-976a-2598d16ab6d5,PEDS,Paediatrics,251,336
f561b194-cdf2-4e1e-91eb-35e6dba75f90,a4af1771-116a-403f-976a-2598d16ab6d5,ENT,ENT,628,180
9022991f-1feb-4c93-afd6-b0447c4dc512,a54d6572-ec7c-4135-8180-cc668623d7fe,GS,General Surgery,1938,1563
31f1b112-8469-41ca-9b19-b0e2d8332314,a54d6572-ec7c-4135-8180-cc668623d7fe,OBG,Obstetrics & Gynaecology,1114,457
64a06f09-25d5-4687-9baa-94fb2b1180eb,a54d6572-ec7c-4135-8180-cc668623d7fe,URO,Urology,1335,236
41481c78-c455-4cde-8ea5-09ac8fabe2a0,a6a70022-e453-4de8-8ef6-bcb7c470235f,CARD,Cardiology,50,1138
bf15eafd-ffb3-4c68-8701-e31c6b0ffaa6,a6a70022-e453-4de8-8ef6-bcb7c470235f,OPTH,Ophthalmology,354,532
506fc731-bbda-4ff9-8ebc-9a12f2a4dfef,a6a70022-e453-4de8-8ef6-bcb7c470235f,ENT,ENT,806,984
df9e9d2a-3584-4331-a372-0e7e03216b45,a6a70022-e453-4de8-8ef6-bcb7c470235f,GS,General Surgery,1273,573
8188444b-e89a-4d02-8177-e7eb79beec45,a6a70022-e453-4de8-8ef6-bcb7c470235f,NEURO,Neurology,1264,1685
cec6387f-6f71-42c8-963b-9004db3c0ff6,a6a70022-e453-4de8-8ef6-bcb7c470235f,PEDS,Paediatrics,1078,1358
63437a89-1a07-4557-a4f8-1b34c6b43865,a85182ea-39a5-4653-b72c-0a3cf60c8bdb,MED,General Medicine,579,2138
83f33ead-8993-46ba-987e-acdb2ec5c263,a85182ea-39a5-4653-b72c-0a3cf60c8bdb,GS,General Surgery,400,722
3109fb40-7386-4f1a-a1ce-6a9328dba1b5,a85182ea-39a5-4653-b72c-0a3cf60c8bdb,ORTH,Orthopaedics,1346,522
1c0a934d-ef27-49f9-a4d8-f0826f1c17f1,a8bca0d7-22da-4393-aa6e-c853ffe030e7,ORTH,Orthopaedics,1144,1504
935a1188-0c67-452d-bbe2-0a155f544a8c,a8bca0d7-22da-4393-aa6e-c853ffe030e7,NEURO,Neurology,1207,1257
035becc2-9702-4a65-a657-658dedcfff64,a8bca0d7-22da-4393-aa6e-c853ffe030e7,PEDS,Paediatrics,677,943
75cec12e-28b0-40f3-ad55-19c2c6bd7a32,a8cdb4db-13ac-4633-93dd-14dae979d14b,ORTH,Orthopaedics,822,1027
6eb8c4a4-c781-405c-a40a-5f538fed3391,a8cdb4db-13ac-4633-93dd-14dae979d14b,GS,General Surgery,1311,933
147c9352-c88f-4857-9472-b53972c8fd7e,a8cdb4db-13ac-4633-93dd-14dae979d14b,OBG,Obstetrics & Gynaecology,1765,591
1343321f-6498-47c1-981b-f8484a7b5a9f,a8cdb4db-13ac-4633-93dd-14dae979d14b,NEURO,Neurology,1695,937
4961f301-96ae-4086-972a-72fe0ada679d,a8cdb4db-13ac-4633-93dd-14dae979d14b,URO,Urology,854,1499
c7f0d1af-1f2f-442e-87b1-58a772af70b0,a8cdb4db-13ac-4633-93dd-14dae979d14b,ENT,ENT,1178,176
10508be5-8d91-4737-85eb-8bdad790a53f,a8cf8709-3705-46ee-9b0b-5844ae8f8608,MED,General Medicine,1642,936
706c04ab-0737-4d66-9aed-8d34dfbef500,a8cf8709-3705-46ee-9b0b-5844ae8f8608,GS,General Surgery,356,2037
ab37fbae-6abe-4a08-aff2-dd0e4b72e1da,a8cf8709-3705-46ee-9b0b-5844ae8f8608,ENT,ENT,217,2033
031dc451-e9db-4794-8022-b2a994d9b7bb,a8cf8709-3705-46ee-9b0b-5844ae8f8608,ONCO,Oncology,688,447
edd28a51-e420-4bab-b85a-2d5d8f862d82,a8cf8709-3705-46ee-9b0b-5844ae8f8608,OPTH,Ophthalmology,2145,72
11e0cbf1-a6dd-4c85-8d79-1671a48a5503,a8db82fc-56d1-46d0-85f7-cf3dd3758fcf,OBG,Obstetrics & Gynaecology,1491,1164
f33996dc-252b-4ab3-a2bf-3eda7634f524,a8db82fc-56d1-46d0-85f7-cf3dd3758fcf,MED,General Medicine,139,1601
af3ad228-4a66-4c79-8401-4d1e7c199825,a8db82fc-56d1-46d0-85f7-cf3dd3758fcf,OPTH,Ophthalmology,1856,659
d91d6d8b-aeaa-4e52-a13d-11a2f47e79e7,a8db82fc-56d1-46d0-85f7-cf3dd3758fcf,ORTH,Orthopaedics,1579,297
0d5d306d-036d-47b6-9bf6-597080fa3028,a8db82fc-56d1-46d0-85f7-cf3dd3758fcf,ENT,ENT,762,1123
4653ad63-42fa-40a3-961a-2dd076432822,a8db82fc-56d1-46d0-85f7-cf3dd3758fcf,PEDS,Paediatrics,2846,1579
61505e4c-1a6f-4d94-be7a-4f3d52dcee69,a8db82fc-56d1-46d0-85f7-cf3dd3758fcf,URO,Urology,1148,625
677827d9-f955-4071-afcc-36299aeaa592,a909d03d-ddbb-4a70-9558-4ba18ac3071f,MED,General Medicine,406,1201
6328160b-0998-4ae3-8186-78ede688024b,a909d03d-ddbb-4a70-9558-4ba18ac3071f,GS,General Surgery,1861,1290
552a5303-9e99-4ae0-82e8-57bcc334db15,a909d03d-ddbb-4a70-9558-4ba18ac3071f,URO,Urology,954,1073
895e624d-beb6-4366-beea-a38500064d36,a909d03d-ddbb-4a70-9558-4ba18ac3071f,NEURO,Neurology,1337,1362
862d3f2f-757b-404f-ae55-0165533cd100,a909d03d-ddbb-4a70-9558-4ba18ac3071f,OBG,Obstetrics & Gynaecology,1387,581
a2b89940-0994-4baa-8428-feb0c7d8dfec,a909d03d-ddbb-4a70-9558-4ba18ac3071f,OPTH,Ophthalmology,957,2022
bea1f06c-b107-4a1a-bc92-679380317fb4,a909d03d-ddbb-4a70-9558-4ba18ac3071f,ORTH,Orthopaedics,1310,661
59328ab3-80df-4da0-b80f-713edf842fdf,a91e761e-c0bd-446e-b9ee-b293ce8f2cf8,OBG,Obstetrics & Gynaecology,673,460
21f5f917-7c53-40e5-826d-294868ba85d4,a91e761e-c0bd-446e-b9ee-b293ce8f2cf8,OPTH,Ophthalmology,1205,782
f596b218-26fe-45f8-aa8a-fa442a05d0bd,a91e761e-c0bd-446e-b9ee-b293ce8f2cf8,ENT,ENT,1562,297
fd981a4a-3c68-4a86-b4e5-a501ecd5db04,a91e761e-c0bd-446e-b9ee-b293ce8f2cf8,PEDS,Paediatrics,531,1319
94be8f88-b920-4d01-90e5-aac64985cc5d,a9cbe62c-c756-4ef0-900f-6093b208f02e,CARD,Cardiology,1796,1056
b84601a1-6b4d-475e-b944-028546742806,a9cbe62c-c756-4ef0-900f-6093b208f02e,ORTH,Orthopaedics,1066,615
9d532bf0-456b-4464-95e9-702723f7b3ed,a9cbe62c-c756-4ef0-900f-6093b208f02e,URO,Urology,1887,479
fb31ffbf-6606-4496-9aa4-7afd676b547f,a9cbe62c-c756-4ef0-900f-6093b208f02e,GS,General Surgery,2258,796
4b88c6e2-7a2b-470a-b980-e8b318bc34e4,a9cbe62c-c756-4ef0-900f-6093b208f02e,NEURO,Neurology,1102,275
83631ce2-2011-43c6-9100-de2ba851dfa2,a9cbe62c-c756-4ef0-900f-6093b208f02e,ONCO,Oncology,989,1373
5b87b7e9-5272-4b75-a655-e48b7dcadc3e,a9cbe62c-c756-4ef0-900f-6093b208f02e,OPTH,Ophthalmology,691,977
aef00fb0-9523-4a8e-b56a-eda0b7ce967e,aa5bacad-5830-42fe-80e5-d3dd9c2ed424,GS,General Surgery,787,1310
c22080b8-9fbb-43d3-81b8-82e0b9bcaae9,aa5bacad-5830-42fe-80e5-d3dd9c2ed424,NEURO,Neurology,923,2305
5d41ea85-6f63-47cb-b444-4dec553e1e66,aa5bacad-5830-42fe-80e5-d3dd9c2ed424,ORTH,Orthopaedics,1196,1195
e444047a-bc29-4783-b84a-3739b30c37c8,aa5bacad-5830-42fe-80e5-d3dd9c2ed424,PEDS,Paediatrics,878,421
d255430f-e735-4908-b4b8-2dc1d8054548,aa5bacad-5830-42fe-80e5-d3dd9c2ed424,ONCO,Oncology,513,410
cc01bffa-1e90-4da7-ad99-a9991929df9f,aaa5f081-2aa2-48c7-9446-6f1876d6f411,GS,General Surgery,1868,156
6d4bcbc9-48e9-49fa-8bca-659fc1dd736a,aaa5f081-2aa2-48c7-9446-6f1876d6f411,ORTH,Orthopaedics,1007,709
bfb2a205-ff82-4436-8dae-f7b1c50205a0,aaa5f081-2aa2-48c7-9446-6f1876d6f411,MED,General Medicine,1626,820
22b1dc35-0282-49f4-b3eb-77d33f4fa9f9,aaa5f081-2aa2-48c7-9446-6f1876d6f411,OBG,Obstetrics & Gynaecology,655,943
20fd7aa4-1ad7-434d-bee2-fc5d22f45db3,aaa5f081-2aa2-48c7-9446-6f1876d6f411,ENT,ENT,2443,1536
a94bd2ff-7ecd-4d45-8b5b-de756d999cef,aaf1df79-ec74-4f05-b724-5e9ec1f2c287,MED,General Medicine,1198,1141
3bc31a7d-6002-4509-9ccb-1e05b3fda805,ab21d38b-3945-4717-b1c9-c068f33a80f2,MED,General Medicine,480,1736
0b27f484-d714-429e-b6fc-04c7088d8fb4,ab21d38b-3945-4717-b1c9-c068f33a80f2,NEURO,Neurology,354,809
f65996d2-2cc7-49c8-a68f-e8306aed4bc7,ab21d38b-3945-4717-b1c9-c068f33a80f2,ORTH,Orthopaedics,50,1718
040a2fb1-0426-4c0b-83ed-8a08e8307296,ab21d38b-3945-4717-b1c9-c068f33a80f2,OBG,Obstetrics & Gynaecology,523,1300
414d946d-b604-4f3d-a257-0b05ccd6ff18,ab21d38b-3945-4717-b1c9-c068f33a80f2,ENT,ENT,294,279
b0dd78c4-4391-47d1-98f8-2469570f58f5,ab21d38b-3945-4717-b1c9-c068f33a80f2,ONCO,Oncology,457,704
3881e988-fbee-48c3-b705-a91a3c8a99cb,ab7a702e-228b-4579-ae2a-65c150f833bf,GS,General Surgery,1387,1005
2120974e-02e5-4948-b7ee-eb92983b63c1,ab7a702e-228b-4579-ae2a-65c150f833bf,PEDS,Paediatrics,641,1470
555f6f5b-76e8-4058-b577-f0eecf6e87d4,ab7a702e-228b-4579-ae2a-65c150f833bf,URO,Urology,713,1250
1344c825-ba5d-4f65-aaae-aa872a8f9700,ab7a702e-228b-4579-ae2a-65c150f833bf,ENT,ENT,1511,726
7ff96ec2-d4c1-4875-ba9f-1c63cbc5e557,ab7a702e-228b-4579-ae2a-65c150f833bf,OPTH,Ophthalmology,1910,797
e71cac1e-7181-4b8a-8cd7-7d81ffe83bd0,ab9584e4-0dd5-4187-a760-7dfa89cb6e08,CARD,Cardiology,729,704
922b130f-22b0-4839-a8b8-d05133adeabc,ab9584e4-0dd5-4187-a760-7dfa89cb6e08,ENT,ENT,1616,1667
c20574c7-cdfd-4a67-a289-0c1703b1c9d2,ab9584e4-0dd5-4187-a760-7dfa89cb6e08,GS,General Surgery,1152,574
ba67c5fe-2b43-432f-a37b-93a8a5c66716,ab9584e4-0dd5-4187-a760-7dfa89cb6e08,MED,General Medicine,707,2029
af385c82-ccba-4918-bfab-68d78e40b1b0,ab9584e4-0dd5-4187-a760-7dfa89cb6e08,NEURO,Neurology,992,1037
639b226d-5765-42c0-a90c-d44413f0fdc0,abe8fb59-9eeb-4a1b-ae32-281761671a90,ORTH,Orthopaedics,858,1519
665940eb-da3c-4476-84f6-a832f31bf338,abe8fb59-9eeb-4a1b-ae32-281761671a90,GS,General Surgery,1115,816
effbfd9f-4b8c-4403-b691-bd410d690fdc,abe8fb59-9eeb-4a1b-ae32-281761671a90,OBG,Obstetrics & Gynaecology,2111,1477
5d441d35-b0d6-440e-a3bf-05f78a45c154,abe8fb59-9eeb-4a1b-ae32-281761671a90,MED,General Medicine,1115,299
71a80749-fa7a-467f-a531-60b9a80cf55e,abe8fb59-9eeb-4a1b-ae32-281761671a90,ONCO,Oncology,1187,634
dd7b6c56-ccc6-4af3-a9eb-07b69f39abf4,abe8fb59-9eeb-4a1b-ae32-281761671a90,OPTH,Ophthalmology,1689,365
ee6a9574-2c1e-48ad-96c4-066c6b092be8,ac3fb7ca-4212-4d8d-b52b-57c23a2b041d,GS,General Surgery,1282,863
0e4d42af-6820-4515-96e5-96ff2cbac3f4,ac3fb7ca-4212-4d8d-b52b-57c23a2b041d,ORTH,Orthopaedics,633,677
522bc8a8-f39f-4caf-b0d6-f4db40bfc0be,ac3fb7ca-4212-4d8d-b52b-57c23a2b041d,CARD,Cardiology,1017,1489
5113e707-9e04-462a-a6de-f4551a11a3ea,ac3fb7ca-4212-4d8d-b52b-57c23a2b041d,ENT,ENT,1401,1099
ed27863f-2fb7-4f01-bb79-7b49d44d994a,ac3fb7ca-4212-4d8d-b52b-57c23a2b041d,MED,General Medicine,893,473
5afd5717-19a3-42f9-b488-544cc52533e3,ac3fb7ca-4212-4d8d-b52b-57c23a2b041d,ONCO,Oncology,443,40
1b4329b2-aa12-4c59-9072-9332561992f4,ac3fb7ca-4212-4d8d-b52b-57c23a2b041d,NEURO,Neurology,435,127
65412102-77be-49d4-97aa-6b1299856281,acf54909-f429-4c8a-8b44-561e9ab988b9,NEURO,Neurology,1026,1000
3c0e9316-3c99-47f7-9034-ce8d78ceed9c,acf54909-f429-4c8a-8b44-561e9ab988b9,ORTH,Orthopaedics,50,489
bb5e6aac-0a3b-41bc-954b-fb74620d96da,acf54909-f429-4c8a-8b44-561e9ab988b9,MED,General Medicine,199,862
e288083c-08f1-49a6-8e3f-cbf7d1e01baf,acf54909-f429-4c8a-8b44-561e9ab988b9,ENT,ENT,922,638
6df2a0a5-fae7-4050-a3b2-8995006d96e1,acf54909-f429-4c8a-8b44-561e9ab988b9,GS,General Surgery,414,394
8c613fc0-1fa6-4e13-8d0f-26dc57b83c21,acf7cc6d-d2d5-450c-8ea2-2e4c3aab8048,CARD,Cardiology,1262,1388
e752d8bb-bbcf-4244-a069-ad132e0cbd19,acf7cc6d-d2d5-450c-8ea2-2e4c3aab8048,OBG,Obstetrics & Gynaecology,698,90
5c6b09a9-7e48-44a5-9cdc-3a62b9ac3bda,acf7cc6d-d2d5-450c-8ea2-2e4c3aab8048,URO,Urology,1820,1955
04d0a697-05da-46f1-a866-ed6d402bff0f,acf7cc6d-d2d5-450c-8ea2-2e4c3aab8048,GS,General Surgery,1166,451
3ebe48ea-77d7-4485-a401-d42caafefb05,acf7cc6d-d2d5-450c-8ea2-2e4c3aab8048,ORTH,Orthopaedics,910,404
012f8bab-35d3-457b-a96d-779b72d866c4,acf7cc6d-d2d5-450c-8ea2-2e4c3aab8048,PEDS,Paediatrics,1400,1712
da2c763f-43a3-48b0-9fb2-da95ad098844,ad07b329-06d5-46f3-9709-399ed205e161,OBG,Obstetrics & Gynaecology,1228,1636
dde09671-3913-45af-a717-213d70e1bab9,ad07b329-06d5-46f3-9709-399ed205e161,GS,General Surgery,1458,2251
f2220d30-0341-491e-8bef-356eaab4faec,ad07b329-06d5-46f3-9709-399ed205e161,CARD,Cardiology,1075,558
a87cfc28-5348-414d-9a9c-c5eaaba0036a,ad07b329-06d5-46f3-9709-399ed205e161,URO,Urology,762,1233
35da3a97-45b0-4ec3-a76c-95122bf79945,ad07b329-06d5-46f3-9709-399ed205e161,NEURO,Neurology,1102,687
339e030e-a524-4595-b832-be698965367e,ad07b329-06d5-46f3-9709-399ed205e161,ONCO,Oncology,1409,1494
79a54751-3afa-43c3-ae68-d62ac0775676,ad116e44-2c61-4564-ace0-da6afa66b3ba,URO,Urology,925,1496
d8cbeac1-9cd2-4ffd-86a1-3cc8622e8c3d,ad116e44-2c61-4564-ace0-da6afa66b3ba,NEURO,Neurology,669,579
4b22f605-fef8-49ba-9fdf-58ecff2f4158,ad116e44-2c61-4564-ace0-da6afa66b3ba,PEDS,Paediatrics,2132,1697
81d63cae-43b2-48e7-bf19-c3a229e92a4f,ad116e44-2c61-4564-ace0-da6afa66b3ba,MED,General Medicine,695,1092
07ee8c50-9eba-4885-a703-e3be1e697aad,ad116e44-2c61-4564-ace0-da6afa66b3ba,OPTH,Ophthalmology,1209,1394
e978675a-8096-4d3e-bceb-ed89e9014362,ad536887-87c6-4a8f-a488-60e6dcf59bf2,OBG,Obstetrics & Gynaecology,1137,1286
69358be6-024b-4336-99b9-2007a27ff63e,ad536887-87c6-4a8f-a488-60e6dcf59bf2,CARD,Cardiology,2001,966
a8874e2e-cfb4-4cd8-ba89-b39ab5d83ce7,ad536887-87c6-4a8f-a488-60e6dcf59bf2,ORTH,Orthopaedics,1381,792
e20026ab-48b3-48c7-847a-dbd139d069f0,ad536887-87c6-4a8f-a488-60e6dcf59bf2,GS,General Surgery,2219,1346
49bf13a5-1ecc-4f73-a224-017f918f13c6,ad536887-87c6-4a8f-a488-60e6dcf59bf2,OPTH,Ophthalmology,992,695
38c566cc-eba6-4ad8-b755-a4c45aedc9e0,ad536887-87c6-4a8f-a488-60e6dcf59bf2,NEURO,Neurology,663,325
48fd20ec-bea3-46b9-a761-b4f6ce5d5014,ad536887-87c6-4a8f-a488-60e6dcf59bf2,ONCO,Oncology,978,1284
45563409-61bd-4907-a095-d74e6224afd7,ad536887-87c6-4a8f-a488-60e6dcf59bf2,URO,Urology,1268,247
791a1acf-a9e5-4c37-931c-122b644c975b,ada15fd7-ebe9-4bd5-950b-8a6f5b0e031e,URO,Urology,927,1241
701c512d-4e9f-4212-a02e-74cd7e084aac,ada15fd7-ebe9-4bd5-950b-8a6f5b0e031e,MED,General Medicine,50,175
dc9cf241-1a75-4361-959a-2a61e0ac0fad,ada15fd7-ebe9-4bd5-950b-8a6f5b0e031e,CARD,Cardiology,673,992
79729134-aa3a-49d4-9e30-0524fe3d009a,ada15fd7-ebe9-4bd5-950b-8a6f5b0e031e,ENT,ENT,656,910
6efc4b62-909e-4cbe-ba65-ad05c32dfec8,ada15fd7-ebe9-4bd5-950b-8a6f5b0e031e,GS,General Surgery,922,870
9694d8c8-3a54-482a-8538-995cd0d7f586,adba0d3c-b72e-4c6f-b376-639e95459491,CARD,Cardiology,1957,749
e9c76f43-bc8a-465a-86dc-24d654ce2c72,adba0d3c-b72e-4c6f-b376-639e95459491,ORTH,Orthopaedics,1216,826
6e54cb0b-f1cd-4b63-a494-dc31c81d7b50,adba0d3c-b72e-4c6f-b376-639e95459491,NEURO,Neurology,1190,1605
7d38ada4-d037-409e-b02a-614e68ec8c61,adba0d3c-b72e-4c6f-b376-639e95459491,ONCO,Oncology,1027,1200
f112f7ee-86a6-4904-a51e-2c908e2f6c0b,adba0d3c-b72e-4c6f-b376-639e95459491,OPTH,Ophthalmology,564,594
c847ba61-3758-4b7e-8541-9fa407056c6e,adba0d3c-b72e-4c6f-b376-639e95459491,PEDS,Paediatrics,742,1162
cd1d1581-5859-463f-9f95-c367c7b9e042,add41731-c1ec-4042-ba9c-e962f7bdc5bf,MED,General Medicine,843,856
c1bd543a-79a3-45cb-9ec5-69cb0e91da2d,add41731-c1ec-4042-ba9c-e962f7bdc5bf,ONCO,Oncology,50,1762
b29ae52a-9788-4c70-8032-93ff49b76032,add41731-c1ec-4042-ba9c-e962f7bdc5bf,URO,Urology,1861,682
013584e2-2579-4024-b978-6fd7dabbb96c,add41731-c1ec-4042-ba9c-e962f7bdc5bf,OPTH,Ophthalmology,50,818
b1aee292-2689-43e2-88eb-ba38273139f3,add41731-c1ec-4042-ba9c-e962f7bdc5bf,NEURO,Neurology,1153,814
620887d0-6908-448d-b055-e22f3dd3e5e1,add41731-c1ec-4042-ba9c-e962f7bdc5bf,ORTH,Orthopaedics,1190,1730
c3100df5-9424-4e46-b9e3-19c4610b0f32,ae1ffb7d-3356-413e-8d09-e4b485d1f91d,GS,General Surgery,289,723
b9ac4056-2686-4708-97f3-fae09a43912a,ae1ffb7d-3356-413e-8d09-e4b485d1f91d,ORTH,Orthopaedics,1834,759
b856b95b-6a4e-4b51-bc75-4726b706bdd4,ae1ffb7d-3356-413e-8d09-e4b485d1f91d,CARD,Cardiology,1255,1363
dd741f81-671e-4904-8c84-9e8c58b68cbc,ae1ffb7d-3356-413e-8d09-e4b485d1f91d,NEURO,Neurology,1290,148
8cd3421b-6fd3-40e6-bd37-ca052d651302,ae1ffb7d-3356-413e-8d09-e4b485d1f91d,PEDS,Paediatrics,415,836
7020e768-eed9-471e-baec-be02f04cad60,af0c2126-411f-4ebf-a509-5b165c8e064d,MED,General Medicine,1241,811
cf502bde-ba91-4cfe-8d5b-4ed958eb24a1,af0c2126-411f-4ebf-a509-5b165c8e064d,OBG,Obstetrics & Gynaecology,1454,873
e3771ea8-a27e-4077-9db4-cf244a5df4ea,af0c2126-411f-4ebf-a509-5b165c8e064d,OPTH,Ophthalmology,617,1079
158d8076-1445-4f85-a0d6-28d237122022,af0c2126-411f-4ebf-a509-5b165c8e064d,URO,Urology,1018,2779
301393e8-e44b-4792-ac34-ecc73a9ee4ed,af0c2126-411f-4ebf-a509-5b165c8e064d,CARD,Cardiology,1706,1295
2437c4c2-7e7e-421d-885f-f41818812894,af0c2126-411f-4ebf-a509-5b165c8e064d,PEDS,Paediatrics,565,1276
587428f8-cf12-46c3-8660-17d6cbd9483b,af0c2126-411f-4ebf-a509-5b165c8e064d,NEURO,Neurology,1293,40
9a9bec69-02b4-47d9-baea-21e33611aaa1,af3e2e11-0e2b-4ac1-9b75-85208d8dfdf7,OPTH,Ophthalmology,853,2080
11c5a69a-3ede-4207-8ae7-640c0f3ef436,af3e2e11-0e2b-4ac1-9b75-85208d8dfdf7,URO,Urology,109,1100
6f9786fa-4cc5-4b9b-b4d5-7a69b0120faf,af3e2e11-0e2b-4ac1-9b75-85208d8dfdf7,GS,General Surgery,851,1272
8cc78944-6faa-4d0b-8b93-41dbb47ad6d3,af3e2e11-0e2b-4ac1-9b75-85208d8dfdf7,MED,General Medicine,964,1086
3974ac67-8af2-41cf-b666-e2f925ad9909,af3e2e11-0e2b-4ac1-9b75-85208d8dfdf7,ONCO,Oncology,1062,572
07192299-e511-4d68-addf-b31744823129,af3e2e11-0e2b-4ac1-9b75-85208d8dfdf7,PEDS,Paediatrics,451,1153
c25a021b-fb82-4947-b7a8-4948ac86d5e7,af8efed9-e4cb-4d10-93f2-5771c0e8dfa5,GS,General Surgery,936,872
a5350182-9c6f-4dec-8b92-baf7a92bbe23,af8efed9-e4cb-4d10-93f2-5771c0e8dfa5,MED,General Medicine,1208,1480
222f81ef-2cb1-479c-ae75-851442df32c5,af8efed9-e4cb-4d10-93f2-5771c0e8dfa5,OPTH,Ophthalmology,119,40
d25347b8-b8a7-4781-92ff-d931a4992a1a,af8efed9-e4cb-4d10-93f2-5771c0e8dfa5,URO,Urology,50,809
ea094e31-8570-4cdf-8f88-f87c979b8a6d,af8efed9-e4cb-4d10-93f2-5771c0e8dfa5,CARD,Cardiology,1573,1114
53a65951-5bbb-43bc-968c-ba4ba5c19b6b,af8efed9-e4cb-4d10-93f2-5771c0e8dfa5,OBG,Obstetrics & Gynaecology,1912,1908
004634e5-329b-4231-a253-2facde0c50db,af8efed9-e4cb-4d10-93f2-5771c0e8dfa5,NEURO,Neurology,695,826
8a467277-3f53-4f32-a9c0-62b72a6e0906,af8efed9-e4cb-4d10-93f2-5771c0e8dfa5,ENT,ENT,50,513
f70544f4-711c-4074-9a49-f580f575d1d6,af9c4663-08cd-4aa8-a9b0-5d4a9f1c3441,OBG,Obstetrics & Gynaecology,2671,471
4702b97d-1500-4a58-aef6-c2bbb83eae00,af9c4663-08cd-4aa8-a9b0-5d4a9f1c3441,OPTH,Ophthalmology,1985,1431
1d58233d-882e-4560-9dab-7454f72e54a7,af9c4663-08cd-4aa8-a9b0-5d4a9f1c3441,ORTH,Orthopaedics,579,1785
b38a2f15-117b-4555-bc52-8cf8a32d9ad9,af9c4663-08cd-4aa8-a9b0-5d4a9f1c3441,CARD,Cardiology,50,521
ab3f6fd7-ea83-4e4f-8d88-db7c6f675ae4,af9c4663-08cd-4aa8-a9b0-5d4a9f1c3441,NEURO,Neurology,446,429
1f014de3-8cef-46d6-9691-ee37b1dd1180,af9c4663-08cd-4aa8-a9b0-5d4a9f1c3441,ENT,ENT,957,929
77b3298b-e5a4-4c28-b393-58e0501fa148,b021220d-d23d-482d-a75c-997064c3ae1a,ONCO,Oncology,835,1212
381644de-32c1-4fb9-9fe4-4630ddfc1e0d,b021220d-d23d-482d-a75c-997064c3ae1a,CARD,Cardiology,399,399
027d9348-8924-47b8-b9c4-cbc03349b3d2,b021220d-d23d-482d-a75c-997064c3ae1a,ORTH,Orthopaedics,888,1337
ac7d121b-cd79-4482-9ea3-8a8a76cb63dc,b021220d-d23d-482d-a75c-997064c3ae1a,URO,Urology,1423,534
139c7511-c9cd-4b4d-ac9b-ca80fba60941,b021220d-d23d-482d-a75c-997064c3ae1a,NEURO,Neurology,50,673
0c8d15d3-5801-4c1b-9396-46886edc37d1,b026ca22-e993-4dd3-b76c-295589021af4,CARD,Cardiology,475,828
85d43325-46fd-410e-983c-728dc7312d53,b026ca22-e993-4dd3-b76c-295589021af4,GS,General Surgery,735,1091
d469cc30-f01c-4a14-a933-166dc6fce4d2,b026ca22-e993-4dd3-b76c-295589021af4,OBG,Obstetrics & Gynaecology,525,715
45af2ab5-cada-406b-9ad9-dfd76fbd0582,b026ca22-e993-4dd3-b76c-295589021af4,ENT,ENT,1621,989
e29cbd06-ab14-42e2-83a1-ee4cc46a6b6f,b026ca22-e993-4dd3-b76c-295589021af4,NEURO,Neurology,967,1144
66514c74-5716-4833-b51b-2920fff56dd7,b026ca22-e993-4dd3-b76c-295589021af4,URO,Urology,496,560
b17c37f5-dc3f-4cb4-95ce-e4d80e3476a4,b026ca22-e993-4dd3-b76c-295589021af4,OPTH,Ophthalmology,2117,870
d7a34700-8586-447b-ad65-1aaf30645a58,b056e2c7-7f95-4783-add3-084565af297e,CARD,Cardiology,1228,593
a8a35b8e-2616-4108-903c-bc8210c5d573,b056e2c7-7f95-4783-add3-084565af297e,ORTH,Orthopaedics,660,927
d665a850-e4c0-4dbe-9db9-66a428862032,b056e2c7-7f95-4783-add3-084565af297e,GS,General Surgery,781,900
85084c30-2998-4e59-b0d2-1b521e571283,b056e2c7-7f95-4783-add3-084565af297e,NEURO,Neurology,968,1315
19db665b-f367-4813-996f-f863980f7263,b0d0a36d-733b-4790-b6cb-b1776cdbe3b1,GS,General Surgery,376,295
5e078c9a-c3f9-4f4b-b17b-59e34f26a383,b0d0a36d-733b-4790-b6cb-b1776cdbe3b1,CARD,Cardiology,641,420
5afe7191-198b-4bab-b471-bd114eafd5fc,b0d0a36d-733b-4790-b6cb-b1776cdbe3b1,ORTH,Orthopaedics,427,1015
353fef34-2e6c-4ebc-a843-5bd9d412d154,b0d0a36d-733b-4790-b6cb-b1776cdbe3b1,OPTH,Ophthalmology,1090,1182
2a0aa53f-ee3e-4a50-b8aa-46c315fca6e6,b0d0a36d-733b-4790-b6cb-b1776cdbe3b1,OBG,Obstetrics & Gynaecology,1448,904
220cb71c-20a5-4ff2-9940-b3b32fd9b64a,b0d0a36d-733b-4790-b6cb-b1776cdbe3b1,ONCO,Oncology,1109,1354
bcc85b98-c210-446e-90aa-94c82cf95447,b0d0a36d-733b-4790-b6cb-b1776cdbe3b1,PEDS,Paediatrics,1377,1606
006ea56f-d295-44fc-a8da-c2be303d7db6,b0e846eb-f1ac-4d53-8a36-7dfb7eedd2ab,NEURO,Neurology,807,1454
4ee6e4e0-5da4-4b4d-97fa-99a430a469fe,b0e846eb-f1ac-4d53-8a36-7dfb7eedd2ab,ORTH,Orthopaedics,1280,1483
20083254-5e0d-4fb9-93ca-12c94eda162d,b0e846eb-f1ac-4d53-8a36-7dfb7eedd2ab,URO,Urology,694,1111
c8112545-c316-4d2b-8a79-cc9fd2221852,b0f66a2c-793a-4064-8e9b-af17984a259f,CARD,Cardiology,1452,586
968aaa93-bd64-4cc8-95d9-acec76c63f1a,b0f66a2c-793a-4064-8e9b-af17984a259f,ORTH,Orthopaedics,1711,1477
552c876d-15b9-4b44-8df1-3aeeb0904c24,b0f66a2c-793a-4064-8e9b-af17984a259f,ONCO,Oncology,112,634
c65c6a69-ca2c-48c1-ac2b-d8fd9b1007ba,b0f66a2c-793a-4064-8e9b-af17984a259f,NEURO,Neurology,1090,580
fb5ed1a5-cc38-409c-a54f-1ed8ad3cd37a,b0f66a2c-793a-4064-8e9b-af17984a259f,OPTH,Ophthalmology,1283,1189
c0f6e93b-4fe7-4d19-9908-645ee9381b05,b123c7ac-cb54-4042-ba26-b405b5c62baa,ORTH,Orthopaedics,1371,1309
88ba66b1-34a2-47e8-815b-2d7cec667974,b123c7ac-cb54-4042-ba26-b405b5c62baa,GS,General Surgery,442,600
b62a13b8-2612-484f-829f-734a9a2fc2ea,b123c7ac-cb54-4042-ba26-b405b5c62baa,OPTH,Ophthalmology,1285,799
bd0d4f25-3c75-4134-b9f4-012972202d5b,b123c7ac-cb54-4042-ba26-b405b5c62baa,CARD,Cardiology,1005,1124
0c2af602-6082-4048-901d-95823d71d37e,b123c7ac-cb54-4042-ba26-b405b5c62baa,NEURO,Neurology,645,1006
4402c7a6-2ef4-41e6-8055-c734ecb8c576,b16b2e13-7767-4898-b98d-289acf8aad62,GS,General Surgery,206,1748
b8eb420c-cb59-4f16-b01e-bd13f85cf315,b16b2e13-7767-4898-b98d-289acf8aad62,OPTH,Ophthalmology,1858,1793
cc368353-2561-41b8-a8cd-5ea0fd526d71,b16b2e13-7767-4898-b98d-289acf8aad62,PEDS,Paediatrics,1211,637
e2d2e182-cb0c-41aa-9481-efde96b01d35,b16b2e13-7767-4898-b98d-289acf8aad62,ONCO,Oncology,1533,663
daf34804-0dfd-42d8-abe4-e1dcf09ab85c,b1a01709-3640-4987-952c-c1da803e56e5,GS,General Surgery,2237,1199
ce6ffff8-4182-4d33-a1ed-078fa730d538,b1a01709-3640-4987-952c-c1da803e56e5,OBG,Obstetrics & Gynaecology,2029,40
1767a697-00bf-4446-8663-90897097e007,b1a01709-3640-4987-952c-c1da803e56e5,OPTH,Ophthalmology,716,40
512b6e38-c9ac-41fa-94ca-e6f496f0dcf0,b1a01709-3640-4987-952c-c1da803e56e5,CARD,Cardiology,385,349
f463b3ca-264d-42a3-a58b-dd3966943fdb,b1a01709-3640-4987-952c-c1da803e56e5,ENT,ENT,2230,746
069b999a-35d6-4069-b9aa-1b9d25f16193,b1a01709-3640-4987-952c-c1da803e56e5,MED,General Medicine,1276,1347
c7c5cb31-baa1-406b-bf11-54e897c13a95,b1aa3128-ec24-441c-9f91-c0d173ec2e65,CARD,Cardiology,1489,40
a9c4f857-d087-44a2-b7d2-70fe6e912c55,b1aa3128-ec24-441c-9f91-c0d173ec2e65,GS,General Surgery,797,732
3e48c3ac-6f94-4cd4-8e2f-c078be71bcb7,b1aa3128-ec24-441c-9f91-c0d173ec2e65,OPTH,Ophthalmology,2012,1063
b2f676f7-429d-4917-85c5-d5c5ba6b8d89,b1aa3128-ec24-441c-9f91-c0d173ec2e65,NEURO,Neurology,949,1129
f3230002-0c46-40cb-b6cb-066aa7a20b26,b1aa3128-ec24-441c-9f91-c0d173ec2e65,ORTH,Orthopaedics,185,988
445ac8dc-254c-4214-a597-004ffb3b205a,b1aa3128-ec24-441c-9f91-c0d173ec2e65,PEDS,Paediatrics,1074,902
9dc0ce82-15e7-4fd6-9434-c6b098f092c9,b1aa3128-ec24-441c-9f91-c0d173ec2e65,URO,Urology,1105,375
edd27ffe-1ecd-470f-a212-d49aa47fe63b,b1aa3128-ec24-441c-9f91-c0d173ec2e65,ENT,ENT,2256,176
8f9ad97e-15be-4ddd-a46f-fa5606acb4b4,b1aeb9da-52c6-4616-991a-527d6a3eed4d,CARD,Cardiology,396,683
8c90e37b-105a-4de8-84fe-da7dfbc45e03,b1aeb9da-52c6-4616-991a-527d6a3eed4d,ONCO,Oncology,2101,1434
4d6d7af7-a22d-4643-aa45-ba2cf9c239a8,b1aeb9da-52c6-4616-991a-527d6a3eed4d,ORTH,Orthopaedics,214,924
7c64ee9f-e2fa-4092-aeb4-63baa24681c3,b1aeb9da-52c6-4616-991a-527d6a3eed4d,URO,Urology,870,986
36de11e9-26cd-43a5-8030-68bb2755cecd,b1aeb9da-52c6-4616-991a-527d6a3eed4d,ENT,ENT,1281,1749
79251c91-eb72-40b8-adb0-f0832c49b469,b1aeb9da-52c6-4616-991a-527d6a3eed4d,NEURO,Neurology,397,767
c148b0a7-6dd4-4e0e-95d9-090f3b9663a3,b1df8b8a-7700-49d0-868f-15a80efe786f,ORTH,Orthopaedics,2002,606
410c7b7c-8e4f-434b-bbfb-f1db23071b1d,b1df8b8a-7700-49d0-868f-15a80efe786f,ENT,ENT,1580,1093
7b19c6c4-0887-4d35-9783-1ce37daaa1c8,b1df8b8a-7700-49d0-868f-15a80efe786f,MED,General Medicine,1038,884
f1b5e378-90ad-4aff-8364-9d6026fe540d,b1df8b8a-7700-49d0-868f-15a80efe786f,URO,Urology,2106,40
44cb8a5d-888b-448d-b5f4-ebf85b10369c,b1df8b8a-7700-49d0-868f-15a80efe786f,ONCO,Oncology,1100,1002
bde21bdd-e1a5-4ebf-99e0-a945f3b5976f,b22dfe14-de77-44d3-99b4-a9eea57ae084,MED,General Medicine,503,1539
33815d7c-24e4-4d38-a1a1-ad794bcebcd9,b22dfe14-de77-44d3-99b4-a9eea57ae084,URO,Urology,1434,1538
2a2b4468-2877-44be-9901-be97cb10c93d,b22dfe14-de77-44d3-99b4-a9eea57ae084,CARD,Cardiology,1152,688
63712c55-678a-4d97-adf9-3e696cdc9152,b22dfe14-de77-44d3-99b4-a9eea57ae084,ONCO,Oncology,570,834
9cc49e19-f904-4ee1-b8fc-b751a512cd23,b22dfe14-de77-44d3-99b4-a9eea57ae084,NEURO,Neurology,2116,1816
09a72b38-dbed-4c44-b5bb-bf749d68ebd0,b22dfe14-de77-44d3-99b4-a9eea57ae084,OPTH,Ophthalmology,917,1098
d82f4ce1-aebd-4298-aa68-28cb5ab513fc,b2903e45-442e-4dc9-b7e2-94c999ac28d8,CARD,Cardiology,613,1165
2c1bb4c3-7e9b-49da-801a-c5dae6f746a3,b2903e45-442e-4dc9-b7e2-94c999ac28d8,GS,General Surgery,1237,917
f7688125-e061-4bf1-8946-775a71893c8b,b2903e45-442e-4dc9-b7e2-94c999ac28d8,OPTH,Ophthalmology,1146,1436
17ad3ae5-f14e-40f9-aafc-ee61b7c88291,b2903e45-442e-4dc9-b7e2-94c999ac28d8,ENT,ENT,1496,399
b292c18d-7df9-4d4f-bd97-e4c3b0084a6f,b2a30819-9db4-4966-a064-579a464507bd,ORTH,Orthopaedics,392,321
11baf283-c116-43f4-9462-ae366ff9f7d4,b2a30819-9db4-4966-a064-579a464507bd,URO,Urology,530,2045
ca475b26-636e-40b4-88af-ffc31866724b,b2a30819-9db4-4966-a064-579a464507bd,MED,General Medicine,1599,715
dc89ce48-6e16-4d2a-a918-5b587203265d,b2a30819-9db4-4966-a064-579a464507bd,CARD,Cardiology,1575,891
c3df8e61-f6df-49ee-bbad-6e3fa68c813b,b2a30819-9db4-4966-a064-579a464507bd,ENT,ENT,816,116
020aa2ea-01a6-4a7b-ab88-c649262eeb77,b2a30819-9db4-4966-a064-579a464507bd,GS,General Surgery,1131,1291
8b0a0e39-42ec-4047-b5df-d167bdbb37bb,b311f10f-94e5-4859-963d-6349b6d9acca,ORTH,Orthopaedics,738,134
067d4407-03a8-447e-bc66-3767e2648503,b311f10f-94e5-4859-963d-6349b6d9acca,CARD,Cardiology,1229,524
56e9ab6b-7e36-41d7-a605-c0dcb2913764,b311f10f-94e5-4859-963d-6349b6d9acca,MED,General Medicine,1745,1648
0743e607-bd16-4c80-9702-9ddd7cdb385c,b311f10f-94e5-4859-963d-6349b6d9acca,OPTH,Ophthalmology,951,1502
006f5773-451e-483b-ae92-e3b15165fad0,b311f10f-94e5-4859-963d-6349b6d9acca,NEURO,Neurology,360,1177
bfaf088d-2a98-4b06-a777-35eff107ce6e,b3131489-f06b-425d-9ccd-467eb7e1d542,URO,Urology,1808,1216
8e431bed-82cf-49be-89ef-12c337d5b691,b3131489-f06b-425d-9ccd-467eb7e1d542,ENT,ENT,883,1554
b83403e0-2d48-40ba-bb27-7eb8ffe240b2,b313cb2c-8092-45e6-a324-01f2adcba66b,GS,General Surgery,1286,487
17cd0350-6cf3-4377-9635-581e20399ead,b313cb2c-8092-45e6-a324-01f2adcba66b,MED,General Medicine,1629,1106
68f8323d-f774-418c-aed8-fd4f47a897b3,b313cb2c-8092-45e6-a324-01f2adcba66b,ORTH,Orthopaedics,2234,1418
10ba0be2-8ad4-443f-97e9-9c8713de48a7,b313cb2c-8092-45e6-a324-01f2adcba66b,PEDS,Paediatrics,1080,731
220133be-f837-4c48-880b-bcb9f18f8425,b313cb2c-8092-45e6-a324-01f2adcba66b,URO,Urology,662,414
5e8d2a22-5155-454d-916c-ec8587f2fa2f,b313cb2c-8092-45e6-a324-01f2adcba66b,ENT,ENT,838,1632
4932e5df-3a48-40da-a82f-49933499eaa8,b342c6dc-22fb-44bd-b333-9db0f6d69463,MED,General Medicine,1195,610
009585ea-9579-4d93-91d2-7ea8d7c068e7,b342c6dc-22fb-44bd-b333-9db0f6d69463,URO,Urology,753,1681
174999ab-1e84-4f59-bb91-105d6dd7625d,b342c6dc-22fb-44bd-b333-9db0f6d69463,GS,General Surgery,50,851
0fafbd37-a27a-43b2-8597-899b8bcf04d6,b342c6dc-22fb-44bd-b333-9db0f6d69463,NEURO,Neurology,1115,1423
e4c7b687-12aa-4aeb-a59f-46b277ececa2,b3960456-9c63-4f22-8565-50c8b69428ac,OBG,Obstetrics & Gynaecology,1053,1542
6dbbffc7-a882-40f6-b05b-54dcffa35d6c,b3e3bc01-458c-4c2c-84c6-f008c0086c48,URO,Urology,1240,1027
b22dc6e1-cfac-4a3c-bad6-3b1c9ec7d221,b3e3bc01-458c-4c2c-84c6-f008c0086c48,MED,General Medicine,1246,977
b1088091-ea04-4aff-852d-02a7720d94f6,b3e3bc01-458c-4c2c-84c6-f008c0086c48,CARD,Cardiology,917,124
0f2193fc-26a8-4cdf-84cf-3df4ca52662c,b3e3bc01-458c-4c2c-84c6-f008c0086c48,OPTH,Ophthalmology,196,1119
6af62932-147a-40f0-ae0d-c8f15cc094e7,b3e3bc01-458c-4c2c-84c6-f008c0086c48,NEURO,Neurology,416,923
f497422f-ddc8-423a-a429-b958ec645e58,b3e3bc01-458c-4c2c-84c6-f008c0086c48,OBG,Obstetrics & Gynaecology,1164,1717
a0fb3e27-2790-46dc-996e-a6ec2ceb261a,b3e3bc01-458c-4c2c-84c6-f008c0086c48,ORTH,Orthopaedics,136,1306
ebb7d88d-77f7-4029-b688-730a7b2c0510,b3e3bc01-458c-4c2c-84c6-f008c0086c48,ONCO,Oncology,607,923
347d24a5-0b69-413d-9128-a24a3b84ac29,b3e4b426-63a9-4591-bc44-6dcb2cec9cbe,CARD,Cardiology,731,40
af572e21-5394-4df7-a0a0-fc005cb48b3b,b3e4b426-63a9-4591-bc44-6dcb2cec9cbe,ONCO,Oncology,931,1212
00b718b8-e30b-439c-a78c-c63fde8661c4,b3e4b426-63a9-4591-bc44-6dcb2cec9cbe,URO,Urology,1229,1431
99748916-ae47-4f4e-b7d4-2912f2e09d10,b3e4b426-63a9-4591-bc44-6dcb2cec9cbe,MED,General Medicine,585,917
8c69fcf8-851b-478a-b329-f3e729ffc9cc,b3f0d5b8-7cbf-4f4b-9b6d-9da5394e906a,MED,General Medicine,1243,1977
ee26929c-e13e-4a37-bb70-d928f2180e03,b3f0d5b8-7cbf-4f4b-9b6d-9da5394e906a,OBG,Obstetrics & Gynaecology,557,516
00bfd9fb-c99d-42ff-8e6d-c0650b43b54e,b3f0d5b8-7cbf-4f4b-9b6d-9da5394e906a,ORTH,Orthopaedics,899,1652
011c6026-430b-4196-97d3-8066ceffa411,b3f0d5b8-7cbf-4f4b-9b6d-9da5394e906a,URO,Urology,1195,1076
ac03e001-0cae-40ed-bcc3-a98a1eec1bef,b3f0d5b8-7cbf-4f4b-9b6d-9da5394e906a,CARD,Cardiology,1410,1438
df333466-adb5-4909-b548-d92e569a8634,b3f0d5b8-7cbf-4f4b-9b6d-9da5394e906a,PEDS,Paediatrics,1876,1538
4f3e131a-2e4a-4fd1-a389-84f0883d37f3,b3f0d5b8-7cbf-4f4b-9b6d-9da5394e906a,ENT,ENT,50,1053
62a14cb3-d976-4632-8107-6379b12a23be,b3f0d5b8-7cbf-4f4b-9b6d-9da5394e906a,ONCO,Oncology,1425,839
6be479e1-b2ef-47e9-a869-20ba27a8b73b,b42f3d82-c77f-4b8e-a658-8d1cbadf10f2,GS,General Surgery,1347,723
48cfd438-9578-4e03-bcfc-26ea4290b6c1,b42f3d82-c77f-4b8e-a658-8d1cbadf10f2,ORTH,Orthopaedics,577,1573
162f0c1a-c685-41d3-b794-9dddb7f09f24,b42f3d82-c77f-4b8e-a658-8d1cbadf10f2,CARD,Cardiology,1299,427
1fb689dd-310c-41ee-a28c-657a6b458a61,b42f3d82-c77f-4b8e-a658-8d1cbadf10f2,NEURO,Neurology,351,986
66366002-45e4-4068-9957-298434ef8b82,b42f3d82-c77f-4b8e-a658-8d1cbadf10f2,OPTH,Ophthalmology,50,1372
ad49b1a9-cba2-4ed7-8fcd-4df6c57a178e,b448b89d-9327-4b70-8cc9-4b69718ed796,URO,Urology,373,1432
20cffb07-7963-4d36-a694-0c3e89c98046,b448b89d-9327-4b70-8cc9-4b69718ed796,OPTH,Ophthalmology,1477,1198
32524f8d-2885-408a-b190-539dc33b5e92,b448b89d-9327-4b70-8cc9-4b69718ed796,ORTH,Orthopaedics,1275,1320
516a394d-65dc-4d2b-8414-5826952934a8,b448b89d-9327-4b70-8cc9-4b69718ed796,ENT,ENT,1438,754
cc697950-533b-470f-88f1-a987f3f206b7,b448b89d-9327-4b70-8cc9-4b69718ed796,PEDS,Paediatrics,1502,538
78630dfe-b96c-40ad-b280-7dc93a9c5667,b5ceb52e-22a6-446d-87b6-a559b29cee58,MED,General Medicine,1392,604
9b5dcd44-a534-4976-942a-7927daccfdf1,b5ceb52e-22a6-446d-87b6-a559b29cee58,GS,General Surgery,687,229
696ac9ab-552d-4f7b-83b5-818c3aeff2a8,b5ceb52e-22a6-446d-87b6-a559b29cee58,ONCO,Oncology,1149,1343
7b0fe57c-659b-46a2-a3d9-ff32c29c6b49,b5ceb52e-22a6-446d-87b6-a559b29cee58,OPTH,Ophthalmology,408,433
39f6406a-daa7-40e9-8fd7-0cac589b03c2,b5f97da6-b51c-4684-ae37-09d8fc8ac3a5,MED,General Medicine,699,599
820b78fe-3e2e-493e-9cb5-c8ac6b8d4d74,b5f97da6-b51c-4684-ae37-09d8fc8ac3a5,CARD,Cardiology,1089,1543
5793b888-3595-4fea-87d1-b1a32e033056,b5f97da6-b51c-4684-ae37-09d8fc8ac3a5,NEURO,Neurology,514,40
861a45c0-c65c-4d33-9c53-5ebeebb456cf,b5f97da6-b51c-4684-ae37-09d8fc8ac3a5,ORTH,Orthopaedics,945,1378
414b2548-0010-442b-a90c-1e6e2d68456d,b5f97da6-b51c-4684-ae37-09d8fc8ac3a5,PEDS,Paediatrics,668,1033
b2f5173b-b0a7-41a8-b87b-62c237aaadf3,b608899e-7583-413b-bffe-0de2f1fba9b1,GS,General Surgery,862,1001
499765c1-1e44-4f94-ac16-b5318726923d,b608899e-7583-413b-bffe-0de2f1fba9b1,PEDS,Paediatrics,1825,1471
8eb45c33-afc7-4d8f-8113-f7378942a543,b608899e-7583-413b-bffe-0de2f1fba9b1,ENT,ENT,1002,1335
0144f0b8-9c4c-4d08-84ee-902e26d55982,b608899e-7583-413b-bffe-0de2f1fba9b1,NEURO,Neurology,1708,1212
f327b562-2487-421f-9c43-2240a1d25366,b61d1047-5de7-4eab-bd9b-2d1b23b44a57,GS,General Surgery,525,1456
6cd4c19e-b430-47dd-9441-54989b0f9798,b61d1047-5de7-4eab-bd9b-2d1b23b44a57,CARD,Cardiology,1057,810
f41fee72-3ae9-4c81-a1f7-fc71d6b2d26b,b61d1047-5de7-4eab-bd9b-2d1b23b44a57,MED,General Medicine,797,1046
316196d1-0e86-4df1-bcb3-5fc985f62f37,b61d1047-5de7-4eab-bd9b-2d1b23b44a57,NEURO,Neurology,1993,1285
0797aad4-fb58-4c8e-9ddc-306de2f1ad7d,b61d1047-5de7-4eab-bd9b-2d1b23b44a57,PEDS,Paediatrics,1154,636
e2419708-8f87-4c8a-9674-ee2767146bc1,b64abb23-82b5-4b72-88ae-dc6ecd7225bf,MED,General Medicine,410,1181
8f0ff595-d306-4a48-922a-549c76dfe7b6,b64abb23-82b5-4b72-88ae-dc6ecd7225bf,ONCO,Oncology,821,245
718c0123-f0ea-4cf4-be6b-25c554494190,b64abb23-82b5-4b72-88ae-dc6ecd7225bf,CARD,Cardiology,641,264
ceefc2f8-a31c-4e50-b8c3-8a92f11b392b,b64abb23-82b5-4b72-88ae-dc6ecd7225bf,ENT,ENT,304,955
864deed8-c630-49ef-8553-4de3588f2fcd,b64abb23-82b5-4b72-88ae-dc6ecd7225bf,NEURO,Neurology,1664,97
4ca46c2e-8564-48ef-859b-6cdd8a111bec,b64abb23-82b5-4b72-88ae-dc6ecd7225bf,ORTH,Orthopaedics,1843,1492
878d4ce5-7314-4d34-8dc9-73a544bbaba6,b67f38fc-b061-4476-b9df-fa4782aa80b5,MED,General Medicine,1198,1218
e88e00fc-22b7-42c8-9856-0214c2a1ddac,b67f38fc-b061-4476-b9df-fa4782aa80b5,CARD,Cardiology,1480,1157
a71b90ac-8a11-4fd4-974b-03a168d1c6ef,b67f38fc-b061-4476-b9df-fa4782aa80b5,GS,General Surgery,1438,188
c3019a0a-4a4f-4074-8133-daab2da8497c,b67f38fc-b061-4476-b9df-fa4782aa80b5,NEURO,Neurology,1435,555
003d9972-5036-48cc-a7cb-12dbdd94953f,b67f38fc-b061-4476-b9df-fa4782aa80b5,ORTH,Orthopaedics,1222,1096
3f67f878-b57d-4bae-b6f6-f957d878341c,b6bea3ab-a9b9-47e9-b736-6b723c3fc5b8,OPTH,Ophthalmology,583,1181
4baed418-5b4c-4812-95fc-e72a08352791,b6bea3ab-a9b9-47e9-b736-6b723c3fc5b8,MED,General Medicine,469,1134
49e3f52e-73f9-4a97-bb9a-410c7bf3cbfd,b6bea3ab-a9b9-47e9-b736-6b723c3fc5b8,ORTH,Orthopaedics,1692,748
4a08e3b6-391a-46a3-af25-7991e8da9704,b6bea3ab-a9b9-47e9-b736-6b723c3fc5b8,ENT,ENT,842,1128
70be30c8-d90d-4e75-b5da-ed05310ee479,b6bea3ab-a9b9-47e9-b736-6b723c3fc5b8,GS,General Surgery,1413,779
6e792d7c-3bf9-402f-b950-20ede750fb01,b715add2-8aa2-44b1-a656-5fd5923104bc,ENT,ENT,544,1541
60731592-7db0-4f59-ae13-2fbbab24cac8,b715add2-8aa2-44b1-a656-5fd5923104bc,NEURO,Neurology,567,623
3db103af-0664-46ab-a2f6-551f9f1d4434,b715add2-8aa2-44b1-a656-5fd5923104bc,OPTH,Ophthalmology,1348,80
514cf3b8-3baa-466e-839d-9d485c11f9dc,b715add2-8aa2-44b1-a656-5fd5923104bc,ORTH,Orthopaedics,932,1193
2b487fc1-ad6a-4194-a193-57db0a21bbd0,b715add2-8aa2-44b1-a656-5fd5923104bc,GS,General Surgery,647,1563
1e7c9914-f632-43ae-8cfc-bb3868bbc39c,b715add2-8aa2-44b1-a656-5fd5923104bc,ONCO,Oncology,401,356
acff65d0-c483-43ff-8833-cfeb658ccf32,b715add2-8aa2-44b1-a656-5fd5923104bc,URO,Urology,823,1087
62346630-4b2c-4ea4-9111-9e6051edd6ea,b71f78c9-b54c-438c-b9a0-f45c943d6101,CARD,Cardiology,1074,1953
0c31c9c5-c11c-4650-9e5b-da2ff1cbafdd,b71f78c9-b54c-438c-b9a0-f45c943d6101,ORTH,Orthopaedics,1137,480
6e626bfb-198f-45a7-b482-f45d67f49472,b71f78c9-b54c-438c-b9a0-f45c943d6101,MED,General Medicine,1813,554
382fc856-8fd7-4b05-8f75-bbe26344a163,b71f78c9-b54c-438c-b9a0-f45c943d6101,GS,General Surgery,1384,571
d13ce715-9102-4423-af3c-b361b87c7db3,b71f78c9-b54c-438c-b9a0-f45c943d6101,OPTH,Ophthalmology,707,389
9ad26877-c818-4028-9d01-762447e27997,b71f78c9-b54c-438c-b9a0-f45c943d6101,PEDS,Paediatrics,50,836
527af92a-f287-4b7d-84cb-1f956484ef8c,b71f78c9-b54c-438c-b9a0-f45c943d6101,URO,Urology,882,496
5e53169a-af5b-4bf5-b912-a220bf876af3,b71f78c9-b54c-438c-b9a0-f45c943d6101,NEURO,Neurology,50,807
1f25a7ec-9d04-4fa0-9734-0f237124fd5f,b7220b85-186d-4e82-a7e3-32b1f108eca1,ONCO,Oncology,944,51
ffd50a22-0e16-4be4-96f6-e5aecdb6af0a,b7220b85-186d-4e82-a7e3-32b1f108eca1,OPTH,Ophthalmology,862,1379
0e3a6e82-3f3f-41ad-b495-682418ef4b17,b7220b85-186d-4e82-a7e3-32b1f108eca1,PEDS,Paediatrics,586,221
ead8f1ac-5c57-402e-b90e-a8244dd617bf,b7220b85-186d-4e82-a7e3-32b1f108eca1,CARD,Cardiology,886,384
ffd9a649-cd48-448e-b2a7-0c5b63623891,b7220b85-186d-4e82-a7e3-32b1f108eca1,NEURO,Neurology,637,1162
4f5b703e-cb8d-4bad-8c49-072f2e623750,b79eae79-6919-4ab6-9461-71469bffe8f0,GS,General Surgery,2090,1127
6e41015a-aeb1-46c0-a06e-4f50944405a5,b79eae79-6919-4ab6-9461-71469bffe8f0,MED,General Medicine,441,898
385da54d-7ebf-42ac-8eee-c579027751cc,b79eae79-6919-4ab6-9461-71469bffe8f0,URO,Urology,1375,1159
1bd0f270-0930-48d5-8b26-a263ecd47815,b79eae79-6919-4ab6-9461-71469bffe8f0,CARD,Cardiology,1789,415
f460c8eb-a1e9-466a-8850-2587c1426512,b79eae79-6919-4ab6-9461-71469bffe8f0,OPTH,Ophthalmology,1271,1150
5731549c-d203-4044-a6a1-42505dded293,b79eae79-6919-4ab6-9461-71469bffe8f0,ENT,ENT,1757,859
7050d734-4347-4184-9d55-581054847b04,b79eae79-6919-4ab6-9461-71469bffe8f0,NEURO,Neurology,553,450
23488521-3872-4f9c-915b-94164bd36a8a,b82951e4-9794-4974-a95a-8941775bfa33,ORTH,Orthopaedics,617,681
407b3515-0393-4ed2-a777-bcc73ff860d8,b82951e4-9794-4974-a95a-8941775bfa33,OPTH,Ophthalmology,1060,289
30add3a4-6d95-4e53-8d73-1b2c984e7d15,b82951e4-9794-4974-a95a-8941775bfa33,OBG,Obstetrics & Gynaecology,360,742
9186cd4b-c8ce-494a-ab9c-0755b510ef51,b82951e4-9794-4974-a95a-8941775bfa33,CARD,Cardiology,521,1082
0eb4fd3e-80bb-4a58-87c4-eac7b1af4f34,b82951e4-9794-4974-a95a-8941775bfa33,ENT,ENT,684,104
03655886-9a78-4898-bc6e-fc4ea4ddb2da,b82951e4-9794-4974-a95a-8941775bfa33,URO,Urology,955,1272
cf081998-e184-446e-bce4-d559d607b4f5,b82951e4-9794-4974-a95a-8941775bfa33,MED,General Medicine,1317,1242
40738b49-e396-4621-80e8-8e215ba2354d,b8690143-950f-4ee7-a5d8-4ee70f60e750,CARD,Cardiology,1406,1229
51aceb52-83aa-438e-ae18-6fe8ad3fc7f9,b8690143-950f-4ee7-a5d8-4ee70f60e750,MED,General Medicine,1481,758
2dd653f0-3ddb-434a-8e9a-fc563a8cb92a,b8690143-950f-4ee7-a5d8-4ee70f60e750,OPTH,Ophthalmology,977,904
c145e47b-0e26-40c3-bbc1-0c67edecd9a0,b8690143-950f-4ee7-a5d8-4ee70f60e750,URO,Urology,662,804
52dc232d-7779-45a8-a350-a3c22a8af30c,b8690143-950f-4ee7-a5d8-4ee70f60e750,ENT,ENT,1380,1232
e0787199-61a0-44b1-aaf7-f106872ab4b8,b8690143-950f-4ee7-a5d8-4ee70f60e750,ONCO,Oncology,50,40
021d8429-6290-4a3d-9729-6cd4c17c1098,b8b55aa3-e51d-438e-9b98-3b339022d4c5,MED,General Medicine,1178,798
752f5c8e-8968-4aa7-b259-e5e0eb1b5355,b8b55aa3-e51d-438e-9b98-3b339022d4c5,GS,General Surgery,1833,883
c444bc7f-7d1e-43f0-af0f-e6fefd932697,b8b55aa3-e51d-438e-9b98-3b339022d4c5,CARD,Cardiology,1094,40
c78947fe-8902-4185-9c4d-69427d64cefe,b8b55aa3-e51d-438e-9b98-3b339022d4c5,PEDS,Paediatrics,1435,982
f9576e9c-7cad-41cd-85f8-f03909e35dff,b8b55aa3-e51d-438e-9b98-3b339022d4c5,NEURO,Neurology,50,513
c5969614-a274-4fd4-88cd-26ad31887e24,b8b55aa3-e51d-438e-9b98-3b339022d4c5,ENT,ENT,1731,1183
d2235c37-c18c-4196-82d5-9f64cd4554c4,b8bb53ec-7b96-4261-9bdd-39c9b8e48c9c,CARD,Cardiology,824,723
4cab945c-0445-4d4d-a8ac-c30f6080d739,b8bb53ec-7b96-4261-9bdd-39c9b8e48c9c,GS,General Surgery,50,768
7ee3a1e6-47e3-49d2-96c9-6e468efbcde1,b8bb53ec-7b96-4261-9bdd-39c9b8e48c9c,ORTH,Orthopaedics,295,2112
e11ff545-b048-4718-b446-6f0480c90147,b8bb53ec-7b96-4261-9bdd-39c9b8e48c9c,MED,General Medicine,1572,717
af39a118-a24f-44ef-b657-7659389b33fd,b8bb53ec-7b96-4261-9bdd-39c9b8e48c9c,ENT,ENT,1018,1434
a2cb3c9d-f7da-4291-8948-ad8b7bcc4a7d,b8bb53ec-7b96-4261-9bdd-39c9b8e48c9c,ONCO,Oncology,791,807
e3e8e15d-26ca-466c-81af-51ef0e8c6e08,b8e2b260-4f55-4d4e-9246-3cd376a42856,URO,Urology,1160,326
269fe9e3-80a2-49af-93fb-fc29ef0a9358,b8e2b260-4f55-4d4e-9246-3cd376a42856,GS,General Surgery,585,521
fb07eca2-ed0b-472e-8f60-f688dc21c1c1,b8e2b260-4f55-4d4e-9246-3cd376a42856,ORTH,Orthopaedics,1552,779
35f06592-e78b-4abd-ad23-428856dc91e5,b8e2b260-4f55-4d4e-9246-3cd376a42856,CARD,Cardiology,309,1283
838a234f-f6f3-4a3b-8c87-107f290ad688,b8e2b260-4f55-4d4e-9246-3cd376a42856,ENT,ENT,552,785
d543b9d6-4353-4dc9-992d-2d982c2e13f0,b902613a-ba85-4206-8bca-6ff120d21c0a,ORTH,Orthopaedics,1342,536
e255f150-09fc-4759-b69a-ec16b64ebb14,b902613a-ba85-4206-8bca-6ff120d21c0a,ONCO,Oncology,1005,605
91e8b0b9-f3cb-42db-a6a6-f3bdb02c450c,b902613a-ba85-4206-8bca-6ff120d21c0a,CARD,Cardiology,1827,814
1073a54d-a6c6-42c9-ab0d-63d516afc7dd,b902613a-ba85-4206-8bca-6ff120d21c0a,OBG,Obstetrics & Gynaecology,1888,844
4152a9e0-e1da-4320-9c9c-ce29221b2644,b902613a-ba85-4206-8bca-6ff120d21c0a,NEURO,Neurology,658,1512
83d57202-d6f5-469d-914b-a0e4d1b9464f,b9139cfd-a86b-4326-be90-1c5eb69696ab,ORTH,Orthopaedics,671,228
9ccb4539-b2f8-42e9-a7e9-240c625b366d,b9139cfd-a86b-4326-be90-1c5eb69696ab,ONCO,Oncology,982,949
04590873-ddef-4db7-9587-2f2dcaf402b4,b9139cfd-a86b-4326-be90-1c5eb69696ab,CARD,Cardiology,2000,319
be92f0b0-27fd-4fbb-b33b-9aa7c59e7dda,b9139cfd-a86b-4326-be90-1c5eb69696ab,ENT,ENT,893,609
c6102807-52a2-4825-a1d9-d7f16156c418,b9139cfd-a86b-4326-be90-1c5eb69696ab,NEURO,Neurology,1513,988
24d5f92e-209b-49aa-959f-2e640b44396e,b91a8a7c-bf98-4fba-8fb5-0f25465bb9f7,CARD,Cardiology,811,672
c390770b-3d6b-49c1-aa22-db2812106891,b91a8a7c-bf98-4fba-8fb5-0f25465bb9f7,ENT,ENT,50,646
16aae625-bbf8-4ebe-917e-4221a78a2790,b91a8a7c-bf98-4fba-8fb5-0f25465bb9f7,OBG,Obstetrics & Gynaecology,1134,1331
9bb88399-7167-49af-bb93-5abed699b8ba,b91a8a7c-bf98-4fba-8fb5-0f25465bb9f7,ORTH,Orthopaedics,1034,967
9b08d156-6bca-421e-a100-91a1ce00b663,b91a8a7c-bf98-4fba-8fb5-0f25465bb9f7,URO,Urology,50,826
19369599-e4be-4efc-937e-9ccfd0a9fe1c,b91a8a7c-bf98-4fba-8fb5-0f25465bb9f7,NEURO,Neurology,52,40
4717a84e-36d0-4859-ba94-ff7af95d0599,b953826f-a93e-45d3-a39a-55df4b2c4a4e,CARD,Cardiology,2381,1721
b4c889b6-3d2f-4e75-933d-f579b0077a57,b953826f-a93e-45d3-a39a-55df4b2c4a4e,ENT,ENT,1093,877
17dc81c7-2366-40a5-a52d-a7de7741f275,b953826f-a93e-45d3-a39a-55df4b2c4a4e,MED,General Medicine,1800,1173
36f7b173-9940-4a9d-8dc8-d208af4f98e0,b953826f-a93e-45d3-a39a-55df4b2c4a4e,ORTH,Orthopaedics,1015,374
a267a9f5-896d-4744-a604-0beaf73ec2b6,b953826f-a93e-45d3-a39a-55df4b2c4a4e,PEDS,Paediatrics,337,891
c5935166-ff1f-4443-9bd8-203d8f9900e1,b953826f-a93e-45d3-a39a-55df4b2c4a4e,OPTH,Ophthalmology,1408,651
7647f84c-bf20-4e71-8ec7-b013b92de287,b953826f-a93e-45d3-a39a-55df4b2c4a4e,URO,Urology,831,1288
44631876-e43f-4a02-8b84-68db22441c8c,ba53cc57-82f6-48ba-8036-2b938713af86,GS,General Surgery,202,607
f5a7fbf4-da04-4517-8e38-9fa639187185,ba53cc57-82f6-48ba-8036-2b938713af86,OPTH,Ophthalmology,1598,1196
b90c8163-3b5d-49f4-b52f-aba53aac147f,ba53cc57-82f6-48ba-8036-2b938713af86,URO,Urology,1684,1450
cc26d8a9-ed25-4712-b87c-1bfcd0bbcc85,ba53cc57-82f6-48ba-8036-2b938713af86,CARD,Cardiology,971,1188
8a9d989f-75e5-4898-8986-d25982163682,ba6ac79b-a4da-4811-a342-a7749e9b06d5,GS,General Surgery,1724,1217
37013bd0-ca02-4eb7-8b73-75f0b6f8a115,ba6ac79b-a4da-4811-a342-a7749e9b06d5,CARD,Cardiology,1770,1479
8540c085-4cd1-4897-af9f-84809b2c7688,ba6ac79b-a4da-4811-a342-a7749e9b06d5,MED,General Medicine,1326,583
deb164d5-1cf0-4341-a3b1-524fffefb5fc,ba6ac79b-a4da-4811-a342-a7749e9b06d5,URO,Urology,151,1560
ce2643c1-f669-4606-8672-cd29003323e8,ba6ac79b-a4da-4811-a342-a7749e9b06d5,ENT,ENT,1113,953
afc84606-f59a-40f6-8fd2-f0897db59f90,ba6ac79b-a4da-4811-a342-a7749e9b06d5,ORTH,Orthopaedics,1326,1873
a122d6f1-7f06-4885-83af-6583c952733a,bb0a7d40-20e3-4708-90b2-8aabedb89e89,ORTH,Orthopaedics,1268,439
a3d09e82-2d90-49db-8c83-8b1f93f576c0,bb0a7d40-20e3-4708-90b2-8aabedb89e89,NEURO,Neurology,972,647
67809d92-3272-4610-8da9-87f366a51a72,bb0a7d40-20e3-4708-90b2-8aabedb89e89,OBG,Obstetrics & Gynaecology,1116,934
e7af4626-16b1-4ae9-9edc-5acb35a9dd8a,bb0a7d40-20e3-4708-90b2-8aabedb89e89,ONCO,Oncology,1712,961
c7214ce4-4c5e-4592-a612-9fba64c4b5f4,bb0a7d40-20e3-4708-90b2-8aabedb89e89,PEDS,Paediatrics,427,1117
53c73603-ce68-496a-b8d3-0347f8c42239,bb35f752-a368-480e-afba-21573ff95c48,GS,General Surgery,969,864
a34dabe9-ad89-4e8a-abf8-9a89eafd472a,bb35f752-a368-480e-afba-21573ff95c48,ENT,ENT,1348,765
60e1f848-eab0-4236-90ae-f9e6f5ba26cf,bb35f752-a368-480e-afba-21573ff95c48,NEURO,Neurology,510,1405
0c8fe15d-6970-4362-8e49-1e6f915ab3f6,bb35f752-a368-480e-afba-21573ff95c48,ORTH,Orthopaedics,306,1813
c277bc0d-596e-432d-907b-f1d69176f0b5,bb35f752-a368-480e-afba-21573ff95c48,ONCO,Oncology,836,844
1f63eedc-ac07-49b5-9813-1e95ed943ee7,bb35f752-a368-480e-afba-21573ff95c48,OPTH,Ophthalmology,1336,173
0d51b398-ee7c-4a1d-920d-8a7dc949c474,bb62119d-e3a6-45bf-9d6d-8e722462c368,OBG,Obstetrics & Gynaecology,1680,1137
e744a632-f20a-4bdd-9af9-37afed2516c9,bb62119d-e3a6-45bf-9d6d-8e722462c368,GS,General Surgery,829,1239
5f7710c2-93ab-4dc9-b40c-e521a2056d54,bb62119d-e3a6-45bf-9d6d-8e722462c368,ORTH,Orthopaedics,693,627
a975f4dd-e679-4df6-b8ab-e4ee2fada5b8,bb62119d-e3a6-45bf-9d6d-8e722462c368,MED,General Medicine,1081,354
948289e9-93ba-494a-8c08-334b2d349b4f,bb62119d-e3a6-45bf-9d6d-8e722462c368,CARD,Cardiology,2126,692
62fc883c-606e-46b4-9669-96564d0fc8f9,bb62119d-e3a6-45bf-9d6d-8e722462c368,PEDS,Paediatrics,1130,1083
83058899-fae3-49d0-9b49-8b9a54d3d233,bb62119d-e3a6-45bf-9d6d-8e722462c368,ENT,ENT,1305,657
c988fc3d-c24d-4d8b-83dd-a4e85a252a74,bb62119d-e3a6-45bf-9d6d-8e722462c368,ONCO,Oncology,1658,188
86232406-a71e-4029-8df5-1d439d9f8781,bb9c1903-ac5b-45e7-bd81-0bcd078b35d4,URO,Urology,720,1220
dc3a688b-1bf2-45bf-b93a-27739af36386,bb9c1903-ac5b-45e7-bd81-0bcd078b35d4,MED,General Medicine,50,1415
752c868d-e82d-444e-8a6e-f2c744187ff8,bb9c1903-ac5b-45e7-bd81-0bcd078b35d4,NEURO,Neurology,161,752
4c7205b5-20af-4207-9b3a-bba11a6c4cf4,bb9c1903-ac5b-45e7-bd81-0bcd078b35d4,OPTH,Ophthalmology,1667,498
4c4a809f-84d1-4d7a-9300-c569a8f141c5,bc446fea-52b0-42fa-8703-a4ee5a3a5a90,MED,General Medicine,1280,1334
97e22a8e-c770-45e7-82b4-519cd8079cf7,bc446fea-52b0-42fa-8703-a4ee5a3a5a90,CARD,Cardiology,1353,40
4bfef4b3-f2d9-4144-b85f-7cf7e2b22926,bc446fea-52b0-42fa-8703-a4ee5a3a5a90,ORTH,Orthopaedics,546,887
a5747087-61dc-4657-98cd-d73cda339aa6,bc446fea-52b0-42fa-8703-a4ee5a3a5a90,URO,Urology,917,760
3f54c94d-8010-40e1-a152-422132d6e3a1,bc446fea-52b0-42fa-8703-a4ee5a3a5a90,NEURO,Neurology,1724,1311
26fd75ac-350e-41d2-a466-f8a72f057d50,bd150a8c-94d6-426c-bcd5-c8ae6821be3d,GS,General Surgery,1425,1196
c212fdf3-b7d5-4866-bd70-d2106b4079fd,bd150a8c-94d6-426c-bcd5-c8ae6821be3d,NEURO,Neurology,1756,611
55f6a668-a519-4b70-b6c1-8e05901dde77,bd150a8c-94d6-426c-bcd5-c8ae6821be3d,CARD,Cardiology,435,622
890e9d98-6ece-49bf-9d68-33d17b15de3c,bd150a8c-94d6-426c-bcd5-c8ae6821be3d,MED,General Medicine,1135,997
af8e8009-490a-4e5b-b9bf-3317d0eeb3f6,bd150a8c-94d6-426c-bcd5-c8ae6821be3d,OPTH,Ophthalmology,1285,989
c8bf1a88-df2d-42a3-ab2f-8bf7b65ca8ce,bd2ee2be-fb07-45fb-bd79-d20378c11117,GS,General Surgery,897,766
59bba298-ed0a-4d92-8b26-d93de694fa8c,bd2ee2be-fb07-45fb-bd79-d20378c11117,CARD,Cardiology,50,1453
b240966a-3625-4af0-82c1-87acb58009fa,bd2ee2be-fb07-45fb-bd79-d20378c11117,ONCO,Oncology,1029,1038
e98052ff-8f0e-43fc-87d1-bf357e9b50b2,bd2ee2be-fb07-45fb-bd79-d20378c11117,URO,Urology,1119,262
0814d81f-4c6b-4fc2-9862-2dbbb949ddab,bd2ee2be-fb07-45fb-bd79-d20378c11117,ENT,ENT,861,1527
2b501acc-ff96-4929-b86d-122df3c149db,bd2ee2be-fb07-45fb-bd79-d20378c11117,MED,General Medicine,997,450
93d6410b-36c5-4574-b8fd-28e5c8fc35af,bd2ee2be-fb07-45fb-bd79-d20378c11117,NEURO,Neurology,426,1602
d61600cf-0aa8-49f7-9a40-72c2bf76884b,bd53f1b8-cdc2-4c5c-b0b0-1c4a6053b1a2,URO,Urology,552,237
b28eb133-d71f-46f9-a619-2093434cca3b,bd53f1b8-cdc2-4c5c-b0b0-1c4a6053b1a2,ORTH,Orthopaedics,1933,126
2b781bbe-68f2-47de-aab6-73e8db9bebf2,bd53f1b8-cdc2-4c5c-b0b0-1c4a6053b1a2,CARD,Cardiology,2035,1155
4f0202c6-ca48-4d18-8721-f74db4f61a31,bd53f1b8-cdc2-4c5c-b0b0-1c4a6053b1a2,OPTH,Ophthalmology,977,608
7fecb557-e61e-436a-944d-dea87ea32904,bd53f1b8-cdc2-4c5c-b0b0-1c4a6053b1a2,NEURO,Neurology,1825,1522
7ecdd570-882a-4c81-9657-32005976b696,bdfff4f6-d719-42e0-a099-2bc29e5af732,URO,Urology,2317,1213
26ebc061-72b2-4925-9f20-cd715909c7e1,bdfff4f6-d719-42e0-a099-2bc29e5af732,GS,General Surgery,50,533
bf367024-2825-4e28-9ae8-64d654920a99,bdfff4f6-d719-42e0-a099-2bc29e5af732,NEURO,Neurology,206,1109
22e74a05-355c-4f04-add6-5ef82b462b79,bdfff4f6-d719-42e0-a099-2bc29e5af732,ORTH,Orthopaedics,952,1268
8acc4f88-2f70-4608-83b8-6ca11b663e8e,bdfff4f6-d719-42e0-a099-2bc29e5af732,MED,General Medicine,1121,689
10302ada-dfc1-402f-b776-4bd2256b8be8,bdfff4f6-d719-42e0-a099-2bc29e5af732,CARD,Cardiology,1060,1448
46a22958-6949-4279-81ee-9cfda7b44f72,bdfff4f6-d719-42e0-a099-2bc29e5af732,ENT,ENT,1507,1183
e111410a-0598-42d0-af62-744cf0983830,be346f28-1631-4c7f-9dd2-c5ecc971bb45,GS,General Surgery,1454,810
2956ff88-da25-4075-a71c-952ebd2060d3,be346f28-1631-4c7f-9dd2-c5ecc971bb45,ONCO,Oncology,1253,660
2b46cce2-0415-48ce-b6da-b7709ba18352,be346f28-1631-4c7f-9dd2-c5ecc971bb45,ORTH,Orthopaedics,1064,1346
ff4c6697-8817-4716-9905-5dfd4b84ee84,be346f28-1631-4c7f-9dd2-c5ecc971bb45,MED,General Medicine,1834,1986
cd3c47b3-8bf0-462a-8376-b33f22c9e018,be346f28-1631-4c7f-9dd2-c5ecc971bb45,PEDS,Paediatrics,1118,1533
0b8bfcbc-c58e-4140-ba49-57a8b5c26e68,be346f28-1631-4c7f-9dd2-c5ecc971bb45,NEURO,Neurology,1020,124
80c8ad0f-92d0-4eb3-a6ec-777f93b4a005,be9655cd-9695-463d-a93c-4ee77f4c34e6,MED,General Medicine,1734,1191
8171649e-857b-4c99-aef9-0104116abbe1,be9655cd-9695-463d-a93c-4ee77f4c34e6,ONCO,Oncology,1214,341
6aa1380f-1f9f-4edf-83d3-6f079dda3a7f,be9655cd-9695-463d-a93c-4ee77f4c34e6,ORTH,Orthopaedics,1429,636
fd44de17-2cc6-4c61-b2df-72d428b3ab3c,be9655cd-9695-463d-a93c-4ee77f4c34e6,CARD,Cardiology,1547,255
158e4356-d525-497c-b2ce-28dd51a17c94,beab9dec-94ad-4cb1-95ca-dde775efb204,OPTH,Ophthalmology,328,40
ef42722f-27ca-4ce2-8e3c-4a89e41f4649,beab9dec-94ad-4cb1-95ca-dde775efb204,ORTH,Orthopaedics,50,659
e43b4ddc-6ea8-4d15-8567-1d52b07ff914,beab9dec-94ad-4cb1-95ca-dde775efb204,CARD,Cardiology,503,748
f64ec064-816a-46ad-bdef-f85fe81637a3,beab9dec-94ad-4cb1-95ca-dde775efb204,ONCO,Oncology,446,1380
0bda6c8a-472e-4a68-a2ac-17c8bf10fe79,beab9dec-94ad-4cb1-95ca-dde775efb204,URO,Urology,713,1392
a80c72ab-b151-4394-8366-647968282e58,bf5461ef-17c0-4e98-8b6f-bbb791b3adc5,ORTH,Orthopaedics,1600,1730
1181aa4f-f5b2-4022-904a-6a7be9f63692,bf5461ef-17c0-4e98-8b6f-bbb791b3adc5,CARD,Cardiology,953,948
b2c033f2-5e70-4f9d-8c03-471e5310025d,bf5461ef-17c0-4e98-8b6f-bbb791b3adc5,MED,General Medicine,966,1594
3a949fa2-a1e2-4a5f-ac25-0f03db26725d,bf5461ef-17c0-4e98-8b6f-bbb791b3adc5,ENT,ENT,1027,1391
cb5fd337-a060-43e3-9b86-c14032992a5b,bf5461ef-17c0-4e98-8b6f-bbb791b3adc5,NEURO,Neurology,687,92
0db204e0-faa8-4b95-ab69-95186b253c84,bfa9e74b-32d6-48ce-be16-b19fc2bb025f,OBG,Obstetrics & Gynaecology,541,842
c5f31c24-5e27-47ea-a6aa-f367932a0542,bfa9e74b-32d6-48ce-be16-b19fc2bb025f,OPTH,Ophthalmology,1184,1663
1bf1db8b-3c86-48d0-a51c-d41e70e3e6fc,bfa9e74b-32d6-48ce-be16-b19fc2bb025f,MED,General Medicine,906,1108
c9b984d2-74b4-492f-aca8-5522a71033c8,bfa9e74b-32d6-48ce-be16-b19fc2bb025f,NEURO,Neurology,339,518
baeb5d6c-2e8f-46d5-9271-828b168f85ed,bff61730-ce42-45ce-88dc-74143abbcbbf,ORTH,Orthopaedics,474,1060
b127fb58-a964-432a-ac75-22c8d65da434,bff61730-ce42-45ce-88dc-74143abbcbbf,CARD,Cardiology,235,40
610151d3-6272-4c6d-83b3-cc51ecb41a17,bff61730-ce42-45ce-88dc-74143abbcbbf,URO,Urology,454,201
f114b5e4-f73e-4862-90c4-2c52bc966a94,bff61730-ce42-45ce-88dc-74143abbcbbf,ENT,ENT,1650,1431
4233afb6-363e-4b6b-803a-037173d079a8,bff61730-ce42-45ce-88dc-74143abbcbbf,GS,General Surgery,833,1341
118adb0c-2855-4dcf-804f-6368a8be75f8,c038720e-e3e3-48a5-9cbf-445e2974968d,OPTH,Ophthalmology,1046,1176
e712d61f-70d4-465a-b3c0-366a3dcd9bde,c038720e-e3e3-48a5-9cbf-445e2974968d,MED,General Medicine,877,1371
d0426f8e-4ee5-49e6-869d-1fb8f6a07530,c038720e-e3e3-48a5-9cbf-445e2974968d,URO,Urology,661,1603
069306e6-2408-4a81-baec-85bf870b1c6e,c038720e-e3e3-48a5-9cbf-445e2974968d,ORTH,Orthopaedics,914,1079
dfcf6aa6-7d06-4f31-94b0-01702e17d352,c038720e-e3e3-48a5-9cbf-445e2974968d,CARD,Cardiology,1002,683
5798c1fe-dca2-4291-b9ed-a4a766f3a0b4,c038720e-e3e3-48a5-9cbf-445e2974968d,ENT,ENT,1406,2058
a0a49bac-bcbc-4f2f-999e-b21df3d0b74a,c07802b7-0e29-4a50-bb6c-404c4becd9f4,CARD,Cardiology,386,1668
1d831f86-f0ce-404b-bb0c-8c30e0654c8f,c07802b7-0e29-4a50-bb6c-404c4becd9f4,MED,General Medicine,777,1126
70757902-712c-4a70-8d3c-f155795eeb1f,c07802b7-0e29-4a50-bb6c-404c4becd9f4,ORTH,Orthopaedics,463,1242
75596358-6c3a-476e-8bd7-77e2181cd6b6,c07802b7-0e29-4a50-bb6c-404c4becd9f4,NEURO,Neurology,50,901
48cac392-abf8-4692-af7a-835654119a83,c07802b7-0e29-4a50-bb6c-404c4becd9f4,ONCO,Oncology,878,40
aa57bfe0-0f21-41d9-86f2-55268b738ac7,c07802b7-0e29-4a50-bb6c-404c4becd9f4,OPTH,Ophthalmology,1200,1948
837b3d62-07c6-4120-9c94-f7c0c8fac8b6,c0ac23d2-7ed2-48c4-be3c-67f131b622ea,GS,General Surgery,1430,937
1a251213-1968-463e-b431-5335f4434e1f,c0ac23d2-7ed2-48c4-be3c-67f131b622ea,ORTH,Orthopaedics,1067,1821
b7a6efcd-d0f2-4fcd-afca-f4b207d91beb,c0ac23d2-7ed2-48c4-be3c-67f131b622ea,MED,General Medicine,2184,40
90bcbb73-39bb-4bbe-991c-f19ed378764c,c0ac23d2-7ed2-48c4-be3c-67f131b622ea,PEDS,Paediatrics,1453,695
1d91ce30-8dcd-4b41-91c5-ebbad9e4d336,c0ac23d2-7ed2-48c4-be3c-67f131b622ea,ONCO,Oncology,882,1585
dc780873-2daa-40f3-8012-0764ed70f2d9,c0b5db27-f015-4edd-b6d6-a557e0529d37,GS,General Surgery,780,1188
e59a3b25-2d61-4f2b-8294-28f52d363429,c0b5db27-f015-4edd-b6d6-a557e0529d37,MED,General Medicine,1740,1405
b8d4fe4c-f582-44cb-b0cd-dcfa922e7f2e,c0b5db27-f015-4edd-b6d6-a557e0529d37,ORTH,Orthopaedics,608,669
8195755e-c180-4f6d-969e-62245e8822a4,c0b5db27-f015-4edd-b6d6-a557e0529d37,CARD,Cardiology,473,277
fa098612-7073-4f00-a113-2e9585ac4bbb,c0b5db27-f015-4edd-b6d6-a557e0529d37,ENT,ENT,1188,1912
d6ed423d-add2-4c26-a676-e6349cdb7af3,c0b5db27-f015-4edd-b6d6-a557e0529d37,PEDS,Paediatrics,1224,55
5ccdbedd-60ce-49bc-a096-618715a6b138,c0b8fd1c-4317-4af4-b509-e0c4565ba6bc,MED,General Medicine,1082,1029
dd92e3e3-5ba5-473b-bb85-d8c8c9fa27c6,c0b8fd1c-4317-4af4-b509-e0c4565ba6bc,OPTH,Ophthalmology,786,890
d996fc23-e647-433d-80d5-889eac0cd777,c0b8fd1c-4317-4af4-b509-e0c4565ba6bc,CARD,Cardiology,240,1402
26c59c94-9bdf-40be-8948-97a898e49bd1,c0b8fd1c-4317-4af4-b509-e0c4565ba6bc,ORTH,Orthopaedics,1624,650
eaa778a8-39e2-42fb-bdd7-5c86d5a499d8,c0b8fd1c-4317-4af4-b509-e0c4565ba6bc,NEURO,Neurology,1041,1046
b0e862b3-3da2-4a27-a5f9-97539b7367aa,c0b8fd1c-4317-4af4-b509-e0c4565ba6bc,ONCO,Oncology,612,277
93f9d7a7-e648-40cf-b13d-31e54c1d3f2e,c0b8fd1c-4317-4af4-b509-e0c4565ba6bc,ENT,ENT,1208,1093
9e4bcadb-0a50-4b40-bfc4-226301204133,c0b8fd1c-4317-4af4-b509-e0c4565ba6bc,GS,General Surgery,1488,1381
99f784ae-a69a-4132-a900-ada1815d08a4,c0dfce16-73be-4f71-923a-ff2039494198,MED,General Medicine,1672,611
35d112e7-1e73-45b5-9605-bf8f1e329de9,c0dfce16-73be-4f71-923a-ff2039494198,OBG,Obstetrics & Gynaecology,1651,1073
5c3e1902-1953-44d6-940a-f4387a397d24,c0dfce16-73be-4f71-923a-ff2039494198,GS,General Surgery,1289,1507
83d17e3b-1b60-425c-a1b8-0f74fb3f23f5,c0dfce16-73be-4f71-923a-ff2039494198,NEURO,Neurology,1044,1432
a3729d34-1db3-4ebc-bd80-5e14f902c0ab,c0dfce16-73be-4f71-923a-ff2039494198,URO,Urology,1018,299
cbfbe925-cfe2-4a9b-b49d-3dbecf5b4ae7,c0dfce16-73be-4f71-923a-ff2039494198,ONCO,Oncology,296,1707
270209d5-903d-43cc-bf07-ca0b2867d70c,c16b7c0d-590b-4fb0-b2e7-3bb1c0f81008,GS,General Surgery,837,992
9ac49ef2-b0c0-4d70-9740-7ddc32fe3d29,c16b7c0d-590b-4fb0-b2e7-3bb1c0f81008,OPTH,Ophthalmology,669,1369
cc4032c2-131f-4ada-9d7d-008e089957af,c16b7c0d-590b-4fb0-b2e7-3bb1c0f81008,OBG,Obstetrics & Gynaecology,1045,1394
d4f76be3-526f-475f-8378-9c454abfc7a4,c16b7c0d-590b-4fb0-b2e7-3bb1c0f81008,ONCO,Oncology,907,722
8c46eabb-85fe-4130-84b0-de1be28a5a31,c278f54d-0390-47b6-bda2-b51aec673c31,OBG,Obstetrics & Gynaecology,1393,1172
cad08f28-e300-4f7f-b4c5-b7ba1597f499,c278f54d-0390-47b6-bda2-b51aec673c31,ORTH,Orthopaedics,1755,1635
048e3893-b047-439c-ad46-beac7e0dc12f,c278f54d-0390-47b6-bda2-b51aec673c31,MED,General Medicine,1258,1823
04d1afc3-e3fc-4b0a-af1c-7bc14095c351,c278f54d-0390-47b6-bda2-b51aec673c31,URO,Urology,2162,113
82f34c88-af0c-4a35-9161-d1d7adb16aa2,c278f54d-0390-47b6-bda2-b51aec673c31,CARD,Cardiology,1674,911
d4cd2935-8311-4135-b282-69a8d0813a45,c278f54d-0390-47b6-bda2-b51aec673c31,ENT,ENT,1300,286
68ed82f6-57a5-422b-a26a-da47bf7eed3e,c278f54d-0390-47b6-bda2-b51aec673c31,NEURO,Neurology,1542,1373
fe79b3cd-a491-4368-9c94-79c2dfae3438,c2dda112-71ea-4d47-a966-3b8683d8dd3f,OPTH,Ophthalmology,1317,821
df5fb037-e0d5-42a5-a9ee-9d3666486028,c2dda112-71ea-4d47-a966-3b8683d8dd3f,MED,General Medicine,918,429
b27be0ba-bcd6-4d03-b61b-2c3e8fd38b11,c2dda112-71ea-4d47-a966-3b8683d8dd3f,ONCO,Oncology,831,216
7ddb2530-6a60-4b5a-8b3a-95db6fd0fc08,c2dda112-71ea-4d47-a966-3b8683d8dd3f,ORTH,Orthopaedics,720,326
633e22bc-f4e1-47da-a38d-79519e36edb3,c2dda112-71ea-4d47-a966-3b8683d8dd3f,URO,Urology,74,609
8fdf3e73-56ca-4cf0-b008-88fca920ffa6,c2e2a4f7-dd0c-4b9d-b9ef-cfa2d6f71875,CARD,Cardiology,107,932
242580d5-e0dc-4bd3-b412-711814714cfa,c2e2a4f7-dd0c-4b9d-b9ef-cfa2d6f71875,ONCO,Oncology,1213,875
ebe09df6-b0f4-4aa1-8769-b1f7df9fc8b6,c2e2a4f7-dd0c-4b9d-b9ef-cfa2d6f71875,URO,Urology,575,615
d085d3b6-cbcc-48ef-a831-160729f5fe24,c2e2a4f7-dd0c-4b9d-b9ef-cfa2d6f71875,ENT,ENT,630,414
6da7c334-e91f-4208-9292-01834fd1aa3c,c2e2a4f7-dd0c-4b9d-b9ef-cfa2d6f71875,NEURO,Neurology,838,40
60e36dbd-fe40-4919-9d09-7c759a4f48cd,c34cb943-50d9-4fe8-a1c7-97abdd4f297e,CARD,Cardiology,293,1174
81fed9b4-ecb0-40ee-aa97-6bcb63e316f7,c34cb943-50d9-4fe8-a1c7-97abdd4f297e,ORTH,Orthopaedics,367,574
294529bf-6f88-43f2-bd7c-8253bc79774a,c34cb943-50d9-4fe8-a1c7-97abdd4f297e,MED,General Medicine,1028,455
356de94e-bbf9-4123-9c3d-3da0bb410ed2,c34cb943-50d9-4fe8-a1c7-97abdd4f297e,ONCO,Oncology,364,2016
1988c1da-bb90-430f-92fb-7b266fce996d,c34cb943-50d9-4fe8-a1c7-97abdd4f297e,ENT,ENT,1537,1738
d3c03bf2-1dd2-43a5-90eb-2008ddb21a56,c34cb943-50d9-4fe8-a1c7-97abdd4f297e,OBG,Obstetrics & Gynaecology,512,1489
80e7b8a3-2b7e-4f45-9994-938a20f677f8,c3c87057-ad80-436c-b027-b677c15af5b0,CARD,Cardiology,478,897
534f1292-4b6a-4294-a3c6-8c73a507a218,c3c87057-ad80-436c-b027-b677c15af5b0,OBG,Obstetrics & Gynaecology,156,1352
ccceb626-7732-4c7c-8daf-0572bff90221,c3c87057-ad80-436c-b027-b677c15af5b0,MED,General Medicine,2677,563
881cb532-1e93-40f4-8fe8-8eebaf47243e,c3c87057-ad80-436c-b027-b677c15af5b0,ENT,ENT,1080,939
546aeadf-b721-4bf2-81bd-b52a53f134b1,c3c87057-ad80-436c-b027-b677c15af5b0,NEURO,Neurology,526,694
7f6fc051-819a-4060-bc36-a93ce503b228,c3c87057-ad80-436c-b027-b677c15af5b0,ONCO,Oncology,556,1161
e840b39c-4d33-478e-bb7c-8418f3cf5817,c3c87057-ad80-436c-b027-b677c15af5b0,PEDS,Paediatrics,808,1525
f3e36d0b-7375-4668-9366-11503ab8f518,c40bea65-5718-446f-ac83-17c68116b849,ORTH,Orthopaedics,932,475
953e7b6e-aec0-42d7-ae67-e281fcdee4f2,c40bea65-5718-446f-ac83-17c68116b849,MED,General Medicine,687,1151
dcc744b5-25f7-425c-8be7-93892d74409e,c40bea65-5718-446f-ac83-17c68116b849,CARD,Cardiology,1413,1131
369f9136-6dab-478a-a1b1-d71529ffefba,c40bea65-5718-446f-ac83-17c68116b849,NEURO,Neurology,795,1009
6eeaf9b4-6f94-490d-ad99-343b5d3251fa,c40bea65-5718-446f-ac83-17c68116b849,ONCO,Oncology,2042,849
78d7563a-ed0e-487c-9927-e9b0370af9a9,c4828875-f675-42b4-8993-217ba936e17a,CARD,Cardiology,1441,632
07feef53-2807-470e-aa90-e52429ea81d8,c4828875-f675-42b4-8993-217ba936e17a,GS,General Surgery,923,872
d5f5799f-c7c8-40dc-98be-eaae35765147,c4828875-f675-42b4-8993-217ba936e17a,MED,General Medicine,1731,885
14afbab2-ed83-4d08-b304-a6f6f63e6287,c4828875-f675-42b4-8993-217ba936e17a,OBG,Obstetrics & Gynaecology,520,826
29c87c9a-4c94-4729-8016-8a9f6657677d,c4828875-f675-42b4-8993-217ba936e17a,OPTH,Ophthalmology,682,40
3e25da34-64f8-4c1b-8fae-ae0f8211f828,c4828875-f675-42b4-8993-217ba936e17a,PEDS,Paediatrics,1088,1155
6f81df75-8700-409d-ae6b-3d64418468e4,c4828875-f675-42b4-8993-217ba936e17a,URO,Urology,1479,154
764e8b4d-e59c-423f-812e-00a0d90074d6,c4b48c32-d14b-4c07-bd08-287151034193,GS,General Surgery,489,1883
0190e976-7af7-4785-88c1-4d8728082237,c4b48c32-d14b-4c07-bd08-287151034193,OBG,Obstetrics & Gynaecology,339,989
785c3a33-bac4-4d55-82ed-987f8a2a8747,c4b48c32-d14b-4c07-bd08-287151034193,MED,General Medicine,1334,1624
55effe60-7ec4-464c-803d-8978108e95c1,c5111042-5405-4a6a-8a2e-af7fdcba722a,MED,General Medicine,1914,770
dc38c88e-e960-4958-b841-8946cf47b701,c5111042-5405-4a6a-8a2e-af7fdcba722a,CARD,Cardiology,1991,533
281530bc-8d16-4390-a778-6808ba9c7037,c5111042-5405-4a6a-8a2e-af7fdcba722a,PEDS,Paediatrics,1543,149
f34bf7fd-d731-46ed-ba53-41e459294138,c5111042-5405-4a6a-8a2e-af7fdcba722a,URO,Urology,714,1059
1ff50662-4f96-429c-b85c-84eca64b2cf6,c5111042-5405-4a6a-8a2e-af7fdcba722a,ENT,ENT,1186,661
65b8395b-ca1b-465f-b4ab-59d8ffca09d4,c5111042-5405-4a6a-8a2e-af7fdcba722a,ONCO,Oncology,1257,1010
16e7668b-5e31-41ea-8715-e69e9ef6ede5,c5111042-5405-4a6a-8a2e-af7fdcba722a,OPTH,Ophthalmology,431,402
7f5faff2-1a14-4057-8dd5-0f8a014ecd2c,c5111042-5405-4a6a-8a2e-af7fdcba722a,ORTH,Orthopaedics,498,882
41d0d7dc-452d-4dd5-96d6-3a2291546aa2,c5820563-50a7-491f-bdc3-2e3a004be3ce,MED,General Medicine,112,522
60e370e8-546f-462e-8478-e8d33c1948d6,c5820563-50a7-491f-bdc3-2e3a004be3ce,OBG,Obstetrics & Gynaecology,850,1299
543376f9-65f0-410c-a676-bf78a1450a1e,c5820563-50a7-491f-bdc3-2e3a004be3ce,ENT,ENT,374,1027
08b15c35-fbe7-45e3-a241-86de5784b8fe,c5820563-50a7-491f-bdc3-2e3a004be3ce,URO,Urology,929,1500
1c5f83aa-dfe9-43cf-bc30-ea2f41c2a969,c5820563-50a7-491f-bdc3-2e3a004be3ce,OPTH,Ophthalmology,946,1027
477e1c94-e9e6-4bc7-85f0-11e0f134cdec,c5e8f573-a35c-4f59-b296-423d35e2a503,CARD,Cardiology,1004,1484
e6db9000-0cd9-4c3e-af8d-e8d28c4b43da,c5e8f573-a35c-4f59-b296-423d35e2a503,ENT,ENT,50,1282
2f8712a3-d916-4a68-b15d-48e0749e9bf3,c5e8f573-a35c-4f59-b296-423d35e2a503,NEURO,Neurology,208,998
93e9de30-ca76-4827-b721-d1c58e4f395a,c5e8f573-a35c-4f59-b296-423d35e2a503,ONCO,Oncology,1170,1550
981e6b1a-c7c7-4136-9e2a-9bbf412701fb,c5e8f573-a35c-4f59-b296-423d35e2a503,OPTH,Ophthalmology,941,595
caf48372-694d-4339-b576-8dceb1999d04,c5ee5276-bc55-4773-832e-8edd326a222e,MED,General Medicine,750,445
222bee55-889e-4f70-a930-9387d93353e2,c5ee5276-bc55-4773-832e-8edd326a222e,ENT,ENT,1401,1077
3efd5572-6b83-4143-b67c-11b5871b892f,c5ee5276-bc55-4773-832e-8edd326a222e,URO,Urology,900,1390
b9c838b8-c811-4303-8dc2-3519a9a1b287,c5ee5276-bc55-4773-832e-8edd326a222e,CARD,Cardiology,562,181
8308de10-0ea9-4abd-bc64-a47df61aa51a,c5ee5276-bc55-4773-832e-8edd326a222e,ONCO,Oncology,943,1446
0df8dd70-6640-4627-a981-5257b3a4c84f,c6367490-c7be-4c38-a755-57c180c83c74,MED,General Medicine,1562,40
33a1a84e-a49d-4dff-96f9-1b72f3a083cc,c6367490-c7be-4c38-a755-57c180c83c74,ENT,ENT,739,610
8de7145f-01b9-46c0-ac61-ea3356d1d5b9,c6367490-c7be-4c38-a755-57c180c83c74,OPTH,Ophthalmology,766,765
6eb08128-618d-4c81-ae38-03c122d0931f,c6aebe6b-8bd1-4d2b-874b-06938d9e3c05,URO,Urology,1014,765
a4d19164-92db-4baa-9ab4-6574bd870bc4,c6aebe6b-8bd1-4d2b-874b-06938d9e3c05,CARD,Cardiology,1202,790
aeb0e2db-7f0d-4d09-8fac-0ef52e82ed78,c6aebe6b-8bd1-4d2b-874b-06938d9e3c05,ONCO,Oncology,922,1044
890f48de-a358-4a1e-b9dc-9efe4c508f7a,c6b2aafc-03cc-4fa9-81ba-8ac203cfac70,URO,Urology,389,2373
39cc0237-dac1-475b-809b-fffb03fc8713,c6b2aafc-03cc-4fa9-81ba-8ac203cfac70,CARD,Cardiology,695,1673
6d135d59-35ec-4f6f-b43c-b9c3874af720,c6b2aafc-03cc-4fa9-81ba-8ac203cfac70,GS,General Surgery,2477,881
c00c22c0-3e6d-4788-ad50-97a2c084913f,c6b2aafc-03cc-4fa9-81ba-8ac203cfac70,PEDS,Paediatrics,999,1119
7d99dcf9-3c8d-41f2-9160-abd9073145fd,c6b2aafc-03cc-4fa9-81ba-8ac203cfac70,ENT,ENT,2231,1431
ccdbf68f-54ec-45db-a878-8b90402ba33d,c734e493-63c3-4ca2-92fc-a1815a246b47,OBG,Obstetrics & Gynaecology,1848,764
6101195c-0456-4ec8-b484-94c0b9a9ffff,c734e493-63c3-4ca2-92fc-a1815a246b47,ORTH,Orthopaedics,928,1830
f72839f4-c4da-463f-a12a-d8d1d6d85a32,c734e493-63c3-4ca2-92fc-a1815a246b47,CARD,Cardiology,992,1016
bee9e459-680f-45a6-a6ed-43bac1b71ebb,c734e493-63c3-4ca2-92fc-a1815a246b47,MED,General Medicine,1137,672
d2d51ad5-c985-4ef2-b0dd-ccabbe9a3d65,c734e493-63c3-4ca2-92fc-a1815a246b47,URO,Urology,716,304
9c492a32-6855-461a-a946-89cc5454f63b,c734e493-63c3-4ca2-92fc-a1815a246b47,ENT,ENT,1532,655
f5569775-d7f4-4072-9b7a-0d1eadca6eaa,c734e493-63c3-4ca2-92fc-a1815a246b47,ONCO,Oncology,50,793
22428206-f975-4a88-a31f-28a6b82788ec,c7848bca-d54e-479c-bea7-df47ec8d6f77,ORTH,Orthopaedics,661,520
38a263f7-1479-4dc1-b021-69357bf8850f,c7848bca-d54e-479c-bea7-df47ec8d6f77,URO,Urology,869,798
89ed43c4-5d10-42bc-b771-ff9e25b26943,c7848bca-d54e-479c-bea7-df47ec8d6f77,CARD,Cardiology,1977,1850
a22f47b1-28fd-4da1-b881-cc99761d63ad,c7848bca-d54e-479c-bea7-df47ec8d6f77,OPTH,Ophthalmology,707,1236
abb8cec1-32b2-499c-8497-197197dea750,c7848bca-d54e-479c-bea7-df47ec8d6f77,ENT,ENT,596,975
9b11d1b1-dc1e-487e-afe5-96e7e94d01aa,c82d2e3f-98ce-491b-94c5-f33223488e8a,CARD,Cardiology,1985,627
50bb0469-87d8-45f1-8764-4c74e9230ff1,c82d2e3f-98ce-491b-94c5-f33223488e8a,ORTH,Orthopaedics,948,1243
1b6e641a-957c-4da7-83bb-8e0bcf2ee825,c82d2e3f-98ce-491b-94c5-f33223488e8a,PEDS,Paediatrics,1118,1106
66909b40-bcbd-4294-a063-416928e56988,c82d2e3f-98ce-491b-94c5-f33223488e8a,ENT,ENT,510,508
96aeeb2c-ccb6-44e7-893a-92e3769fc0d4,c82d2e3f-98ce-491b-94c5-f33223488e8a,NEURO,Neurology,1405,40
1e31835f-10bf-4a99-be95-7de3d44b49e9,c82d2e3f-98ce-491b-94c5-f33223488e8a,ONCO,Oncology,1227,1930
2058d44e-4ec7-4116-9d94-432c1c28ef3c,c89a3cc0-2359-4619-a84c-0e6df2a3d623,CARD,Cardiology,62,1453
0f72c70e-d4c2-4e5e-8d36-e2126ea2e981,c89a3cc0-2359-4619-a84c-0e6df2a3d623,MED,General Medicine,1399,1354
2c6159dd-63bb-40c7-b48d-34b9b77aea92,c89a3cc0-2359-4619-a84c-0e6df2a3d623,ONCO,Oncology,2005,1032
06589f9c-b884-498b-ad82-37959732c057,c89a3cc0-2359-4619-a84c-0e6df2a3d623,URO,Urology,274,851
1c571fa0-d476-4214-994a-198c9987e0b1,c89a3cc0-2359-4619-a84c-0e6df2a3d623,GS,General Surgery,1257,632
54efc073-6249-498f-a573-c81874402515,c89a3cc0-2359-4619-a84c-0e6df2a3d623,OBG,Obstetrics & Gynaecology,50,1077
42ef8a2f-b7f7-4528-9c97-863b0cfa924f,c89a3cc0-2359-4619-a84c-0e6df2a3d623,ORTH,Orthopaedics,1121,354
e7acd6e0-2cde-4b19-8d8b-789853ac5c95,c89a3cc0-2359-4619-a84c-0e6df2a3d623,ENT,ENT,2373,1184
5836b81a-a601-4b06-a4c2-d29480bb9b01,c921f284-89d0-414c-b884-0698cacb1ff4,OPTH,Ophthalmology,1307,1221
586bf6f8-73f2-419a-8a96-c0a4f813657e,c921f284-89d0-414c-b884-0698cacb1ff4,MED,General Medicine,395,659
61726af8-9911-42d4-93c6-4a3224166025,c921f284-89d0-414c-b884-0698cacb1ff4,ONCO,Oncology,1760,797
ca2a5424-56a8-4df4-b565-540744475687,c921f284-89d0-414c-b884-0698cacb1ff4,ORTH,Orthopaedics,1539,1339
5e2b4d08-70bd-4422-bdcf-a329d92d4542,c921f284-89d0-414c-b884-0698cacb1ff4,PEDS,Paediatrics,1301,1229
c4df5533-3edb-449a-a8fd-19ab917939ab,c9b87b18-225b-4650-ac6c-cc3385e34dd9,CARD,Cardiology,1552,1739
fa16f9c7-5295-44ff-a6bc-a1a697820c4e,c9b87b18-225b-4650-ac6c-cc3385e34dd9,ORTH,Orthopaedics,1701,1927
43bd088b-7b15-4ce7-82b7-d687b6700f0b,c9b87b18-225b-4650-ac6c-cc3385e34dd9,URO,Urology,1334,941
5887fa57-f0ab-46d1-8ad1-7a7ef1e9fecd,c9b87b18-225b-4650-ac6c-cc3385e34dd9,ONCO,Oncology,499,671
62c3c55c-97e9-4dd3-83bc-d2d8036be73f,c9f1960f-c81d-4e05-8052-045992ce592e,GS,General Surgery,1150,271
5a8c9e47-0be0-4613-8fbb-0a07ef76e523,c9f1960f-c81d-4e05-8052-045992ce592e,ORTH,Orthopaedics,51,720
b3196c39-02b9-4d1f-b762-a2012d7b2730,c9f1960f-c81d-4e05-8052-045992ce592e,URO,Urology,1034,1899
e5288983-50e4-4092-b88d-4da339557d23,c9f1960f-c81d-4e05-8052-045992ce592e,CARD,Cardiology,1485,805
95d9892b-2d31-43a8-a281-f15b28160b26,c9f1960f-c81d-4e05-8052-045992ce592e,NEURO,Neurology,899,782
f016f120-c43a-4622-9293-6a65bcf14b30,c9f1960f-c81d-4e05-8052-045992ce592e,OPTH,Ophthalmology,877,1153
54b4988b-7f75-496b-b1d3-5b4d02ecf64b,ca12a5ce-276e-4c62-a9cb-5dea3878d2e3,CARD,Cardiology,525,1448
d9a32836-a88e-4478-b5dd-22fdc6f39a5b,ca12a5ce-276e-4c62-a9cb-5dea3878d2e3,OBG,Obstetrics & Gynaecology,1865,667
49ee1283-063e-46bc-bd58-53942512d8cf,ca12a5ce-276e-4c62-a9cb-5dea3878d2e3,ORTH,Orthopaedics,1873,1056
a6d1787a-dff6-430a-b857-c81ac4736853,ca12a5ce-276e-4c62-a9cb-5dea3878d2e3,MED,General Medicine,429,305
00ba4b5a-cf38-497b-b7ed-c5498b6f76dd,caf48ebb-7ba5-4b1c-a025-ae041895778e,OBG,Obstetrics & Gynaecology,901,723
d22d7dc3-849b-48fb-8e5f-5354a54558ba,caf48ebb-7ba5-4b1c-a025-ae041895778e,MED,General Medicine,1022,1164
13b99f0e-b863-4272-be3e-575be9c3ae2a,caf48ebb-7ba5-4b1c-a025-ae041895778e,OPTH,Ophthalmology,1034,2187
20ba8380-c2c2-426b-9b31-b835038f8cea,caf48ebb-7ba5-4b1c-a025-ae041895778e,URO,Urology,1306,587
1a4e730b-9f6e-44d1-b28e-3da45ac47a1f,caf48ebb-7ba5-4b1c-a025-ae041895778e,ONCO,Oncology,342,40
e7b1d690-af49-4637-b3b7-c7dbaf56a4ff,cbb3f971-4539-4695-a240-b29207bc78eb,ENT,ENT,1668,782
54b5fa01-8261-41de-9a39-9793c697ced7,cbb3f971-4539-4695-a240-b29207bc78eb,NEURO,Neurology,736,992
998d9229-5d89-4650-ac7a-d6ab61a48d0b,cbb3f971-4539-4695-a240-b29207bc78eb,ONCO,Oncology,622,377
7c2b8d41-969a-4517-a9bf-100ee1dccb65,cbb3f971-4539-4695-a240-b29207bc78eb,MED,General Medicine,1467,57
5e07d3d0-26aa-42b3-bae4-eb83343eb0f1,cbb3f971-4539-4695-a240-b29207bc78eb,OPTH,Ophthalmology,1191,1495
22cd7b8d-075a-4b6a-99ab-661df51e4b7e,cbb3f971-4539-4695-a240-b29207bc78eb,ORTH,Orthopaedics,1037,903
b9d74367-83c7-4716-9f1a-9a03a0fdf05f,cbb3f971-4539-4695-a240-b29207bc78eb,URO,Urology,637,396
ca7b6a02-99a0-49e3-88b4-8b7fe8c5f87b,cbbb28b2-f37d-43a6-a2a5-fc6e95c2e9df,GS,General Surgery,586,415
d3e43991-1d3b-4104-9dd1-f2fef364f1b9,cbbb28b2-f37d-43a6-a2a5-fc6e95c2e9df,CARD,Cardiology,1096,40
47f4beb5-348d-4ceb-8a6c-6b28adedc195,cbbb28b2-f37d-43a6-a2a5-fc6e95c2e9df,PEDS,Paediatrics,1479,261
e3af68ee-ed15-4985-8f07-5ac919d99329,cbbb28b2-f37d-43a6-a2a5-fc6e95c2e9df,ONCO,Oncology,1281,1428
629b845f-6b84-4a83-8222-2b96f6bec887,cbc9e3ca-7d76-4729-8f89-a5d408538b50,MED,General Medicine,355,507
3f3cb234-8777-4cb0-8e8b-83d4a8c69fcb,cbc9e3ca-7d76-4729-8f89-a5d408538b50,CARD,Cardiology,453,534
659b9cb6-f79f-48fc-be73-8dd8810e0bda,cbc9e3ca-7d76-4729-8f89-a5d408538b50,GS,General Surgery,512,322
a2c2061a-b508-44c2-83c3-5dfb302443d0,cbc9e3ca-7d76-4729-8f89-a5d408538b50,OPTH,Ophthalmology,331,1025
e9fbe583-54ce-4b50-b9c9-8cc6e70335b4,cbc9e3ca-7d76-4729-8f89-a5d408538b50,ORTH,Orthopaedics,1272,2379
469531e3-494f-4e85-b69d-af810b05457c,cbc9e3ca-7d76-4729-8f89-a5d408538b50,URO,Urology,1724,800
98c801c2-11a1-4c84-8263-a5cf2cdb0480,cbc9e3ca-7d76-4729-8f89-a5d408538b50,NEURO,Neurology,274,911
a5cbdc90-c525-43dd-b28b-ae69b42a9d11,cbcd707a-7433-4832-a55c-80fd25d1108f,CARD,Cardiology,976,1773
d2e31689-cef3-425c-b6f9-12f1a1327bf0,cbcd707a-7433-4832-a55c-80fd25d1108f,NEURO,Neurology,1255,783
63efd12b-5e04-4d00-a321-24e038b0978d,cbcd707a-7433-4832-a55c-80fd25d1108f,OPTH,Ophthalmology,824,1102
0787ecce-9d93-4a8c-86f1-d26dac108a0b,cbcd707a-7433-4832-a55c-80fd25d1108f,URO,Urology,1204,1022
102caae2-9c56-432b-8eeb-473e795b6a30,cbcd707a-7433-4832-a55c-80fd25d1108f,ONCO,Oncology,183,84
2ade6eef-1174-409c-ba0c-f71990f8ac9a,cc5e5b5b-3f9c-4b05-b7eb-e6ca0798eb1d,ORTH,Orthopaedics,1523,1411
c5bfe504-0b02-46ca-b27d-75c72c63afc2,cc5e5b5b-3f9c-4b05-b7eb-e6ca0798eb1d,CARD,Cardiology,1183,1113
ab1b79f2-6bfd-4e02-bbf3-444696db4180,cc5e5b5b-3f9c-4b05-b7eb-e6ca0798eb1d,OPTH,Ophthalmology,958,1263
8ec48727-08b7-4a26-86d4-3859938c3fed,cc5e5b5b-3f9c-4b05-b7eb-e6ca0798eb1d,PEDS,Paediatrics,770,1023
014898a2-fdb6-4d3c-a723-6a4000821c98,cc5e5b5b-3f9c-4b05-b7eb-e6ca0798eb1d,MED,General Medicine,1859,186
91710f09-6757-4227-b7de-5a0ffeb523f1,cc5e5b5b-3f9c-4b05-b7eb-e6ca0798eb1d,URO,Urology,50,944
9c606686-3312-449c-985e-5b3676c38dd0,cc5e5b5b-3f9c-4b05-b7eb-e6ca0798eb1d,ENT,ENT,691,218
93fcf1ea-6d80-45c4-9859-3796dca7e346,ccbff8d8-f02d-426d-a04e-afd0603f7dfc,GS,General Surgery,1208,1176
ab351ab4-06d9-42c3-9206-730fd321f75a,ccbff8d8-f02d-426d-a04e-afd0603f7dfc,OBG,Obstetrics & Gynaecology,1017,1256
ecce3f60-8e3e-4f34-b998-807d06e5736c,ccbff8d8-f02d-426d-a04e-afd0603f7dfc,MED,General Medicine,855,849
cd5b5986-5f2b-49f0-a0e3-a3607197e5b1,ccbff8d8-f02d-426d-a04e-afd0603f7dfc,ORTH,Orthopaedics,1748,406
d68c1876-51e7-43ca-8397-b2ce5201aaa4,ccbff8d8-f02d-426d-a04e-afd0603f7dfc,OPTH,Ophthalmology,1659,633
19c1f583-cc71-45bc-b50f-183ce41cab9a,ccbff8d8-f02d-426d-a04e-afd0603f7dfc,URO,Urology,797,900
66b0c25f-0aaa-4a06-9028-b6414c1be543,ccbff8d8-f02d-426d-a04e-afd0603f7dfc,PEDS,Paediatrics,705,1187
6a8d9eb6-d15f-4001-9784-7915197ffdc1,cccef36f-0564-4e3f-8e1e-166c86a895ef,GS,General Surgery,1182,895
9f9e9bc5-1807-4a5b-9421-80636f91b76a,cccef36f-0564-4e3f-8e1e-166c86a895ef,ORTH,Orthopaedics,1073,841
8682a36b-ea69-4a31-a01e-6f80ba0ed3f8,cccef36f-0564-4e3f-8e1e-166c86a895ef,MED,General Medicine,116,593
63a9adb5-7652-41d3-9925-c7f23b067ad1,cccef36f-0564-4e3f-8e1e-166c86a895ef,ENT,ENT,2034,40
e70893a4-909f-4a46-b3e2-8027279782af,cccef36f-0564-4e3f-8e1e-166c86a895ef,NEURO,Neurology,293,1598
cd09a9f7-d184-48e5-ac91-0b46dc2cfeca,cccef36f-0564-4e3f-8e1e-166c86a895ef,ONCO,Oncology,2012,1069
5bf01604-e5b6-4950-9230-11ed3965811a,ce3f0d79-6f38-440e-81dc-8d6d19d35030,GS,General Surgery,50,1401
5ad7eaaf-68b4-4d05-a236-ad2c70e2b42c,ce3f0d79-6f38-440e-81dc-8d6d19d35030,CARD,Cardiology,1572,1191
443bddab-cb82-4601-a187-0ddbb8e6e0db,ce3f0d79-6f38-440e-81dc-8d6d19d35030,OPTH,Ophthalmology,1632,210
032de0e9-bdb0-4139-a43a-fa28ef4f4dc6,ce3f0d79-6f38-440e-81dc-8d6d19d35030,PEDS,Paediatrics,1284,1153
f52da02c-a9a7-4064-8b46-3757bd221ab9,ce3f0d79-6f38-440e-81dc-8d6d19d35030,URO,Urology,489,1025
dde68c6c-9b29-4c72-8187-f9724a0a2f1b,ce3f0d79-6f38-440e-81dc-8d6d19d35030,ENT,ENT,1340,1549
ceb6bc82-f2f8-447a-bcb5-ec9088b0b349,ce3f0d79-6f38-440e-81dc-8d6d19d35030,MED,General Medicine,1974,1223
d4f98ee7-3b0f-4a08-b729-bffd8049a35e,ce7867d2-5635-49cc-a736-9403134aac2e,GS,General Surgery,340,1064
d37353d0-03c6-4efa-9448-b2b1a2c48e9f,ce7867d2-5635-49cc-a736-9403134aac2e,CARD,Cardiology,1113,880
18ca4524-4d7e-4ac2-a54c-878e7678ccf7,ce7867d2-5635-49cc-a736-9403134aac2e,ONCO,Oncology,1475,996
b56fa45a-c4f1-4ee5-b0be-9201f7b70e6f,ce7867d2-5635-49cc-a736-9403134aac2e,ORTH,Orthopaedics,501,1352
8c9e15e2-a687-44d4-bc2e-db04f0f7b6de,ce7867d2-5635-49cc-a736-9403134aac2e,URO,Urology,1529,854
b9c629d2-8a1a-4322-a9ee-13121b0c9ee7,ced61793-a093-460c-b537-afcf03865341,CARD,Cardiology,422,504
9f9d8c6e-1080-4cbc-8d84-c28f3f92e228,ced61793-a093-460c-b537-afcf03865341,GS,General Surgery,1425,1716
f6685064-e949-4850-b7e0-5e1ec0dc88a4,ced61793-a093-460c-b537-afcf03865341,URO,Urology,610,1579
a36bab8c-11f1-431a-a959-d234f5eab4e3,ced61793-a093-460c-b537-afcf03865341,MED,General Medicine,1400,1094
221f38f5-964a-4c20-9a4f-1e10a415146b,ced61793-a093-460c-b537-afcf03865341,ONCO,Oncology,109,1047
f730a1c2-077d-4071-ac94-aa96b6c77715,cf0084ff-03a0-4af9-8f93-e4215fb821bf,GS,General Surgery,1280,550
37f8d118-0b21-4d18-87e0-68a85dc06f86,cf0084ff-03a0-4af9-8f93-e4215fb821bf,URO,Urology,567,1240
c725f434-5e06-4a33-930f-2239baae07ee,cf0084ff-03a0-4af9-8f93-e4215fb821bf,NEURO,Neurology,176,951
c578907a-9b45-4da1-ba11-719119feae6a,cf0084ff-03a0-4af9-8f93-e4215fb821bf,ONCO,Oncology,565,833
82a7629a-2662-415b-a1fd-ad94e4b691f1,cf198bb3-d46b-402e-8910-3ea05aadd0ae,OBG,Obstetrics & Gynaecology,1377,966
7c3f7451-3f01-40e4-899b-eca651c250c8,cf198bb3-d46b-402e-8910-3ea05aadd0ae,ORTH,Orthopaedics,1392,1576
375bd9e6-339c-4cc1-93a8-b78ee437acac,cf198bb3-d46b-402e-8910-3ea05aadd0ae,GS,General Surgery,1010,1165
d469e1b5-7a91-4fac-9767-47c3cf64ee66,cf198bb3-d46b-402e-8910-3ea05aadd0ae,CARD,Cardiology,709,402
63f3cfc8-2f44-4a60-9654-735b0c20e299,cf198bb3-d46b-402e-8910-3ea05aadd0ae,ENT,ENT,1234,1492
6462ea9a-f233-4caf-bfa1-d34380090608,cf198bb3-d46b-402e-8910-3ea05aadd0ae,NEURO,Neurology,1482,1005
6e3eae4a-bc59-4059-8660-b833ce5b243f,d00bdba7-8e5c-4d18-94da-30bb4da04912,GS,General Surgery,1556,1274
66e86754-7c62-4aee-a344-7ef7c6d134aa,d00bdba7-8e5c-4d18-94da-30bb4da04912,CARD,Cardiology,363,1289
58037b01-6ccd-4b0f-91a5-2428f062b677,d00bdba7-8e5c-4d18-94da-30bb4da04912,ORTH,Orthopaedics,2488,1092
497a17ae-527e-4d57-97b3-9ef13362b249,d00bdba7-8e5c-4d18-94da-30bb4da04912,PEDS,Paediatrics,1484,629
2ec573e2-993e-4e20-875a-46dd53111813,d00bdba7-8e5c-4d18-94da-30bb4da04912,ENT,ENT,1147,40
1aa18282-9f28-4e32-840a-db80f6854f11,d00bdba7-8e5c-4d18-94da-30bb4da04912,NEURO,Neurology,1584,970
6741ab85-739a-46b8-8db2-dfab56575b4c,d02869c7-19e5-48f6-bd26-7b81f0fb2648,URO,Urology,1205,819
986b769a-bb9d-4085-aa89-e55841f10bd9,d02869c7-19e5-48f6-bd26-7b81f0fb2648,OPTH,Ophthalmology,485,1824
f0b6c24f-bec2-4e6b-bcd8-0f7d9620415b,d02869c7-19e5-48f6-bd26-7b81f0fb2648,PEDS,Paediatrics,1279,644
f6b44875-b745-4edf-9ade-032d749deeb9,d02869c7-19e5-48f6-bd26-7b81f0fb2648,CARD,Cardiology,50,1584
018ada65-5376-4fe0-9899-dcde8af22d41,d02869c7-19e5-48f6-bd26-7b81f0fb2648,ENT,ENT,749,1094
c4a4b5f3-cfcd-4071-843a-b1ac4fa27e2b,d04f4c31-db91-469c-b055-911d85b7007d,GS,General Surgery,861,720
d1945e82-02b1-42cc-a444-f05469c63933,d04f4c31-db91-469c-b055-911d85b7007d,PEDS,Paediatrics,1134,1821
d7bdef00-5879-4de6-bcc4-0153d0449faa,d04f4c31-db91-469c-b055-911d85b7007d,ENT,ENT,891,1855
dde35f6e-fea3-40e1-b615-3cce22146d4d,d04f4c31-db91-469c-b055-911d85b7007d,NEURO,Neurology,1139,563
39b5ce49-2037-4f39-8bf1-1d98c8224d98,d05c8016-35c4-4f07-bafe-6ac618c401e7,ORTH,Orthopaedics,1813,1203
5e45795d-b79e-461b-8733-ffbcd15045fb,d05c8016-35c4-4f07-bafe-6ac618c401e7,NEURO,Neurology,1043,1250
69a11e2e-4054-4f55-b592-b769f8c62826,d05c8016-35c4-4f07-bafe-6ac618c401e7,ONCO,Oncology,611,1400
a0d2362b-a98f-4d6c-b016-6f0e09257bd6,d05c8016-35c4-4f07-bafe-6ac618c401e7,URO,Urology,2199,1513
f9f9d0e9-0386-43ce-9d32-ca8be6a920d1,d0691e20-b1e7-4edd-be74-72a3b9c090cb,OPTH,Ophthalmology,1202,927
2b76034a-b934-494b-8000-7a0a9c4a5bd2,d0691e20-b1e7-4edd-be74-72a3b9c090cb,ORTH,Orthopaedics,1271,1404
fc60fda1-b56f-474a-bc20-a3055fcaf7a7,d0691e20-b1e7-4edd-be74-72a3b9c090cb,ENT,ENT,887,561
bb912f28-b34f-4bc5-8be1-3c5d043cd9bd,d0691e20-b1e7-4edd-be74-72a3b9c090cb,ONCO,Oncology,1000,1709
f52c470c-d57e-47b9-bc3c-ce0706a2d55d,d0691e20-b1e7-4edd-be74-72a3b9c090cb,CARD,Cardiology,232,1507
60dc0d3a-322d-4f71-a29d-3fa2956ce377,d0691e20-b1e7-4edd-be74-72a3b9c090cb,MED,General Medicine,1647,1652
eda264be-029e-446c-8c57-e09b6e1a9ab0,d0c5a9e6-e16a-44f9-979e-0d5e8c841fa9,OBG,Obstetrics & Gynaecology,1352,1436
7885ae2d-5f24-4bfe-9fa0-92a01d44211b,d0c5a9e6-e16a-44f9-979e-0d5e8c841fa9,GS,General Surgery,1685,714
f763633e-8a70-4b31-8c76-3168ee9d61f6,d0c5a9e6-e16a-44f9-979e-0d5e8c841fa9,PEDS,Paediatrics,1573,483
167003c3-4e53-46b4-a92d-0e2af5bfbfbc,d0c5a9e6-e16a-44f9-979e-0d5e8c841fa9,URO,Urology,1378,720
0e859ee4-3d15-4617-8164-b5267e056e3e,d0c5a9e6-e16a-44f9-979e-0d5e8c841fa9,NEURO,Neurology,681,440
62e43faf-04a0-4177-9802-cff840a0d1a3,d1206565-bbf6-4ced-9d37-3a3f40a4f91d,ORTH,Orthopaedics,1824,604
3c85f5c8-680a-421c-a1f7-6638db29f051,d1206565-bbf6-4ced-9d37-3a3f40a4f91d,CARD,Cardiology,1321,1077
2126c9d8-69c1-4cd2-88ef-ca6f0defbe83,d1206565-bbf6-4ced-9d37-3a3f40a4f91d,URO,Urology,1026,1669
6c64e506-3fb5-48ef-b203-6a5c8bc28713,d1206565-bbf6-4ced-9d37-3a3f40a4f91d,ENT,ENT,383,555
bd19d7e9-2739-4bf3-b844-640579069f30,d1206565-bbf6-4ced-9d37-3a3f40a4f91d,PEDS,Paediatrics,1814,1557
e517ccf9-cad9-4757-8d1c-d6df3884f2ef,d1206565-bbf6-4ced-9d37-3a3f40a4f91d,NEURO,Neurology,1747,970
f378530f-5bfc-4a17-a514-2726601265ae,d13d6915-8473-4197-ace7-e2e62cdecb96,OBG,Obstetrics & Gynaecology,1174,1851
b8fbe8a3-def1-402d-a84b-755c76383447,d13d6915-8473-4197-ace7-e2e62cdecb96,ORTH,Orthopaedics,1745,1222
2e04f6de-7a59-466c-a7c1-524975957ac1,d13d6915-8473-4197-ace7-e2e62cdecb96,URO,Urology,501,1482
21537501-b9f6-48ed-9057-cd1720408171,d13d6915-8473-4197-ace7-e2e62cdecb96,CARD,Cardiology,1020,304
e1c05408-c85c-400a-922b-1b82f480bc88,d13d6915-8473-4197-ace7-e2e62cdecb96,MED,General Medicine,1169,280
2e74b923-832c-4dc2-81ec-5e49ce85c917,d184befa-0281-4317-8c24-42aae42ba84e,ENT,ENT,1888,922
459d21af-e020-4ea1-8fa0-80761ae8b1ac,d19a4547-c47c-478a-a5ea-fb32f81f238a,GS,General Surgery,1198,972
7cc008d8-059d-4382-80e9-f03dca321e37,d19a4547-c47c-478a-a5ea-fb32f81f238a,OBG,Obstetrics & Gynaecology,1466,1081
2b2b073c-dad6-4f13-bde6-e253d1d6e67b,d19a4547-c47c-478a-a5ea-fb32f81f238a,OPTH,Ophthalmology,50,1564
a115860b-2051-4389-a243-1bd44c1a915d,d19a4547-c47c-478a-a5ea-fb32f81f238a,ONCO,Oncology,578,1129
275e3eee-8599-4b03-9829-046ca05a5c62,d19a4547-c47c-478a-a5ea-fb32f81f238a,ENT,ENT,1780,348
45adceb1-2d07-4fa8-a6f0-66d05b38e291,d1cb92dd-5843-4f7a-bcbe-1487358d8cc0,CARD,Cardiology,1286,516
62ca3f02-2dd2-4d65-98e1-ede93d10b946,d1cb92dd-5843-4f7a-bcbe-1487358d8cc0,MED,General Medicine,1320,501
287da91b-e883-4db0-a9af-719c642e69b7,d1cb92dd-5843-4f7a-bcbe-1487358d8cc0,URO,Urology,924,1575
ecb059ca-1ea1-4d53-bddd-992a6e9888f9,d1cb92dd-5843-4f7a-bcbe-1487358d8cc0,GS,General Surgery,1147,1601
51d2a50f-12f8-4dc0-9596-64a84296e6b8,d1cb92dd-5843-4f7a-bcbe-1487358d8cc0,PEDS,Paediatrics,1741,618
2116a6d6-4e96-4c20-a0c3-6e9d2d6239e4,d1cb92dd-5843-4f7a-bcbe-1487358d8cc0,ONCO,Oncology,1141,1260
f238661c-f565-4f7d-9cb0-989d3b82bb72,d1cb92dd-5843-4f7a-bcbe-1487358d8cc0,ORTH,Orthopaedics,738,1012
e159cccd-01ca-4000-a4b8-99a69006865e,d2451065-829d-40bd-b02e-3d863fa995ec,CARD,Cardiology,50,1149
368abd4a-62b2-4306-b793-5901004912b9,d2451065-829d-40bd-b02e-3d863fa995ec,NEURO,Neurology,798,873
23665413-3263-4189-a16a-54554f099a62,d2451065-829d-40bd-b02e-3d863fa995ec,ONCO,Oncology,1119,1947
7d336b34-78e5-4a61-bd77-f9dc84e73d84,d2451065-829d-40bd-b02e-3d863fa995ec,PEDS,Paediatrics,762,1759
3a68a582-00a2-4bfd-8737-62f6120cd6f0,d2451065-829d-40bd-b02e-3d863fa995ec,ORTH,Orthopaedics,1446,1100
ebc5eb11-41e3-4df9-9808-932fb77765ac,d2bff3da-843f-4478-8e9f-63581ac43517,MED,General Medicine,1472,493
91f3f471-85d1-4c84-84d3-ac411693ef94,d2bff3da-843f-4478-8e9f-63581ac43517,URO,Urology,1090,40
31ad86a5-b4a4-4a52-8870-5d918072c024,d2bff3da-843f-4478-8e9f-63581ac43517,OPTH,Ophthalmology,123,833
e7a2dd76-1287-423d-ac94-b14f46312033,d2bff3da-843f-4478-8e9f-63581ac43517,PEDS,Paediatrics,725,1664
fe534fce-6001-4e2e-bfed-94cb9d0140fb,d2bff3da-843f-4478-8e9f-63581ac43517,NEURO,Neurology,717,1291
d6065c6d-e801-4e4e-9872-9ec6180bb430,d2c0024b-8d5d-42f5-8962-735f8b5cd2d2,GS,General Surgery,708,725
8bd601b9-d6c7-4958-bcae-157b38235b04,d2c0024b-8d5d-42f5-8962-735f8b5cd2d2,ORTH,Orthopaedics,987,776
15eef034-4bbb-4ddf-a5e9-11a4c0813063,d2c0024b-8d5d-42f5-8962-735f8b5cd2d2,CARD,Cardiology,982,1300
fa606224-197e-4f91-b0c8-518b3d204c9f,d2c0024b-8d5d-42f5-8962-735f8b5cd2d2,NEURO,Neurology,332,1064
f817f314-c6bf-45ad-9fb3-463d9d66a92f,d2d71c15-213b-466d-89a0-cf8cd46262dd,OBG,Obstetrics & Gynaecology,422,596
79469d64-6a86-40bd-b710-6642fcc68ae4,d2d71c15-213b-466d-89a0-cf8cd46262dd,CARD,Cardiology,2048,933
f17c76d0-85bf-4302-b1a8-3cfd8d6b738a,d2d71c15-213b-466d-89a0-cf8cd46262dd,PEDS,Paediatrics,1286,2260
2331d201-ee1b-4cca-b687-c9bc130003a3,d2d71c15-213b-466d-89a0-cf8cd46262dd,ENT,ENT,50,1226
72c0fc51-ef98-4690-b951-7f2ef6b8d9b5,d2d71c15-213b-466d-89a0-cf8cd46262dd,OPTH,Ophthalmology,1681,1294
3d3514f8-ad37-4f42-b396-fea6542a0fb2,d31b4920-2059-47f5-83ab-ae5df3b24e6b,OBG,Obstetrics & Gynaecology,1216,1030
04b5163e-d776-4162-89fa-1ebf01b86a6c,d31b4920-2059-47f5-83ab-ae5df3b24e6b,URO,Urology,389,1522
eaa0c034-4a1d-412c-936f-869c314dc411,d31b4920-2059-47f5-83ab-ae5df3b24e6b,ONCO,Oncology,1265,230
d4e1cb04-7aa6-40d5-82b9-baa9ca57e51f,d31b4920-2059-47f5-83ab-ae5df3b24e6b,CARD,Cardiology,791,1295
a5138c66-fd86-452b-91cd-d99346184dee,d31b4920-2059-47f5-83ab-ae5df3b24e6b,ENT,ENT,1713,776
52348a9d-ca06-43c1-8c95-a642c145e0cb,d31b4920-2059-47f5-83ab-ae5df3b24e6b,NEURO,Neurology,557,670
98c3f51b-adcc-488d-9a6d-e4b3659c25b1,d31b4920-2059-47f5-83ab-ae5df3b24e6b,OPTH,Ophthalmology,1806,1410
6f61a949-fdcc-4f08-85e7-6a5214320577,d34c3cb2-a27e-4a44-ba5d-6a9766e552a2,GS,General Surgery,569,401
2ba07285-342d-4570-849a-7e535d948080,d34c3cb2-a27e-4a44-ba5d-6a9766e552a2,CARD,Cardiology,726,954
daabfcff-6c01-4987-9e66-53a7d46790c2,d34c3cb2-a27e-4a44-ba5d-6a9766e552a2,NEURO,Neurology,553,376
08e3ae16-3ed5-4550-ac67-1bc6656c9d91,d34c3cb2-a27e-4a44-ba5d-6a9766e552a2,ONCO,Oncology,520,1166
0e05510a-95e9-4e15-a1c5-6c6acb6cda2c,d34c3cb2-a27e-4a44-ba5d-6a9766e552a2,PEDS,Paediatrics,947,654
fbbd6bf7-4c24-4119-a91f-a209f58de43a,d3bcd033-d541-46a7-b8ec-8b8160691de0,URO,Urology,1040,40
1609f3c2-185e-4398-9420-6883e16adf65,d3bcd033-d541-46a7-b8ec-8b8160691de0,ORTH,Orthopaedics,448,479
77a3b496-037e-4ccc-aa99-07f2265d09e8,d3bcd033-d541-46a7-b8ec-8b8160691de0,PEDS,Paediatrics,201,1008
41cd4df3-89dc-4ef5-8b7c-bac95723af65,d3bcd033-d541-46a7-b8ec-8b8160691de0,CARD,Cardiology,634,2007
3bdf8acb-ef3b-4d54-9950-e9aecd099e99,d3bcd033-d541-46a7-b8ec-8b8160691de0,NEURO,Neurology,50,400
8c7b14be-5fe6-46e2-ae46-99aa0b414fd4,d3d7f8a4-1799-47d3-9d57-2e392c987e85,GS,General Surgery,349,1408
39c050ad-5c9e-46a9-b182-af905a5000f9,d3d7f8a4-1799-47d3-9d57-2e392c987e85,URO,Urology,206,740
c483fe86-c63e-4a05-8888-d6345ab52426,d3d7f8a4-1799-47d3-9d57-2e392c987e85,CARD,Cardiology,1126,409
b86f9ee4-ebdc-4427-a2ad-8c66078495b8,d3d7f8a4-1799-47d3-9d57-2e392c987e85,ORTH,Orthopaedics,1111,365
28b66558-f894-4674-8eb9-5b9b034c493e,d3d7f8a4-1799-47d3-9d57-2e392c987e85,ENT,ENT,2631,315
b5bed713-bb5b-4ea8-a4f7-6b80ba86d4f1,d3d7f8a4-1799-47d3-9d57-2e392c987e85,NEURO,Neurology,1206,1689
7f7f4642-8f1a-404b-9225-eb5ec8c3684f,d4266dd8-633a-410f-80a4-c0fb72408134,OPTH,Ophthalmology,962,1125
f0ff60db-05ba-4a26-8bb5-0aa9bcebef24,d4266dd8-633a-410f-80a4-c0fb72408134,CARD,Cardiology,487,848
fcfc9806-9c3b-4459-a984-4356fea6f103,d4266dd8-633a-410f-80a4-c0fb72408134,ORTH,Orthopaedics,576,1229
8fe3e1d5-1520-478f-96dd-012d4ba4a8f6,d4266dd8-633a-410f-80a4-c0fb72408134,URO,Urology,661,1557
e2cd698e-7263-469a-92af-cfaf681e07c0,d4266dd8-633a-410f-80a4-c0fb72408134,ENT,ENT,701,40
45700f90-97b1-43ea-8547-2175a7055669,d4266dd8-633a-410f-80a4-c0fb72408134,NEURO,Neurology,993,901
5b81cb51-cd6b-4987-924f-194c001a6306,d4266dd8-633a-410f-80a4-c0fb72408134,ONCO,Oncology,362,881
3a6bc071-291b-4e40-a708-0ff02a530a37,d4291d82-6767-43db-add6-acdccea508e7,OBG,Obstetrics & Gynaecology,1690,402
ce21f614-1b32-4fc8-9506-ebc6e881a02b,d4291d82-6767-43db-add6-acdccea508e7,NEURO,Neurology,61,757
265c0c77-e40f-414b-adb8-1568ed5feb06,d4291d82-6767-43db-add6-acdccea508e7,CARD,Cardiology,1114,2198
4de26c2c-5748-46fb-b37e-769e716ae9f0,d4291d82-6767-43db-add6-acdccea508e7,ONCO,Oncology,872,1469
7bd705c5-8660-4cc4-aba0-9496434656ec,d4291d82-6767-43db-add6-acdccea508e7,ORTH,Orthopaedics,50,1219
24242b1c-5623-4bda-a528-6442cd7b27f8,d4291d82-6767-43db-add6-acdccea508e7,URO,Urology,1991,40
e6d09bdf-c653-4cb7-80fa-453b62617393,d4291d82-6767-43db-add6-acdccea508e7,MED,General Medicine,1863,273
da1772c0-e6e1-47c2-847c-db520311b896,d4291d82-6767-43db-add6-acdccea508e7,OPTH,Ophthalmology,349,726
77c65bd0-3b04-4b95-a2cb-fe3b2ef46929,d440f795-2f6b-4c24-9904-fb6bf4de25cf,GS,General Surgery,1139,1637
622e0e12-a878-454b-8ec5-ab4a37c595d5,d440f795-2f6b-4c24-9904-fb6bf4de25cf,CARD,Cardiology,804,1231
950b7f68-ba43-4a94-a989-e28d4e2d331e,d440f795-2f6b-4c24-9904-fb6bf4de25cf,MED,General Medicine,277,862
733122bf-f97f-4785-b866-806e3bf5b1d9,d440f795-2f6b-4c24-9904-fb6bf4de25cf,NEURO,Neurology,1317,1075
eb812c98-c4fa-4437-a6e5-3068106b0a6a,d440f795-2f6b-4c24-9904-fb6bf4de25cf,PEDS,Paediatrics,1528,570
718dbece-aee3-45de-92a3-b2c63b8d00b5,d4a1cb66-9da9-4f16-a5ff-19110e8bc369,OBG,Obstetrics & Gynaecology,1064,1002
da6f8472-2429-49e3-bc92-f037aa7b4ce2,d4a1cb66-9da9-4f16-a5ff-19110e8bc369,GS,General Surgery,1683,342
bdbaa193-c3c5-4ab3-8047-f891ebe27da6,d4a1cb66-9da9-4f16-a5ff-19110e8bc369,URO,Urology,352,40
6fe455f6-0632-4bf7-a097-6f36892b9bef,d4a1cb66-9da9-4f16-a5ff-19110e8bc369,OPTH,Ophthalmology,633,974
329a0b7a-7b57-43b7-9f70-842195e33b6f,d4a1cb66-9da9-4f16-a5ff-19110e8bc369,PEDS,Paediatrics,1406,560
a7cdd976-8fda-4c3d-bc82-48478957a5e5,d4a1f99a-4df8-4c25-aa51-6df57715f352,GS,General Surgery,1257,1406
f6407b53-e72f-4f06-948f-5f674ac14caa,d4a1f99a-4df8-4c25-aa51-6df57715f352,PEDS,Paediatrics,822,570
45f34c34-093b-441e-8849-86ee88354636,d4a1f99a-4df8-4c25-aa51-6df57715f352,CARD,Cardiology,350,691
8ed63d73-2891-4a6c-8cea-1a06d213e01a,d4a1f99a-4df8-4c25-aa51-6df57715f352,ENT,ENT,1397,1056
0f14bd41-8b4b-43d6-a71f-2c70ca83b009,d4a1f99a-4df8-4c25-aa51-6df57715f352,NEURO,Neurology,401,52
3e864d3e-a696-43d8-a524-b5cc56a57ab5,d4a1f99a-4df8-4c25-aa51-6df57715f352,URO,Urology,1976,1511
3a48ddbd-06c0-4b8a-9fdc-ef700d0a5292,d4b57a38-fb5d-4322-bb10-6158a89c9ad4,MED,General Medicine,1227,635
0e98d3db-162c-4cdb-8f35-88ac2385e35d,d4b57a38-fb5d-4322-bb10-6158a89c9ad4,CARD,Cardiology,1568,1045
e736dcdc-8be1-4aa0-9aba-faeb9234a417,d4b57a38-fb5d-4322-bb10-6158a89c9ad4,OBG,Obstetrics & Gynaecology,1090,1119
6bb1f329-5908-4cd5-9d8e-4306bda80c2f,d4b57a38-fb5d-4322-bb10-6158a89c9ad4,OPTH,Ophthalmology,1058,246
9c4d4940-4e91-4922-944c-fd44d8dc7296,d4b57a38-fb5d-4322-bb10-6158a89c9ad4,ENT,ENT,1082,1545
c70aab54-d6f7-46b5-be3c-4f1a48d68c35,d4cb1481-3164-483d-a44c-3a3615279ba9,OBG,Obstetrics & Gynaecology,2317,1812
3d5a6b4d-36cc-4237-a267-817dbbeb0b61,d4cb1481-3164-483d-a44c-3a3615279ba9,URO,Urology,454,696
37de6edf-14c9-4a49-bfd6-6917f291a0cf,d4cb1481-3164-483d-a44c-3a3615279ba9,GS,General Surgery,1438,266
8b3ffa81-e9ea-4aa3-b4c2-12c3cbe0f005,d4cb1481-3164-483d-a44c-3a3615279ba9,ONCO,Oncology,1021,1072
1a03e74d-6a3f-42d8-b7cd-3bb5a3f6ab1e,d4cb1481-3164-483d-a44c-3a3615279ba9,ORTH,Orthopaedics,1650,676
b7ca5f72-0e35-45bc-974c-f7bc63684f08,d4cb1481-3164-483d-a44c-3a3615279ba9,ENT,ENT,1021,806
a554cb08-d388-439a-bdbb-cda48b384fb5,d4cb1481-3164-483d-a44c-3a3615279ba9,OPTH,Ophthalmology,818,40
62df9209-8b8c-4d43-a8aa-3ee9e380541b,d4d95dd0-47d9-4ba9-a400-0ffe2332c143,CARD,Cardiology,1452,826
c13edb47-e0e0-4758-84ea-731228245986,d4d95dd0-47d9-4ba9-a400-0ffe2332c143,MED,General Medicine,1083,957
f2f372e7-3f4b-48a8-8a46-f52c149f247b,d4d95dd0-47d9-4ba9-a400-0ffe2332c143,OPTH,Ophthalmology,730,1086
b7195a40-1dd0-4493-aa67-e5fb9a5ce603,d50218e3-0d98-43ec-ad90-60b47e6ab1f2,OBG,Obstetrics & Gynaecology,396,493
261f12dd-5e2b-4a1f-b823-c6c3b7db1b6d,d50218e3-0d98-43ec-ad90-60b47e6ab1f2,CARD,Cardiology,488,1622
5a9998ed-c1d8-4a03-9173-a2df2c81a5f1,d50218e3-0d98-43ec-ad90-60b47e6ab1f2,GS,General Surgery,1353,824
6d53928f-4d8d-44d8-b95c-c40b0350e955,d50218e3-0d98-43ec-ad90-60b47e6ab1f2,ORTH,Orthopaedics,2389,539
bf999886-219c-442d-baeb-e677aafb03cf,d50218e3-0d98-43ec-ad90-60b47e6ab1f2,ENT,ENT,715,132
0163c0b4-219b-44a8-81ff-7ead1d4076ea,d50218e3-0d98-43ec-ad90-60b47e6ab1f2,URO,Urology,1276,1725
2fb72a63-8b59-42f0-b1c9-cf4709412b6b,d50218e3-0d98-43ec-ad90-60b47e6ab1f2,NEURO,Neurology,1013,1050
629e0821-4cae-4801-973d-2e0f5367d49b,d5055393-65e4-45c4-b5ff-3ca4b7471a2f,GS,General Surgery,1638,2177
2f81fe90-a1ea-49b3-af5e-176b142e91fc,d5055393-65e4-45c4-b5ff-3ca4b7471a2f,ONCO,Oncology,1140,720
9b323652-ec00-41c9-8d91-c5464601fb09,d5055393-65e4-45c4-b5ff-3ca4b7471a2f,ORTH,Orthopaedics,2340,410
2e550562-2918-410d-ad8d-e70dbfae4b8c,d5055393-65e4-45c4-b5ff-3ca4b7471a2f,CARD,Cardiology,2104,40
83c3bad7-db6b-419e-9d94-61f9ff00ba47,d5055393-65e4-45c4-b5ff-3ca4b7471a2f,NEURO,Neurology,1660,706
d32816e9-b3b6-470a-999a-0620d8ea8f21,d5055393-65e4-45c4-b5ff-3ca4b7471a2f,OPTH,Ophthalmology,2154,1700
8ff2260b-ae55-4609-a095-fcf06e3cc402,d5055393-65e4-45c4-b5ff-3ca4b7471a2f,PEDS,Paediatrics,1076,362
f1f5e204-9e55-4c1d-b493-b49cb5b28864,d605dc79-4141-4d2a-af33-5fe1f87608b4,CARD,Cardiology,650,1260
017a381a-a5c8-4a7f-8e29-172e99bbad4d,d605dc79-4141-4d2a-af33-5fe1f87608b4,NEURO,Neurology,1368,1132
e4741ada-ea2c-4f99-96d4-40f016666709,d605dc79-4141-4d2a-af33-5fe1f87608b4,OPTH,Ophthalmology,1228,1144
ccd1d4a0-2b32-43a6-84df-32b5e5c8c8f2,d640cf60-5ba6-4230-bb61-c8deebdb6377,GS,General Surgery,849,1525
224e10fc-1961-436c-8a27-1bec4331e05a,d640cf60-5ba6-4230-bb61-c8deebdb6377,OPTH,Ophthalmology,1549,433
9b854bfd-a7ad-4deb-85ff-cf607b21a524,d640cf60-5ba6-4230-bb61-c8deebdb6377,PEDS,Paediatrics,951,1370
5cf38458-54e7-4154-86fa-6d3d9848efd7,d69260e4-339a-4592-adcd-ab5e5fab0286,MED,General Medicine,1148,943
4dd9cb03-42f6-4352-9b9a-dc6a0a7a091e,d69260e4-339a-4592-adcd-ab5e5fab0286,OBG,Obstetrics & Gynaecology,820,1113
d8c48273-3a87-47e7-983a-aa43379e7ec5,d69260e4-339a-4592-adcd-ab5e5fab0286,ORTH,Orthopaedics,1871,431
d16d5633-d5b6-4355-b92b-99b0e4db7c34,d69260e4-339a-4592-adcd-ab5e5fab0286,GS,General Surgery,1500,1081
6b21dd09-c70a-42b6-8fcc-4e094b13c8f4,d69260e4-339a-4592-adcd-ab5e5fab0286,ENT,ENT,855,271
2c79122c-3f43-4c9a-99c8-2186ca52462c,d69260e4-339a-4592-adcd-ab5e5fab0286,NEURO,Neurology,74,1046
10563b5f-a4b1-41d0-b1ed-12076fcbe01c,d69260e4-339a-4592-adcd-ab5e5fab0286,URO,Urology,1128,1272
a8206f14-855a-4d32-b745-2dce6875f7e0,d69260e4-339a-4592-adcd-ab5e5fab0286,OPTH,Ophthalmology,527,272
27aa0aff-7660-4704-a2f7-64a2a0f789a3,d781fc7e-e867-49ae-ad48-1a3babfece87,ORTH,Orthopaedics,1243,633
ef8679a1-46bb-4ddc-aa73-9c383ca96ef1,d781fc7e-e867-49ae-ad48-1a3babfece87,MED,General Medicine,1008,276
30449978-f2bb-49f8-af30-fd4e1d56bb41,d781fc7e-e867-49ae-ad48-1a3babfece87,OPTH,Ophthalmology,894,1665
39bb00ee-edb9-4823-b803-10b585619568,d781fc7e-e867-49ae-ad48-1a3babfece87,URO,Urology,2151,801
b5b8d3f3-4c43-49b0-b1b6-f562073f56eb,d781fc7e-e867-49ae-ad48-1a3babfece87,NEURO,Neurology,1471,831
53fc97a8-bfc5-47bf-b725-8191963dd42e,d781fc7e-e867-49ae-ad48-1a3babfece87,ENT,ENT,1308,1362
f11b11b1-a792-4721-9a9f-3280ef1979cb,d781fc7e-e867-49ae-ad48-1a3babfece87,ONCO,Oncology,736,748
2391f2e2-8ca5-488e-8cf5-1bdc16d6c891,d7935ac2-8820-4c6e-9ece-961b1da38c93,MED,General Medicine,1640,895
df67e887-dce8-4dd1-a708-33dd5ee553f8,d7935ac2-8820-4c6e-9ece-961b1da38c93,OBG,Obstetrics & Gynaecology,1421,1595
b5dad258-41f5-415f-bf32-2beb2d31b858,d7935ac2-8820-4c6e-9ece-961b1da38c93,OPTH,Ophthalmology,782,2749
a12bbb01-91e0-4384-b1ee-26584ea49810,d7935ac2-8820-4c6e-9ece-961b1da38c93,ORTH,Orthopaedics,1201,941
a3bbba32-ac7d-4e75-83be-b6c217cbd9b7,d7935ac2-8820-4c6e-9ece-961b1da38c93,CARD,Cardiology,1300,1694
4d5d0ff6-dc0b-4434-83e5-dfdef93f6889,d7935ac2-8820-4c6e-9ece-961b1da38c93,NEURO,Neurology,1736,1085
08da8c9e-20c3-4341-aba8-f13dcf246da7,d7935ac2-8820-4c6e-9ece-961b1da38c93,URO,Urology,1407,919
90a66553-1b3a-4490-8920-cca750e79cf7,d7fdc7a5-25a5-4b3e-9830-2b9930184562,MED,General Medicine,628,854
f164ca8a-d5bb-49ed-be60-9d0df1a2f3c4,d7fdc7a5-25a5-4b3e-9830-2b9930184562,CARD,Cardiology,1279,1148
811bff5e-8a37-4f24-9522-a2ee9a72e807,d99ed17c-5b07-41ee-926d-ee4d1a0db132,GS,General Surgery,840,441
74fd239c-7898-4dc1-9ce6-922cde0a1913,d99ed17c-5b07-41ee-926d-ee4d1a0db132,URO,Urology,635,613
27dcc286-69d6-44d6-a20e-1bf2ad3490a9,d99ed17c-5b07-41ee-926d-ee4d1a0db132,ONCO,Oncology,2112,622
069802b2-cbaa-4f6b-9366-0dff0e221e4d,d99ed17c-5b07-41ee-926d-ee4d1a0db132,ORTH,Orthopaedics,858,1143
058f13fd-ed66-4ba7-a848-4845a59272e3,d99ed17c-5b07-41ee-926d-ee4d1a0db132,PEDS,Paediatrics,699,1159
4a997f08-3505-4ae3-9c5d-d49d1f11c7f7,d99ed17c-5b07-41ee-926d-ee4d1a0db132,ENT,ENT,949,771
d546877f-c6df-47fb-b5c9-265a053f8d9f,d9e9beab-32ba-47c7-b316-8c2019c2f0b6,CARD,Cardiology,50,977
1e82240d-1462-4d5d-8021-7e57989b3251,d9e9beab-32ba-47c7-b316-8c2019c2f0b6,OBG,Obstetrics & Gynaecology,1604,1103
e95c97e4-c287-424d-92fb-899af702d3fc,d9e9beab-32ba-47c7-b316-8c2019c2f0b6,URO,Urology,1128,539
4715abf1-0637-4968-ba27-f68956b8bf23,d9e9beab-32ba-47c7-b316-8c2019c2f0b6,ENT,ENT,1162,1128
c7d46b01-78e7-4cbb-b8ed-237421f2bfce,d9e9beab-32ba-47c7-b316-8c2019c2f0b6,NEURO,Neurology,815,710
ba9078a2-9d6b-43fc-9c71-b21588b2055e,dac51237-edbb-4ee9-acf5-9937337ecbe5,GS,General Surgery,651,929
fba98a51-08c9-48c2-bc71-8d0c5c76cd9a,dac51237-edbb-4ee9-acf5-9937337ecbe5,MED,General Medicine,893,874
9ef70529-3317-4a8e-8284-ac7297604b0a,dac51237-edbb-4ee9-acf5-9937337ecbe5,ONCO,Oncology,619,1524
bacd23e2-2762-40be-90de-44851819029b,dac51237-edbb-4ee9-acf5-9937337ecbe5,ENT,ENT,1413,40
47588f71-a7d4-4941-a495-710190902c2b,dac51237-edbb-4ee9-acf5-9937337ecbe5,OPTH,Ophthalmology,875,1062
f32d2a45-9682-4b7f-b031-cb540b3e83fa,dac51237-edbb-4ee9-acf5-9937337ecbe5,ORTH,Orthopaedics,781,266
a8762802-df87-4e28-86ae-e91910f4bfe4,dac51237-edbb-4ee9-acf5-9937337ecbe5,PEDS,Paediatrics,1469,562
0f290cab-07aa-458b-9a17-b7a8d8e1b863,dac7e629-3879-4271-8080-e2d19d7abe61,MED,General Medicine,645,351
05c645f9-8193-4a61-87bf-b06c544bd81d,dac7e629-3879-4271-8080-e2d19d7abe61,CARD,Cardiology,2161,1245
5c2cd03f-1a9f-4179-92f3-4782d5d2e6c3,dac7e629-3879-4271-8080-e2d19d7abe61,ORTH,Orthopaedics,640,485
3e6cc0d7-635d-4d3f-9b89-06309b28bc2d,dac7e629-3879-4271-8080-e2d19d7abe61,OPTH,Ophthalmology,1006,558
a4df7d37-5213-4b65-a829-1fba882237bb,db3fdada-75d0-4a5d-b8d1-a53bbd4f446b,OBG,Obstetrics & Gynaecology,710,934
ae95ab84-eec7-439f-83c9-b118e385379b,db3fdada-75d0-4a5d-b8d1-a53bbd4f446b,NEURO,Neurology,1274,852
f6cc5cf3-01e3-4d66-b0ce-fc0a3704d05c,db3fdada-75d0-4a5d-b8d1-a53bbd4f446b,ONCO,Oncology,1220,1348
bd7dcae2-f733-4feb-ae1c-b486abe4d3fe,db3fdada-75d0-4a5d-b8d1-a53bbd4f446b,PEDS,Paediatrics,527,1259
fe286ba7-5480-4cea-9ad4-7a9f76bfa4d5,db3fdada-75d0-4a5d-b8d1-a53bbd4f446b,URO,Urology,2056,980
291cec46-5725-4a92-96d2-e9f615e6366f,db3fdada-75d0-4a5d-b8d1-a53bbd4f446b,ENT,ENT,757,186
b2787ef3-9776-4ad7-a774-e055676f2e8b,db99333a-caca-4124-bc31-482ab7eb0505,NEURO,Neurology,551,50
8766286a-7b58-411c-9b72-b79adce385c1,db99333a-caca-4124-bc31-482ab7eb0505,ENT,ENT,1050,608
8873fea2-0d5f-4518-881f-fb5d7e4abd96,db99333a-caca-4124-bc31-482ab7eb0505,OPTH,Ophthalmology,690,493
3c5437e7-3c8f-47c7-84f4-82fd0e999b51,db99333a-caca-4124-bc31-482ab7eb0505,PEDS,Paediatrics,1242,317
d4cb2bce-d83d-4efc-9e61-115120400c21,db99333a-caca-4124-bc31-482ab7eb0505,CARD,Cardiology,85,670
67f576b0-614e-4964-8097-eb1988d82eea,db99333a-caca-4124-bc31-482ab7eb0505,MED,General Medicine,739,1053
9ec51168-af15-4d29-9ef6-24774f76d192,dbbf8923-8a9c-4ff1-9dcb-cc4cddd986ab,ORTH,Orthopaedics,1409,284
298c9fbc-5f2c-4823-8b41-0c007d6dce4d,dbbf8923-8a9c-4ff1-9dcb-cc4cddd986ab,URO,Urology,1677,1767
22aa257c-7248-4e29-894c-ab3a9e9b9782,dbbf8923-8a9c-4ff1-9dcb-cc4cddd986ab,GS,General Surgery,166,1408
999e75dc-83cd-4f88-b792-020a9d01479e,dbbf8923-8a9c-4ff1-9dcb-cc4cddd986ab,OPTH,Ophthalmology,2166,508
5a8eac10-ec4e-405c-bea3-273929bb68aa,dbbf8923-8a9c-4ff1-9dcb-cc4cddd986ab,ONCO,Oncology,1069,1391
705bdbdb-d039-421b-9ee5-1a3e5a60db99,dbbf8923-8a9c-4ff1-9dcb-cc4cddd986ab,CARD,Cardiology,999,40
6e1e9d43-2d14-48ce-b4de-ce6a9b2c72f5,dbbf8923-8a9c-4ff1-9dcb-cc4cddd986ab,ENT,ENT,1980,448
3ca914a3-1501-4b05-9a47-57a6d0a31255,dc0137f9-20fe-4a85-bfdd-45cf9d56fa5f,URO,Urology,50,595
7b501bc7-a273-4cd6-99cb-f18c5faccdc0,dc0137f9-20fe-4a85-bfdd-45cf9d56fa5f,CARD,Cardiology,1945,40
ac970302-8db4-4384-9d18-76a8da581951,dc0137f9-20fe-4a85-bfdd-45cf9d56fa5f,OBG,Obstetrics & Gynaecology,972,1034
d33c24e9-148d-4e0f-b6dd-7d6933738160,dc0137f9-20fe-4a85-bfdd-45cf9d56fa5f,ORTH,Orthopaedics,634,971
2cd1ae1c-7a6f-4bd4-b36c-4373097819e5,dc0137f9-20fe-4a85-bfdd-45cf9d56fa5f,GS,General Surgery,740,233
c9c75a74-bb21-46b4-8cb0-8746897275f9,dc0137f9-20fe-4a85-bfdd-45cf9d56fa5f,MED,General Medicine,932,411
72909eac-680f-4674-8428-7e1319d07329,dc0137f9-20fe-4a85-bfdd-45cf9d56fa5f,ENT,ENT,1160,1061
16d4e38c-24eb-4ccb-8117-0056cc638370,dc191247-d0ae-454b-8603-e8fd00c1b91d,GS,General Surgery,1610,528
ba94e758-ff99-4168-8c74-58e1d8146096,dc191247-d0ae-454b-8603-e8fd00c1b91d,OBG,Obstetrics & Gynaecology,1123,40
e5d73293-3ae2-46fd-8c2a-c4ba6417e319,dc191247-d0ae-454b-8603-e8fd00c1b91d,URO,Urology,1162,673
395c592e-a8ee-4dae-9790-46552c0af618,dc191247-d0ae-454b-8603-e8fd00c1b91d,CARD,Cardiology,1239,1439
e73ad484-96c6-4d69-b8c5-f3cea6fee6fa,dc191247-d0ae-454b-8603-e8fd00c1b91d,ENT,ENT,1159,629
bf4665a8-56af-436d-b9a4-ac52f59dcd9b,dc191247-d0ae-454b-8603-e8fd00c1b91d,NEURO,Neurology,788,1286
977f8afb-25c7-4bc0-9044-da056450c182,dc191247-d0ae-454b-8603-e8fd00c1b91d,ORTH,Orthopaedics,1191,1146
7c576b3c-ae35-46b4-b380-b90579b97e9f,dc3838bb-176a-4392-b83b-98e3856a632f,MED,General Medicine,570,642
676b91fe-36f3-400b-b454-46792689645b,dc3838bb-176a-4392-b83b-98e3856a632f,OPTH,Ophthalmology,1872,874
90ed63ea-193c-472f-93f3-435f97f3ce82,dc3838bb-176a-4392-b83b-98e3856a632f,CARD,Cardiology,1206,1758
e6e6a362-5af3-4324-b424-439675888e88,dc3838bb-176a-4392-b83b-98e3856a632f,ENT,ENT,1298,770
1e2b53ff-7e01-4136-800c-3e2a9ae21e02,dc3838bb-176a-4392-b83b-98e3856a632f,ORTH,Orthopaedics,1068,40
01ef55e6-a44d-4284-88ea-c7507c2a1e90,dd570872-afe8-481b-a77b-40b538abea65,ENT,ENT,1668,40
4a9c7675-c91a-4189-8782-48f4bd05ea01,dd570872-afe8-481b-a77b-40b538abea65,MED,General Medicine,50,2082
0c648b12-f656-41fd-9457-34ff24cdedd6,dd570872-afe8-481b-a77b-40b538abea65,ORTH,Orthopaedics,1609,814
16772e65-6249-4571-8cdb-ffab6d07ac07,dd570872-afe8-481b-a77b-40b538abea65,PEDS,Paediatrics,909,698
17965070-d592-46a6-aa91-30bd8bb18851,dd570872-afe8-481b-a77b-40b538abea65,ONCO,Oncology,1102,578
165867dd-1f8a-42fa-ba26-796d5002d42c,dd570872-afe8-481b-a77b-40b538abea65,URO,Urology,1483,1192
867d2683-1e81-4dbf-84dc-c757b58484ca,dda532e3-58af-4a7a-8fe9-1ab12489b2b4,OPTH,Ophthalmology,1805,516
3290e2fb-adff-4468-b5b4-be21dba44749,dda532e3-58af-4a7a-8fe9-1ab12489b2b4,GS,General Surgery,974,1632
81c426b5-af4c-49af-8c51-0ae71acabeda,dda532e3-58af-4a7a-8fe9-1ab12489b2b4,ORTH,Orthopaedics,1022,1897
e72c1cae-fef5-4cba-895e-b68cdc3078ff,dda532e3-58af-4a7a-8fe9-1ab12489b2b4,CARD,Cardiology,989,1440
5babed19-1d6e-4921-9184-7a5dd6d9fc5b,dda532e3-58af-4a7a-8fe9-1ab12489b2b4,ENT,ENT,864,845
d3591f71-77ca-47dd-a4ae-34d6c5efd325,dda532e3-58af-4a7a-8fe9-1ab12489b2b4,URO,Urology,114,1441
f58f0b5b-c078-42ae-8b6e-8bca8e2f4092,dda532e3-58af-4a7a-8fe9-1ab12489b2b4,ONCO,Oncology,1008,900
2cfcd428-b6d3-455d-a75d-6a7fe2fb730f,ddf4e038-eee1-4aad-bf3c-340501d42a3b,OPTH,Ophthalmology,2264,263
d9940a73-0ace-4752-b0ae-59f83651119b,ddf4e038-eee1-4aad-bf3c-340501d42a3b,ORTH,Orthopaedics,682,1501
ba595d8f-5ce0-4610-a920-98eb0ac97ba3,ddf4e038-eee1-4aad-bf3c-340501d42a3b,CARD,Cardiology,1135,584
2ddc06a7-0bdf-4eae-9e94-cd1715f953d2,ddf4e038-eee1-4aad-bf3c-340501d42a3b,PEDS,Paediatrics,740,475
a3c80fd5-5d0d-4db1-88d8-ba8bd928d4dc,ddf4e038-eee1-4aad-bf3c-340501d42a3b,URO,Urology,749,353
3056c164-867a-4986-826b-edbed08a3e67,de0a77ef-83ed-48d5-bc82-51af8afb0b6e,CARD,Cardiology,2222,359
9d9f5a91-c067-4710-b6c3-b0c68d976915,de0a77ef-83ed-48d5-bc82-51af8afb0b6e,GS,General Surgery,209,2427
4be997be-6ea4-4415-83e9-ff016ecd1610,de0a77ef-83ed-48d5-bc82-51af8afb0b6e,NEURO,Neurology,1497,851
1361003b-c17b-4c1f-91d5-4e1c96e46e36,de0a77ef-83ed-48d5-bc82-51af8afb0b6e,ENT,ENT,1126,797
59338781-6efe-41cb-a3b2-1b032a99d94c,de0a77ef-83ed-48d5-bc82-51af8afb0b6e,ONCO,Oncology,917,466
bcb723de-4acd-4484-b500-c79eff0e5845,de0a77ef-83ed-48d5-bc82-51af8afb0b6e,PEDS,Paediatrics,50,1691
dfa999cb-f873-4554-9116-fecdbbec7fee,de42d267-71ae-4a05-9d05-bd021a94ba07,GS,General Surgery,2137,40
e9b55da4-3c87-4ea7-9700-759cb26aa550,de42d267-71ae-4a05-9d05-bd021a94ba07,ONCO,Oncology,629,1146
4c995856-8b90-4479-b050-9f434db3128f,de42d267-71ae-4a05-9d05-bd021a94ba07,OPTH,Ophthalmology,1202,1050
f83533e7-431b-4510-bc61-0cb7eb749ede,de42d267-71ae-4a05-9d05-bd021a94ba07,ENT,ENT,1788,875
93fa87e6-6bf2-4a1b-80f2-583105e96e3a,de42d267-71ae-4a05-9d05-bd021a94ba07,MED,General Medicine,50,692
4124d600-a29a-4340-8f20-039b1385d173,de42d267-71ae-4a05-9d05-bd021a94ba07,URO,Urology,744,40
60f07a09-c5b5-41e1-808f-215d7e7b4df0,de51e0c8-f3d3-4f61-8c9b-8d2b772b9418,CARD,Cardiology,519,1352
a5db9218-ce2e-4db8-95d8-d1e44bad83d2,de51e0c8-f3d3-4f61-8c9b-8d2b772b9418,OPTH,Ophthalmology,730,656
ac7ddc5b-bb34-4a39-92d9-c35734598ab2,de51e0c8-f3d3-4f61-8c9b-8d2b772b9418,NEURO,Neurology,50,1569
0da96363-95ca-4c6b-b9d9-9f7e215a97c5,de51e0c8-f3d3-4f61-8c9b-8d2b772b9418,MED,General Medicine,219,954
d52a50cd-c10a-43b9-9a13-b4a9f476a854,de51e0c8-f3d3-4f61-8c9b-8d2b772b9418,OBG,Obstetrics & Gynaecology,470,907
0028b1da-2984-42bd-b99e-f05d4cbe079b,de51e0c8-f3d3-4f61-8c9b-8d2b772b9418,ONCO,Oncology,858,931
2c716caa-01b0-4cc2-89cc-bc0f36ccf7b0,de51e0c8-f3d3-4f61-8c9b-8d2b772b9418,PEDS,Paediatrics,1853,186
4511feea-861d-4a08-bd6d-67b03f3a3522,de763910-8db1-4875-af20-19665c35714d,CARD,Cardiology,1803,655
78fde21e-7eac-4141-a261-c783f24c7809,de763910-8db1-4875-af20-19665c35714d,GS,General Surgery,810,613
6c68bd12-8abd-4295-a346-0cc3d3e07056,de763910-8db1-4875-af20-19665c35714d,MED,General Medicine,632,915
a67d1890-03ae-421e-8080-153f2e118f35,de763910-8db1-4875-af20-19665c35714d,NEURO,Neurology,915,778
32381c46-dcb3-441b-9b7e-c5b268a9bb2f,de763910-8db1-4875-af20-19665c35714d,ORTH,Orthopaedics,1032,1846
f5a3d2af-09a6-44a4-9ebc-a9bea056fe19,de763910-8db1-4875-af20-19665c35714d,URO,Urology,1307,1581
9e039c01-605f-4e03-8bf5-d3976b64743d,de763910-8db1-4875-af20-19665c35714d,ONCO,Oncology,157,935
971df932-346f-4eab-950b-da9348e25973,de763910-8db1-4875-af20-19665c35714d,OPTH,Ophthalmology,509,1653
da9c80e1-1518-47df-b536-c9bd613b58f1,deb5187d-54f9-4098-80f1-7d1d43623d85,GS,General Surgery,1101,1502
52421e2b-8ed0-4e7f-ae16-264d801563c0,deb5187d-54f9-4098-80f1-7d1d43623d85,OBG,Obstetrics & Gynaecology,1545,40
8064ee40-d97d-4a38-a02e-60e47c078d97,deb5187d-54f9-4098-80f1-7d1d43623d85,CARD,Cardiology,622,568
d560d2fe-9ef2-4416-ab70-09cc933a4894,deb5187d-54f9-4098-80f1-7d1d43623d85,MED,General Medicine,264,1259
5a495569-0eda-44e5-b73e-18210825e37b,deb5187d-54f9-4098-80f1-7d1d43623d85,OPTH,Ophthalmology,1155,804
a77b27dc-b500-4d86-8029-655d5252dfb3,deb5187d-54f9-4098-80f1-7d1d43623d85,NEURO,Neurology,1796,1427
8ccd2ded-084d-4558-9622-6d3377c4710c,deb5187d-54f9-4098-80f1-7d1d43623d85,ORTH,Orthopaedics,839,643
6977102b-ac3d-4c18-87b6-51bd67c2b969,ded8a65c-4013-42a2-a29b-13060aec21b7,OBG,Obstetrics & Gynaecology,674,964
3310a27d-a332-436b-bdbc-7cefb7defb1d,ded8a65c-4013-42a2-a29b-13060aec21b7,GS,General Surgery,672,472
abed6956-5b1b-401c-b66a-819c441a2672,ded8a65c-4013-42a2-a29b-13060aec21b7,OPTH,Ophthalmology,2157,1365
7b10ef8a-f63f-4d08-b29b-d17d00ec493b,ded8a65c-4013-42a2-a29b-13060aec21b7,PEDS,Paediatrics,1145,879
d30833b7-4f66-4956-a565-ba36a435f3c8,ded8a65c-4013-42a2-a29b-13060aec21b7,MED,General Medicine,787,972
5b539612-82be-409e-946b-51e1541a2575,ded8a65c-4013-42a2-a29b-13060aec21b7,CARD,Cardiology,1127,926
510aa040-742f-4143-ae5c-c14764bdd751,df5917a9-32ee-43e2-82ef-87eb5dd91e82,MED,General Medicine,1830,1433
d877f27c-4ad9-4a4e-b5a6-687e28e4a17a,df5917a9-32ee-43e2-82ef-87eb5dd91e82,CARD,Cardiology,552,1060
e27dfc89-dd4c-4037-a653-f1a230387bd0,df5917a9-32ee-43e2-82ef-87eb5dd91e82,ORTH,Orthopaedics,585,1045
c9e368af-ea83-42b9-8fbd-4ba6c69639f5,df5917a9-32ee-43e2-82ef-87eb5dd91e82,ENT,ENT,1243,1575
ed1a3404-0e2e-488b-9438-49f274235bad,df5917a9-32ee-43e2-82ef-87eb5dd91e82,ONCO,Oncology,940,828
faa17271-615c-499a-8bcc-91725a655149,df5917a9-32ee-43e2-82ef-87eb5dd91e82,OPTH,Ophthalmology,432,241
ca156ee7-e32e-452d-9ee5-e8fdcd4bec56,e050b7f7-ff26-49fc-bcdb-4d99402a8a0e,GS,General Surgery,871,510
33e9a84d-22d1-430f-a24e-dd936a28a7fa,e050b7f7-ff26-49fc-bcdb-4d99402a8a0e,OPTH,Ophthalmology,683,812
9587acf9-83df-4e49-8bad-70f91b583f48,e050b7f7-ff26-49fc-bcdb-4d99402a8a0e,MED,General Medicine,1312,117
760b2e6f-4268-4669-83b9-68d0e05699c0,e050b7f7-ff26-49fc-bcdb-4d99402a8a0e,ORTH,Orthopaedics,1311,1267
be991c39-4557-4f09-b88f-888f5394807d,e050b7f7-ff26-49fc-bcdb-4d99402a8a0e,NEURO,Neurology,682,1799
1c5518bf-c4bd-4e5d-bd2d-bf8a8c23997c,e050b7f7-ff26-49fc-bcdb-4d99402a8a0e,ONCO,Oncology,1258,396
451191bc-9785-4a17-86da-2faadddd922a,e050b7f7-ff26-49fc-bcdb-4d99402a8a0e,URO,Urology,1583,983
a19f7a0f-306d-455e-bdaa-c9e3163940aa,e06a0ad3-d515-4d3b-a763-716b2ea04899,OPTH,Ophthalmology,1587,714
10d8a210-8ea0-4e33-99a0-34e343e34d02,e06a0ad3-d515-4d3b-a763-716b2ea04899,CARD,Cardiology,1008,755
4c2d453e-b8e5-4b05-9153-f0967c02d604,e06a0ad3-d515-4d3b-a763-716b2ea04899,ORTH,Orthopaedics,1478,315
89da1bfd-47dc-4296-b9ac-1181924b04a3,e06a0ad3-d515-4d3b-a763-716b2ea04899,MED,General Medicine,1222,1591
70e993ef-d8b0-4e8f-91a1-b3c1038ceb10,e06a0ad3-d515-4d3b-a763-716b2ea04899,PEDS,Paediatrics,1703,339
64e91aed-7198-41d7-9961-0f8056715673,e0939087-ac41-4e0a-bf32-d82c22e257fa,ENT,ENT,601,490
5a061530-5f46-4ddc-92a3-9d506d3e24fc,e0939087-ac41-4e0a-bf32-d82c22e257fa,NEURO,Neurology,2138,1619
0c0c0306-895a-4cc5-8d3b-5ae92a4b2c95,e0939087-ac41-4e0a-bf32-d82c22e257fa,OBG,Obstetrics & Gynaecology,1076,40
a049f3d4-f0e3-4d0f-8398-95ae9b3db0b1,e0939087-ac41-4e0a-bf32-d82c22e257fa,ONCO,Oncology,816,1872
71b5d2be-4db6-4306-a4eb-4d6e34b4386f,e0bfb9d3-454e-45e8-8433-855ca65814c6,GS,General Surgery,632,964
d4c3af36-36bd-4e51-9b93-4c6fb2e0db37,e0bfb9d3-454e-45e8-8433-855ca65814c6,CARD,Cardiology,1056,1261
1c037908-e1c7-47ed-b195-5276064ee8fa,e0bfb9d3-454e-45e8-8433-855ca65814c6,MED,General Medicine,1043,1196
12ea69f5-1eb4-4782-a855-360eac7b088b,e0bfb9d3-454e-45e8-8433-855ca65814c6,ORTH,Orthopaedics,2103,288
e4158be5-1f80-41b3-b610-7d732480ccd9,e0bfb9d3-454e-45e8-8433-855ca65814c6,URO,Urology,1156,410
5609a33c-9918-469c-9b65-739d7693f6af,e0bfb9d3-454e-45e8-8433-855ca65814c6,ENT,ENT,535,731
4010e7ba-8e34-4304-91e5-8c372cdc22cf,e0bfb9d3-454e-45e8-8433-855ca65814c6,NEURO,Neurology,593,493
0cd73f9e-ea32-4626-af7b-32be4e0b46fd,e0c66532-ebff-4954-8800-63e2cb651157,MED,General Medicine,934,1487
e373f093-9ba9-4d7f-b05e-d3b27fe023fb,e0c66532-ebff-4954-8800-63e2cb651157,OPTH,Ophthalmology,705,849
56c0c553-d0d5-4fd6-af6f-fb3eb09766dc,e0c66532-ebff-4954-8800-63e2cb651157,CARD,Cardiology,1473,438
4412c815-19bf-49e9-9ad3-599f6db25946,e0c66532-ebff-4954-8800-63e2cb651157,ENT,ENT,2063,1326
9c5cb343-85c4-4c27-a8a5-e5744ecf7b9b,e0c66532-ebff-4954-8800-63e2cb651157,NEURO,Neurology,748,1725
3dd39b9b-9a7f-4879-b805-447da7b8d2be,e0c66532-ebff-4954-8800-63e2cb651157,PEDS,Paediatrics,1757,923
68449f38-e5c8-401b-9054-0b9e837aabbb,e0f72d54-9e20-4745-ad4e-10c19845d116,CARD,Cardiology,367,1213
07e85860-7aef-4d6c-a9ea-5fb100171943,e0f72d54-9e20-4745-ad4e-10c19845d116,MED,General Medicine,657,1263
1f88e671-92ea-48e4-8ca3-c50d41528d87,e0f72d54-9e20-4745-ad4e-10c19845d116,GS,General Surgery,310,544
39ad6918-4721-4c36-815f-0b59ed9cae9e,e0f72d54-9e20-4745-ad4e-10c19845d116,URO,Urology,345,1375
7328ad62-b86f-4cb5-8327-e1879847ab43,e0f72d54-9e20-4745-ad4e-10c19845d116,ONCO,Oncology,447,506
1dc734c5-ac2c-457f-b041-e8d56952e1d4,e0f72d54-9e20-4745-ad4e-10c19845d116,OPTH,Ophthalmology,696,1224
0cc93d1a-a23e-427d-94ab-445cb34008b2,e143eb48-9803-47ee-a528-afa11a065593,CARD,Cardiology,1304,1208
d93bdf16-a649-4cda-aa67-d9df728fe67c,e143eb48-9803-47ee-a528-afa11a065593,ONCO,Oncology,643,1472
bf60c2b5-0ccc-4ab0-8f27-b14914d21e8a,e143eb48-9803-47ee-a528-afa11a065593,NEURO,Neurology,1142,845
92065dd6-73b1-4526-a4f8-dc6732afe51c,e143eb48-9803-47ee-a528-afa11a065593,OPTH,Ophthalmology,1177,401
d6bd0a8a-bf0c-4626-b00d-b19632fcc260,e143eb48-9803-47ee-a528-afa11a065593,ORTH,Orthopaedics,1657,399
532419c5-faa5-4c09-8919-57d4dc383162,e14adc6c-c79a-4239-9638-60ff9f3f0573,MED,General Medicine,1048,40
3e0ec5c4-c099-430a-b333-21c39687ff7b,e14adc6c-c79a-4239-9638-60ff9f3f0573,OPTH,Ophthalmology,542,1120
b615032c-35cf-43c2-b368-cd557c5dfdcb,e14adc6c-c79a-4239-9638-60ff9f3f0573,ORTH,Orthopaedics,1075,910
d994fe99-42fc-422c-b8ef-db5ceda3c0e9,e14adc6c-c79a-4239-9638-60ff9f3f0573,URO,Urology,1170,958
73f1dd86-0a28-4339-bce5-5762867a79d9,e14adc6c-c79a-4239-9638-60ff9f3f0573,ENT,ENT,561,1453
f9a4fe38-7467-4af5-bfb9-0c11de04b532,e14adc6c-c79a-4239-9638-60ff9f3f0573,GS,General Surgery,233,40
26435b04-63b6-43fb-96ef-faee8e9971f1,e1d4116b-e654-48fa-b52e-b09f62dc0e81,CARD,Cardiology,968,65
86bcc406-e299-4a43-bef0-0bf1ed10bbf3,e1d4116b-e654-48fa-b52e-b09f62dc0e81,ENT,ENT,1050,550
ef644278-e716-4edd-901e-ab7222ead5e6,e1d4116b-e654-48fa-b52e-b09f62dc0e81,GS,General Surgery,1321,1832
afee2ec2-3cd8-4b5f-9406-814a693823a6,e1d4116b-e654-48fa-b52e-b09f62dc0e81,ONCO,Oncology,353,326
37bbe2bf-d829-41ab-af07-0d48e1af8e5c,e234c61a-b45f-4f3e-9b18-f107bdb90eeb,ENT,ENT,815,372
b7878372-91a4-4121-b372-1757fb5ff8fd,e234c61a-b45f-4f3e-9b18-f107bdb90eeb,MED,General Medicine,1545,1708
9cad789a-3ee4-4601-9502-065ff598c0f4,e234c61a-b45f-4f3e-9b18-f107bdb90eeb,OPTH,Ophthalmology,574,1202
63785a33-022b-4b10-bc11-de47b8747464,e234c61a-b45f-4f3e-9b18-f107bdb90eeb,CARD,Cardiology,1052,1954
e77b5d19-2d6b-4bc1-92e0-36e11c80c211,e234c61a-b45f-4f3e-9b18-f107bdb90eeb,ONCO,Oncology,1222,1359
3e74bf2c-da5b-4f8c-bbf5-413f82654f4a,e234c61a-b45f-4f3e-9b18-f107bdb90eeb,PEDS,Paediatrics,827,1038
3de5a53e-1956-487b-9917-c6ba0385061a,e2448c67-8921-49a1-b490-20b7eac1865d,GS,General Surgery,352,909
38a3eb82-607e-4eb5-a171-17b722e8cc01,e2448c67-8921-49a1-b490-20b7eac1865d,MED,General Medicine,1433,695
ad1e4d22-265d-4b76-9eed-f83815e4b203,e2448c67-8921-49a1-b490-20b7eac1865d,CARD,Cardiology,631,609
14959887-0e40-4d94-a839-198a04dcc103,e2448c67-8921-49a1-b490-20b7eac1865d,PEDS,Paediatrics,523,551
8fa47886-37e1-4ffc-980a-bcb5e0490b60,e2448c67-8921-49a1-b490-20b7eac1865d,URO,Urology,931,1066
a7153e43-e270-40de-828e-6363ae6a2b83,e2448c67-8921-49a1-b490-20b7eac1865d,ENT,ENT,1162,1048
abc35e7e-4105-42d7-9a32-982b84a3f805,e2448c67-8921-49a1-b490-20b7eac1865d,NEURO,Neurology,50,1451
75a0eca2-49d4-4256-a5b9-8fe017592fe0,e24d5ad6-2142-4a27-bc3d-00125d1e48ec,CARD,Cardiology,233,454
2b3cf95e-6cba-47ba-bc33-e5e9a84be49d,e24d5ad6-2142-4a27-bc3d-00125d1e48ec,URO,Urology,780,682
9b4df978-d3f4-40bc-8a75-b83d5e1e0d5d,e2a93f01-18b0-45e6-b874-423881ce819e,GS,General Surgery,529,1123
198fa7f5-82ee-453a-8abb-c965f3cf583f,e2a93f01-18b0-45e6-b874-423881ce819e,MED,General Medicine,1398,1164
fdf12bc7-986d-45a0-99fc-b6cf3c5cf234,e2a93f01-18b0-45e6-b874-423881ce819e,URO,Urology,1081,918
72cb3511-5588-4d96-b099-45ac25a0a3f9,e2a93f01-18b0-45e6-b874-423881ce819e,CARD,Cardiology,502,1248
9dd33127-f68f-4ae6-9dd4-fcb696c88e55,e2a93f01-18b0-45e6-b874-423881ce819e,ONCO,Oncology,435,1354
fb668c18-209b-42e9-839c-ba8d251b5daf,e2a93f01-18b0-45e6-b874-423881ce819e,PEDS,Paediatrics,979,419
3124daf5-9164-4a45-ba3d-11be44d9daee,e2a93f01-18b0-45e6-b874-423881ce819e,NEURO,Neurology,1318,419
3d438048-53b2-4ad1-ad69-9083fb8ec043,e2a93f01-18b0-45e6-b874-423881ce819e,OPTH,Ophthalmology,1485,1214
f886b67c-6687-4e6c-aac3-963b25dbcfc2,e2e727d4-9d94-4289-b802-c49ccd07eacf,GS,General Surgery,1124,1776
95cc48d0-c541-4a77-ae26-740f95485481,e2e727d4-9d94-4289-b802-c49ccd07eacf,OBG,Obstetrics & Gynaecology,874,931
b2e29906-e7ae-4090-9820-c4ddbec157c2,e2e727d4-9d94-4289-b802-c49ccd07eacf,OPTH,Ophthalmology,83,733
451e2cf1-3d89-4cde-a9dd-f17635363dc0,e2e727d4-9d94-4289-b802-c49ccd07eacf,ORTH,Orthopaedics,1686,768
3ae3be2d-ef18-4736-b9c9-a11cc183a49d,e2e727d4-9d94-4289-b802-c49ccd07eacf,NEURO,Neurology,1494,1375
2279c813-ae1c-462c-839b-9c369e5e0fea,e2e727d4-9d94-4289-b802-c49ccd07eacf,ONCO,Oncology,1303,1340
328ea81b-eaf5-45b8-90ab-da33b8c848d9,e2f5aeaf-50e3-43a4-9407-1567ce4b894d,MED,General Medicine,2236,1106
7e52e42c-4790-44ff-93cd-d0ff0bd28603,e2f5aeaf-50e3-43a4-9407-1567ce4b894d,PEDS,Paediatrics,2019,362
0abcb0cd-e11f-4ae6-997c-cb3be8b4bdb0,e2f5aeaf-50e3-43a4-9407-1567ce4b894d,CARD,Cardiology,455,569
e2dbe896-f57c-49cd-aa37-1c396a7e7fe0,e2f5aeaf-50e3-43a4-9407-1567ce4b894d,NEURO,Neurology,478,252
9866139e-2616-417f-9f3d-4c11e569fb6e,e2f5aeaf-50e3-43a4-9407-1567ce4b894d,ONCO,Oncology,1692,647
b30f1412-4cdf-4cd5-a070-7122c55097a7,e2ff33c6-6b11-4a0e-9f82-74a0da350c86,GS,General Surgery,786,1758
e2647552-6828-4e1a-a65f-5b34cdec1a33,e2ff33c6-6b11-4a0e-9f82-74a0da350c86,OBG,Obstetrics & Gynaecology,1039,973
ebb45651-bb26-4db7-a68e-015dc84abcd7,e2ff33c6-6b11-4a0e-9f82-74a0da350c86,ONCO,Oncology,426,384
60983f5a-98f0-4a1a-956e-e66176addfcb,e2ff33c6-6b11-4a0e-9f82-74a0da350c86,OPTH,Ophthalmology,697,374
a3aea583-a871-4424-9688-fc08c7b1a804,e2ff33c6-6b11-4a0e-9f82-74a0da350c86,MED,General Medicine,2078,745
64be1127-7756-41b8-9c06-5d94ba2926ca,e2ff33c6-6b11-4a0e-9f82-74a0da350c86,PEDS,Paediatrics,870,1117
04471ea2-701e-49ab-a3a1-395e4b97df8b,e427b553-d262-4d0c-8b3a-4a20007f5b84,MED,General Medicine,668,1850
73839b91-fd92-44b0-95f5-eeaf51d1acb8,e427b553-d262-4d0c-8b3a-4a20007f5b84,GS,General Surgery,613,1386
6bd70f14-8ac5-4e3c-97ad-34f503ec4ec3,e427b553-d262-4d0c-8b3a-4a20007f5b84,ONCO,Oncology,656,667
d0095c07-ddef-43fd-a152-b4acebde1aee,e427b553-d262-4d0c-8b3a-4a20007f5b84,PEDS,Paediatrics,1246,861
8447eeea-639f-4912-b81f-caaf20aadaa2,e427b553-d262-4d0c-8b3a-4a20007f5b84,CARD,Cardiology,1829,598
94a888ae-460d-4f97-99bf-e7d8e4b4d772,e427b553-d262-4d0c-8b3a-4a20007f5b84,OPTH,Ophthalmology,1529,1822
2065e536-72e0-44e3-8969-9a80da6a3d15,e44955c4-8e35-4f64-b973-07fdb285e006,OPTH,Ophthalmology,382,242
b7c9e73c-1593-4237-be7e-36b05bf8494d,e44955c4-8e35-4f64-b973-07fdb285e006,ORTH,Orthopaedics,384,128
3a159f74-d429-4f82-9153-f2b09057e49b,e44955c4-8e35-4f64-b973-07fdb285e006,URO,Urology,850,1023
45bfc221-f0de-4088-bff4-d5314b3e19a2,e44955c4-8e35-4f64-b973-07fdb285e006,NEURO,Neurology,889,740
60c73e65-9994-4dd7-820b-ce19c75359f2,e47ecee6-4e1d-49bf-ac89-2f3e0a26a2f0,GS,General Surgery,1130,1444
777ea136-e31d-426d-8b78-de60c4d3330f,e47ecee6-4e1d-49bf-ac89-2f3e0a26a2f0,CARD,Cardiology,967,879
fadf5776-c05f-4d39-b887-9b73a1f17a0b,e47ecee6-4e1d-49bf-ac89-2f3e0a26a2f0,MED,General Medicine,1258,40
1f386614-df25-4710-abd3-f23dda4adf9a,e47ecee6-4e1d-49bf-ac89-2f3e0a26a2f0,ONCO,Oncology,556,615
efa78a2e-d55b-4e1a-b7ae-4e28c7529478,e4ff6a0e-41ec-4e1a-8d08-ab8870ed5495,OBG,Obstetrics & Gynaecology,1055,813
75ceb85c-a7b9-42e2-9732-b8adf4b18f75,e4ff6a0e-41ec-4e1a-8d08-ab8870ed5495,PEDS,Paediatrics,1595,1923
fa0cd699-71ff-45ff-8770-8e0df4131fdf,e4ff6a0e-41ec-4e1a-8d08-ab8870ed5495,CARD,Cardiology,971,2284
283fa635-cadb-44ec-b332-bbf0a30366fb,e4ff6a0e-41ec-4e1a-8d08-ab8870ed5495,OPTH,Ophthalmology,1043,1322
08f55296-1cdf-4bb4-bee0-bf407282429b,e4ff6a0e-41ec-4e1a-8d08-ab8870ed5495,ENT,ENT,1207,849
86936f61-3714-4b6f-9d87-1bdf7bc0f4af,e552a21d-d3e8-4f48-b58f-a41bb6a0351c,ORTH,Orthopaedics,651,1273
452accad-18cf-495e-a45b-8bd454484eda,e552a21d-d3e8-4f48-b58f-a41bb6a0351c,OBG,Obstetrics & Gynaecology,961,1375
1c8dda75-686e-4726-b002-335afd869326,e552a21d-d3e8-4f48-b58f-a41bb6a0351c,CARD,Cardiology,164,225
0cc0ade4-4c9c-4c6d-ae23-e0463768fb7d,e552a21d-d3e8-4f48-b58f-a41bb6a0351c,MED,General Medicine,107,114
87b242e7-ca8c-42ae-93bd-27554fc77eec,e552a21d-d3e8-4f48-b58f-a41bb6a0351c,OPTH,Ophthalmology,1017,515
b39c2bc2-2a23-4cfb-a513-903281d5a1d6,e552a21d-d3e8-4f48-b58f-a41bb6a0351c,URO,Urology,1266,333
b9e5b8a7-1161-4eff-83b5-82ed085ca7e0,e57023f4-4ae9-4610-8988-ef0aea4418a9,ONCO,Oncology,876,1275
0854f218-7f01-4739-b7b0-c2d69560967a,e57023f4-4ae9-4610-8988-ef0aea4418a9,ORTH,Orthopaedics,1190,1622
d1ea049c-d8c6-420d-8f80-575324e16536,e57023f4-4ae9-4610-8988-ef0aea4418a9,URO,Urology,1474,1001
9a24a9be-b2b3-48f8-9f75-32cabcc00f33,e57023f4-4ae9-4610-8988-ef0aea4418a9,CARD,Cardiology,1688,1613
3f02d5ab-2af7-4750-9c9d-badca48081df,e57023f4-4ae9-4610-8988-ef0aea4418a9,OPTH,Ophthalmology,2018,501
c351ff88-f417-401c-9591-fb99f7b4bc02,e57023f4-4ae9-4610-8988-ef0aea4418a9,ENT,ENT,428,1266
3c9d5dd0-d40c-4686-a695-4dc70f090d14,e5e3d91c-f1d9-4cd7-b2e5-9814142125b5,ORTH,Orthopaedics,1182,1629
18739fee-d0c4-42c1-9474-7425d37bdec8,e5e3d91c-f1d9-4cd7-b2e5-9814142125b5,CARD,Cardiology,801,918
9bbe6666-dd73-4051-bfa4-8a93ffa22bcf,e5e3d91c-f1d9-4cd7-b2e5-9814142125b5,ONCO,Oncology,1220,1715
3cf33867-cceb-4a91-93ed-3831ad81aeab,e5e3d91c-f1d9-4cd7-b2e5-9814142125b5,OPTH,Ophthalmology,1615,376
4ace0ab1-30dd-4b16-b9b1-4aac20bc8f20,e5e3d91c-f1d9-4cd7-b2e5-9814142125b5,NEURO,Neurology,333,1520
78cf35ed-7e7a-4a4d-93dd-d43ef07b1704,e6f59f84-8a49-480a-9aac-fd9dcd356d60,GS,General Surgery,485,708
b512eac6-dba4-4067-933c-76c6aefc0bd2,e6f59f84-8a49-480a-9aac-fd9dcd356d60,CARD,Cardiology,1151,1009
fc29d444-febe-4106-af9d-f73cb71219d8,e6f59f84-8a49-480a-9aac-fd9dcd356d60,ENT,ENT,1428,2077
fc0edc93-3d46-4f46-b630-29a599d00d45,e6f59f84-8a49-480a-9aac-fd9dcd356d60,NEURO,Neurology,986,1407
7302bd7c-0961-476b-8167-c7cad94f5a40,e6f59f84-8a49-480a-9aac-fd9dcd356d60,OPTH,Ophthalmology,1378,1937
4775b730-d9f6-46e9-854b-8d996f106834,e6fb5ad5-e539-4dc8-922a-bd33a4f5b4d7,OPTH,Ophthalmology,1209,855
3c9f082b-dcd3-4f0e-895b-9d23c8620886,e6fb5ad5-e539-4dc8-922a-bd33a4f5b4d7,GS,General Surgery,50,1478
10602d4a-7aa4-4578-839a-ddbdbdf245c3,e6fb5ad5-e539-4dc8-922a-bd33a4f5b4d7,CARD,Cardiology,869,535
c30e87d4-8c2e-40e5-bd66-d75a929c174b,e6fb5ad5-e539-4dc8-922a-bd33a4f5b4d7,URO,Urology,648,930
b5c7e135-a643-4c2a-b2f6-11a54a14ce65,e6fb5ad5-e539-4dc8-922a-bd33a4f5b4d7,ENT,ENT,1335,40
6807e868-f263-4a5e-bf77-310f3c33ceee,e6fb5ad5-e539-4dc8-922a-bd33a4f5b4d7,ONCO,Oncology,1023,1085
576da1e9-34d8-4d03-8ee2-99085db15a75,e760e769-6a81-4473-b54e-25d937a168e6,OPTH,Ophthalmology,654,759
b6ee23ca-39f1-41da-9787-26f0b1408edb,e760e769-6a81-4473-b54e-25d937a168e6,URO,Urology,2639,1036
af76792e-85e6-4979-b208-418cc18f599f,e760e769-6a81-4473-b54e-25d937a168e6,CARD,Cardiology,1272,615
614dbf96-9057-4104-ac39-32f313042924,e760e769-6a81-4473-b54e-25d937a168e6,ORTH,Orthopaedics,594,680
2563d452-3f76-41c2-af0c-4bd961fc84fe,e760e769-6a81-4473-b54e-25d937a168e6,OBG,Obstetrics & Gynaecology,2332,1691
ff712910-6849-4baa-b747-cf497a1577fc,e760e769-6a81-4473-b54e-25d937a168e6,PEDS,Paediatrics,477,1060
d1d47e6c-9216-49b0-9e12-d16173156abf,e760e769-6a81-4473-b54e-25d937a168e6,MED,General Medicine,1054,1681
45c715ab-7ee4-4b23-a04e-63d7c3318a62,e76e2d70-bae7-4f52-ba4d-f8bf3ba50dde,ORTH,Orthopaedics,984,1332
bb8a7cd8-2b2d-4701-aeef-051207acf543,e76e2d70-bae7-4f52-ba4d-f8bf3ba50dde,NEURO,Neurology,1754,1222
8743f023-a471-4247-ba47-4c19625dab78,e76e2d70-bae7-4f52-ba4d-f8bf3ba50dde,ONCO,Oncology,1640,1118
aff3c3ee-9527-45d4-ad66-a7e48b5417a6,e775dad7-949b-4519-b9a4-c3bf6c98055e,OPTH,Ophthalmology,1416,1120
7140172b-ac7a-44e7-bb52-b13f5b1ad9c1,e775dad7-949b-4519-b9a4-c3bf6c98055e,PEDS,Paediatrics,1047,1898
753f9b31-3e99-4935-8d6e-fabb0c943cf0,e775dad7-949b-4519-b9a4-c3bf6c98055e,URO,Urology,1835,824
b98cae13-4c1c-43a7-ae3d-680a3955df0f,e775dad7-949b-4519-b9a4-c3bf6c98055e,ENT,ENT,1157,892
82aeed41-0c0d-41e0-8b0a-5e20a4353d29,e775dad7-949b-4519-b9a4-c3bf6c98055e,NEURO,Neurology,641,1546
db860953-a91b-40ac-bdee-42b8a941f68c,e7843a89-5bc2-4ede-aeb9-fd6e59d9481b,OBG,Obstetrics & Gynaecology,50,787
f78ab1d2-0a86-4909-8c7b-3f64c462466f,e7843a89-5bc2-4ede-aeb9-fd6e59d9481b,GS,General Surgery,1365,1004
f95aa624-5366-42f6-a514-e2c7d3d5ce24,e7843a89-5bc2-4ede-aeb9-fd6e59d9481b,MED,General Medicine,384,40
a82fadab-1971-4655-9be1-e349436f2571,e7843a89-5bc2-4ede-aeb9-fd6e59d9481b,OPTH,Ophthalmology,975,1117
4e16b8d4-3b5e-4ab4-84e8-d38e6414fb3e,e7843a89-5bc2-4ede-aeb9-fd6e59d9481b,ORTH,Orthopaedics,1757,409
06b67f88-bd5a-4d36-a59d-b64f2f41b6dc,e7843a89-5bc2-4ede-aeb9-fd6e59d9481b,URO,Urology,1392,848
b8efd226-7635-4a34-9568-3c1f2c0f15da,e7843a89-5bc2-4ede-aeb9-fd6e59d9481b,NEURO,Neurology,368,1301
dcdb7a4c-b4f7-4afd-ac5c-016ccaf9cc67,e7843a89-5bc2-4ede-aeb9-fd6e59d9481b,ONCO,Oncology,502,1473
ef87bfee-1b9a-4c4a-9fe0-7a211f19faa3,e82a7601-d470-48ca-9608-5019c046d880,GS,General Surgery,1259,848
034e250e-ddbf-4b6e-866e-30e4434aeff8,e82a7601-d470-48ca-9608-5019c046d880,ORTH,Orthopaedics,686,670
d359c9fd-a66a-4055-ba95-ac78ca04cb73,e82a7601-d470-48ca-9608-5019c046d880,ENT,ENT,50,1879
29fdd4cf-8d66-4e1b-aa8f-108ce53809f6,e82a7601-d470-48ca-9608-5019c046d880,NEURO,Neurology,818,589
07f993dc-bbb9-47da-bd75-a6e46d2c7253,e85ab361-725c-45c9-a25a-734c9f115fe9,ENT,ENT,2008,994
20fbb30d-6a26-406a-9139-e0702a44d596,e85ab361-725c-45c9-a25a-734c9f115fe9,NEURO,Neurology,1434,1004
d3f3fac0-abed-4493-914f-67a6251474a8,e85ab361-725c-45c9-a25a-734c9f115fe9,OPTH,Ophthalmology,930,140
38108df6-2c50-4bbe-b67c-ce9cd64a7e09,e85ab361-725c-45c9-a25a-734c9f115fe9,ONCO,Oncology,1199,902
9ce7d059-4392-4258-83c9-f91dd461042d,e8755832-86e6-4f2d-b6c4-1e2fd51b1c82,URO,Urology,2386,1532
a99ed510-1933-4269-97da-161c665e1b4f,e8755832-86e6-4f2d-b6c4-1e2fd51b1c82,OBG,Obstetrics & Gynaecology,1223,1841
c5115681-bea0-47de-b420-9480bff3482d,e8755832-86e6-4f2d-b6c4-1e2fd51b1c82,CARD,Cardiology,2089,1081
754637f9-caf9-4fc5-a997-2c5226953273,e8755832-86e6-4f2d-b6c4-1e2fd51b1c82,ENT,ENT,1412,716
bf050915-6633-4269-8626-94aa51b56208,e8755832-86e6-4f2d-b6c4-1e2fd51b1c82,ONCO,Oncology,1207,1461
3cda977c-f3f0-4f70-aee7-0fc38e90fd8a,ea38d6d5-9046-43ca-84ee-59320f5cb18d,GS,General Surgery,827,40
32068e11-05fe-4731-9c52-1a37ef03ced6,ea38d6d5-9046-43ca-84ee-59320f5cb18d,CARD,Cardiology,712,1910
064584ea-d831-46ff-97d3-8c9d54d68caf,ea38d6d5-9046-43ca-84ee-59320f5cb18d,MED,General Medicine,414,572
77a0685c-fc8a-4576-b56c-7d6a335db2dd,ea38d6d5-9046-43ca-84ee-59320f5cb18d,ONCO,Oncology,1897,668
8b6666db-efe2-46cc-bf1f-3c22d0c83aca,ea38d6d5-9046-43ca-84ee-59320f5cb18d,ENT,ENT,1805,1263
7ee5b401-bf7e-4383-900d-c7359b27680c,ea48099d-6e0e-47a1-bbdd-4c5dacfe9642,OPTH,Ophthalmology,939,974
03d31190-bd1a-4c4d-a5bf-6e1d3a2f85a4,ea48099d-6e0e-47a1-bbdd-4c5dacfe9642,GS,General Surgery,152,1184
84feff85-ca63-4876-a168-0b03d5de92c8,ea48099d-6e0e-47a1-bbdd-4c5dacfe9642,NEURO,Neurology,844,1526
3b22a339-6f56-43bb-852e-c167c9188f64,ea48099d-6e0e-47a1-bbdd-4c5dacfe9642,ORTH,Orthopaedics,1228,972
e9b1fbf5-def3-4c21-9db9-bea3b9204b01,ea48099d-6e0e-47a1-bbdd-4c5dacfe9642,ENT,ENT,918,1864
f7725c71-769b-437d-9adb-799f4a986c8a,ea48099d-6e0e-47a1-bbdd-4c5dacfe9642,MED,General Medicine,226,1126
9a2a30b9-2d52-4151-b373-bd1b8887aa3e,eaa8a982-e287-46db-97da-0fcee066c814,GS,General Surgery,1956,1354
98f00d36-099e-4627-bd24-27ac6a932704,eaa8a982-e287-46db-97da-0fcee066c814,CARD,Cardiology,1258,577
35dec2fa-8980-4025-9549-baa7479d2701,eaa8a982-e287-46db-97da-0fcee066c814,ONCO,Oncology,1430,1960
48b27ccb-a0e1-42f7-b260-89a92aae5d6e,eaa8a982-e287-46db-97da-0fcee066c814,PEDS,Paediatrics,1174,800
3df0603d-7322-4e2d-9848-98b0f2304d23,eaa8a982-e287-46db-97da-0fcee066c814,URO,Urology,596,1175
b3b9a681-dbb5-4000-908c-0db61ed04c73,eaa8a982-e287-46db-97da-0fcee066c814,ENT,ENT,822,883
64563b85-8372-4f41-8b4b-abe52d77ed2f,eae81fbf-5d63-4f6c-8ac7-e57c3756f6ea,OBG,Obstetrics & Gynaecology,807,374
8126f956-7923-4398-bbcb-ef83690bb9a4,eae81fbf-5d63-4f6c-8ac7-e57c3756f6ea,CARD,Cardiology,777,953
4a7bea93-b447-428c-954a-f42501e34fbf,eae81fbf-5d63-4f6c-8ac7-e57c3756f6ea,OPTH,Ophthalmology,970,669
df31c4b9-cc33-43c5-a247-2c3ade8afc27,eae81fbf-5d63-4f6c-8ac7-e57c3756f6ea,ORTH,Orthopaedics,1278,735
8a89d591-2793-4a91-8cca-4c555299c084,eb2cc5e3-174a-44f9-9b61-bf7dbb550701,MED,General Medicine,698,1489
23496b57-b46b-46da-8f36-003cdb190def,eb2cc5e3-174a-44f9-9b61-bf7dbb550701,ORTH,Orthopaedics,1490,480
390c5be2-a69f-47c4-935f-bd051b5a95e2,eb2cc5e3-174a-44f9-9b61-bf7dbb550701,GS,General Surgery,1497,858
48d6977f-7193-42d4-b168-cae9544b0762,eb2cc5e3-174a-44f9-9b61-bf7dbb550701,URO,Urology,918,598
93900436-bde5-4145-b6d1-41de7ebe740e,eb2cc5e3-174a-44f9-9b61-bf7dbb550701,OPTH,Ophthalmology,1858,881
86bf0428-4c7c-43bf-9fd2-f4cc9075926b,eb2cc5e3-174a-44f9-9b61-bf7dbb550701,CARD,Cardiology,916,989
625c5e84-0e31-47c7-be59-6b7ddd50ce49,ebb52fbc-b517-485b-b021-7ba799124c1b,CARD,Cardiology,496,372
e9341bc4-9797-4e6e-81c7-4fa92ba56687,ebb52fbc-b517-485b-b021-7ba799124c1b,GS,General Surgery,497,1046
995dac4d-70cf-4181-8b4a-c467a90f5570,ebb52fbc-b517-485b-b021-7ba799124c1b,OPTH,Ophthalmology,810,1190
c5ddd4b8-484e-408f-b9ba-56a131761560,ebb52fbc-b517-485b-b021-7ba799124c1b,NEURO,Neurology,945,1275
792e418d-761f-48f2-9c75-30f47eabd2f2,ebb52fbc-b517-485b-b021-7ba799124c1b,ENT,ENT,646,1834
300bc7b0-03f1-4dd8-af91-f5be6508c071,ebb52fbc-b517-485b-b021-7ba799124c1b,ORTH,Orthopaedics,1048,708
bc3927be-c6e3-4465-8870-ea2b7607ef72,ebb52fbc-b517-485b-b021-7ba799124c1b,PEDS,Paediatrics,917,1296
3b305106-aee4-4e9e-93f2-2b91cc6b1827,ed97bf9e-176e-4da6-a616-88f8388d00d8,GS,General Surgery,50,1270
41d5dca9-7f9f-409a-8468-1d76071413c1,ed97bf9e-176e-4da6-a616-88f8388d00d8,MED,General Medicine,420,1143
9ff5456a-4e24-4532-b340-1b719ac9130f,ed97bf9e-176e-4da6-a616-88f8388d00d8,CARD,Cardiology,1041,517
1d513c67-b257-495c-882b-47319a1486e4,ed97bf9e-176e-4da6-a616-88f8388d00d8,NEURO,Neurology,346,396
f9b59cfa-23ee-46da-b04a-3334a9e06c26,ed97bf9e-176e-4da6-a616-88f8388d00d8,OBG,Obstetrics & Gynaecology,851,1633
20bad24f-69b1-450a-8e29-88e86ce8be28,ed97bf9e-176e-4da6-a616-88f8388d00d8,ENT,ENT,475,1043
becfe777-282e-4e48-8ee1-cf246f31c7a9,ed97bf9e-176e-4da6-a616-88f8388d00d8,ONCO,Oncology,690,902
600b310b-1e96-492a-95d3-7d43a6f6b04a,ed97bf9e-176e-4da6-a616-88f8388d00d8,PEDS,Paediatrics,534,163
df1643f5-8cc2-4ec5-bc76-14e03a9931ba,ed983dd8-8ee1-4240-bb89-a84db2b406e2,GS,General Surgery,83,1326
0793504a-464d-4669-820f-da7540785195,ed983dd8-8ee1-4240-bb89-a84db2b406e2,ENT,ENT,455,719
4d962db7-2e4d-4e45-8aee-b1e467e30eb9,ed983dd8-8ee1-4240-bb89-a84db2b406e2,MED,General Medicine,847,352
28b92769-99f1-40a4-bbcd-8aac83128b00,ed983dd8-8ee1-4240-bb89-a84db2b406e2,OPTH,Ophthalmology,175,995
4b87085c-7b46-4c64-bb3d-366cbafb1d92,ed983dd8-8ee1-4240-bb89-a84db2b406e2,ONCO,Oncology,507,973
11f3ceac-b5c4-4ee6-83c2-686a41d294b1,ed983dd8-8ee1-4240-bb89-a84db2b406e2,ORTH,Orthopaedics,1427,1536
7e95d7c4-43c8-461d-b182-e070a07e888e,ed9b5ded-be2d-49a0-bbe7-c416eefbe753,CARD,Cardiology,585,321
4399b30f-e78e-4c58-8e22-d967edd5d763,ed9b5ded-be2d-49a0-bbe7-c416eefbe753,GS,General Surgery,1786,1105
f0a285c6-d1a1-4c0e-afff-64897db162c3,ed9b5ded-be2d-49a0-bbe7-c416eefbe753,MED,General Medicine,1016,722
1959e146-650b-4135-8f9b-47dcd9fd5705,ed9b5ded-be2d-49a0-bbe7-c416eefbe753,ORTH,Orthopaedics,1879,639
74e9ebe4-e96a-4335-a2ee-5d3e0a284567,ed9b5ded-be2d-49a0-bbe7-c416eefbe753,ONCO,Oncology,2299,811
7b228006-1ff1-4761-818f-dfb9a0e1bddb,eed44eec-432d-4fdb-860a-a82d9acee039,CARD,Cardiology,1273,394
19a32332-ef8c-41f3-ab80-d98f59146264,eed44eec-432d-4fdb-860a-a82d9acee039,ORTH,Orthopaedics,781,1758
c7b5fd9a-81eb-4904-bc5e-fb930cc1203f,eed44eec-432d-4fdb-860a-a82d9acee039,PEDS,Paediatrics,487,1007
721b74b0-8448-45b2-9510-a658fc3009cc,ef28273f-7695-4530-bcc3-0c89203e1552,GS,General Surgery,1748,173
8bda3ca0-c7aa-4aaa-a3ba-0b756a6ee8f4,ef28273f-7695-4530-bcc3-0c89203e1552,OPTH,Ophthalmology,1563,1675
797e8b09-3c37-405d-8fee-6b1f6bdced52,ef28273f-7695-4530-bcc3-0c89203e1552,MED,General Medicine,1055,856
6f36f644-f4e0-4e3b-831c-b006911fb423,ef28273f-7695-4530-bcc3-0c89203e1552,ONCO,Oncology,210,40
d69bae49-686c-4410-b2d0-8c19cfc88bc6,ef8c5d06-94f4-4ae4-a5a9-ce75a8d6bac6,CARD,Cardiology,700,395
61cfccc6-4dc4-47a3-adb4-96d46143b830,ef8c5d06-94f4-4ae4-a5a9-ce75a8d6bac6,ENT,ENT,522,40
d4e2ecc1-a421-43ea-bba8-2d1e08f44299,ef8c5d06-94f4-4ae4-a5a9-ce75a8d6bac6,MED,General Medicine,388,1091
eaebe486-f7e1-4ea7-b1f5-af8e2b17c9d7,ef8c5d06-94f4-4ae4-a5a9-ce75a8d6bac6,URO,Urology,1326,988
6622647f-c792-4ddc-9a54-4d3b67bfe6f7,ef8c5d06-94f4-4ae4-a5a9-ce75a8d6bac6,OPTH,Ophthalmology,1759,660
fda6863c-e805-438d-82e7-a5e69b3cbc16,efef37e3-172e-4370-89d4-4bc91b2398ab,CARD,Cardiology,733,1758
20bf781e-dda3-498b-87b0-04178be98697,efef37e3-172e-4370-89d4-4bc91b2398ab,GS,General Surgery,372,608
da46e110-bc2a-46be-ac53-4f88075babb3,efef37e3-172e-4370-89d4-4bc91b2398ab,ENT,ENT,1980,1322
f43f75b3-8eff-4812-a57b-0e2d15081f11,efef37e3-172e-4370-89d4-4bc91b2398ab,OBG,Obstetrics & Gynaecology,897,40
0f43b56f-6224-4803-9ad4-cafb210dc535,efef37e3-172e-4370-89d4-4bc91b2398ab,PEDS,Paediatrics,1152,750
99ff5875-24e0-4513-89a3-fab27e3ea371,efef37e3-172e-4370-89d4-4bc91b2398ab,ONCO,Oncology,433,1230
9dc33506-fab1-4b5e-a7af-b47aee4d08fe,eff8c7f7-6b7a-4d39-aada-88ac58e6c863,MED,General Medicine,1746,1256
7dceb031-d1f8-4786-8c44-4bcbfbf79520,eff8c7f7-6b7a-4d39-aada-88ac58e6c863,ORTH,Orthopaedics,863,1010
4f0bfefb-3f25-46df-911c-0816c88482db,eff8c7f7-6b7a-4d39-aada-88ac58e6c863,ONCO,Oncology,488,773
7b7a420f-a70c-4313-a2cb-a76ee8af157f,eff8c7f7-6b7a-4d39-aada-88ac58e6c863,ENT,ENT,50,317
32ba4a9f-e569-4bb0-aa63-eb50ce37ed0b,eff8c7f7-6b7a-4d39-aada-88ac58e6c863,OBG,Obstetrics & Gynaecology,50,268
8d88d3f2-e5d7-43b2-b217-4ea8ce110da8,eff8c7f7-6b7a-4d39-aada-88ac58e6c863,OPTH,Ophthalmology,943,1259
0bc93a73-2d02-41bd-9221-d57944a6cd51,f028fa1e-2579-4cf3-8f4a-1403c50ecd0b,ENT,ENT,905,992
b1326b07-a418-4f45-a18a-d9e059f578f9,f028fa1e-2579-4cf3-8f4a-1403c50ecd0b,GS,General Surgery,625,857
7b057701-3460-4652-8e92-cd5ea5ba9428,f028fa1e-2579-4cf3-8f4a-1403c50ecd0b,ORTH,Orthopaedics,561,1354
81b23f68-200f-4f9d-b459-a05dcd438b57,f028fa1e-2579-4cf3-8f4a-1403c50ecd0b,URO,Urology,632,1063
62afab6a-7e74-47ad-8adc-193b675d377b,f028fa1e-2579-4cf3-8f4a-1403c50ecd0b,OPTH,Ophthalmology,1065,289
46df27ff-45fd-4b8e-9251-686405410e74,f028fa1e-2579-4cf3-8f4a-1403c50ecd0b,PEDS,Paediatrics,811,2277
45a8771d-1db0-48f8-978e-9f626419f56e,f0a39b48-462c-4632-a2db-53e1f28fb0eb,GS,General Surgery,717,202
24019574-da22-4e30-b524-e2d747640656,f0a39b48-462c-4632-a2db-53e1f28fb0eb,CARD,Cardiology,891,424
6a7a91a4-d72d-41ee-a1e8-25db2235fd64,f0a39b48-462c-4632-a2db-53e1f28fb0eb,ONCO,Oncology,226,64
900163a2-a82e-4a6c-9162-51dcdd5152d0,f0a39b48-462c-4632-a2db-53e1f28fb0eb,NEURO,Neurology,452,1023
eab54873-2825-4fd8-8141-1fe38df30323,f0a39b48-462c-4632-a2db-53e1f28fb0eb,PEDS,Paediatrics,439,977
6e8cc88a-36ac-476d-a63c-36d7dc6e7559,f0a39b48-462c-4632-a2db-53e1f28fb0eb,URO,Urology,936,645
90894eb2-bb52-42ab-81fa-eb9bb492d7a7,f0a39b48-462c-4632-a2db-53e1f28fb0eb,ENT,ENT,1600,928
aaf9eab6-e4b9-4f0a-b451-8aea8e233def,f17fae2a-5931-4ff9-ae7e-cfa624788501,OBG,Obstetrics & Gynaecology,546,40
ed0e3ace-15bd-41e7-b1d1-2da76f8f5264,f17fae2a-5931-4ff9-ae7e-cfa624788501,ORTH,Orthopaedics,790,1359
f8349986-4412-4528-b034-3c3c3eb263ea,f17fae2a-5931-4ff9-ae7e-cfa624788501,NEURO,Neurology,1143,234
3aa25984-1f5e-4863-a4ef-5c3baad32943,f27404c5-a83c-4f51-aedf-ad940fceb7ac,MED,General Medicine,398,71
6fa10045-936b-47aa-9642-52e840ffcd09,f27404c5-a83c-4f51-aedf-ad940fceb7ac,ONCO,Oncology,417,739
4e0272e9-d6cd-4b79-af8a-05d3910437e7,f27404c5-a83c-4f51-aedf-ad940fceb7ac,NEURO,Neurology,1055,1410
cbe70ea9-82a4-490a-a1f5-af0e8e481d40,f27404c5-a83c-4f51-aedf-ad940fceb7ac,URO,Urology,1059,1668
6f9cfc28-48a9-4e64-86e7-d010e8c117db,f2f4c833-612c-47b0-b302-f236cb5beb19,ORTH,Orthopaedics,2210,587
ce4ff35d-7c99-43dd-8747-bc791fd34890,f2f4c833-612c-47b0-b302-f236cb5beb19,CARD,Cardiology,1083,1055
a595e384-7c66-4195-a835-c9182cb11c5d,f2f4c833-612c-47b0-b302-f236cb5beb19,GS,General Surgery,327,822
8b998c52-e3de-4616-8edd-02aefc33a6eb,f2f4c833-612c-47b0-b302-f236cb5beb19,ENT,ENT,1348,382
322d7b59-c9ad-4a91-a9dc-f6f6a92bb61c,f2f4c833-612c-47b0-b302-f236cb5beb19,ONCO,Oncology,1546,1001
e4d19308-6284-4752-b5d2-2ebf93ca1f62,f3326ff2-35ac-4914-bcf0-0379f732cf20,URO,Urology,50,463
81a0fd6b-dda3-4082-b30d-318b9ef24aa2,f3326ff2-35ac-4914-bcf0-0379f732cf20,CARD,Cardiology,747,1183
53e68a21-9bfe-4018-8f6b-cbcdfbd4371d,f3326ff2-35ac-4914-bcf0-0379f732cf20,GS,General Surgery,169,171
ca9372bf-b300-45e9-98bd-4665d8f9bfe1,f3326ff2-35ac-4914-bcf0-0379f732cf20,ORTH,Orthopaedics,496,824
8a8745d4-7661-478a-986c-a08a01a171df,f3326ff2-35ac-4914-bcf0-0379f732cf20,OPTH,Ophthalmology,1684,989
079a26ab-2778-441e-9940-03f4c82a0922,f3326ff2-35ac-4914-bcf0-0379f732cf20,PEDS,Paediatrics,775,1037
d500f43e-7af4-4b98-8507-6415a6bd3d90,f36e39cb-f13a-43be-92b2-8a4c46a467e2,OBG,Obstetrics & Gynaecology,50,452
dbf9fc74-4498-4e05-98c5-24d5f86e1968,f36e39cb-f13a-43be-92b2-8a4c46a467e2,PEDS,Paediatrics,1257,1115
e6dd66ab-1bce-41ed-a78d-9507be8cb75d,f36e39cb-f13a-43be-92b2-8a4c46a467e2,ONCO,Oncology,611,291
8892492e-ee19-4fe5-ba1c-d4e33c053031,f37ef077-1999-46e4-8c2c-ca943d522d04,OBG,Obstetrics & Gynaecology,1683,902
53990e47-a704-47b3-9d5c-64e9c1cf3d42,f37ef077-1999-46e4-8c2c-ca943d522d04,ORTH,Orthopaedics,430,636
cdbb0f9a-9b52-4c6f-95fa-9c54fb5a6934,f37ef077-1999-46e4-8c2c-ca943d522d04,OPTH,Ophthalmology,1745,1297
39289864-babc-487a-b487-f55595303f7e,f37ef077-1999-46e4-8c2c-ca943d522d04,MED,General Medicine,459,1606
e18688c4-790d-498d-9039-705029387ae5,f37ef077-1999-46e4-8c2c-ca943d522d04,ONCO,Oncology,1246,1239
f9ef8584-b96d-4baf-9a51-06fd8862699d,f399ac92-a52b-4638-8e5e-362ac45c47a9,GS,General Surgery,881,1007
52b5c0bc-9b36-48e2-b100-b13bed58d113,f399ac92-a52b-4638-8e5e-362ac45c47a9,ORTH,Orthopaedics,1208,1587
03ba3be7-7dbf-487a-8d7b-f507a66b0803,f399ac92-a52b-4638-8e5e-362ac45c47a9,OBG,Obstetrics & Gynaecology,1233,617
eb975f95-a103-4dec-a7f4-d5f7b38f34b1,f399ac92-a52b-4638-8e5e-362ac45c47a9,ENT,ENT,734,1125
59d3c35e-3a0f-407f-b50c-113cd662f767,f399ac92-a52b-4638-8e5e-362ac45c47a9,MED,General Medicine,1238,338
0a036717-fefc-4cc3-a4e4-924e5aac8e7e,f399ac92-a52b-4638-8e5e-362ac45c47a9,OPTH,Ophthalmology,868,873
e8d8e61c-30cd-4968-9ef7-dda6f7b77697,f3cfe0e0-227e-4fe0-966e-6015b1c1e599,MED,General Medicine,271,1620
e71d2f08-8c1a-4af6-b368-1a3e08dcf33b,f3cfe0e0-227e-4fe0-966e-6015b1c1e599,ENT,ENT,1028,40
ad8d4fcb-196b-4b46-a006-c38e605a911f,f3cfe0e0-227e-4fe0-966e-6015b1c1e599,CARD,Cardiology,1141,159
7318e2c4-3db7-400a-80e5-cc0b29539768,f3cfe0e0-227e-4fe0-966e-6015b1c1e599,URO,Urology,675,799
79f41add-d1ec-4288-949b-abc401d08a57,f3cfe0e0-227e-4fe0-966e-6015b1c1e599,ORTH,Orthopaedics,915,76
5ea376f6-68f2-4dde-917a-351492dd7035,f3cfe0e0-227e-4fe0-966e-6015b1c1e599,PEDS,Paediatrics,50,701
534bdc71-14ad-450d-a7c8-c48174da47aa,f3cfe0e0-227e-4fe0-966e-6015b1c1e599,ONCO,Oncology,852,524
194a99d0-474c-4c09-b233-54d8e365e876,f42e3415-07e8-4f42-8fde-494bab346766,CARD,Cardiology,1858,1393
9fde22d3-113b-4edb-a26a-9ab1cdfe8e97,f42e3415-07e8-4f42-8fde-494bab346766,GS,General Surgery,558,210
ccb3509e-edab-421a-b08b-49ee25a11b54,f42e3415-07e8-4f42-8fde-494bab346766,ENT,ENT,1056,1289
dc259b1a-8fa1-4f76-80c4-05b0536fa456,f42e3415-07e8-4f42-8fde-494bab346766,ONCO,Oncology,306,1587
15d49553-1a7a-4f60-9749-069fed0abc57,f443afda-e2dd-42f3-b3ef-6b70ec530a99,GS,General Surgery,1147,1483
f27001b1-8680-45f7-bbf2-0a887001d9ac,f443afda-e2dd-42f3-b3ef-6b70ec530a99,CARD,Cardiology,683,1059
d7ab3a68-62e9-445b-a8c4-4b8bdefafc95,f443afda-e2dd-42f3-b3ef-6b70ec530a99,PEDS,Paediatrics,735,1795
0ce64d69-441d-432c-928f-ef53403f8dc5,f443afda-e2dd-42f3-b3ef-6b70ec530a99,ENT,ENT,1660,292
715570f9-e170-436a-8ee4-28a2525ba9ea,f443afda-e2dd-42f3-b3ef-6b70ec530a99,ORTH,Orthopaedics,1431,1570
f9505a8a-6f3f-423c-a98e-aa34977e9b0d,f443afda-e2dd-42f3-b3ef-6b70ec530a99,NEURO,Neurology,536,1441
a509324c-9af8-4ddb-aa50-9a45dbdb5cfa,f459efc7-a94b-4fcd-a1b8-cfde96de1283,ORTH,Orthopaedics,1059,1187
7d534b88-3d50-462c-93cc-8ff61d929650,f459efc7-a94b-4fcd-a1b8-cfde96de1283,URO,Urology,814,1282
d8f6a4a6-ec46-4684-869a-937e00bed5a5,f459efc7-a94b-4fcd-a1b8-cfde96de1283,NEURO,Neurology,418,1110
0adaef9d-aee2-4aa3-8f53-05a04d561937,f459efc7-a94b-4fcd-a1b8-cfde96de1283,OPTH,Ophthalmology,1121,1392
30a002dc-9a1f-4347-88f3-8cebe09da255,f4a39fd5-b6fd-4bbe-8b17-ee66e42185d8,GS,General Surgery,458,1427
e9cf4e25-1a15-49ac-a396-945293844a42,f4a39fd5-b6fd-4bbe-8b17-ee66e42185d8,OBG,Obstetrics & Gynaecology,50,576
873626f0-1fb0-4ff9-85d5-8235688f7c93,f4a39fd5-b6fd-4bbe-8b17-ee66e42185d8,ENT,ENT,1525,645
682664df-8056-49c5-8795-d93c743b7d11,f4a39fd5-b6fd-4bbe-8b17-ee66e42185d8,MED,General Medicine,1042,1392
f5ef77a4-c8b6-4449-a9c9-f05f63c11147,f4a39fd5-b6fd-4bbe-8b17-ee66e42185d8,URO,Urology,634,790
a43515ef-e268-4d34-9d8a-187ed16f6d90,f4a39fd5-b6fd-4bbe-8b17-ee66e42185d8,NEURO,Neurology,1183,1337
046e6464-20f7-48a4-9dee-0c9fda3d1fb1,f526b874-7f37-4702-9f00-e29cfcb4ab96,ORTH,Orthopaedics,810,1427
058e7c13-1556-4363-9865-75d8518edab6,f526b874-7f37-4702-9f00-e29cfcb4ab96,MED,General Medicine,109,1353
2f1b9d11-d110-4277-b917-224a6a1e0b85,f526b874-7f37-4702-9f00-e29cfcb4ab96,GS,General Surgery,613,1495
beecc7f8-3750-4bd0-beb0-d4edfe2aa3fc,f526b874-7f37-4702-9f00-e29cfcb4ab96,URO,Urology,1098,326
e30b1f0b-bbe5-4e3b-9382-9cea7e280658,f526b874-7f37-4702-9f00-e29cfcb4ab96,CARD,Cardiology,1296,1597
5bb2fdce-9f1d-4639-904a-8c2b26b31214,f526b874-7f37-4702-9f00-e29cfcb4ab96,ONCO,Oncology,969,792
f8f6b965-982d-48f7-8bb0-06de052a8168,f55cc72d-c136-4a82-889a-1801a0a599bf,OPTH,Ophthalmology,340,1219
f109e84e-0ba2-4442-85f3-71eac644adaf,f55cc72d-c136-4a82-889a-1801a0a599bf,OBG,Obstetrics & Gynaecology,1132,782
be994793-8c4b-47a2-ac6b-f2cd4d4d5e4e,f55cc72d-c136-4a82-889a-1801a0a599bf,CARD,Cardiology,1220,583
6da1883f-37a4-4c39-85d7-d0294d1d11b8,f55cc72d-c136-4a82-889a-1801a0a599bf,MED,General Medicine,1049,1594
db094387-f01d-48d9-adc4-8fad141bc51b,f55cc72d-c136-4a82-889a-1801a0a599bf,ORTH,Orthopaedics,1482,1350
95769b32-0a77-42ab-ac89-d211d692ec3b,f55cc72d-c136-4a82-889a-1801a0a599bf,ENT,ENT,2769,1251
ce0af64b-26c8-4d5f-a2e1-1ad6a4b8429a,f55cc72d-c136-4a82-889a-1801a0a599bf,NEURO,Neurology,974,885
60acdcb4-190b-4958-9b51-db4e0ebde204,f55cc72d-c136-4a82-889a-1801a0a599bf,ONCO,Oncology,299,778
2b664073-d43a-4583-9047-ff4a691b96a9,f6c4b639-c52f-446c-b9b5-88cfefa8532a,OBG,Obstetrics & Gynaecology,1892,1310
32b07353-4d58-4325-9ba0-b609c4a74b80,f6c4b639-c52f-446c-b9b5-88cfefa8532a,URO,Urology,1383,1053
d126015a-174a-4b44-af74-e0d57d3a8789,f6c4b639-c52f-446c-b9b5-88cfefa8532a,GS,General Surgery,347,1132
138feb51-b10d-4db0-886a-52abbc7b2dc7,f6c4b639-c52f-446c-b9b5-88cfefa8532a,ORTH,Orthopaedics,1432,1018
b553fc9e-0be3-475c-91f8-262b74597775,f6c4b639-c52f-446c-b9b5-88cfefa8532a,CARD,Cardiology,50,1065
677f0f57-96d9-4eca-8a97-367807134dcd,f6c4b639-c52f-446c-b9b5-88cfefa8532a,ENT,ENT,1526,1242
b19b43b3-4d8b-4583-8660-ea8543b2763c,f6c4b639-c52f-446c-b9b5-88cfefa8532a,ONCO,Oncology,1420,855
5001770d-f35c-4bfa-9648-9f82ee22f108,f6dbadc9-6b8d-41f4-8648-d12113ee3815,GS,General Surgery,764,783
8421d98c-c5f7-4872-89e4-8e8cb5cbe4cf,f6dbadc9-6b8d-41f4-8648-d12113ee3815,CARD,Cardiology,50,1081
cde5872d-d8ba-469c-af41-7c9ed9150374,f6dbadc9-6b8d-41f4-8648-d12113ee3815,NEURO,Neurology,1033,404
ae70e7cb-88be-4afb-833f-3bbfc439a948,f6dbadc9-6b8d-41f4-8648-d12113ee3815,OPTH,Ophthalmology,1190,883
d3c495ad-7665-4265-80f2-6e279e092fba,f6dbadc9-6b8d-41f4-8648-d12113ee3815,PEDS,Paediatrics,1560,1167
cb3f57e6-d553-4c8e-b85a-ae1f449364c6,f6e59df6-7d53-4a43-be31-bc21ed824a40,GS,General Surgery,1181,642
e8126ff8-a20d-4ea7-81b2-39afd841de9a,f6e59df6-7d53-4a43-be31-bc21ed824a40,MED,General Medicine,416,40
5bc23ae0-fe18-47cc-a79f-b53f25aa4b59,f6e59df6-7d53-4a43-be31-bc21ed824a40,OPTH,Ophthalmology,773,1570
43bc19e9-2da3-42e0-8ad2-9f9112f7e8de,f6e59df6-7d53-4a43-be31-bc21ed824a40,CARD,Cardiology,926,1355
b8a1317b-1b2c-4df3-b270-cb1c3e5cafeb,f6e59df6-7d53-4a43-be31-bc21ed824a40,NEURO,Neurology,2642,866
9ea3df1a-1c70-4141-b688-94bd551f8691,f6e59df6-7d53-4a43-be31-bc21ed824a40,ONCO,Oncology,294,564
074b05e7-1209-4806-8665-ba19126ffe1f,f6eb9bab-f267-4baf-a395-a2ce070960ef,CARD,Cardiology,911,746
d38eec3a-a5ef-458f-913b-d686174df17f,f6eb9bab-f267-4baf-a395-a2ce070960ef,OPTH,Ophthalmology,1040,284
da149a24-51f9-44ac-bdcc-e61dc24c0225,f6eb9bab-f267-4baf-a395-a2ce070960ef,NEURO,Neurology,974,1546
bb784867-c8a8-4906-872a-b6d684181e75,f6eb9bab-f267-4baf-a395-a2ce070960ef,ORTH,Orthopaedics,669,897
45eba5fd-d9bd-4f6d-b23a-9d546b77ff30,f6eb9bab-f267-4baf-a395-a2ce070960ef,PEDS,Paediatrics,1665,1088
17185916-797a-4c94-9335-f4aa584e79ed,f6eb9bab-f267-4baf-a395-a2ce070960ef,ENT,ENT,1436,156
82d5bca8-b9f9-4c50-875b-48f10bbbe4c5,f6eb9bab-f267-4baf-a395-a2ce070960ef,ONCO,Oncology,1259,1529
172f4123-e886-4f02-b9a6-20cef296323c,f7254784-38dd-420f-b5df-7b8d170d3452,OPTH,Ophthalmology,50,976
20a524da-df71-442d-b513-e19cb25ae6a9,f7254784-38dd-420f-b5df-7b8d170d3452,OBG,Obstetrics & Gynaecology,2478,884
6203b42b-e3da-406c-b8b9-5a1962d3f45f,f7254784-38dd-420f-b5df-7b8d170d3452,ONCO,Oncology,1098,1598
de34e79d-1fec-4fe8-98f5-f108fe4a4f6c,f7254784-38dd-420f-b5df-7b8d170d3452,CARD,Cardiology,184,1029
a08eacd7-45f2-4c3c-aca1-9e4a943dd608,f7254784-38dd-420f-b5df-7b8d170d3452,ENT,ENT,1355,1165
a769b6b7-a20e-49e9-91ee-b86afe3bd57f,f7254784-38dd-420f-b5df-7b8d170d3452,PEDS,Paediatrics,1648,902
2b2526c5-9c59-43c0-ac4d-a17aa1cc7b77,f7254784-38dd-420f-b5df-7b8d170d3452,URO,Urology,745,1771
daf344d0-ba19-4cef-ac1c-5189b2d10f28,f754a303-30fa-4752-8aa1-7bf5d8e745df,OBG,Obstetrics & Gynaecology,52,837
f99058fa-5bba-482c-acfa-e07eba584dd4,f754a303-30fa-4752-8aa1-7bf5d8e745df,URO,Urology,1640,661
d1a1aa34-2a03-4c69-a485-5c8c9672fa8b,f754a303-30fa-4752-8aa1-7bf5d8e745df,CARD,Cardiology,1247,1660
d0b68f0a-a74e-438b-84ff-46efdcf8590e,f754a303-30fa-4752-8aa1-7bf5d8e745df,ORTH,Orthopaedics,1806,2218
52f7d817-6d76-4a24-9bd4-859fc6a974f8,f797271d-dc74-4cfe-b2d4-6f8490b5a758,ORTH,Orthopaedics,298,623
b7b3e779-5580-43a8-b70e-41fe7ef74167,f797271d-dc74-4cfe-b2d4-6f8490b5a758,GS,General Surgery,205,322
f2ecf87d-3d0a-400b-bc19-a97f36acfcfc,f797271d-dc74-4cfe-b2d4-6f8490b5a758,CARD,Cardiology,295,904
4b7d7950-fd1b-46f6-ba56-6d2fb2882bdd,f797271d-dc74-4cfe-b2d4-6f8490b5a758,MED,General Medicine,1702,412
15253dc7-820e-41cd-8cc7-33688fee13e6,f797271d-dc74-4cfe-b2d4-6f8490b5a758,OPTH,Ophthalmology,563,1074
b20b8edc-8b11-4f33-89cd-844e2d718975,f797271d-dc74-4cfe-b2d4-6f8490b5a758,NEURO,Neurology,1254,1440
f5904f20-4922-494e-a691-b8823bbca086,f797271d-dc74-4cfe-b2d4-6f8490b5a758,ONCO,Oncology,101,410
28860e2d-736f-4cc9-8ee7-e7f273eb8aa4,f8264d5e-ffee-400a-bf57-b9ef5fc2de5d,MED,General Medicine,1326,932
10554bf7-e71c-421f-9434-575f082bc8af,f8264d5e-ffee-400a-bf57-b9ef5fc2de5d,URO,Urology,495,1373
3490f3ee-a1ef-4c22-92fe-127278c9148c,f8264d5e-ffee-400a-bf57-b9ef5fc2de5d,OPTH,Ophthalmology,1542,322
118e5b70-9a45-4a43-9d97-2b1c3675e6cf,f8264d5e-ffee-400a-bf57-b9ef5fc2de5d,ENT,ENT,1622,759
00acfbf9-390f-4494-9d27-6f2bc92b4a56,f8264d5e-ffee-400a-bf57-b9ef5fc2de5d,OBG,Obstetrics & Gynaecology,1136,1668
3942ed91-8988-40d8-90b0-6a5e45351a6a,f8264d5e-ffee-400a-bf57-b9ef5fc2de5d,ONCO,Oncology,140,1074
153f38d7-5def-4ccc-b368-4fc08d98ed4d,f8702d2c-9d95-4cd8-9f4d-26a0f162cf76,GS,General Surgery,50,1435
65e3a272-4e49-4915-b8b0-dc730bba1f45,f8702d2c-9d95-4cd8-9f4d-26a0f162cf76,CARD,Cardiology,749,183
c743c829-4209-49ec-9077-d521ccf06e78,f8702d2c-9d95-4cd8-9f4d-26a0f162cf76,MED,General Medicine,1120,1636
11783c2c-8d27-4d60-9531-1a56a6224f3d,f8702d2c-9d95-4cd8-9f4d-26a0f162cf76,PEDS,Paediatrics,1209,1007
192c1680-776f-4cf1-958d-dd8991e0ba77,f8702d2c-9d95-4cd8-9f4d-26a0f162cf76,NEURO,Neurology,768,1278
7efab74d-0664-473b-98c1-2b80a98806c7,f8702d2c-9d95-4cd8-9f4d-26a0f162cf76,ONCO,Oncology,1430,999
0d6401b7-91c5-446c-9f22-a9cf7c167d75,f8702d2c-9d95-4cd8-9f4d-26a0f162cf76,OPTH,Ophthalmology,1404,409
cc6588a0-ea03-401e-b585-3ab8842ddce8,f892830e-8560-4f93-8818-caf6dd5b284b,GS,General Surgery,1653,998
ad74f5f1-fe2d-46aa-beae-68faf5bd8b89,f892830e-8560-4f93-8818-caf6dd5b284b,MED,General Medicine,524,1447
93a9c40c-1ea0-47e6-b937-19642a852d27,f892830e-8560-4f93-8818-caf6dd5b284b,OPTH,Ophthalmology,993,910
ff851b42-d7ec-4fb5-beb5-678d6cb205de,f8ab7fcc-9784-4745-b38a-1cfae3f2b9bc,GS,General Surgery,949,666
ee5d8d46-4c99-42aa-b063-62fbc40f5057,f8ab7fcc-9784-4745-b38a-1cfae3f2b9bc,MED,General Medicine,820,964
44456a74-6ecc-4ea1-8a3e-2ecd6db92cc4,f8ab7fcc-9784-4745-b38a-1cfae3f2b9bc,ORTH,Orthopaedics,1868,582
c8fc2436-af86-473d-9ba8-33f42cc369d2,f8ab7fcc-9784-4745-b38a-1cfae3f2b9bc,ENT,ENT,1685,497
5049dbc5-6b43-434f-9169-81386a843cef,f9a0b9af-663b-4b2c-b4a9-a8a56b99a8dd,ORTH,Orthopaedics,1149,325
ecceca68-b702-489f-bf27-b8fc0a4272a8,f9a0b9af-663b-4b2c-b4a9-a8a56b99a8dd,CARD,Cardiology,798,963
42794e4c-3a0b-40d4-a9ae-aa478553d681,f9a0b9af-663b-4b2c-b4a9-a8a56b99a8dd,URO,Urology,1803,646
67d635cc-a4dd-40de-a177-bdc6b6262791,f9a0b9af-663b-4b2c-b4a9-a8a56b99a8dd,ONCO,Oncology,50,744
19f3626e-0318-463f-b316-f06401148406,f9a0b9af-663b-4b2c-b4a9-a8a56b99a8dd,PEDS,Paediatrics,788,40
d335bcba-f782-4be4-9e2b-80e25b5a771f,f9a0b9af-663b-4b2c-b4a9-a8a56b99a8dd,NEURO,Neurology,805,662
bf390c56-b95e-4c1f-9b10-dd0b37fb2bac,f9a0b9af-663b-4b2c-b4a9-a8a56b99a8dd,OBG,Obstetrics & Gynaecology,649,1289
6f7d620b-dd37-4c5d-bad8-8d5eead38ab1,f9cf7cc9-66f4-4e4d-9eb2-c42e95a2cf4d,OBG,Obstetrics & Gynaecology,1057,484
07a87329-f9e3-4b20-aa9f-814a92e1d5f6,f9cf7cc9-66f4-4e4d-9eb2-c42e95a2cf4d,PEDS,Paediatrics,1300,572
ae23d0a0-cd2e-4a69-87a0-8975db8b03b8,f9cf7cc9-66f4-4e4d-9eb2-c42e95a2cf4d,OPTH,Ophthalmology,545,1096
a8b22a11-3a34-4a04-91ba-0fd36c3c60b4,f9cf7cc9-66f4-4e4d-9eb2-c42e95a2cf4d,NEURO,Neurology,1048,40
95047793-8e9d-47fd-adcc-27adc06e2204,f9d49c0d-30a1-4fef-84ca-73db08a0d844,ORTH,Orthopaedics,1409,914
138be076-1e58-41f9-a6e4-a6d6a9f1d5cc,f9d49c0d-30a1-4fef-84ca-73db08a0d844,OPTH,Ophthalmology,401,273
9779b304-4d4a-48df-8323-436f7379da58,f9d49c0d-30a1-4fef-84ca-73db08a0d844,URO,Urology,839,174
a23e7280-1212-4193-af47-fe9ae590fcf0,f9d49c0d-30a1-4fef-84ca-73db08a0d844,CARD,Cardiology,1480,1013
6017ff1a-c900-433c-8fb8-f5519da35ec7,f9d49c0d-30a1-4fef-84ca-73db08a0d844,ENT,ENT,1337,1751
6ab26adc-d913-47db-9c22-eae13cb9e859,f9d81c10-4bce-435a-9f3f-6a6c3a0a8f4b,CARD,Cardiology,1994,1272
e58cc380-2733-4907-8c15-4d11ebf47881,f9d81c10-4bce-435a-9f3f-6a6c3a0a8f4b,NEURO,Neurology,1625,450
e85c1f7f-5bfd-4d76-8c84-f85b92661e97,f9d81c10-4bce-435a-9f3f-6a6c3a0a8f4b,ORTH,Orthopaedics,872,1726
9f5b8779-e53f-41b0-a4e8-7b877e88a694,f9d81c10-4bce-435a-9f3f-6a6c3a0a8f4b,PEDS,Paediatrics,1525,40
1f2ef5a3-ce7a-4906-8625-df3c9e85fb2f,fba1b0a2-36df-4448-a6f4-a5f69ed5540f,GS,General Surgery,1296,1810
e3aba9db-1f4d-48b2-884c-200e2f50f25c,fba1b0a2-36df-4448-a6f4-a5f69ed5540f,NEURO,Neurology,820,1298
d8af2689-e564-4ad9-8bc6-2e250620fa00,fba1b0a2-36df-4448-a6f4-a5f69ed5540f,OPTH,Ophthalmology,1012,2014
bd04a0d4-9f3e-493d-84e0-c7a775cf043a,fba1b0a2-36df-4448-a6f4-a5f69ed5540f,URO,Urology,1781,1068
8f8cf934-6538-486d-ac41-ea5183b006d3,fba1b0a2-36df-4448-a6f4-a5f69ed5540f,PEDS,Paediatrics,1046,1647
d6a7d689-0e99-43c9-853e-33158e750592,fba472da-6c1e-4f56-bdf6-d3c15e72872f,OBG,Obstetrics & Gynaecology,50,1228
d7c8066e-3578-4b60-8c4d-02999aac3024,fba472da-6c1e-4f56-bdf6-d3c15e72872f,CARD,Cardiology,921,1346
6ab53977-bd4c-4f43-bbde-76af3085ae9c,fba472da-6c1e-4f56-bdf6-d3c15e72872f,URO,Urology,869,1079
625e6c60-79d2-4b91-a696-a5476ae9b586,fba472da-6c1e-4f56-bdf6-d3c15e72872f,GS,General Surgery,2306,684
52b4e608-85fb-47b9-8677-74f5c58f38c2,fba472da-6c1e-4f56-bdf6-d3c15e72872f,ONCO,Oncology,748,1190
f016bf66-947b-44d9-a844-0153f3558207,fba472da-6c1e-4f56-bdf6-d3c15e72872f,ORTH,Orthopaedics,1129,1568
c8f24318-614e-4c50-92c5-0c8a6dda185d,fbbde75b-b012-4dbd-a60d-fb85f78424ac,ORTH,Orthopaedics,745,1061
0da828be-7c6b-4ea4-9b0b-6cd53ffa05da,fbbde75b-b012-4dbd-a60d-fb85f78424ac,CARD,Cardiology,396,40
a2b2c499-2e0b-476e-a06e-6e9c93c46076,fbbde75b-b012-4dbd-a60d-fb85f78424ac,GS,General Surgery,1446,282
8c40f9c6-fb27-4b75-8cef-7ca4cbd5b03d,fbbde75b-b012-4dbd-a60d-fb85f78424ac,OPTH,Ophthalmology,1836,1331
66dfed16-58a5-4a54-9390-58355ebfa7c8,fbbde75b-b012-4dbd-a60d-fb85f78424ac,MED,General Medicine,2069,1039
e633fa48-1d35-40d0-8567-8859b4fa1be2,fbbde75b-b012-4dbd-a60d-fb85f78424ac,URO,Urology,1392,956
7b8f19d6-9518-40cd-8333-3d219a185ee5,fbdc9d86-2ab9-4bc4-b67d-8d9445b85d85,MED,General Medicine,1540,1353
152990b4-5907-41e4-9567-fa1da5c517cd,fbdc9d86-2ab9-4bc4-b67d-8d9445b85d85,OBG,Obstetrics & Gynaecology,1871,1253
1056d201-be92-41e0-a266-2382ee4ce279,fbdc9d86-2ab9-4bc4-b67d-8d9445b85d85,CARD,Cardiology,622,1020
a7f60b46-6ccf-465e-b0ff-c880eb49c1f7,fbdc9d86-2ab9-4bc4-b67d-8d9445b85d85,URO,Urology,916,1369
a9c4e879-4347-42cd-a9f5-fa75b48cd4f6,fbdc9d86-2ab9-4bc4-b67d-8d9445b85d85,ENT,ENT,1271,1513
77a32ea7-e556-4f3c-961b-fc4d946fe7db,fbdc9d86-2ab9-4bc4-b67d-8d9445b85d85,OPTH,Ophthalmology,1378,760
f4a87391-45a7-4fac-bd7e-b4c15db19634,fbf6d91e-85ce-4c17-a954-5d0e839a3c6b,CARD,Cardiology,1006,46
3a8e6e37-1be4-44c0-a41a-bca1e8c8fe7a,fbf6d91e-85ce-4c17-a954-5d0e839a3c6b,ORTH,Orthopaedics,547,1001
865e5fc7-fa4f-42dc-a10f-0b2676590032,fbf6d91e-85ce-4c17-a954-5d0e839a3c6b,NEURO,Neurology,882,856
f6dcd30d-d3c7-45d0-b1c7-e0e341bcb69a,fbf6d91e-85ce-4c17-a954-5d0e839a3c6b,ONCO,Oncology,1576,1266
40983c04-ba64-4188-ba50-72cec4065327,fbf6d91e-85ce-4c17-a954-5d0e839a3c6b,URO,Urology,399,401
cd61efe1-dab4-43e6-aa4c-56f6f6f37a57,fc2d21cc-7648-4ebf-9a20-d6c993088189,CARD,Cardiology,684,850
ce366615-57c8-4940-afb1-45e50d54f73a,fc2d21cc-7648-4ebf-9a20-d6c993088189,GS,General Surgery,637,40
ed53f627-502a-4183-8388-7239acd14c9d,fc2d21cc-7648-4ebf-9a20-d6c993088189,OBG,Obstetrics & Gynaecology,815,1502
6ab9fa04-b36c-45c2-904b-0d24c28b915f,fc2d21cc-7648-4ebf-9a20-d6c993088189,ORTH,Orthopaedics,539,1441
9c7522c5-0f3f-467d-9328-d9213d40d2b5,fc2d21cc-7648-4ebf-9a20-d6c993088189,ONCO,Oncology,1293,1399
b21d01b9-062b-4c20-b0d4-e605d10729c2,fc4369b5-8025-4c33-9a60-d4115a7a34d0,CARD,Cardiology,50,457
b9685ee5-426d-4cc0-8be5-0c1788a07090,fc4369b5-8025-4c33-9a60-d4115a7a34d0,URO,Urology,1966,699
57150eb0-d924-4d4e-80f7-315c0b23d8d8,fc4369b5-8025-4c33-9a60-d4115a7a34d0,GS,General Surgery,1107,1175
1596795c-f52b-4124-a749-4657881cf094,fc4369b5-8025-4c33-9a60-d4115a7a34d0,ORTH,Orthopaedics,1389,386
4a86f361-ea79-49ac-acb6-1972e37a0fda,fc4369b5-8025-4c33-9a60-d4115a7a34d0,OPTH,Ophthalmology,740,1056
c5506012-1d89-4e27-9b9d-22291b65816a,fc4369b5-8025-4c33-9a60-d4115a7a34d0,ENT,ENT,1232,1406
dbf21938-74cd-4bd5-888b-ca01e3ccfdbb,fc4369b5-8025-4c33-9a60-d4115a7a34d0,NEURO,Neurology,461,543
70bf1bee-17e5-409e-ad6c-468db7099eb1,fcd30e45-1d96-4c5e-b614-657bd7d67c80,GS,General Surgery,1692,683
ca081939-176f-45b3-b81b-b4044460a3c1,fcd30e45-1d96-4c5e-b614-657bd7d67c80,ORTH,Orthopaedics,50,1513
5dc5a6cd-6a62-40b1-b2c0-82cb14da6897,fcd30e45-1d96-4c5e-b614-657bd7d67c80,OBG,Obstetrics & Gynaecology,544,658
f40166f3-b9d0-498f-b5bb-c5387077df1b,fcd30e45-1d96-4c5e-b614-657bd7d67c80,OPTH,Ophthalmology,1150,1797
4f31ac5f-904a-4f10-af34-1d2694e25acd,fcd30e45-1d96-4c5e-b614-657bd7d67c80,URO,Urology,376,335
2af1a860-725c-4d57-90ae-9284f4e0deaa,fcd30e45-1d96-4c5e-b614-657bd7d67c80,ENT,ENT,720,587
82c82760-e001-40bf-808d-28328e00a4c0,fdac01da-480c-4062-90cd-b13e007732d2,ORTH,Orthopaedics,718,1941
a682ad1f-95c8-4bcb-b04e-3ff95735ba9c,fdac01da-480c-4062-90cd-b13e007732d2,URO,Urology,1531,1409
b4b0031f-0ae7-4f75-9298-81653ab9204d,fdac01da-480c-4062-90cd-b13e007732d2,CARD,Cardiology,432,634
44ce8eec-987f-41c5-9628-51520b74a710,fdac01da-480c-4062-90cd-b13e007732d2,MED,General Medicine,545,1653
83b1d1b8-9fcd-4007-a534-4b314987d7a3,fdac01da-480c-4062-90cd-b13e007732d2,ONCO,Oncology,1462,638
7e303205-b031-491f-a12f-3e78ca28581f,fdac01da-480c-4062-90cd-b13e007732d2,PEDS,Paediatrics,457,930
c15db43e-976c-4cae-884c-7a4f318eca5e,fdac01da-480c-4062-90cd-b13e007732d2,ENT,ENT,995,519
5d7585e6-155b-4d5e-b43d-03e7812982fd,fde585e8-4da2-4045-8edb-dea77f2bfde2,CARD,Cardiology,627,1043
e84689fe-e164-4afd-8751-e4b3a9a47ef2,fde585e8-4da2-4045-8edb-dea77f2bfde2,URO,Urology,582,1071
8ad6094d-75a3-4a3d-8048-f3329bb7582d,fde585e8-4da2-4045-8edb-dea77f2bfde2,NEURO,Neurology,79,1648
b86d6627-5406-4445-8e93-025e02aef088,fde585e8-4da2-4045-8edb-dea77f2bfde2,OPTH,Ophthalmology,2079,1148
1bbac2e3-0efb-470c-9507-46d6c455c875,fde585e8-4da2-4045-8edb-dea77f2bfde2,ORTH,Orthopaedics,981,911
6611d3ce-901e-46d2-837b-f2fc990c2826,fde585e8-4da2-4045-8edb-dea77f2bfde2,MED,General Medicine,2007,40
a2d7bcc0-a4db-4c14-b843-9b13cdcd0415,fe09c7d2-0b32-4b08-80c5-59cb53c94db4,OBG,Obstetrics & Gynaecology,122,1418
0d9afdc8-7ab4-43dd-90ab-41b4d073d4d0,fe09c7d2-0b32-4b08-80c5-59cb53c94db4,URO,Urology,575,1571
6d13281f-ad42-4651-8868-0346cb2e44f3,fe09c7d2-0b32-4b08-80c5-59cb53c94db4,NEURO,Neurology,1312,1239
6e829082-5baf-4f6e-b880-f43296c75ce8,fe09c7d2-0b32-4b08-80c5-59cb53c94db4,ORTH,Orthopaedics,2415,1576
521d98e7-b5f2-4f3f-8688-e88301fbff8b,fe09c7d2-0b32-4b08-80c5-59cb53c94db4,ENT,ENT,1641,156
4b70fa8f-d4ab-44bb-880d-19860cc27ade,fe09c7d2-0b32-4b08-80c5-59cb53c94db4,ONCO,Oncology,799,956
231ae6c7-7bde-4a80-bbbc-27d20c324a4a,fe09c7d2-0b32-4b08-80c5-59cb53c94db4,OPTH,Ophthalmology,138,837
7f614318-821c-4f39-b171-fbb85f10274c,fe6b0548-b615-4c70-acb7-dbf0b2167390,MED,General Medicine,1062,1494
c95a8ca6-34a1-4266-a222-7aab8532fe13,fe6b0548-b615-4c70-acb7-dbf0b2167390,ENT,ENT,909,40
aae6b4e0-c088-4711-b776-06aa981d7746,fe6b0548-b615-4c70-acb7-dbf0b2167390,URO,Urology,50,1933
307c75ef-b1c9-42ac-8e48-2d9b2e2401fa,fe6b0548-b615-4c70-acb7-dbf0b2167390,GS,General Surgery,516,848
4f0fa9d3-9d17-4d47-88c2-707f2c19c946,fe6b0548-b615-4c70-acb7-dbf0b2167390,NEURO,Neurology,855,703
2f2b23ea-2990-44b2-952e-d1b82deaceb8,fec07a51-028c-45a9-b37a-8c97290377c6,MED,General Medicine,1320,405
5f1e6caf-3ce3-497f-a820-1d6458611f45,fec07a51-028c-45a9-b37a-8c97290377c6,ORTH,Orthopaedics,698,1396
0d4aa0e5-b5ed-4e7e-af2c-2ae5ce2191f6,fec07a51-028c-45a9-b37a-8c97290377c6,URO,Urology,1895,617
3beda45e-db85-4a2f-a63a-7c85dec85906,fec07a51-028c-45a9-b37a-8c97290377c6,ONCO,Oncology,626,1053
d18916d1-5401-4802-9756-49d6775b3cbd,ff474499-b2db-44f9-9d8b-a0f27e956680,ORTH,Orthopaedics,1605,935
818ece0f-b9bb-498b-acaa-13c3938487b0,ff474499-b2db-44f9-9d8b-a0f27e956680,GS,General Surgery,307,855
2ee52484-d8d3-4480-853d-bbd0e338e240,ff474499-b2db-44f9-9d8b-a0f27e956680,MED,General Medicine,1146,432
8f43bc52-703d-444c-8335-73cc11853111,ff474499-b2db-44f9-9d8b-a0f27e956680,NEURO,Neurology,1207,1132
