hospital_specialty_id,hospital_id,specialty_code,specialty_name,admissions_prev_fy,admissions_before_last_year
42ed4d41-6a66-4092-bc64-3c42dfc0650d,79212271-c452-4987-990b-2917f610086b,BURNS,Burns & Plastic Surgery,1232,604
440f95b0-a7c5-4de0-b1ae-d5bd41f96997,79212271-c452-4987-990b-2917f610086b,ENT,ENT,548,1327
4d78e57e-f0c9-42c3-ba54-12f1a39a9409,79212271-c452-4987-990b-2917f610086b,OPTH,Ophthalmology,440,140
604c18b3-8596-495d-955e-010d61b90acf,79212271-c452-4987-990b-2917f610086b,ORTH,Orthopaedics,470,620
a5741b22-9f63-4b79-88c8-277d76f1e39b,79212271-c452-4987-990b-2917f610086b,CARD,Cardiology,90,1553
b45511aa-ebf1-405f-992a-f127cdbce079,784ebc03-77b5-47d2-b590-bd52a5bb47d0,OPTH,Ophthalmology,1176,780
3a397edc-d9ac-4a7c-8572-9c29564c77b1,784ebc03-77b5-47d2-b590-bd52a5bb47d0,ORTH,Orthopaedics,1528,983
6b7d767a-318e-4c88-bd41-0fee9335f485,1561406f-edb3-4119-8917-d1a9f26b1447,OBG,Obstetrics & Gynaecology,1713,1465
fd5f51e7-394f-40e2-91b2-c2d43ca88703,1561406f-edb3-4119-8917-d1a9f26b1447,ORTH,Orthopaedics,1450,255
ebaa85d7-239e-47d0-9221-d48dd586c777,1561406f-edb3-4119-8917-d1a9f26b1447,PEDS,Paediatrics,971,1453
79bf6cf2-9d05-4e23-bf00-4ad8602101e8,f9a0b9af-663b-4b2c-b4a9-a8a56b99a8dd,MED,General Medicine,1315,212
b83efb03-8fef-436f-8787-aabb81d709dc,f9a0b9af-663b-4b2c-b4a9-a8a56b99a8dd,ENT,ENT,1207,1058
4b8ba813-5d52-4c7f-8007-69a93c2c3504,f9a0b9af-663b-4b2c-b4a9-a8a56b99a8dd,DERM,Dermatology,229,1322
2c9fb36a-700b-4aef-bdff-4a07485552d4,f9a0b9af-663b-4b2c-b4a9-a8a56b99a8dd,GS,General Surgery,602,1101
f570f254-8f74-4d69-a680-b72e878bf3dc,f9a0b9af-663b-4b2c-b4a9-a8a56b99a8dd,BURNS,Burns & Plastic Surgery,1779,1384
69b4a8c2-9f3d-41ca-a7f2-a8c4f80f0626,18aab093-844f-4b2b-81f0-34c936832cd4,ENT,ENT,1926,201
f5f3f6ca-5830-4e06-8c35-842f57be990d,18aab093-844f-4b2b-81f0-34c936832cd4,OBG,Obstetrics & Gynaecology,160,1746
5c790611-2281-48b2-b801-bdafa5d792f6,18aab093-844f-4b2b-81f0-34c936832cd4,MED,General Medicine,625,1475
fa726f9b-64f2-4f56-98cb-5a9bdc847b80,18aab093-844f-4b2b-81f0-34c936832cd4,OPTH,Ophthalmology,996,1092
72d386a8-ead0-40ba-8970-836f2d2412de,6c68ced4-7801-48b9-9fd7-16063376ad14,PEDS,Paediatrics,1000,1009
e451fb47-1120-4cdf-ad33-66c1d4f33c5d,6c68ced4-7801-48b9-9fd7-16063376ad14,ORTH,Orthopaedics,1733,1592
1ff90091-7673-445b-b0a4-be371e50455c,6c68ced4-7801-48b9-9fd7-16063376ad14,BURNS,Burns & Plastic Surgery,245,457
d0a09189-8cea-41a9-83cd-dec7d5c9eee8,6c68ced4-7801-48b9-9fd7-16063376ad14,OBG,Obstetrics & Gynaecology,1603,290
6459f27a-496a-4383-98e6-54153b8d1a2c,6c68ced4-7801-48b9-9fd7-16063376ad14,NEURO,Neurology,479,684
3be17199-f27f-4e2e-aa3a-e18af4cf1e43,bc446fea-52b0-42fa-8703-a4ee5a3a5a90,PEDS,Paediatrics,294,1676
0e6b17fc-e401-4573-91be-305e85df65c8,bc446fea-52b0-42fa-8703-a4ee5a3a5a90,OBG,Obstetrics & Gynaecology,609,1290
5d6965d6-a8a9-40c2-9ef3-e2fb6925c124,bc446fea-52b0-42fa-8703-a4ee5a3a5a90,DERM,Dermatology,571,551
d3bce783-8043-4e7c-a66a-be8884230d90,bc446fea-52b0-42fa-8703-a4ee5a3a5a90,GS,General Surgery,922,1699
4ffb5d05-3225-43d2-8124-765e28d65890,bc446fea-52b0-42fa-8703-a4ee5a3a5a90,ONCO,Oncology,1234,347
bac07977-6724-4c63-9e67-e5fda896b231,59a8efba-d5b6-4d65-a2f6-361f9965cae3,CARD,Cardiology,601,984
31ba185c-85b8-476b-83ec-cdf26e5e6a5b,59a8efba-d5b6-4d65-a2f6-361f9965cae3,GS,General Surgery,1388,1000
a0078972-b768-4556-a7bd-e0ed76c5e44b,59a8efba-d5b6-4d65-a2f6-361f9965cae3,MED,General Medicine,149,1116
1742b860-0b6e-4818-9634-138a6b756119,59a8efba-d5b6-4d65-a2f6-361f9965cae3,NEURO,Neurology,1960,622
2e6a09f0-39ce-447e-82ed-de36a16b9457,59a8efba-d5b6-4d65-a2f6-361f9965cae3,ORTH,Orthopaedics,663,701
2f88f0ac-b9a9-4aa6-806a-89837f9e52ca,59a8efba-d5b6-4d65-a2f6-361f9965cae3,NEPHRO,Nephrology,1986,177
2b261fc6-dec2-4cd9-8554-3eea334817fd,50f6ceec-8460-4167-8d6b-3b199d81525e,PSYCH,Psychiatry,963,1225
17390ee5-42d3-4a41-86f8-bd311c5a53c5,50f6ceec-8460-4167-8d6b-3b199d81525e,ENT,ENT,899,1222
12e009c6-17af-47dd-b129-c389265bbddb,50f6ceec-8460-4167-8d6b-3b199d81525e,ORTH,Orthopaedics,1499,1595
8d7dce7b-6663-44e1-908e-96601b29a720,50f6ceec-8460-4167-8d6b-3b199d81525e,OPTH,Ophthalmology,1700,459
0ebfcc6d-532d-41d5-be69-b65aa5d81fae,87b65ca7-bf10-41ed-8229-7524f6b3a30d,URO,Urology,1757,664
93600604-f73a-41a8-8e83-f3a4bb825863,87b65ca7-bf10-41ed-8229-7524f6b3a30d,CARD,Cardiology,1216,1097
07b54949-2635-4ee7-aad7-054aed7d1bf9,87b65ca7-bf10-41ed-8229-7524f6b3a30d,OBG,Obstetrics & Gynaecology,1183,1112
ed0284a7-b411-4ce3-94be-8a69452abe6a,d31b4920-2059-47f5-83ab-ae5df3b24e6b,GS,General Surgery,418,681
c4ae6fbd-55fc-4421-9abc-8e09a39b5733,d31b4920-2059-47f5-83ab-ae5df3b24e6b,ORTH,Orthopaedics,1553,582
38db0dec-59ba-4195-a4ad-546116d595c0,d31b4920-2059-47f5-83ab-ae5df3b24e6b,MED,General Medicine,729,819
c5e7ce48-5187-4c52-8097-1992a549513a,2621e5d6-3fdd-4caa-b8a8-df10690bbe49,OBG,Obstetrics & Gynaecology,161,1182
11d9ba5a-385e-4630-b1d0-0029936469d3,2621e5d6-3fdd-4caa-b8a8-df10690bbe49,URO,Urology,444,213
b7621d4f-04aa-4273-a163-309efc609dd9,2621e5d6-3fdd-4caa-b8a8-df10690bbe49,ORTH,Orthopaedics,682,355
3cefbf7e-a6b0-4c92-9e6e-385ce2a43068,2621e5d6-3fdd-4caa-b8a8-df10690bbe49,OPTH,Ophthalmology,129,734
01a38212-9a52-408c-9b2b-7d13a4237078,95f235be-b1f5-44dd-bd72-e4ff493eed15,DERM,Dermatology,513,1292
5cf3dacf-adb3-4e1c-9924-093c439cacc6,95f235be-b1f5-44dd-bd72-e4ff493eed15,OPTH,Ophthalmology,206,1600
2bdeb1b4-169d-4a33-804c-25df575a1c82,95f235be-b1f5-44dd-bd72-e4ff493eed15,GS,General Surgery,1315,1139
4d1707b0-a92a-4588-b788-ff2edf241fc8,95f235be-b1f5-44dd-bd72-e4ff493eed15,ENT,ENT,1824,561
642ea8a0-8b83-469c-a340-d15d565c0f9c,95f235be-b1f5-44dd-bd72-e4ff493eed15,URO,Urology,601,1569
8f633d95-0360-4db9-bd82-5f92361fde93,24267565-7dcb-4f3b-b6cd-1c0f075379c0,OBG,Obstetrics & Gynaecology,814,100
87b8fecc-51e2-4aa7-a4d9-348a6f9cb600,c278f54d-0390-47b6-bda2-b51aec673c31,OPTH,Ophthalmology,826,86
49190fd7-4213-47df-9a41-92775a7e2844,c278f54d-0390-47b6-bda2-b51aec673c31,GS,General Surgery,1116,1329
e57dce9e-4989-4a51-b73f-3744b19b238c,e7843a89-5bc2-4ede-aeb9-fd6e59d9481b,CARD,Cardiology,217,574
4fd589cb-4e29-4efa-bfd3-ecd37d9a0827,e7843a89-5bc2-4ede-aeb9-fd6e59d9481b,PSYCH,Psychiatry,1773,710
0139aa88-f01d-409e-b1b7-ad4c0c64f753,9878f087-5008-4e9a-91db-118ffc6d2f1e,GS,General Surgery,666,1626
e9b68bcb-3a6b-46eb-ac91-61b988783a52,9878f087-5008-4e9a-91db-118ffc6d2f1e,MED,General Medicine,1242,443
0ba3b3ba-4d05-4531-9e53-adaf36eb97ec,9878f087-5008-4e9a-91db-118ffc6d2f1e,ENT,ENT,1979,199
81f6423c-36b2-4ca0-af75-477bc597314a,485db366-f036-4f19-ad67-c51b84a49903,OBG,Obstetrics & Gynaecology,1993,650
1745a2f8-4fde-46db-a92c-dbab93e00339,485db366-f036-4f19-ad67-c51b84a49903,MED,General Medicine,1565,1254
6393d079-bdba-4f70-9875-8dc2bea209e6,973c72b6-a78b-45a8-b525-868353af84ea,OBG,Obstetrics & Gynaecology,1783,1528
eb00abd1-820c-4c9b-8082-029c094cce66,973c72b6-a78b-45a8-b525-868353af84ea,MED,General Medicine,1130,475
ff61eef3-6156-4a33-b655-c16b04e82cae,973c72b6-a78b-45a8-b525-868353af84ea,OPTH,Ophthalmology,461,98
67356432-5534-4ad9-b526-b11c644bcd27,058fe129-afd7-4499-9973-cdcad110e8a3,ONCO,Oncology,628,671
fac2c398-4b8c-4e1c-a6f9-2864f950dc52,058fe129-afd7-4499-9973-cdcad110e8a3,GS,General Surgery,1601,799
3c4fb314-6223-4f00-a99d-457e3a1cedef,7517a147-10ac-4547-a6e5-398e0aec8db6,OBG,Obstetrics & Gynaecology,345,577
f2f0768c-4add-4a49-8adb-083c510f4b2f,7517a147-10ac-4547-a6e5-398e0aec8db6,OPTH,Ophthalmology,1942,1219
3dfc0daa-4571-452b-921f-0b664f284493,7517a147-10ac-4547-a6e5-398e0aec8db6,CARD,Cardiology,642,279
c19a4f8d-b710-49d8-9fce-2f5ddc70c1ce,7517a147-10ac-4547-a6e5-398e0aec8db6,ORTH,Orthopaedics,1670,161
638df95f-9e1a-415a-b020-6a2a07a89564,be9655cd-9695-463d-a93c-4ee77f4c34e6,OBG,Obstetrics & Gynaecology,1880,424
8238e5e9-b100-4c36-819f-d0773b2a19a9,be9655cd-9695-463d-a93c-4ee77f4c34e6,OPTH,Ophthalmology,160,1256
25c3e98d-36b4-4582-8fff-7489ada7c642,be9655cd-9695-463d-a93c-4ee77f4c34e6,PEDS,Paediatrics,299,283
1c957381-5da3-4b1f-8da4-6a2e1f8276b0,be9655cd-9695-463d-a93c-4ee77f4c34e6,GS,General Surgery,561,1114
50f7be13-cae3-4ac6-ac6d-9af24961ba5d,91f99c76-03d3-4e2a-82f0-e10b815f00b9,OPTH,Ophthalmology,1562,941
ebfa3865-78bf-4b20-8280-95ff1db6121b,91f99c76-03d3-4e2a-82f0-e10b815f00b9,CARD,Cardiology,1480,1735
1d22ad37-b8cc-4c08-886d-b89a0f9f2370,20439481-0474-4d67-b71e-4556ab11eec7,MED,General Medicine,1703,1573
56f46fa4-f51d-4cd5-bfbc-a2802ed27e94,20439481-0474-4d67-b71e-4556ab11eec7,PEDS,Paediatrics,1972,1072
958c2553-2a39-4c31-9196-adae39aabc53,20439481-0474-4d67-b71e-4556ab11eec7,NEURO,Neurology,1180,630
b2b771f4-d4fd-4277-801c-133fc25e07a8,20439481-0474-4d67-b71e-4556ab11eec7,CARD,Cardiology,692,905
e76d06b9-5209-424c-be68-2d818ab90afc,f42e3415-07e8-4f42-8fde-494bab346766,MED,General Medicine,265,103
3d16b9b4-13c1-4de9-bdcf-0c507ba6b550,f42e3415-07e8-4f42-8fde-494bab346766,OBG,Obstetrics & Gynaecology,1316,1514
d26a941e-ca4f-4180-805a-cf9d26a10818,f42e3415-07e8-4f42-8fde-494bab346766,URO,Urology,1969,960
88742118-4d3f-4bde-a863-c9af4d2484a9,f42e3415-07e8-4f42-8fde-494bab346766,ORTH,Orthopaedics,80,1510
bbfa2ca2-d7c8-4043-93d9-f80fa88159e8,f42e3415-07e8-4f42-8fde-494bab346766,OPTH,Ophthalmology,158,1135
9e39efc4-1847-4104-b914-09f907387976,824bb4d8-1753-491b-b8c1-0e2edc738286,OBG,Obstetrics & Gynaecology,1802,860
5fc9d965-b63e-4c74-83ed-bca574333f60,824bb4d8-1753-491b-b8c1-0e2edc738286,ORTH,Orthopaedics,472,134
4f0ea9dc-d655-4bae-a8d9-0dba997fcf86,824bb4d8-1753-491b-b8c1-0e2edc738286,OPTH,Ophthalmology,844,397
c0c1d2af-9497-4b3e-8f04-7d3e5846220d,824bb4d8-1753-491b-b8c1-0e2edc738286,CARD,Cardiology,603,282
fdda1382-b3f8-48af-bc17-cd92e86c7381,f9cf7cc9-66f4-4e4d-9eb2-c42e95a2cf4d,ORTH,Orthopaedics,1434,176
79e5dcf3-c9c1-4886-840a-b3045774cc28,f9cf7cc9-66f4-4e4d-9eb2-c42e95a2cf4d,PSYCH,Psychiatry,1427,443
9cd68b64-8a86-472e-b5be-b5bd9f44ac09,f9cf7cc9-66f4-4e4d-9eb2-c42e95a2cf4d,CARD,Cardiology,593,635
35d6c75c-1319-4a68-9dd6-b9150c93c3b8,f9cf7cc9-66f4-4e4d-9eb2-c42e95a2cf4d,GS,General Surgery,1152,1731
f78581b5-c724-4789-ae3f-a66f70f24e61,f9cf7cc9-66f4-4e4d-9eb2-c42e95a2cf4d,MED,General Medicine,1020,163
bcbe48f7-7c43-435b-aef6-b439b6df0971,a4af1771-116a-403f-976a-2598d16ab6d5,CARD,Cardiology,1901,924
b89612d7-798b-4b88-a507-04fbff70d568,a4af1771-116a-403f-976a-2598d16ab6d5,BURNS,Burns & Plastic Surgery,1551,720
69a4b47c-2a2a-4ed8-91b0-e77830e6da22,a4af1771-116a-403f-976a-2598d16ab6d5,GS,General Surgery,1282,1493
95287427-3f4b-45e3-91a9-daec6a5f7237,a4af1771-116a-403f-976a-2598d16ab6d5,OBG,Obstetrics & Gynaecology,952,1105
e8364b79-121c-4aeb-911a-7fea2e9ca32a,a4af1771-116a-403f-976a-2598d16ab6d5,MED,General Medicine,1066,856
047f0d0b-ed02-46d2-917b-dbde9a26c708,a4af1771-116a-403f-976a-2598d16ab6d5,NEURO,Neurology,1396,1420
ee66eed2-4907-445a-969f-fe3b631c7ffe,383efd30-cbe2-4006-a0d0-f5e8d18e4a7e,OBG,Obstetrics & Gynaecology,1491,534
9b469786-bad9-455f-8c64-777120e023a7,beab9dec-94ad-4cb1-95ca-dde775efb204,GS,General Surgery,1326,1182
74c525d4-6f93-40fe-8d6f-78ab81552129,beab9dec-94ad-4cb1-95ca-dde775efb204,MED,General Medicine,1980,1429
c2341286-f098-4fa8-917a-a8f16a5479bd,beab9dec-94ad-4cb1-95ca-dde775efb204,OBG,Obstetrics & Gynaecology,528,1429
bb6cf909-1654-4abe-82dc-b78d08512db0,beab9dec-94ad-4cb1-95ca-dde775efb204,PEDS,Paediatrics,1108,326
8bb410c7-8ef3-4b94-978c-b2ad7c8d85ff,7edeb341-4f12-4e75-b43e-a189b9d38f28,OBG,Obstetrics & Gynaecology,1425,1659
5cb1e690-4878-458c-b4ff-548fb182868b,7edeb341-4f12-4e75-b43e-a189b9d38f28,DERM,Dermatology,338,469
2dc9577d-8bc4-46a4-b35b-992a5c047376,7edeb341-4f12-4e75-b43e-a189b9d38f28,MED,General Medicine,541,638
85d0b281-6094-44ec-9983-0a37851e094e,7edeb341-4f12-4e75-b43e-a189b9d38f28,OPTH,Ophthalmology,1274,901
b1792ba6-1b42-4184-9999-e162fd1d089d,7edeb341-4f12-4e75-b43e-a189b9d38f28,NEURO,Neurology,173,660
c07b3f43-6353-4ccf-b0c1-b44d88a3d08c,cbbb28b2-f37d-43a6-a2a5-fc6e95c2e9df,MED,General Medicine,784,1712
09b40140-84af-4265-a0d1-8b7513e9d3cc,cbbb28b2-f37d-43a6-a2a5-fc6e95c2e9df,OPTH,Ophthalmology,1089,1501
2549716e-2437-435a-a5d5-79bff46e8752,cbbb28b2-f37d-43a6-a2a5-fc6e95c2e9df,URO,Urology,1759,346
339ab93d-5b60-4b0f-89fd-f329c53f6384,cbbb28b2-f37d-43a6-a2a5-fc6e95c2e9df,ORTH,Orthopaedics,1178,944
dcbaa2e5-442a-4dd7-b29a-9b96eff95895,cbbb28b2-f37d-43a6-a2a5-fc6e95c2e9df,OBG,Obstetrics & Gynaecology,1573,974
ee354349-fac6-4c7a-a37b-87a78798df7a,6370ad26-6d44-4337-9ee9-dd0dc9f87a18,GS,General Surgery,498,531
dd08721c-22c1-4091-9bd3-30731cf30eda,6370ad26-6d44-4337-9ee9-dd0dc9f87a18,MED,General Medicine,1683,542
6679fd10-9c70-4ec5-96b7-9473a92a6451,d99ed17c-5b07-41ee-926d-ee4d1a0db132,CARD,Cardiology,897,1570
b993388d-d185-488b-bbc3-dc461d3deae3,d99ed17c-5b07-41ee-926d-ee4d1a0db132,OBG,Obstetrics & Gynaecology,440,644
3d10c3e5-2300-43f7-8467-de54ff3f76aa,d99ed17c-5b07-41ee-926d-ee4d1a0db132,MED,General Medicine,754,1261
2553160f-7f63-4d18-9736-48bea339b0b0,d99ed17c-5b07-41ee-926d-ee4d1a0db132,OPTH,Ophthalmology,805,1563
e27760ee-5142-4390-90a1-c1a015eb0a0f,b3131489-f06b-425d-9ccd-467eb7e1d542,MED,General Medicine,179,153
04c49099-085d-45dd-a657-72965e28c6b7,b3131489-f06b-425d-9ccd-467eb7e1d542,OBG,Obstetrics & Gynaecology,665,178
b8241a3f-f224-4d48-b385-77bd1c0c98e4,b3131489-f06b-425d-9ccd-467eb7e1d542,ORTH,Orthopaedics,445,1153
56174ac5-2616-46d1-837d-0754565c9b81,b3131489-f06b-425d-9ccd-467eb7e1d542,ONCO,Oncology,1621,772
69cab0a5-8215-4c55-a842-2479f76586e1,b3131489-f06b-425d-9ccd-467eb7e1d542,CARD,Cardiology,1021,1256
6feb21d9-8f0d-44ef-b2e3-8f948ec571fe,b3131489-f06b-425d-9ccd-467eb7e1d542,GS,General Surgery,969,381
1d1ad4a3-b223-4f32-8c3c-33a5a3820091,92a4daba-b6b6-45e5-9f77-f852770dcb99,OBG,Obstetrics & Gynaecology,187,280
9e751f55-1986-414e-b6a5-9524aed76ecb,92a4daba-b6b6-45e5-9f77-f852770dcb99,GS,General Surgery,1368,231
4df79ada-bdd4-40eb-b276-292ec468c5e6,92a4daba-b6b6-45e5-9f77-f852770dcb99,CARD,Cardiology,638,785
09ea3dba-2361-4494-8661-c64d69afaf91,92a4daba-b6b6-45e5-9f77-f852770dcb99,PEDS,Paediatrics,600,636
ecfbfff5-c774-49b7-9fa1-9fede5872712,d7935ac2-8820-4c6e-9ece-961b1da38c93,PEDS,Paediatrics,989,807
940bb2ef-2c42-4799-a735-b9dfb0b94e1b,d7935ac2-8820-4c6e-9ece-961b1da38c93,GS,General Surgery,624,1244
38fde99f-e9a4-420b-bee1-1add830e7d94,b8e2b260-4f55-4d4e-9246-3cd376a42856,OPTH,Ophthalmology,728,1265
0ed5e562-6f20-4a21-ab61-3b722497ec46,b8e2b260-4f55-4d4e-9246-3cd376a42856,OBG,Obstetrics & Gynaecology,1036,478
bb87ac36-431d-477b-8a6c-783ac1424c0c,b8e2b260-4f55-4d4e-9246-3cd376a42856,MED,General Medicine,336,1003
974d794c-337d-4bf7-a32e-8be77fef253b,b123c7ac-cb54-4042-ba26-b405b5c62baa,MED,General Medicine,519,1348
398a6188-e0a4-4b2e-9aee-4b3dcb68c8d2,b123c7ac-cb54-4042-ba26-b405b5c62baa,URO,Urology,1068,425
dab45aa0-ddd2-476e-8aa8-ddacf763fc26,b123c7ac-cb54-4042-ba26-b405b5c62baa,OBG,Obstetrics & Gynaecology,1939,543
700f0c8c-bf82-4483-b639-173d27136cfc,b123c7ac-cb54-4042-ba26-b405b5c62baa,PEDS,Paediatrics,845,79
cad25eb6-9d66-4c83-8afe-be273a21cd12,b026ca22-e993-4dd3-b76c-295589021af4,ONCO,Oncology,1081,1290
79a703b3-2c19-4a87-bfed-6cbcc5f200da,b026ca22-e993-4dd3-b76c-295589021af4,ORTH,Orthopaedics,343,1651
f9025250-cd69-45a2-8150-2004b47f0456,b026ca22-e993-4dd3-b76c-295589021af4,MED,General Medicine,787,1491
eaa594ec-4d76-4cd4-9f0c-2d1359b81261,b026ca22-e993-4dd3-b76c-295589021af4,DERM,Dermatology,317,1438
24c8e5ab-5371-4cf9-a969-ce2517e3e14c,0645da7f-f79d-4890-a1e0-a51a7a9cf6e7,OBG,Obstetrics & Gynaecology,443,1067
b722b102-970e-4dfb-9232-86a51b71bcea,2527c1b6-82d8-470e-9ca0-8e06deb23ed0,NEURO,Neurology,341,196
5e69f4e7-c532-4693-8e65-465e7800a3bb,2527c1b6-82d8-470e-9ca0-8e06deb23ed0,OBG,Obstetrics & Gynaecology,1970,290
6ec7c5c9-c7a9-4534-b26e-386dc7cb08b1,2527c1b6-82d8-470e-9ca0-8e06deb23ed0,OPTH,Ophthalmology,1247,1584
433758cf-ce4a-4bb5-8f97-407912f6d5f7,2527c1b6-82d8-470e-9ca0-8e06deb23ed0,ORTH,Orthopaedics,1299,473
e4af803a-b2c2-4c95-8e16-1826826fb423,08fc1f3d-a6f1-4ea0-90e5-580a39dd2baf,OBG,Obstetrics & Gynaecology,1803,1269
6f8a5513-8e7d-464f-89a6-3cffb84f45cd,08fc1f3d-a6f1-4ea0-90e5-580a39dd2baf,MED,General Medicine,779,370
362b60ba-2e22-404d-bcde-0e9e2b98c880,ced61793-a093-460c-b537-afcf03865341,OBG,Obstetrics & Gynaecology,1352,1612
b261903a-81b7-4039-9871-8e608d04b4e2,ced61793-a093-460c-b537-afcf03865341,OPTH,Ophthalmology,1391,700
3a66614c-c6a4-4a9a-b1bc-40bc7bb57165,ced61793-a093-460c-b537-afcf03865341,ORTH,Orthopaedics,1116,533
e1b727f4-6f29-4664-a846-2faff16f4c9f,ced61793-a093-460c-b537-afcf03865341,NEURO,Neurology,953,880
43b2eafc-d0cb-4e1c-95f4-664966bf2a17,b715add2-8aa2-44b1-a656-5fd5923104bc,CARD,Cardiology,1885,628
e6782874-8832-476f-aad1-203d887f3a68,b715add2-8aa2-44b1-a656-5fd5923104bc,OBG,Obstetrics & Gynaecology,1830,705
7ff9e56d-cd86-4eaa-b433-ead5b3ee8337,b715add2-8aa2-44b1-a656-5fd5923104bc,MED,General Medicine,1583,514
77303c2a-5766-44a4-b5ab-1e67d8b1067f,1671be92-42b2-455e-b48c-cbaf29a378cb,NEPHRO,Nephrology,709,344
94b83b63-3642-4074-9a9d-2bdd8f743ddd,1671be92-42b2-455e-b48c-cbaf29a378cb,OPTH,Ophthalmology,1503,693
b9c07c93-8138-408a-835a-49949df3be6a,310c286a-875d-456f-b815-37edfb352216,NEURO,Neurology,1850,1613
ffa3cec3-af36-4693-86a6-290a74ef3c55,310c286a-875d-456f-b815-37edfb352216,OPTH,Ophthalmology,1931,1219
9f99336d-e2bc-4cac-bccd-73e0006be8d7,310c286a-875d-456f-b815-37edfb352216,GS,General Surgery,891,267
52c1c130-e989-48d6-b618-efb696243187,310c286a-875d-456f-b815-37edfb352216,OBG,Obstetrics & Gynaecology,1821,1562
f44ca6b4-20bc-4b1e-ae1d-df5546e581e9,310c286a-875d-456f-b815-37edfb352216,PEDS,Paediatrics,1881,40
2e4eda68-cbb8-4046-a855-c6e610f4cd75,4dbc8e1d-62ce-4605-81f1-8497ff07e2f4,CARD,Cardiology,483,1213
89a57bf2-8c39-46ad-b30d-2568f493ba21,4dbc8e1d-62ce-4605-81f1-8497ff07e2f4,GS,General Surgery,1460,667
73b8e62e-851d-4931-b3ca-d743d6103265,4dbc8e1d-62ce-4605-81f1-8497ff07e2f4,ORTH,Orthopaedics,850,1592
97c71481-fd97-4fe1-a73e-3f076cdca338,4dbc8e1d-62ce-4605-81f1-8497ff07e2f4,OBG,Obstetrics & Gynaecology,97,1788
e7aeb0c0-7bb6-4ae9-894b-435317313282,4dbc8e1d-62ce-4605-81f1-8497ff07e2f4,MED,General Medicine,999,291
55164b17-5f09-4b45-b380-5f2fa8dc9321,1c09b438-b333-46b6-bc80-2db6ea3cc378,PSYCH,Psychiatry,229,1571
044cd7b3-e515-419b-b3f4-fa86a9ebda55,1c09b438-b333-46b6-bc80-2db6ea3cc378,OPTH,Ophthalmology,561,492
61f03750-01c1-4546-81ca-727d9057405d,1c09b438-b333-46b6-bc80-2db6ea3cc378,ORTH,Orthopaedics,844,1634
bc176467-adf8-401a-8372-c515b090339d,1c09b438-b333-46b6-bc80-2db6ea3cc378,OBG,Obstetrics & Gynaecology,582,1193
bd948196-2e4f-46bb-9033-ed00d81b2245,37a7248b-0a18-4b56-b333-4f11d5643ec8,OBG,Obstetrics & Gynaecology,862,580
3098ee4a-4a7b-4e93-945b-c02110f17df2,37a7248b-0a18-4b56-b333-4f11d5643ec8,GS,General Surgery,1966,92
8bf9ff9f-9601-4d6a-ab22-fb292572c332,86a5dc96-32d0-4859-ae22-c8b3841132d4,OBG,Obstetrics & Gynaecology,451,1361
de1d61c1-d73c-4070-a970-be94b64b895c,86a5dc96-32d0-4859-ae22-c8b3841132d4,GS,General Surgery,175,1391
6dd87a83-3493-40e3-86eb-3dfbb8aba81f,2b6476b1-abcf-4e12-a7ab-c43ea29f80ad,GS,General Surgery,1693,518
718d3521-0071-4bd4-89a3-f89ebad7b9cc,2b6476b1-abcf-4e12-a7ab-c43ea29f80ad,MED,General Medicine,89,1463
90248f89-d1d4-42e6-abc2-6ff72412205c,2b6476b1-abcf-4e12-a7ab-c43ea29f80ad,ENT,ENT,1200,1382
8056f408-1d3e-43b0-975b-8998b0e786b4,2b6476b1-abcf-4e12-a7ab-c43ea29f80ad,ONCO,Oncology,832,783
d8a944b7-17e4-41eb-9343-ba86f2104bad,2b6476b1-abcf-4e12-a7ab-c43ea29f80ad,OBG,Obstetrics & Gynaecology,1619,610
06e8801a-9f8e-42c7-a082-a5da35043fb1,2b6476b1-abcf-4e12-a7ab-c43ea29f80ad,ORTH,Orthopaedics,1627,1755
b00dd3ea-c6e6-40a2-bf3c-60e66c7bb19f,40cd2163-9c7f-4bd9-8a9d-7a5d870c2fc9,OBG,Obstetrics & Gynaecology,110,895
ef946dbb-1ac5-48c5-8ec3-9f0fd6cf49cd,40cd2163-9c7f-4bd9-8a9d-7a5d870c2fc9,GS,General Surgery,562,1692
b94d73cd-71bf-422a-8e2b-e6633fb75e75,40cd2163-9c7f-4bd9-8a9d-7a5d870c2fc9,PEDS,Paediatrics,1076,1567
199e004d-28f8-4342-aced-7354d528e784,40cd2163-9c7f-4bd9-8a9d-7a5d870c2fc9,ENT,ENT,1093,485
bacb8e82-a83c-40e1-b452-040dc3b6848d,40cd2163-9c7f-4bd9-8a9d-7a5d870c2fc9,ONCO,Oncology,1111,244
ebf0380e-0c6c-429e-8f5a-34c1a142d7fa,eed44eec-432d-4fdb-860a-a82d9acee039,MED,General Medicine,1672,1525
cd5d2759-fc1a-47d1-90a3-692d615efc09,eed44eec-432d-4fdb-860a-a82d9acee039,GS,General Surgery,691,561
42d6767e-c6a3-45fa-970c-fba578b482dd,eed44eec-432d-4fdb-860a-a82d9acee039,URO,Urology,220,1762
20587bfb-1328-4202-a44b-2ab562ebeb7e,eed44eec-432d-4fdb-860a-a82d9acee039,ENT,ENT,969,894
46b4f8bf-6593-4561-8f44-30f957482992,eed44eec-432d-4fdb-860a-a82d9acee039,OBG,Obstetrics & Gynaecology,645,273
1ae14af5-ba01-489e-a5a2-d350f11ac156,eed44eec-432d-4fdb-860a-a82d9acee039,OPTH,Ophthalmology,1218,640
52b451f8-33c4-44e3-8d33-6ad55e173350,af8efed9-e4cb-4d10-93f2-5771c0e8dfa5,ORTH,Orthopaedics,1523,281
86e67e19-6798-497f-abd7-9791a46c45c8,af8efed9-e4cb-4d10-93f2-5771c0e8dfa5,ONCO,Oncology,371,959
31e24874-3035-4073-8cdc-b9dd97548cad,b16b2e13-7767-4898-b98d-289acf8aad62,ORTH,Orthopaedics,508,199
d3734617-ad15-446d-8950-1aa0fc45296b,b16b2e13-7767-4898-b98d-289acf8aad62,MED,General Medicine,269,1515
d0a742a8-00f4-43b9-903f-f01110067009,b16b2e13-7767-4898-b98d-289acf8aad62,URO,Urology,663,1371
4ca7883e-c216-40d5-b698-6f4dcf67c061,b16b2e13-7767-4898-b98d-289acf8aad62,PSYCH,Psychiatry,1653,551
10f82077-29c3-4db4-91d2-c804d0392f16,b16b2e13-7767-4898-b98d-289acf8aad62,CARD,Cardiology,1574,1516
d31efd78-ca62-4e2b-bd90-5a9b5b40e24e,b16b2e13-7767-4898-b98d-289acf8aad62,NEURO,Neurology,1514,1494
b0c55ebb-9a1a-40cd-b671-4ca0e05866d5,b16b2e13-7767-4898-b98d-289acf8aad62,OBG,Obstetrics & Gynaecology,592,1712
9244f6a1-5c90-4727-9fd5-fb6770140d52,b313cb2c-8092-45e6-a324-01f2adcba66b,CARD,Cardiology,1406,534
0b5826ba-050d-41aa-b0c9-47b1c751796d,b313cb2c-8092-45e6-a324-01f2adcba66b,OPTH,Ophthalmology,422,819
e1d2e347-a323-46ad-a88e-6141f5f90e35,b313cb2c-8092-45e6-a324-01f2adcba66b,OBG,Obstetrics & Gynaecology,919,481
96b92788-d280-48c3-a621-bf436327b0a0,b313cb2c-8092-45e6-a324-01f2adcba66b,NEURO,Neurology,63,1190
61fd19b7-3200-4c27-8ccd-6b52107196de,f6eb9bab-f267-4baf-a395-a2ce070960ef,OBG,Obstetrics & Gynaecology,1143,1005
edcf6efa-5e1a-42c2-885b-33a6a92c7fee,f6eb9bab-f267-4baf-a395-a2ce070960ef,GS,General Surgery,1258,95
ec2914ea-366e-4e76-b5db-5c39d7a2780a,f6eb9bab-f267-4baf-a395-a2ce070960ef,MED,General Medicine,850,1367
f20c45ca-69e9-4c47-9671-d9c46ab9ae27,87d075c8-0a84-4cac-b249-a7d144a620b8,GS,General Surgery,309,442
771d0015-1045-417c-9fb9-6e4f873a1300,87d075c8-0a84-4cac-b249-a7d144a620b8,OBG,Obstetrics & Gynaecology,1935,825
db755faf-3b0b-46d4-ac91-7527e64c21c4,4aa43dd6-19ca-4612-ad28-04e82c2e6585,OBG,Obstetrics & Gynaecology,461,457
2ee7f99c-577e-4bd6-9c19-1df9a5e027e6,4aa43dd6-19ca-4612-ad28-04e82c2e6585,GS,General Surgery,573,891
a129e826-e272-40ed-ac37-9a9d3a78f068,4aa43dd6-19ca-4612-ad28-04e82c2e6585,NEURO,Neurology,1754,1741
3fc74903-f762-4a65-83f5-565017bfb570,4aa43dd6-19ca-4612-ad28-04e82c2e6585,ORTH,Orthopaedics,1151,218
5dcb46ba-3f17-4e7d-9d58-9c486831e0e2,4aa43dd6-19ca-4612-ad28-04e82c2e6585,NEPHRO,Nephrology,407,41
e2760215-96de-47c9-976a-e4b17decff7e,168f0e25-0776-4872-a1c1-5ba7491a3910,ORTH,Orthopaedics,1519,1373
e2804987-fc88-4c3e-ab45-3c7ecfdea558,168f0e25-0776-4872-a1c1-5ba7491a3910,OBG,Obstetrics & Gynaecology,1850,1453
2a3f59da-0bee-4947-b635-d8e626d3cf46,9aad09cb-c280-49cf-a789-776d88414bc0,MED,General Medicine,611,259
b13d9474-c74c-480f-9b16-277dfd32e963,9aad09cb-c280-49cf-a789-776d88414bc0,GS,General Surgery,220,322
d61e9dc9-6fac-470e-bbd8-657ceacdecdb,9aad09cb-c280-49cf-a789-776d88414bc0,ORTH,Orthopaedics,975,710
45201111-ffe7-421b-9b79-dd391045c1fd,5f336a30-f600-4b00-affb-c0c067ec58e7,GS,General Surgery,1551,1382
b735cfe7-4013-4ac2-976a-9947a8444cee,5f336a30-f600-4b00-affb-c0c067ec58e7,ENT,ENT,953,414
4af84f97-1881-4c2c-aba0-507a3183e6f1,5f336a30-f600-4b00-affb-c0c067ec58e7,ORTH,Orthopaedics,1376,814
ec753d73-5017-4179-8507-9cef1de3f5a1,5f336a30-f600-4b00-affb-c0c067ec58e7,MED,General Medicine,1526,1684
33ce10fd-6548-4b75-b1dc-1eae2000407b,5f336a30-f600-4b00-affb-c0c067ec58e7,NEURO,Neurology,1992,1532
f02ab1e2-08f3-419c-bb65-3cbdb83662e4,7caf5089-aa04-4bd3-9ae5-9a9aac526376,GS,General Surgery,981,411
e0aaa03f-7cd8-4c4c-8127-b718c6e3c425,7caf5089-aa04-4bd3-9ae5-9a9aac526376,ENT,ENT,471,290
1ee96c28-c04e-4d19-93fd-0c85f150f4a5,7caf5089-aa04-4bd3-9ae5-9a9aac526376,CARD,Cardiology,1119,483
c0878133-3adf-49e7-8b99-275d02dcf3ad,7caf5089-aa04-4bd3-9ae5-9a9aac526376,OBG,Obstetrics & Gynaecology,1808,568
6db8ea38-58cf-4a9e-9168-ecf096bf003f,deb5187d-54f9-4098-80f1-7d1d43623d85,URO,Urology,1730,774
e36d6c33-af32-47fa-bdd3-c12bd7bbed4f,deb5187d-54f9-4098-80f1-7d1d43623d85,ONCO,Oncology,1560,836
5bbd9287-a4a2-4f83-af6f-50bd74a1972f,4a136301-a03a-44a0-8772-6eab6583e721,ORTH,Orthopaedics,1286,1082
8178fc9f-c132-4aab-8bc8-fe6634f63aef,59c718e7-cfa6-43c6-84d9-9fd9e47107f2,ORTH,Orthopaedics,1493,494
9372a05a-bc0f-40bb-bf20-c553922d9568,59c718e7-cfa6-43c6-84d9-9fd9e47107f2,CARD,Cardiology,670,98
5c68d026-a8d8-469a-a583-60fd796afd0e,59c718e7-cfa6-43c6-84d9-9fd9e47107f2,MED,General Medicine,622,1090
1079187e-35f5-4d3e-b741-52ca79c5a317,59c718e7-cfa6-43c6-84d9-9fd9e47107f2,DERM,Dermatology,152,161
14ed4a8c-04f3-4e1c-a16b-ebe2dd513f99,1b12dcc2-fe8c-4394-a67a-bb50ff052226,OPTH,Ophthalmology,926,523
e1e9966c-f0c2-4fe1-b1e4-31beb1d5503b,1b12dcc2-fe8c-4394-a67a-bb50ff052226,ORTH,Orthopaedics,1930,1351
bd47cea2-10f8-4111-8cb1-9f2fb7116936,1b12dcc2-fe8c-4394-a67a-bb50ff052226,ONCO,Oncology,1737,1444
82ad032f-2a8c-4898-9811-b9cbf7e0df62,1b12dcc2-fe8c-4394-a67a-bb50ff052226,MED,General Medicine,1605,1305
d5688ecb-1491-4213-9703-bba097883292,00582642-333b-45ec-9c60-e5b3aebe0577,GS,General Surgery,376,530
e5f15970-94a0-4711-af67-6ade8ade40a4,00582642-333b-45ec-9c60-e5b3aebe0577,ORTH,Orthopaedics,1187,1751
8eae6b7b-25f9-496a-83b2-1c2200599730,00582642-333b-45ec-9c60-e5b3aebe0577,MED,General Medicine,408,751
4326d99a-b1f6-4477-9051-0ca11641000a,00582642-333b-45ec-9c60-e5b3aebe0577,BURNS,Burns & Plastic Surgery,475,412
fd4f4d2f-4a91-4f34-b527-4fece1616969,d781fc7e-e867-49ae-ad48-1a3babfece87,OBG,Obstetrics & Gynaecology,787,1300
727ece9d-14c9-470e-b668-dd2122e5074b,d781fc7e-e867-49ae-ad48-1a3babfece87,CARD,Cardiology,574,461
a342ef9e-3b7d-47e3-8b68-0ccc5d889672,d781fc7e-e867-49ae-ad48-1a3babfece87,GS,General Surgery,1322,547
a381e567-1ca8-4bd2-be5b-e7c29c720927,6a5af65d-f9ac-4884-b719-f5a6d994348f,MED,General Medicine,910,1220
e1d3b5b3-a596-4720-be7f-62de4f912815,6a5af65d-f9ac-4884-b719-f5a6d994348f,NEURO,Neurology,613,1761
6a003dbf-82cd-4171-b3ca-364821c01062,309707bb-cb0b-41ba-b1cc-dc8c1807a945,GS,General Surgery,1167,1729
3d2cb3ff-9c81-465e-828a-9352a6a61b06,309707bb-cb0b-41ba-b1cc-dc8c1807a945,URO,Urology,1271,1384
c059f4b0-eb86-4204-82bf-2b87488c7217,309707bb-cb0b-41ba-b1cc-dc8c1807a945,OPTH,Ophthalmology,451,324
88509873-d66c-4620-b213-28c5d7f32f7c,309707bb-cb0b-41ba-b1cc-dc8c1807a945,OBG,Obstetrics & Gynaecology,303,1787
6898a12f-7e28-4f00-bfc2-143a0ae0bd4b,309707bb-cb0b-41ba-b1cc-dc8c1807a945,CARD,Cardiology,1472,612
99f8ec12-6e66-45aa-abd7-0ec7436505dd,3efb1b56-6fbf-49d4-ba7f-909feb0b898b,OBG,Obstetrics & Gynaecology,69,519
9ad58387-1c77-4fe6-bbbe-6d2e18a604aa,3efb1b56-6fbf-49d4-ba7f-909feb0b898b,URO,Urology,305,1759
8462bfe7-8613-4c7a-b2a9-08b9e23b3b63,3efb1b56-6fbf-49d4-ba7f-909feb0b898b,PEDS,Paediatrics,118,1559
a39009df-d6f2-4642-8a52-0d84bd24d1af,3efb1b56-6fbf-49d4-ba7f-909feb0b898b,CARD,Cardiology,408,588
35fe1e39-5ddf-4d90-8dbd-9cd0575fa664,3efb1b56-6fbf-49d4-ba7f-909feb0b898b,NEURO,Neurology,186,1104
723dc949-75bc-4d63-bdb7-f5a90451784a,3efb1b56-6fbf-49d4-ba7f-909feb0b898b,ORTH,Orthopaedics,1572,1303
81f679e1-7ba8-4826-b9f3-b835fd8d97e0,3efb1b56-6fbf-49d4-ba7f-909feb0b898b,DERM,Dermatology,1653,1660
7871062d-e1a0-4d88-8e45-20eb490d945b,23ee16c7-d2bb-42e0-aee3-4f9ce3e9e2b6,GS,General Surgery,1718,265
e2d1569d-7f00-473c-893b-2736955abdc3,23ee16c7-d2bb-42e0-aee3-4f9ce3e9e2b6,OBG,Obstetrics & Gynaecology,969,1649
d0b7a803-5b5d-4616-84c7-9f3d33a12403,23ee16c7-d2bb-42e0-aee3-4f9ce3e9e2b6,ORTH,Orthopaedics,1513,1648
e1889a34-da3a-4c2f-94a8-7af4a2ad1007,23ee16c7-d2bb-42e0-aee3-4f9ce3e9e2b6,CARD,Cardiology,994,675
4a7b080e-ddb5-4351-8bb9-910559680b10,23ee16c7-d2bb-42e0-aee3-4f9ce3e9e2b6,URO,Urology,618,976
71f0e84d-dcf4-49b2-be60-907914713902,23ee16c7-d2bb-42e0-aee3-4f9ce3e9e2b6,ENT,ENT,413,1663
9b292e5f-b6b4-4c27-95fe-896c9f71b212,23ee16c7-d2bb-42e0-aee3-4f9ce3e9e2b6,ONCO,Oncology,1168,1322
50c697ae-898e-4bfb-8ded-456a0a072c37,eb2cc5e3-174a-44f9-9b61-bf7dbb550701,ENT,ENT,991,1625
7f4c0dde-63a8-47e9-8fd5-8e1b96534284,eb2cc5e3-174a-44f9-9b61-bf7dbb550701,OBG,Obstetrics & Gynaecology,1376,1526
4e58c1a1-d6a3-4231-b2bb-15b0204db267,652f43d6-de19-471a-aa92-bf89906ef03c,NEPHRO,Nephrology,1015,668
da4f7c86-aa4b-4a91-81ea-39b35ea8bef8,652f43d6-de19-471a-aa92-bf89906ef03c,ORTH,Orthopaedics,1894,1251
8f14e17d-542e-418f-9b89-04e9fdccbbc3,0be6a73e-7fdf-43f1-918d-d73356870c23,PSYCH,Psychiatry,743,1723
89a04b50-5fa8-4f3b-b1ed-93eca01328f8,0be6a73e-7fdf-43f1-918d-d73356870c23,NEPHRO,Nephrology,276,250
46de8ef0-d77a-4994-9498-8c91580d084f,0be6a73e-7fdf-43f1-918d-d73356870c23,OBG,Obstetrics & Gynaecology,1576,1742
7ba9e6e7-39dc-4225-8e6e-995424eb02ad,96a65710-3273-498b-97c7-fa3615b7aaac,OPTH,Ophthalmology,353,1359
842f5631-7dbb-4a08-a323-d0ba3c24ebdf,96a65710-3273-498b-97c7-fa3615b7aaac,OBG,Obstetrics & Gynaecology,190,54
ddccac93-b9f6-4525-a68c-397e11a2c3af,927da465-917a-4740-a92b-683e25a2aa74,PEDS,Paediatrics,594,232
e2c09b2c-fbbf-4827-9ebf-76eda2961680,927da465-917a-4740-a92b-683e25a2aa74,ORTH,Orthopaedics,1696,445
d9d3777a-e539-41ac-8393-3320f142a24c,927da465-917a-4740-a92b-683e25a2aa74,NEURO,Neurology,892,595
6f121826-1a8d-4a8e-bf4d-fce477d36d65,927da465-917a-4740-a92b-683e25a2aa74,GS,General Surgery,1898,1585
6727bcf6-24ae-4206-80eb-8c4209029e7a,6fd6afb1-c990-4fb6-a3dd-c67e7a81926d,NEURO,Neurology,1735,1069
35e0ecb9-8a28-4689-b503-b30845fbe213,6fd6afb1-c990-4fb6-a3dd-c67e7a81926d,NEPHRO,Nephrology,201,298
a43f4706-8284-4d6e-aa62-701eb23ffde4,6fd6afb1-c990-4fb6-a3dd-c67e7a81926d,OPTH,Ophthalmology,1742,1312
2f0ab87f-f4dd-4923-acae-e64ac7f96b05,6fd6afb1-c990-4fb6-a3dd-c67e7a81926d,GS,General Surgery,357,133
0901440d-df68-44e5-99f3-8811f7fdf7e5,6fd6afb1-c990-4fb6-a3dd-c67e7a81926d,OBG,Obstetrics & Gynaecology,1573,472
23966555-1e0a-4726-8275-4aa2f0c2e65e,6fd6afb1-c990-4fb6-a3dd-c67e7a81926d,MED,General Medicine,794,327
4db4a410-8caa-4aa7-ae2d-bef9fab99292,46cd8169-1b4a-4fe2-b419-6c34bba1f11a,CARD,Cardiology,1252,980
030f4933-b773-41c3-97e8-d78704adf4ed,46cd8169-1b4a-4fe2-b419-6c34bba1f11a,NEURO,Neurology,841,1211
bce38746-fa84-41f4-8532-07d79a9408e1,46cd8169-1b4a-4fe2-b419-6c34bba1f11a,URO,Urology,1176,175
080455b1-09cb-4654-a406-570a25179c46,46cd8169-1b4a-4fe2-b419-6c34bba1f11a,MED,General Medicine,1911,1696
111f48d8-6f58-4918-b74d-198e5b67d618,46cd8169-1b4a-4fe2-b419-6c34bba1f11a,OBG,Obstetrics & Gynaecology,1007,1342
3995d440-06a5-4f75-a1d8-fbd60e942ee9,ddf4e038-eee1-4aad-bf3c-340501d42a3b,OBG,Obstetrics & Gynaecology,534,1292
e6d5c471-bbe6-4ed7-b176-1b1cc29ee044,ddf4e038-eee1-4aad-bf3c-340501d42a3b,MED,General Medicine,369,857
62ec4cf6-751f-4041-8a1d-cddb2cc224a4,ddf4e038-eee1-4aad-bf3c-340501d42a3b,BURNS,Burns & Plastic Surgery,837,1620
b52f47b5-1180-4592-9aa4-dfea4e9ec44d,6026e193-5b9a-42fd-a78f-91ab822c513d,GS,General Surgery,1820,104
075ef92e-12ff-4cfb-ac5e-112b6063ac18,6026e193-5b9a-42fd-a78f-91ab822c513d,OBG,Obstetrics & Gynaecology,541,210
b761282b-e3ce-4e9e-8e8d-5fbbdb61670c,6026e193-5b9a-42fd-a78f-91ab822c513d,ORTH,Orthopaedics,1397,443
f5c4d52b-3c59-46e0-8a2a-cb6c7c40fbfa,07a052b6-d2b1-4437-860e-65dde31e467e,MED,General Medicine,1105,134
fc3a5164-1314-4952-9b49-b67254e7e15b,07a052b6-d2b1-4437-860e-65dde31e467e,NEPHRO,Nephrology,1789,1437
82844d45-fe03-41f8-9b54-e2188616254a,07a052b6-d2b1-4437-860e-65dde31e467e,ONCO,Oncology,1028,786
1ff05544-086e-4260-8ae9-d2d3607a4cf8,5c727695-ed4c-4f29-b909-7d1af1979889,PEDS,Paediatrics,1574,1249
4c6872bf-c165-4401-a26e-0925a7270674,5c727695-ed4c-4f29-b909-7d1af1979889,OBG,Obstetrics & Gynaecology,74,1538
0b01cb9c-92b3-4a25-aac3-504ddc7b8c2e,5c727695-ed4c-4f29-b909-7d1af1979889,MED,General Medicine,1176,1458
8a996f3a-87fd-4584-9b2d-1f5e28f8b8d6,47125a51-149b-47ee-9cbf-ae6720705295,GS,General Surgery,1681,1676
05791358-87f7-455c-9a9b-b435a495b13e,47125a51-149b-47ee-9cbf-ae6720705295,MED,General Medicine,697,526
5ca64655-5c5a-42ad-99e8-f43546d596d2,47125a51-149b-47ee-9cbf-ae6720705295,OBG,Obstetrics & Gynaecology,854,144
60e8363a-7d20-4339-b35d-5200f737b27b,47125a51-149b-47ee-9cbf-ae6720705295,PSYCH,Psychiatry,1826,1356
9ba818a9-c444-46ab-bcc9-90167828edae,47125a51-149b-47ee-9cbf-ae6720705295,CARD,Cardiology,166,461
f44954a4-b681-4f2a-82f7-34d163a0141b,8908553e-a57b-4755-81e4-7004f49e51f1,URO,Urology,411,813
680be543-f991-4039-b64e-59eeffb44271,8908553e-a57b-4755-81e4-7004f49e51f1,CARD,Cardiology,743,770
f0247369-1c6f-4760-b65f-429c68fe0342,8908553e-a57b-4755-81e4-7004f49e51f1,MED,General Medicine,1957,1308
586f5699-e82a-4a5a-9b64-dbe2959234e1,8908553e-a57b-4755-81e4-7004f49e51f1,OBG,Obstetrics & Gynaecology,680,615
bb16b2fb-2bd4-4b1b-9047-222a92f5152f,8a2d1075-4c99-4e9f-b320-50d5c4a91f4a,MED,General Medicine,898,450
b74e6c7e-c8f7-4e59-a288-cdfa3e1cff86,8a2d1075-4c99-4e9f-b320-50d5c4a91f4a,OBG,Obstetrics & Gynaecology,1150,1434
d5027597-28d9-432c-aac4-a5651931d7a5,8a2d1075-4c99-4e9f-b320-50d5c4a91f4a,GS,General Surgery,869,1573
f2460600-e20f-4534-b9cd-4b37b6f41f89,df5917a9-32ee-43e2-82ef-87eb5dd91e82,OBG,Obstetrics & Gynaecology,948,1578
ddeeb577-c5e9-4b5e-bce4-530202fea273,df5917a9-32ee-43e2-82ef-87eb5dd91e82,PEDS,Paediatrics,945,587
c6c4a01d-f5d1-49a4-aaa7-e624dc95e42b,df5917a9-32ee-43e2-82ef-87eb5dd91e82,GS,General Surgery,1074,888
07e57e30-b99d-4064-bd0b-36dab8467c5f,df5917a9-32ee-43e2-82ef-87eb5dd91e82,NEURO,Neurology,157,982
687bb7fb-0da7-4c1f-b0eb-6e1966be9ce5,2e6c7540-d36e-4602-9a66-c1c11e0c1a77,ENT,ENT,1222,717
7d49994d-b0fd-49e8-92c6-8a57dcbd12bb,2e6c7540-d36e-4602-9a66-c1c11e0c1a77,ORTH,Orthopaedics,1096,599
a6af1f74-549e-4011-9413-5f8109f936f2,2e6c7540-d36e-4602-9a66-c1c11e0c1a77,MED,General Medicine,903,1489
57f7f4fa-8180-45b2-a367-0356ff665328,2e6c7540-d36e-4602-9a66-c1c11e0c1a77,OBG,Obstetrics & Gynaecology,1593,786
27b4e652-e2a2-4c18-98bd-175a62a21302,b0e846eb-f1ac-4d53-8a36-7dfb7eedd2ab,OPTH,Ophthalmology,718,1449
868c885c-2971-48d2-8a0f-208163282428,b0e846eb-f1ac-4d53-8a36-7dfb7eedd2ab,MED,General Medicine,1650,1669
05d31ca3-953f-4c44-b3cb-c17d6bff4a33,b0e846eb-f1ac-4d53-8a36-7dfb7eedd2ab,OBG,Obstetrics & Gynaecology,1588,343
91d338e3-a713-4b36-9842-1e1228c60aa4,b0e846eb-f1ac-4d53-8a36-7dfb7eedd2ab,CARD,Cardiology,626,1640
7320b771-038d-4106-a166-72c6f8710a03,b0e846eb-f1ac-4d53-8a36-7dfb7eedd2ab,GS,General Surgery,471,1701
1338d08d-740f-4fd5-bb44-7873f0289dbf,6b5b9eb1-a8cb-4dcc-a3ed-c810f07feac5,URO,Urology,185,133
dc230630-54b4-41fa-a43a-65e2c9b5c6ec,6b5b9eb1-a8cb-4dcc-a3ed-c810f07feac5,CARD,Cardiology,596,1529
fecb66db-0521-45ab-a92d-92bea1442f0b,6b5b9eb1-a8cb-4dcc-a3ed-c810f07feac5,OBG,Obstetrics & Gynaecology,119,50
c7a2ecfb-da28-4285-af04-c6e2a0976c24,809ff073-96e2-4170-ac65-c8e1906d329f,PEDS,Paediatrics,826,565
cf3b23f1-d6e1-4fb5-8b48-eca17ed3b165,809ff073-96e2-4170-ac65-c8e1906d329f,OBG,Obstetrics & Gynaecology,813,231
9c5fd053-d905-49be-be11-f23cec414339,809ff073-96e2-4170-ac65-c8e1906d329f,NEPHRO,Nephrology,1900,1115
02dc8d2b-a385-4cdc-91ed-7b7dce70b585,c07802b7-0e29-4a50-bb6c-404c4becd9f4,URO,Urology,1507,48
bebcb442-c98f-470a-9820-a045bf106b17,c07802b7-0e29-4a50-bb6c-404c4becd9f4,OBG,Obstetrics & Gynaecology,1577,1099
cc59eab0-6b2a-4cff-b07b-743fe46731bf,c07802b7-0e29-4a50-bb6c-404c4becd9f4,GS,General Surgery,1384,222
1b68ed62-73a0-476e-851c-15b8f9b01223,8c28e7b6-bbce-4f3e-b496-0b5d11471805,OBG,Obstetrics & Gynaecology,1076,1259
2f35ab38-adcc-41fc-ae7f-fd0899e67867,8c28e7b6-bbce-4f3e-b496-0b5d11471805,MED,General Medicine,1026,1155
d33a6423-b4a7-43a4-822d-988cf42de18f,8c28e7b6-bbce-4f3e-b496-0b5d11471805,OPTH,Ophthalmology,1334,174
0d76bf87-e6ed-4ca3-aff4-e84400994020,3c9da9cb-ea34-42ec-a054-f09e6f21177a,OPTH,Ophthalmology,1049,566
b4f5be38-8572-4eb8-8fdc-8ebc1d101e8a,3c9da9cb-ea34-42ec-a054-f09e6f21177a,PEDS,Paediatrics,1542,1475
0aaec3f3-f7a2-42cc-9dc0-b3603ecf86d6,3c9da9cb-ea34-42ec-a054-f09e6f21177a,GS,General Surgery,1976,1524
5f34e9a7-4c1a-460d-abc0-311d4237e054,3c9da9cb-ea34-42ec-a054-f09e6f21177a,OBG,Obstetrics & Gynaecology,1792,1151
19911f21-83a7-45d2-b303-89b12aa87699,f459efc7-a94b-4fcd-a1b8-cfde96de1283,MED,General Medicine,499,1790
2a49c150-21f2-4b96-a4b1-6309682e8dfb,f459efc7-a94b-4fcd-a1b8-cfde96de1283,GS,General Surgery,1662,871
6f1ce6b2-d78b-4395-8dd2-57db619483ec,f459efc7-a94b-4fcd-a1b8-cfde96de1283,ENT,ENT,1976,684
49747e77-e980-446d-8815-1c5088dbc601,f459efc7-a94b-4fcd-a1b8-cfde96de1283,CARD,Cardiology,1254,190
e81bb61b-9d1f-4bf5-816f-b996ee846bfc,f459efc7-a94b-4fcd-a1b8-cfde96de1283,OBG,Obstetrics & Gynaecology,1992,655
9df37953-1d90-4893-8800-a08c6691316d,5cd21b7d-188f-4966-b23c-d377c153a291,MED,General Medicine,316,484
4e4f6964-a2c6-4baf-8aa5-15ed072649ef,5cd21b7d-188f-4966-b23c-d377c153a291,GS,General Surgery,576,1340
2141e7c2-090f-4811-94c6-e79a8ad9e698,add41731-c1ec-4042-ba9c-e962f7bdc5bf,OBG,Obstetrics & Gynaecology,1016,1729
7245ca56-84a1-459b-92ff-f5b33a5a0347,add41731-c1ec-4042-ba9c-e962f7bdc5bf,CARD,Cardiology,1396,1249
3ae74753-1a18-484c-8b79-cf87da5980e5,add41731-c1ec-4042-ba9c-e962f7bdc5bf,PEDS,Paediatrics,496,480
4feb7c65-b6f6-4010-a67c-a7ed3f454b4e,add41731-c1ec-4042-ba9c-e962f7bdc5bf,GS,General Surgery,149,245
13f29b29-8332-4d45-b9c9-159cf586c3dc,add41731-c1ec-4042-ba9c-e962f7bdc5bf,NEPHRO,Nephrology,573,458
000317c1-5721-48bb-a64d-f3cdbf2390cd,62e1ce57-4241-4364-92cb-7637c17b5c01,ORTH,Orthopaedics,320,1230
c60c24b3-4384-4384-80fc-d570d01d4d33,62e1ce57-4241-4364-92cb-7637c17b5c01,CARD,Cardiology,1109,1227
d64fbf28-1349-4107-9420-025918bd0130,62e1ce57-4241-4364-92cb-7637c17b5c01,URO,Urology,74,1486
18d6e210-8e68-404c-aea7-b12948bb72ae,62e1ce57-4241-4364-92cb-7637c17b5c01,ENT,ENT,958,855
39d772ce-1df0-4c34-9c84-a89aa979f2b1,6321512d-78a5-425f-8038-d29cd7a8473a,ORTH,Orthopaedics,75,508
bba8903a-4f0e-4516-9295-c291b1a92d51,6321512d-78a5-425f-8038-d29cd7a8473a,GS,General Surgery,1695,1351
30d4fa6f-9cfd-49d0-8dc2-590d6bb132ed,6321512d-78a5-425f-8038-d29cd7a8473a,OPTH,Ophthalmology,1218,417
19c1054a-8146-47ae-bb84-0ae9be2ed730,6321512d-78a5-425f-8038-d29cd7a8473a,MED,General Medicine,1945,1742
cd32d436-fa01-4427-a835-ac75ad23b2c6,f526b874-7f37-4702-9f00-e29cfcb4ab96,OPTH,Ophthalmology,702,1218
4e79ef47-9165-4024-92c6-22558682e666,f526b874-7f37-4702-9f00-e29cfcb4ab96,OBG,Obstetrics & Gynaecology,1432,281
80321906-6376-40d0-9b14-96b7c72e9b99,f526b874-7f37-4702-9f00-e29cfcb4ab96,NEURO,Neurology,1267,723
6959dfa2-16b4-4372-8a57-e4f74a79a5e7,8dd88ab8-586d-4275-9334-22ec58d9d619,OBG,Obstetrics & Gynaecology,1007,1714
64551e19-8054-4dc1-ae38-e0b8a82e9236,8dd88ab8-586d-4275-9334-22ec58d9d619,GS,General Surgery,1397,1655
bc0a6fe2-9022-4dd7-a636-27259de7a0a0,8dd88ab8-586d-4275-9334-22ec58d9d619,NEURO,Neurology,1853,1520
f4559c33-46e4-4f76-8572-866024644e78,8dd88ab8-586d-4275-9334-22ec58d9d619,URO,Urology,302,990
2c99534d-5a9b-4e14-bdef-7dc2b78da715,4d56d6b6-a141-4fc8-92df-d45f140de17f,URO,Urology,194,1526
42ae02c2-9d59-4914-8906-d54da9e085d4,4d56d6b6-a141-4fc8-92df-d45f140de17f,OBG,Obstetrics & Gynaecology,1754,923
d9455afb-e50a-4bee-a5a5-46533b02b28a,5280d74c-6d65-4538-abc9-bd70711ec5c2,MED,General Medicine,279,1267
6f37df60-fd2e-4d1c-875e-c84afd27923c,5280d74c-6d65-4538-abc9-bd70711ec5c2,ENT,ENT,697,968
8ea9fdae-e596-44f6-a193-befbe795852b,5280d74c-6d65-4538-abc9-bd70711ec5c2,DERM,Dermatology,1369,608
507047c6-7717-4f13-a09a-1144b35061d8,4f95535a-c061-42c5-847a-64846c9e8a33,OPTH,Ophthalmology,1046,1783
16a3cddd-e120-41f2-bf5e-09b7afc6403f,4f95535a-c061-42c5-847a-64846c9e8a33,GS,General Surgery,1662,64
7c70868c-5812-4e73-ab29-eaa66dce3195,4f95535a-c061-42c5-847a-64846c9e8a33,ORTH,Orthopaedics,1341,134
e7e54c13-1519-4c65-9490-71996d6e9292,4f95535a-c061-42c5-847a-64846c9e8a33,DERM,Dermatology,833,1329
5b0fa490-7041-472f-a703-ddd7a8159e1f,6ce061b1-33a7-4aa9-bdac-4dacbc2438c0,OBG,Obstetrics & Gynaecology,854,192
f604acdd-0b52-4fcc-a475-5082d4d49512,6ce061b1-33a7-4aa9-bdac-4dacbc2438c0,BURNS,Burns & Plastic Surgery,603,715
b09ce645-8f59-4770-a7a3-9b307b17c6e8,6ce061b1-33a7-4aa9-bdac-4dacbc2438c0,NEURO,Neurology,1437,1174
0604013d-f6f0-476e-b5f6-360c1cfaa5bc,6ce061b1-33a7-4aa9-bdac-4dacbc2438c0,URO,Urology,62,463
b6b5b50c-766c-49ea-aa73-d4132d887ef4,0aaa24cd-1bbb-43a7-9436-41404a94c435,PSYCH,Psychiatry,244,86
6686125f-6b30-4c2c-b787-5c813efa0525,0aaa24cd-1bbb-43a7-9436-41404a94c435,ORTH,Orthopaedics,331,1134
fb0f8f0b-54ce-4825-9244-6b1d109cd9c4,0aaa24cd-1bbb-43a7-9436-41404a94c435,OBG,Obstetrics & Gynaecology,1693,272
a8b2aaf8-9be8-4f63-93ba-bafe442fae63,0aaa24cd-1bbb-43a7-9436-41404a94c435,GS,General Surgery,660,512
648a411b-92a1-4989-807f-d06eba78f23a,7df6476c-36e5-4b7f-b491-d544b865d70c,OBG,Obstetrics & Gynaecology,493,834
5010c3a9-db04-4992-b892-9902fffd3d7b,7df6476c-36e5-4b7f-b491-d544b865d70c,ORTH,Orthopaedics,1476,1340
4572478b-b42a-4bdc-8255-900a303d2e4a,86558851-1882-453c-9ea1-67d2603900dc,GS,General Surgery,1789,480
fe56143c-9d63-4838-a816-07cd7e9febbc,86558851-1882-453c-9ea1-67d2603900dc,OBG,Obstetrics & Gynaecology,762,582
955b9dc4-fe65-4edd-84d5-8f6273380f6a,0b493dcd-55d3-4b54-b522-8dfccbf41872,DERM,Dermatology,692,1595
92d6cb63-208a-44b4-b83d-e243c7c152f8,0b493dcd-55d3-4b54-b522-8dfccbf41872,OBG,Obstetrics & Gynaecology,1372,1201
fbfa2fc2-7dd1-41ef-9487-4fb7e32b4051,0b493dcd-55d3-4b54-b522-8dfccbf41872,GS,General Surgery,888,259
f7447ba0-7af4-40fa-9d55-efdebd2439f3,0b493dcd-55d3-4b54-b522-8dfccbf41872,CARD,Cardiology,130,392
72ca18ff-0d2f-4195-9794-36b1402bc033,0b493dcd-55d3-4b54-b522-8dfccbf41872,ORTH,Orthopaedics,1122,929
fd4977aa-1930-4f99-9ef9-9505a01bb625,5a00f0f2-b63b-413a-80b4-85459ec37495,OBG,Obstetrics & Gynaecology,606,1161
da1c9933-924e-4a70-99d6-f6e1fa5ab385,5a00f0f2-b63b-413a-80b4-85459ec37495,GS,General Surgery,633,1645
4708501c-9f38-4339-a7f5-d7c2333f5669,5a00f0f2-b63b-413a-80b4-85459ec37495,DERM,Dermatology,586,1795
c26d240c-87ce-4b09-8c21-a3e910704ef4,b3e3bc01-458c-4c2c-84c6-f008c0086c48,GS,General Surgery,1481,1415
f5f9e26a-e45b-4874-905f-741466e68887,17ce9a4b-a046-4323-ac24-e42df9a0588d,OBG,Obstetrics & Gynaecology,387,1305
3e0c3af6-3169-4608-b9ef-ecb744decc96,17ce9a4b-a046-4323-ac24-e42df9a0588d,MED,General Medicine,898,948
2f197837-f362-49c1-80f1-80eabb026b43,17ce9a4b-a046-4323-ac24-e42df9a0588d,GS,General Surgery,1732,943
9c6c6f88-cf78-43f8-b8e2-51789c1a7af8,17ce9a4b-a046-4323-ac24-e42df9a0588d,ORTH,Orthopaedics,728,1306
5eea3bb2-77de-4456-a759-b9cc1f39fc32,7cb7d8d0-5a14-4534-ac0d-b0cdb0b4cee8,MED,General Medicine,455,738
2062cf1d-3d1c-4615-b945-e5a6823ec035,7cb7d8d0-5a14-4534-ac0d-b0cdb0b4cee8,ORTH,Orthopaedics,1461,1641
00c58723-872a-4ec0-9523-262d00e955be,7cb7d8d0-5a14-4534-ac0d-b0cdb0b4cee8,NEPHRO,Nephrology,223,901
4962bc3b-1de6-4f50-b666-225d9a54e76f,7cb7d8d0-5a14-4534-ac0d-b0cdb0b4cee8,DERM,Dermatology,1048,1778
53147b3a-b4e7-438f-b3d3-ab6b4a8fc45f,7cb7d8d0-5a14-4534-ac0d-b0cdb0b4cee8,PEDS,Paediatrics,437,944
0ff72544-f22c-40f9-9d16-42ab468656c0,b79eae79-6919-4ab6-9461-71469bffe8f0,OBG,Obstetrics & Gynaecology,1051,506
c0a893b1-a3ed-4470-a0d8-38f4ba366b73,3119e15b-f4c5-4a03-ab6e-7d7d3f74d54d,OBG,Obstetrics & Gynaecology,847,47
994fb17d-08ee-45b8-8491-363d69bf0322,3119e15b-f4c5-4a03-ab6e-7d7d3f74d54d,PSYCH,Psychiatry,333,1753
ce3b9f20-3dcb-4748-945e-3084e9804390,3119e15b-f4c5-4a03-ab6e-7d7d3f74d54d,PEDS,Paediatrics,290,1001
21aad729-f3bb-4bd9-abbc-f05a712cb277,3119e15b-f4c5-4a03-ab6e-7d7d3f74d54d,GS,General Surgery,304,716
5f2bed79-8067-48d9-82b8-3d57af65934d,7f9c4249-b2f5-4ace-a88b-cdfa28a441b4,ONCO,Oncology,1930,1628
1172a38c-b3ea-4090-b1ed-c1768948a522,7f9c4249-b2f5-4ace-a88b-cdfa28a441b4,OBG,Obstetrics & Gynaecology,786,457
af10e5c2-e4c5-4f88-af5f-556748d7881a,7f9c4249-b2f5-4ace-a88b-cdfa28a441b4,CARD,Cardiology,1452,439
a74696c0-eb56-492a-be23-3dd543d849de,7f9c4249-b2f5-4ace-a88b-cdfa28a441b4,GS,General Surgery,1005,996
5902bfec-d720-44d7-8134-d5152037e944,a320e738-29ac-4256-aadd-e2552664bcc8,OBG,Obstetrics & Gynaecology,1791,571
7e9656f7-254e-4ba2-bcd7-5add37b6e932,a320e738-29ac-4256-aadd-e2552664bcc8,OPTH,Ophthalmology,963,1034
add66f32-3349-4fbb-8583-df107c0cfe6a,a320e738-29ac-4256-aadd-e2552664bcc8,MED,General Medicine,1575,172
1edbc6a9-001f-4569-b855-27ba8e62fa13,53ead09c-f759-4df0-afba-406cc5f961b3,ORTH,Orthopaedics,250,1211
409d49ee-780e-41f7-9c61-1b3d98318094,53ead09c-f759-4df0-afba-406cc5f961b3,CARD,Cardiology,705,1410
4ee85784-16d3-45ce-972f-6f86c50c08f8,b1aeb9da-52c6-4616-991a-527d6a3eed4d,OBG,Obstetrics & Gynaecology,475,1578
226cce25-a44b-4a1a-8541-8b563d16f344,b1aeb9da-52c6-4616-991a-527d6a3eed4d,OPTH,Ophthalmology,834,1757
03aaf455-1798-4ae0-bc03-8fdf529485bc,b1aeb9da-52c6-4616-991a-527d6a3eed4d,GS,General Surgery,1235,1385
b7097931-3740-493c-97a4-239df08f1ae5,a54d6572-ec7c-4135-8180-cc668623d7fe,MED,General Medicine,1164,469
65f619b0-59e2-47fe-8a8a-83a72c5f0522,a54d6572-ec7c-4135-8180-cc668623d7fe,PSYCH,Psychiatry,197,1769
5f5e1389-ceb3-4e1d-bad2-8478f4729759,a54d6572-ec7c-4135-8180-cc668623d7fe,PEDS,Paediatrics,1782,473
588448d0-d605-4603-8257-9303377d09e6,a54d6572-ec7c-4135-8180-cc668623d7fe,CARD,Cardiology,494,1139
b43a7fa5-d604-4111-a3db-ad25041d43b6,a54d6572-ec7c-4135-8180-cc668623d7fe,ORTH,Orthopaedics,1036,604
0fb5a6d9-f573-4c84-bc55-08565bda76d8,65729bca-d04c-4300-b365-1b42386327e8,GS,General Surgery,1045,170
0bef9ba6-1a8e-4359-b2de-f65cd66239e1,65729bca-d04c-4300-b365-1b42386327e8,PEDS,Paediatrics,591,789
7bf8e1b3-51d4-400c-980d-b6a1e3e92725,65729bca-d04c-4300-b365-1b42386327e8,MED,General Medicine,288,1114
70ccee5f-e046-470b-a41c-7f7b20964e48,65729bca-d04c-4300-b365-1b42386327e8,CARD,Cardiology,604,1269
bc9d8154-1100-4fb6-82d4-0eb29415b588,bfa9e74b-32d6-48ce-be16-b19fc2bb025f,ORTH,Orthopaedics,1273,602
ca7d82b1-706d-4e2e-8085-3150dc4afc98,bfa9e74b-32d6-48ce-be16-b19fc2bb025f,CARD,Cardiology,1401,663
ab82f528-135f-4759-b776-5d7ab1c9e494,bfa9e74b-32d6-48ce-be16-b19fc2bb025f,PEDS,Paediatrics,127,976
a0e8276b-e7ee-47e7-9f1f-3d36ea7e777b,bfa9e74b-32d6-48ce-be16-b19fc2bb025f,ENT,ENT,1789,118
ff216201-1215-4bcc-b234-4575e47addbe,bfa9e74b-32d6-48ce-be16-b19fc2bb025f,BURNS,Burns & Plastic Surgery,313,1232
896713d1-c41a-4766-9686-70cdeff58e24,bfa9e74b-32d6-48ce-be16-b19fc2bb025f,GS,General Surgery,1603,1344
a15936cc-3308-46ec-8a05-3154d3438fcc,f9d49c0d-30a1-4fef-84ca-73db08a0d844,PEDS,Paediatrics,1601,91
01da58a1-f1e5-4bbf-826e-a399e5627a7f,f9d49c0d-30a1-4fef-84ca-73db08a0d844,OBG,Obstetrics & Gynaecology,949,1425
297e86b4-7c73-4b65-9362-00d4ee2352a4,f9d49c0d-30a1-4fef-84ca-73db08a0d844,MED,General Medicine,1823,1503
a50b10d6-ae54-47d2-a000-68ea6f8db4d6,f9d49c0d-30a1-4fef-84ca-73db08a0d844,NEURO,Neurology,1663,896
0a784859-5947-428f-a297-6c66aab6793c,f9d49c0d-30a1-4fef-84ca-73db08a0d844,GS,General Surgery,710,465
e761567d-225b-40ec-9a2c-72f4d1a7cb93,823975a1-876c-402d-9dd1-be395baf2ce5,PEDS,Paediatrics,644,1084
74c337e3-1c10-415d-a152-6a67c3933f4c,823975a1-876c-402d-9dd1-be395baf2ce5,CARD,Cardiology,703,481
6f745487-f494-4179-80a1-f518ddc3b6b7,823975a1-876c-402d-9dd1-be395baf2ce5,GS,General Surgery,1605,1218
c2617a57-0113-4e9b-8941-d74d1569ca27,823975a1-876c-402d-9dd1-be395baf2ce5,MED,General Medicine,1984,1584
661d5754-aa9c-47a7-8ece-02a50ee5c5b0,09446572-47bb-448a-be74-82f4a2a50d20,ONCO,Oncology,1039,1258
733259c3-0319-4e29-bb36-b344fb9e0f90,09446572-47bb-448a-be74-82f4a2a50d20,OBG,Obstetrics & Gynaecology,1087,342
9e82cb35-3010-42c2-87b0-6a4fb0e34720,09446572-47bb-448a-be74-82f4a2a50d20,MED,General Medicine,717,269
c76c740d-2348-4bfb-882e-7cc63e56a570,09446572-47bb-448a-be74-82f4a2a50d20,PSYCH,Psychiatry,254,1065
b89b63bd-4e34-423f-b50f-8f9d0eaf1e52,09446572-47bb-448a-be74-82f4a2a50d20,DERM,Dermatology,956,1296
0cb6b0ec-7619-4bb8-bce3-a851684574ba,4e1babf2-a4ee-4a12-8701-f213236daae5,OBG,Obstetrics & Gynaecology,195,851
fc58ca34-c759-411c-a50e-1977cfb658e9,4e1babf2-a4ee-4a12-8701-f213236daae5,GS,General Surgery,776,67
1b49d193-9c85-4adc-8129-92ca8527f2f3,4e1babf2-a4ee-4a12-8701-f213236daae5,OPTH,Ophthalmology,1389,75
384491eb-397a-45e5-9e3e-a8847d2432cb,4e1babf2-a4ee-4a12-8701-f213236daae5,ONCO,Oncology,1736,180
df0be0e2-e632-4696-8b0f-a2dbafe89d30,4e1babf2-a4ee-4a12-8701-f213236daae5,CARD,Cardiology,1962,102
e2ee1347-f2b3-4dcd-8fc0-3fd399979353,4e1babf2-a4ee-4a12-8701-f213236daae5,MED,General Medicine,1045,1061
e25dcc21-f703-46db-b81a-9018e5ca2cb0,451e702a-3890-467e-a7b6-f99915540ea2,GS,General Surgery,1211,1049
837988b4-c614-4bdf-b636-896e5070b2f3,451e702a-3890-467e-a7b6-f99915540ea2,OBG,Obstetrics & Gynaecology,1698,768
95f99d55-a8bf-4226-a00b-f777de59c189,ada15fd7-ebe9-4bd5-950b-8a6f5b0e031e,OBG,Obstetrics & Gynaecology,1544,1148
1f4e3a27-1ae6-48e7-986c-f7816f8a4d5f,ada15fd7-ebe9-4bd5-950b-8a6f5b0e031e,ORTH,Orthopaedics,459,1737
cc4b5d0f-b3ff-4ad7-adcf-852c8ab0fe4a,ada15fd7-ebe9-4bd5-950b-8a6f5b0e031e,NEURO,Neurology,1981,327
7fae85a4-4d69-469f-98ba-1ef4c96970e9,ada15fd7-ebe9-4bd5-950b-8a6f5b0e031e,ONCO,Oncology,685,1416
d9892c42-5093-4f76-8e31-e01ee5ebadf6,64332df1-0fd4-4153-950a-593efe09e1e1,ORTH,Orthopaedics,84,297
e71ba133-8cbe-490b-887c-fa8599462fb2,64332df1-0fd4-4153-950a-593efe09e1e1,OPTH,Ophthalmology,685,568
f5ec685d-afb9-422c-9250-11853a9ec06e,64332df1-0fd4-4153-950a-593efe09e1e1,CARD,Cardiology,1712,202
089a6932-ca1e-486f-a892-a6dad15aaf25,fba472da-6c1e-4f56-bdf6-d3c15e72872f,MED,General Medicine,937,1072
e9a02dff-4028-4f1b-865d-7415a194f61b,fba472da-6c1e-4f56-bdf6-d3c15e72872f,DERM,Dermatology,381,1300
5df17e4d-c99d-4709-b2d4-5ef7fd12d42b,3cd12cbf-cc19-45ec-ac8d-b2a68901a173,NEURO,Neurology,938,118
1a89ed59-6589-4af4-98cd-ccbc53f819f7,3cd12cbf-cc19-45ec-ac8d-b2a68901a173,GS,General Surgery,771,1587
2ed89555-1506-4bd4-acb0-7a58d89b86df,3cd12cbf-cc19-45ec-ac8d-b2a68901a173,OBG,Obstetrics & Gynaecology,1285,1233
98528582-90ed-47c0-9a84-d116c5a0fe34,3cd12cbf-cc19-45ec-ac8d-b2a68901a173,PEDS,Paediatrics,411,238
6b2b851c-727f-40eb-9038-815a2573902b,3cd12cbf-cc19-45ec-ac8d-b2a68901a173,MED,General Medicine,879,133
a106c69b-05e5-4238-b6c1-86bb0f673c48,9bbf9c2d-2037-4d42-9a7c-b6f4eb1e5c64,ONCO,Oncology,1221,981
abd38964-221f-4cfe-bf97-d5f88cce7fa1,9bbf9c2d-2037-4d42-9a7c-b6f4eb1e5c64,NEURO,Neurology,59,809
0ebba085-a433-409b-bbaf-7b11726e0beb,9bbf9c2d-2037-4d42-9a7c-b6f4eb1e5c64,ORTH,Orthopaedics,1208,1606
357f822f-a1f7-46e8-8005-fe335b55203a,aa5bacad-5830-42fe-80e5-d3dd9c2ed424,OPTH,Ophthalmology,1242,1645
73d2ef1e-b678-4235-972d-d77c078a5eaa,aa5bacad-5830-42fe-80e5-d3dd9c2ed424,CARD,Cardiology,393,473
2193a419-0fda-4aad-89b8-0ea6fcc44ff5,aa5bacad-5830-42fe-80e5-d3dd9c2ed424,OBG,Obstetrics & Gynaecology,1121,399
e598a64c-46ab-4aa4-867e-bbfad863a4f0,aa5bacad-5830-42fe-80e5-d3dd9c2ed424,MED,General Medicine,145,1692
9dcb152f-6af9-4639-ae02-5fa08b743b94,a35db00a-d1b5-4e90-9b52-5af75ce38efe,OPTH,Ophthalmology,1075,1173
c7ccd17a-f96b-4e8c-89cc-4a99a123590e,a35db00a-d1b5-4e90-9b52-5af75ce38efe,OBG,Obstetrics & Gynaecology,1869,822
b826ffd0-c7c3-4df3-9d65-e3fb8745daff,a35db00a-d1b5-4e90-9b52-5af75ce38efe,URO,Urology,1537,688
96856a66-7316-4cfb-b231-b506fdd58d14,a35db00a-d1b5-4e90-9b52-5af75ce38efe,GS,General Surgery,1437,203
73d9a50f-8cec-41cc-b258-a3b397e1e8c4,3195b4fa-9765-4e14-a6cb-ee9578600c2b,MED,General Medicine,1423,419
25c2b99e-ca56-4584-944f-d40747a413ca,3195b4fa-9765-4e14-a6cb-ee9578600c2b,OBG,Obstetrics & Gynaecology,649,1019
34b459af-cdd0-4aa3-9ab0-08c53d810a26,fbdc9d86-2ab9-4bc4-b67d-8d9445b85d85,NEURO,Neurology,671,1475
19ee6bad-c6e7-4c9b-975f-49fe69136b9d,fbdc9d86-2ab9-4bc4-b67d-8d9445b85d85,ORTH,Orthopaedics,1793,573
12faab38-4a92-46da-912f-100e2cbad364,fbdc9d86-2ab9-4bc4-b67d-8d9445b85d85,GS,General Surgery,285,1194
bd1a847a-6238-4509-a0e8-cf075400f72a,c921f284-89d0-414c-b884-0698cacb1ff4,GS,General Surgery,327,141
57f950c3-0d02-4e02-95be-e610450db86a,c921f284-89d0-414c-b884-0698cacb1ff4,CARD,Cardiology,1546,1783
515d53eb-8a29-47b4-9bf7-d3bba6206879,c921f284-89d0-414c-b884-0698cacb1ff4,URO,Urology,226,1724
9bff4ebb-133f-4923-82e8-7b4e31b84e9f,c921f284-89d0-414c-b884-0698cacb1ff4,ENT,ENT,1468,1244
79e7f088-1890-4d86-bf0d-0d63f72ed629,c921f284-89d0-414c-b884-0698cacb1ff4,OBG,Obstetrics & Gynaecology,1234,1245
a1ee3e97-7ead-4d5e-89bd-cd8c90318399,c921f284-89d0-414c-b884-0698cacb1ff4,NEURO,Neurology,689,310
31f29b20-e6db-4a34-a6ce-c8e9bf5e5895,150964f5-2918-4ad6-a93d-e43125ccb674,ORTH,Orthopaedics,735,1324
07794417-8ac0-41c9-be03-e718e5028e5d,150964f5-2918-4ad6-a93d-e43125ccb674,GS,General Surgery,935,1639
6aedb9b2-0e58-4cca-bfcb-32871a3bec0a,944b0add-7df4-4a7b-b9fb-8552b629c7ea,ONCO,Oncology,136,473
4d30891d-f7bb-434f-8d0a-2841c1460d06,944b0add-7df4-4a7b-b9fb-8552b629c7ea,CARD,Cardiology,782,253
4cfea744-3e35-455e-8311-bf4bad262a86,944b0add-7df4-4a7b-b9fb-8552b629c7ea,URO,Urology,711,537
07a1cb8a-cb69-440a-8cd8-6d9990113a56,604f77e0-867d-4f47-b005-035ccfe6eafe,OBG,Obstetrics & Gynaecology,1023,1645
a20cd1da-032d-4bf4-b35f-ef2ef5d96270,604f77e0-867d-4f47-b005-035ccfe6eafe,CARD,Cardiology,861,1112
5f92ca5b-799d-4f57-912c-1f82a7aac352,20de12a3-7dd8-442b-9626-29a6389fc66f,CARD,Cardiology,542,249
2b45cd6a-780b-465e-9074-655cca181318,20de12a3-7dd8-442b-9626-29a6389fc66f,OBG,Obstetrics & Gynaecology,108,1505
33ed1349-f6f8-4fdb-9a61-fd098cae07c7,20de12a3-7dd8-442b-9626-29a6389fc66f,URO,Urology,1674,872
802cad10-922d-482c-9f0b-398ab240f4bb,20de12a3-7dd8-442b-9626-29a6389fc66f,PEDS,Paediatrics,945,1256
177bd19f-986a-482d-818d-e6a110835431,20de12a3-7dd8-442b-9626-29a6389fc66f,ONCO,Oncology,1114,129
c79bfe3c-f8e8-4df2-ab8c-2c6080f2a409,91143462-8c05-49cb-ac2f-8cb088470310,OBG,Obstetrics & Gynaecology,1503,863
ccef9b90-0c4b-4f31-b207-a10722e51d62,91143462-8c05-49cb-ac2f-8cb088470310,PEDS,Paediatrics,512,1099
1c97a9d0-4fdd-4670-97af-767c67ed630f,91143462-8c05-49cb-ac2f-8cb088470310,GS,General Surgery,950,340
845c6243-a73f-45d7-bed4-b47d3e50bd61,91143462-8c05-49cb-ac2f-8cb088470310,ORTH,Orthopaedics,817,733
9974f4b0-a735-482a-9c42-ee36b68d1325,e76e2d70-bae7-4f52-ba4d-f8bf3ba50dde,CARD,Cardiology,471,1414
7a53952c-b856-4f9a-aee8-e6d58dde430d,e76e2d70-bae7-4f52-ba4d-f8bf3ba50dde,DERM,Dermatology,675,1330
aee07786-f862-4c62-b427-e441d367aebe,e76e2d70-bae7-4f52-ba4d-f8bf3ba50dde,GS,General Surgery,1196,1222
442d4e2a-97fc-4fe7-8396-29568e735e85,e76e2d70-bae7-4f52-ba4d-f8bf3ba50dde,MED,General Medicine,815,836
6679005d-05eb-46e8-b0bc-cbc2325c652a,e76e2d70-bae7-4f52-ba4d-f8bf3ba50dde,OBG,Obstetrics & Gynaecology,501,1089
a079befe-908d-4025-aee3-4d950c6412ae,6f7f05c1-29a4-4a3b-9f1d-8ce43825e456,OBG,Obstetrics & Gynaecology,94,108
4cce9a2b-8bea-4013-acff-590b18a5311f,6f7f05c1-29a4-4a3b-9f1d-8ce43825e456,PEDS,Paediatrics,1863,259
d1d1f0ff-eaf1-4cd7-b660-76020b0abcc7,1984f2c7-b8f9-409a-82f1-2e0eca512cb0,OBG,Obstetrics & Gynaecology,89,824
fb51e9b5-7069-4ea5-8103-17064c3f8086,1984f2c7-b8f9-409a-82f1-2e0eca512cb0,CARD,Cardiology,738,1378
97fe2f28-0c96-4273-a0fc-a2e2c43106e0,1984f2c7-b8f9-409a-82f1-2e0eca512cb0,NEURO,Neurology,186,326
fe403a8e-f5f5-4d6a-a21d-d3440d475831,dbbf8923-8a9c-4ff1-9dcb-cc4cddd986ab,OBG,Obstetrics & Gynaecology,217,1335
2136c8ed-bba3-4630-827b-6f7022de3d4f,dbbf8923-8a9c-4ff1-9dcb-cc4cddd986ab,MED,General Medicine,1184,1178
3783f7df-2a1e-492c-a354-9180a062173f,49db68b9-3223-46a9-8bd3-1d8f7674eaa5,OBG,Obstetrics & Gynaecology,725,321
d85d4270-2541-476b-8683-7a4dba3ffca5,49db68b9-3223-46a9-8bd3-1d8f7674eaa5,ORTH,Orthopaedics,686,802
e93884fc-7482-4a4e-908d-6f696feabd50,49db68b9-3223-46a9-8bd3-1d8f7674eaa5,ONCO,Oncology,1547,426
0407eafc-d227-40ae-84f8-9afa7a9e2a7e,49db68b9-3223-46a9-8bd3-1d8f7674eaa5,MED,General Medicine,851,1779
ee8d4ed2-361f-4180-82c2-c0755903c933,49db68b9-3223-46a9-8bd3-1d8f7674eaa5,CARD,Cardiology,1593,65
6981e48b-5993-46b1-9e63-7ad78106cd8b,82d1e6ad-438a-4a16-8ecc-e03e8526342c,OBG,Obstetrics & Gynaecology,1904,223
99cea7de-8ea4-4c9d-baa6-b43372b4cf22,82d1e6ad-438a-4a16-8ecc-e03e8526342c,OPTH,Ophthalmology,1172,1209
e7aab483-2355-450d-90aa-ff47f2a3cb34,e2a93f01-18b0-45e6-b874-423881ce819e,OBG,Obstetrics & Gynaecology,848,1396
0262f185-fc0c-4825-b2a3-1c1337cfcce7,e2a93f01-18b0-45e6-b874-423881ce819e,ORTH,Orthopaedics,1414,1210
e682d934-cdd2-4f4f-9c9e-58b3abffd05a,c2e2a4f7-dd0c-4b9d-b9ef-cfa2d6f71875,MED,General Medicine,912,231
270749a4-bf29-4131-bb2f-d56d07cdf6b3,c2e2a4f7-dd0c-4b9d-b9ef-cfa2d6f71875,GS,General Surgery,98,522
f44609b2-ff8f-4935-b3c5-3ddc4c4dd0ef,c2e2a4f7-dd0c-4b9d-b9ef-cfa2d6f71875,OBG,Obstetrics & Gynaecology,135,708
56dab632-30b6-4344-bdb8-40514e4c79c3,c2e2a4f7-dd0c-4b9d-b9ef-cfa2d6f71875,ORTH,Orthopaedics,853,172
8f370cc4-7c2f-4de7-93ee-7f487c907f00,37f8d188-6fb6-403e-bdc9-409b6a860db1,OBG,Obstetrics & Gynaecology,1612,492
5669d8c3-01e1-4dd0-9491-f3f5336bb9ee,37f8d188-6fb6-403e-bdc9-409b6a860db1,ORTH,Orthopaedics,1123,1091
8a273370-5467-4b60-982f-021045c031bd,37f8d188-6fb6-403e-bdc9-409b6a860db1,NEURO,Neurology,1589,560
1f7b09a1-579f-4f8e-93e5-f97e5a44ab96,37f8d188-6fb6-403e-bdc9-409b6a860db1,ONCO,Oncology,1524,1105
c7729ecd-734e-400e-bf59-d219e75c601b,37f8d188-6fb6-403e-bdc9-409b6a860db1,GS,General Surgery,830,1493
599e4211-fa5a-47e6-b58d-e1b90fbfb310,37f8d188-6fb6-403e-bdc9-409b6a860db1,CARD,Cardiology,1240,848
99640eae-8e92-4379-b2ba-dfc6f90c3ced,f754a303-30fa-4752-8aa1-7bf5d8e745df,MED,General Medicine,175,209
db59ca83-a55c-4674-806a-845252c2b84d,f754a303-30fa-4752-8aa1-7bf5d8e745df,GS,General Surgery,1795,799
c9b79404-7b42-405d-82fa-32de5ef72826,f754a303-30fa-4752-8aa1-7bf5d8e745df,OPTH,Ophthalmology,1592,1420
41046a51-fb96-47e2-b2b3-beced417a020,e552a21d-d3e8-4f48-b58f-a41bb6a0351c,NEURO,Neurology,1671,1618
9796e869-4409-4b77-b64c-04b20ac90f43,e552a21d-d3e8-4f48-b58f-a41bb6a0351c,BURNS,Burns & Plastic Surgery,304,541
a20d2f8f-296b-49e1-b649-6dfd941a95ae,e552a21d-d3e8-4f48-b58f-a41bb6a0351c,GS,General Surgery,433,530
4f26990d-5d75-4ff8-a4c3-c2ec9ba9f4db,d4291d82-6767-43db-add6-acdccea508e7,GS,General Surgery,1256,1600
173ca94b-e5aa-4e4f-987e-1f37ad71b2c9,d4291d82-6767-43db-add6-acdccea508e7,PEDS,Paediatrics,288,1499
98a75f4a-8bf6-4e55-ac27-1b7f745c2d42,ca12a5ce-276e-4c62-a9cb-5dea3878d2e3,URO,Urology,291,716
9598a9c3-422a-4161-b230-b5aeac0c88f9,ca12a5ce-276e-4c62-a9cb-5dea3878d2e3,OPTH,Ophthalmology,1813,593
dfb72ac0-c7c0-4e7a-a3ff-e2c4debfb6fd,ca12a5ce-276e-4c62-a9cb-5dea3878d2e3,GS,General Surgery,1553,1405
76041a19-7775-4740-9672-a5e3d2301371,ca12a5ce-276e-4c62-a9cb-5dea3878d2e3,NEURO,Neurology,230,1258
9e63234e-ad20-497c-a449-ffcb11181b86,420e4cba-1468-4bc7-b980-d35a71071515,GS,General Surgery,505,824
878a97fd-c7f1-46af-bfad-b49be50e94d3,420e4cba-1468-4bc7-b980-d35a71071515,NEURO,Neurology,381,1340
1c76d7f4-f11c-49e6-bbf3-05719757e838,420e4cba-1468-4bc7-b980-d35a71071515,ORTH,Orthopaedics,981,1709
68f268e4-f76e-4995-8d56-0330ba3f3259,420e4cba-1468-4bc7-b980-d35a71071515,NEPHRO,Nephrology,1525,720
a2c591ff-5b1b-4dd0-b568-2921da182478,2445f348-8d9f-449e-9d43-5672fe4f8930,GS,General Surgery,384,1660
fa81232d-6306-42c8-b550-d0b1f8f5de88,2445f348-8d9f-449e-9d43-5672fe4f8930,OBG,Obstetrics & Gynaecology,1735,551
050cde40-cd3e-497c-9d6d-f1513d7cb8a4,2445f348-8d9f-449e-9d43-5672fe4f8930,ORTH,Orthopaedics,532,1219
12e15a9d-9360-469d-8f30-c39b66ddd9a7,18eeee38-9b25-44e2-b392-d988c640078d,ORTH,Orthopaedics,373,651
1cdda354-1d05-4446-b6f4-ba8e0100b727,18eeee38-9b25-44e2-b392-d988c640078d,DERM,Dermatology,187,273
90bbb182-723d-4c32-87f8-5df2b8f11b24,18eeee38-9b25-44e2-b392-d988c640078d,ONCO,Oncology,1904,301
5f99e6c6-c8ca-4f1f-9a7a-87151ebab1dc,18eeee38-9b25-44e2-b392-d988c640078d,URO,Urology,1776,1632
1509f24c-3197-420c-ab7c-f349b122e0ec,2b855e3e-e7a1-4dbd-b1a9-6b9e49850376,PEDS,Paediatrics,886,1679
3de4b64e-db72-41dd-86b0-5accd335d923,2b855e3e-e7a1-4dbd-b1a9-6b9e49850376,ORTH,Orthopaedics,514,1758
c79ecd3c-ef0d-4e3f-82cd-873176eb5a2f,26eba5c0-c3c0-4d49-8580-d5487713c307,MED,General Medicine,1317,1392
aa1584ba-8a03-4bc8-8c3c-cfa88e0a5650,26eba5c0-c3c0-4d49-8580-d5487713c307,OBG,Obstetrics & Gynaecology,1960,838
ffb2dcd7-2918-4c4b-a91f-01472fd4c1bc,26eba5c0-c3c0-4d49-8580-d5487713c307,ORTH,Orthopaedics,297,1638
18e07f48-1a6b-4893-8dfc-062df65d5122,ed9b5ded-be2d-49a0-bbe7-c416eefbe753,OBG,Obstetrics & Gynaecology,854,1249
bd8bcacd-6986-478a-9322-28ed3ec401a5,ed9b5ded-be2d-49a0-bbe7-c416eefbe753,ENT,ENT,1438,185
a4b5ea0d-485a-47d2-bc0d-34605a927b5f,ed9b5ded-be2d-49a0-bbe7-c416eefbe753,NEPHRO,Nephrology,1552,1306
4ff3adc8-ea93-4339-8745-ca5d53846ecf,2eccdbdf-0bc5-4179-9e23-51eec32278fd,OBG,Obstetrics & Gynaecology,1936,1557
06cc80ef-d463-4cc0-9afc-eb4a8bb97f05,2eccdbdf-0bc5-4179-9e23-51eec32278fd,GS,General Surgery,740,66
d2f8cb4a-dbf1-447d-8c15-706ba4f77c9a,561c6756-7503-4a21-98e9-5329e3f9fb03,OBG,Obstetrics & Gynaecology,288,381
cca51af2-97b0-438d-bf9a-915be616387a,561c6756-7503-4a21-98e9-5329e3f9fb03,CARD,Cardiology,290,1036
67949a58-5f0f-4c21-add2-598253636500,561c6756-7503-4a21-98e9-5329e3f9fb03,NEURO,Neurology,1811,1504
f70375a0-be86-4c31-b29b-551fafec114b,561c6756-7503-4a21-98e9-5329e3f9fb03,ORTH,Orthopaedics,1950,1566
588c1807-6b18-476b-b118-905539242fbd,561c6756-7503-4a21-98e9-5329e3f9fb03,DERM,Dermatology,1958,943
2670f0b1-81b4-4970-b395-0ef21e0a9356,6db2e3d0-46ea-4f45-8fdb-d3992e7cb3c6,NEPHRO,Nephrology,1208,1113
756f1a9b-2d12-466e-af63-2dbd952dc2a0,6db2e3d0-46ea-4f45-8fdb-d3992e7cb3c6,GS,General Surgery,1559,919
524362ef-96ba-4d3f-896d-ec30e650957f,6db2e3d0-46ea-4f45-8fdb-d3992e7cb3c6,OPTH,Ophthalmology,797,663
5143a90d-7c08-4e10-a5e0-98e27b315458,ba53cc57-82f6-48ba-8036-2b938713af86,MED,General Medicine,851,978
0f983491-566f-4d5d-b9e1-135e10e93a78,ba53cc57-82f6-48ba-8036-2b938713af86,ORTH,Orthopaedics,1492,725
175ec7df-bc40-463e-bc3b-3e9256dda4f9,ba53cc57-82f6-48ba-8036-2b938713af86,OBG,Obstetrics & Gynaecology,455,1768
f3d3c9fd-d771-4e55-8ac2-2c8f53bf8b7a,05ad7939-0c4c-4eda-ad82-1f0e7d34b9dc,OBG,Obstetrics & Gynaecology,1522,1085
4d642385-6df2-428e-b855-d6e1a766f77e,05ad7939-0c4c-4eda-ad82-1f0e7d34b9dc,OPTH,Ophthalmology,441,1226
5847488b-cdaf-40ce-9894-105ed266dd4d,05ad7939-0c4c-4eda-ad82-1f0e7d34b9dc,CARD,Cardiology,1150,1384
9c8ef7c9-78df-4540-b9cd-ee081ea1780a,00f8442d-86d0-4541-9c00-058a2358230e,URO,Urology,1720,1090
a7c97a2b-d0d2-4275-b300-406fac749645,00f8442d-86d0-4541-9c00-058a2358230e,DERM,Dermatology,1190,1079
6db5e938-247c-4824-915f-6cba15e556a7,00f8442d-86d0-4541-9c00-058a2358230e,ORTH,Orthopaedics,1709,1600
ba5c455c-b3ab-4ac5-828d-be4d944a8ff7,496e204d-5705-48aa-a53d-97d1060242b0,OPTH,Ophthalmology,1021,103
84df507d-011c-4a52-b6be-4c1a6d358a6d,496e204d-5705-48aa-a53d-97d1060242b0,OBG,Obstetrics & Gynaecology,1769,100
e01c48ef-3a86-458d-bab1-d604280aa8e2,496e204d-5705-48aa-a53d-97d1060242b0,CARD,Cardiology,400,323
55bb7c6f-b72f-44b1-9e88-20b590f81fb4,496e204d-5705-48aa-a53d-97d1060242b0,MED,General Medicine,241,1317
0c14b7a3-4fb8-4fb8-b1f2-cf9070d1a218,496e204d-5705-48aa-a53d-97d1060242b0,ENT,ENT,336,1644
16e070c5-093b-4756-a903-e4286cd81b8f,5eb0fc61-eb72-4d50-9f5d-4c0353309b1e,MED,General Medicine,275,508
b012bdf8-6a92-45a6-b1e5-796f7f75ac4b,5eb0fc61-eb72-4d50-9f5d-4c0353309b1e,OBG,Obstetrics & Gynaecology,1424,415
4eab2dc1-b212-4697-911d-017f7720cb4c,5eb0fc61-eb72-4d50-9f5d-4c0353309b1e,URO,Urology,1677,189
b7b1ee43-ac8b-43b7-b0bb-f796c73de43d,0b3525a2-042d-44f3-b887-e0bc4805045b,GS,General Surgery,1034,237
a4b1bc08-98a2-485a-8124-9a78e18e16b3,0b3525a2-042d-44f3-b887-e0bc4805045b,URO,Urology,1154,1335
ab0c5995-ccaa-486a-84a3-ad37dfd8a99f,0b3525a2-042d-44f3-b887-e0bc4805045b,OBG,Obstetrics & Gynaecology,1361,1403
02125110-eef5-4e84-942d-311a9d73f2fc,0b3525a2-042d-44f3-b887-e0bc4805045b,ENT,ENT,1226,199
47a3aafd-07e3-40e6-a607-f24b8749384f,d5055393-65e4-45c4-b5ff-3ca4b7471a2f,OBG,Obstetrics & Gynaecology,537,1088
2e919489-72b8-4aae-a566-183c959cde45,d5055393-65e4-45c4-b5ff-3ca4b7471a2f,MED,General Medicine,586,1752
7f5f9e94-f947-4542-be7f-b7e903a41c57,d5055393-65e4-45c4-b5ff-3ca4b7471a2f,URO,Urology,1078,1534
24474c1b-ecb2-405b-93c3-8ad7cdf8b98a,c4b48c32-d14b-4c07-bd08-287151034193,URO,Urology,1547,173
c323abc2-8694-4200-a70f-ac9acf518c11,c4b48c32-d14b-4c07-bd08-287151034193,ORTH,Orthopaedics,1146,1213
74d67dac-5b2d-41ff-aa9a-b3bc243465ba,c4b48c32-d14b-4c07-bd08-287151034193,CARD,Cardiology,884,1678
e8eb8675-e86b-480b-a6f3-8781bbdadd1e,94bb3526-ed70-4e3a-a814-6323ad0d9e3a,ORTH,Orthopaedics,881,1424
e562dc21-df28-412d-a1c3-46d1f92cbcff,94bb3526-ed70-4e3a-a814-6323ad0d9e3a,NEPHRO,Nephrology,1960,649
c8c502a3-1edc-4e49-bf95-0a882d3ace48,94bb3526-ed70-4e3a-a814-6323ad0d9e3a,OBG,Obstetrics & Gynaecology,399,1203
b0f1b19d-6b76-43a6-bf5e-8e40d29802ad,94bb3526-ed70-4e3a-a814-6323ad0d9e3a,GS,General Surgery,744,943
88cac3ee-22eb-4ffe-8618-458d726fbd4d,5387ea1a-cb1f-4458-a8f5-bfabdc6e906b,OBG,Obstetrics & Gynaecology,472,106
d70cfb09-956b-42fc-9a25-f8f3b51627d8,5387ea1a-cb1f-4458-a8f5-bfabdc6e906b,ONCO,Oncology,1208,162
cd0633a1-fade-43d9-9350-c0eb8c55d7b1,5387ea1a-cb1f-4458-a8f5-bfabdc6e906b,GS,General Surgery,61,1156
e275c9d2-d441-408e-a72b-4d38b2d48d7f,5387ea1a-cb1f-4458-a8f5-bfabdc6e906b,MED,General Medicine,1331,627
079e075c-3a2e-4ba3-8499-ed5009892af7,6cd2a30c-4e21-4b8b-9a50-0534c6dfde5a,ENT,ENT,493,1321
ad07e016-1bd6-4674-bb88-ecb50dfffa12,6cd2a30c-4e21-4b8b-9a50-0534c6dfde5a,MED,General Medicine,1340,1138
ebf7d948-10d3-4dc8-aa76-c6d083e796ea,6cd2a30c-4e21-4b8b-9a50-0534c6dfde5a,OBG,Obstetrics & Gynaecology,1947,184
28b874f2-475a-47d6-a097-c5de097ee472,6cd2a30c-4e21-4b8b-9a50-0534c6dfde5a,OPTH,Ophthalmology,1327,1122
98848df9-eb06-485b-8338-5678ed8c83e2,eaa8a982-e287-46db-97da-0fcee066c814,ORTH,Orthopaedics,217,1427
857944d1-f2b8-4430-af4d-160f9bb6500e,eaa8a982-e287-46db-97da-0fcee066c814,OBG,Obstetrics & Gynaecology,1347,1796
9f7e172e-b943-4c0a-b3ce-7dbf430f25ea,eaa8a982-e287-46db-97da-0fcee066c814,OPTH,Ophthalmology,1466,361
45f5edba-6b5f-4aeb-b351-debfbc03144a,eaa8a982-e287-46db-97da-0fcee066c814,MED,General Medicine,1274,594
af31bec1-2ad7-4a5d-ac29-cf4b83330439,0484b4b0-be1a-47cf-af1f-988540649809,OBG,Obstetrics & Gynaecology,314,488
036a08c2-c368-460b-9173-c03edffb5cf9,0484b4b0-be1a-47cf-af1f-988540649809,ONCO,Oncology,519,190
0b8d68a8-1d02-49c5-b546-3afd1bb35cf6,0484b4b0-be1a-47cf-af1f-988540649809,NEURO,Neurology,1076,682
a2aadf37-89a4-4656-be8d-4ff795386a50,0484b4b0-be1a-47cf-af1f-988540649809,URO,Urology,289,86
39c0bfd9-b664-45fc-9cbf-2249e5988f02,0484b4b0-be1a-47cf-af1f-988540649809,GS,General Surgery,1283,750
709f3ccf-a3a0-4e4c-a9a4-7f013b44a46a,b61d1047-5de7-4eab-bd9b-2d1b23b44a57,ENT,ENT,496,295
b5dd2b85-ce68-4008-8012-26413f359103,b61d1047-5de7-4eab-bd9b-2d1b23b44a57,OBG,Obstetrics & Gynaecology,282,1594
3b9918ea-2765-412a-a469-385e3ae0a151,b61d1047-5de7-4eab-bd9b-2d1b23b44a57,URO,Urology,1804,674
82413726-a3cc-46d0-8a56-6940d3028123,b61d1047-5de7-4eab-bd9b-2d1b23b44a57,ORTH,Orthopaedics,471,1664
d60704fe-a0b6-489c-bf28-2cd23d0f31c4,9114cd94-bb73-4868-98e5-e7921839d79f,URO,Urology,617,499
fac040d1-7bd2-48af-b56f-1fb4ffb361e4,9114cd94-bb73-4868-98e5-e7921839d79f,OBG,Obstetrics & Gynaecology,110,1353
57383e44-0632-436e-9c6f-1fba08264386,89834b8c-a4e0-4700-8e5e-09ecc579955f,NEURO,Neurology,852,1055
ced20703-f8b7-4602-b888-04b068aac84a,89834b8c-a4e0-4700-8e5e-09ecc579955f,MED,General Medicine,217,589
fd41a469-0832-428e-9b27-c70d73b96097,89834b8c-a4e0-4700-8e5e-09ecc579955f,OBG,Obstetrics & Gynaecology,529,417
03bc4900-bf7f-406e-884c-297968f135b5,89834b8c-a4e0-4700-8e5e-09ecc579955f,GS,General Surgery,1652,864
e9b9f449-772c-4a7e-9d5d-4321b11dc26e,433f7571-593e-4b39-89c8-49115b68c702,NEPHRO,Nephrology,1373,1688
7c27dcea-29ad-4735-968b-ea236d7321fe,433f7571-593e-4b39-89c8-49115b68c702,GS,General Surgery,404,180
8f150813-f511-40e0-9a21-ed0dccef252a,433f7571-593e-4b39-89c8-49115b68c702,PEDS,Paediatrics,1722,993
0e13201c-8eb0-469b-9921-6ce2e7663a05,433f7571-593e-4b39-89c8-49115b68c702,DERM,Dermatology,1344,1223
cec738da-048b-48e7-a329-6722ab7392f4,433f7571-593e-4b39-89c8-49115b68c702,MED,General Medicine,180,251
152bdc71-c6eb-454a-ae87-e8225e3ac8a8,a1752c7c-7223-4e9e-bd32-3f670ed10ae4,CARD,Cardiology,1301,1085
962aab31-4e79-4ef7-bae0-1109674d1cfd,a1752c7c-7223-4e9e-bd32-3f670ed10ae4,ENT,ENT,578,840
7b5bca48-1c46-42ba-8737-d251f58b1b61,a1752c7c-7223-4e9e-bd32-3f670ed10ae4,OBG,Obstetrics & Gynaecology,1774,916
3d885499-1f0d-4bf7-bd31-3245ec0fdbaf,a1752c7c-7223-4e9e-bd32-3f670ed10ae4,URO,Urology,957,1717
35ad9217-2602-4f85-aaae-1547290f1531,de42d267-71ae-4a05-9d05-bd021a94ba07,OBG,Obstetrics & Gynaecology,728,754
43fb6df7-3291-4362-8ae5-feb44b316152,de42d267-71ae-4a05-9d05-bd021a94ba07,ORTH,Orthopaedics,1088,1744
0cdd1711-526b-4f12-b3a6-320039d6d939,de42d267-71ae-4a05-9d05-bd021a94ba07,NEURO,Neurology,1360,175
c0987e9c-c9d4-4829-9128-e2cd00300679,de42d267-71ae-4a05-9d05-bd021a94ba07,PEDS,Paediatrics,1807,1117
c56b0170-d02d-4b2a-ad68-e076acb35ff1,86f87c6b-bbc9-4d7c-a22f-b605d4655338,OBG,Obstetrics & Gynaecology,1094,1457
2bd36c9d-ca5d-40fc-830a-596d25c2f912,86f87c6b-bbc9-4d7c-a22f-b605d4655338,URO,Urology,1853,395
4287efab-e341-426e-b076-2309fa9094cc,86f87c6b-bbc9-4d7c-a22f-b605d4655338,ORTH,Orthopaedics,1827,723
bad0f93a-ebf3-4d58-8990-35409865a911,86f87c6b-bbc9-4d7c-a22f-b605d4655338,ONCO,Oncology,819,1702
5bd1d961-054c-463c-aff0-29ea5296f798,4e53eac0-1a87-48c6-a78e-cbd8142393f4,URO,Urology,318,67
2af7c6d4-1e9f-4608-ab4a-a2c692744b5b,4e53eac0-1a87-48c6-a78e-cbd8142393f4,ORTH,Orthopaedics,771,564
256481c1-a6eb-4b8f-bbb9-5b67c7f749b3,4579ce56-d734-4c9a-882d-5b50dc705204,URO,Urology,1823,769
38e8ef27-8d64-484e-ba9e-d9b86298db2b,4579ce56-d734-4c9a-882d-5b50dc705204,OBG,Obstetrics & Gynaecology,158,1410
86ca450b-c5bc-4f56-8a8f-816ac3c8dee7,4579ce56-d734-4c9a-882d-5b50dc705204,GS,General Surgery,482,611
16e942f2-ef48-4d20-91d2-46f91f572810,3234c76e-4303-4225-b839-9398cec4cdc7,CARD,Cardiology,453,808
ce7599c0-cf16-4fb1-9cc7-50fc2190b237,3234c76e-4303-4225-b839-9398cec4cdc7,ORTH,Orthopaedics,1401,1456
975ca6f0-2f01-478e-9aa5-f08f2f885bec,72926ebd-da37-49e2-ab3c-b839808859f6,OBG,Obstetrics & Gynaecology,1656,417
45b50c93-f13f-470b-8909-afc1539380e1,72926ebd-da37-49e2-ab3c-b839808859f6,NEURO,Neurology,1019,92
b7bb957c-8df7-4f4f-948c-06e20494b6ab,72926ebd-da37-49e2-ab3c-b839808859f6,URO,Urology,1053,786
77ec87e4-f325-43e7-a352-d0836d40a9ec,e760e769-6a81-4473-b54e-25d937a168e6,GS,General Surgery,300,614
963a7c5a-7b9f-4ce0-9dac-f27f64930a86,e760e769-6a81-4473-b54e-25d937a168e6,NEURO,Neurology,887,419
be6e37e1-6cf7-4e6d-b906-b080740abfcb,e2ff33c6-6b11-4a0e-9f82-74a0da350c86,URO,Urology,120,1452
b92d0117-e59f-4ba1-9d85-9ef86b7e5bee,e2ff33c6-6b11-4a0e-9f82-74a0da350c86,ORTH,Orthopaedics,767,1191
06d08f19-23db-4b37-95d4-42e03024c3ac,a8cf8709-3705-46ee-9b0b-5844ae8f8608,CARD,Cardiology,55,1632
14e75521-53c4-4a75-83d2-7347b3241e0c,a8cf8709-3705-46ee-9b0b-5844ae8f8608,OBG,Obstetrics & Gynaecology,1657,701
e8be644b-7186-4d41-ac8d-d4bf147b7e4d,a8cf8709-3705-46ee-9b0b-5844ae8f8608,ORTH,Orthopaedics,614,1388
1cbb13ed-3c2a-46c8-9178-235c11ba2df5,04a9b909-4b22-4fc6-98e2-683bc8c848f9,OBG,Obstetrics & Gynaecology,641,1745
84b84a98-420c-4fd1-9cea-d7fbacddfe54,04a9b909-4b22-4fc6-98e2-683bc8c848f9,PSYCH,Psychiatry,488,1410
42c350ef-d8a5-4807-9b1c-25e3c0dceba3,9f2f7283-1558-4ebe-84b5-2c48bf754ce3,ONCO,Oncology,1286,1432
c56b9a60-f524-452b-84a2-0ec6313d2833,9f2f7283-1558-4ebe-84b5-2c48bf754ce3,OPTH,Ophthalmology,157,1199
384c2d0f-f0e9-4040-9dca-c4c280192eee,9f2f7283-1558-4ebe-84b5-2c48bf754ce3,GS,General Surgery,888,888
87daa6ea-78c1-4589-9273-c21d108fc4a0,9f2f7283-1558-4ebe-84b5-2c48bf754ce3,BURNS,Burns & Plastic Surgery,130,1279
6a04f4ae-7e8e-4d63-b4d6-658541385cde,9f2f7283-1558-4ebe-84b5-2c48bf754ce3,OBG,Obstetrics & Gynaecology,1430,1644
41f8438f-743c-4a1b-9868-486b0e37b4cf,5e61eaf4-4d9a-4bf5-ad2d-e905a8860727,ORTH,Orthopaedics,1113,875
ca469985-3814-4c38-be1f-d15dd7b94d1d,5e61eaf4-4d9a-4bf5-ad2d-e905a8860727,GS,General Surgery,346,159
903caceb-53a4-4251-a301-79cafda7e85a,5e61eaf4-4d9a-4bf5-ad2d-e905a8860727,PEDS,Paediatrics,590,1151
f84c1cfa-5515-4d2f-be89-d7562de605f2,5e61eaf4-4d9a-4bf5-ad2d-e905a8860727,OBG,Obstetrics & Gynaecology,90,172
560285fe-1e6e-4975-b62b-93ec39f2b2ae,5ddf7e87-91eb-4b43-9b6a-cee7be05af4b,CARD,Cardiology,236,1465
698030ac-657f-43a6-a315-d165b5dbf56c,5ddf7e87-91eb-4b43-9b6a-cee7be05af4b,URO,Urology,272,1134
3d20eeb1-5721-470b-b97b-2e1cd0cd58fe,183ddbc7-8a42-4100-b692-25b41d411a44,MED,General Medicine,145,838
a8bc5f1f-6abd-4d0e-bdeb-1952d4b91600,24411a34-0594-4ffa-bfda-178000be841c,NEURO,Neurology,322,1281
c3ecc4fa-5377-479a-ba7a-5205a6bf1093,24411a34-0594-4ffa-bfda-178000be841c,ORTH,Orthopaedics,612,1640
dde20755-0c7b-4f1c-8860-2475fe41394c,24411a34-0594-4ffa-bfda-178000be841c,OBG,Obstetrics & Gynaecology,612,419
6eae0dae-056b-4528-88da-1aad2f6e351a,71def1dc-e3a2-4d9f-b3b3-3a134ac38e5a,OBG,Obstetrics & Gynaecology,96,638
cc852184-6967-4c7e-9e4f-ff381418e5d9,71def1dc-e3a2-4d9f-b3b3-3a134ac38e5a,NEPHRO,Nephrology,1307,848
53cb57fe-b61a-411b-97f0-a300e030037e,71def1dc-e3a2-4d9f-b3b3-3a134ac38e5a,GS,General Surgery,349,1395
9983ae10-3191-48f3-b5ab-0eccadfe62d9,71def1dc-e3a2-4d9f-b3b3-3a134ac38e5a,PEDS,Paediatrics,1305,653
bccba682-41ac-44e5-be63-4106eb257dec,71def1dc-e3a2-4d9f-b3b3-3a134ac38e5a,ENT,ENT,500,1059
a1ba65f3-7140-49d6-a4b6-2fada8348288,fc2d21cc-7648-4ebf-9a20-d6c993088189,ENT,ENT,1626,1613
e3423654-d6eb-4c5e-9bb8-cd4a06719d2c,fc2d21cc-7648-4ebf-9a20-d6c993088189,MED,General Medicine,1428,511
d96133d4-5cd8-4d97-9d6b-0022229badf9,fc2d21cc-7648-4ebf-9a20-d6c993088189,BURNS,Burns & Plastic Surgery,1897,1612
ddd73575-e569-4fe7-85c3-a639a6c03f51,fc2d21cc-7648-4ebf-9a20-d6c993088189,URO,Urology,791,924
c358ae58-62ab-4b7e-9bda-e803406d34d8,842d46e3-3d55-4b31-b26b-b9801a0918a8,OBG,Obstetrics & Gynaecology,1798,874
d5b295e5-ef69-4407-a19f-67e07d1400d2,842d46e3-3d55-4b31-b26b-b9801a0918a8,URO,Urology,747,1572
454d4921-de09-4aca-bd82-767f03cb1078,842d46e3-3d55-4b31-b26b-b9801a0918a8,CARD,Cardiology,1946,551
8db882b1-9fda-429e-ab9f-186c08359f22,842d46e3-3d55-4b31-b26b-b9801a0918a8,GS,General Surgery,552,1250
e0a1a6d4-ccf4-4167-8854-a60deda54752,842d46e3-3d55-4b31-b26b-b9801a0918a8,OPTH,Ophthalmology,634,1398
8e559644-533e-4795-a871-65aff4702c81,842d46e3-3d55-4b31-b26b-b9801a0918a8,PEDS,Paediatrics,1732,845
f0f70a92-098b-4b76-8c53-0c8c4902dc08,889a8e3b-c080-4fd6-a51d-2a0f9a940daa,GS,General Surgery,340,1077
294130e5-1286-42c0-8c10-c395d7601e41,889a8e3b-c080-4fd6-a51d-2a0f9a940daa,OBG,Obstetrics & Gynaecology,1248,103
e91519be-1096-430d-a9c2-0398f8457a16,889a8e3b-c080-4fd6-a51d-2a0f9a940daa,MED,General Medicine,923,52
e1773372-935d-4c91-904d-305a61a6f448,889a8e3b-c080-4fd6-a51d-2a0f9a940daa,ORTH,Orthopaedics,1445,478
64bb33a5-154a-4d99-91ea-d6b7e6bac7a1,bdfff4f6-d719-42e0-a099-2bc29e5af732,DERM,Dermatology,762,270
676dbbe7-da38-4dcc-b09e-905dd25fff67,bdfff4f6-d719-42e0-a099-2bc29e5af732,ONCO,Oncology,1275,1208
7a96b475-f1e6-4f31-ad90-5b39bedb82ee,bdfff4f6-d719-42e0-a099-2bc29e5af732,OBG,Obstetrics & Gynaecology,1851,459
976f31bf-9d37-4802-9063-52dd43be8a75,2ec17cf7-15f7-4bc1-b24c-0fad95e318a1,GS,General Surgery,1763,236
d00460c9-ce7a-4c51-a225-aea9be894caf,2ec17cf7-15f7-4bc1-b24c-0fad95e318a1,ORTH,Orthopaedics,1615,486
0f7efee0-36b0-4a65-8bc1-0e28034142a0,2ec17cf7-15f7-4bc1-b24c-0fad95e318a1,OBG,Obstetrics & Gynaecology,866,1067
3ad22a38-e18f-4b69-83bf-dbb30b8df9fd,1cc54768-2d4a-4929-b71a-faadf9b03af5,GS,General Surgery,1023,76
691eb8cd-88da-4d3b-938e-13682866eedb,1cc54768-2d4a-4929-b71a-faadf9b03af5,URO,Urology,205,1798
4773a599-a569-4bc1-87c8-d314d8c9d2fd,7469f721-a5c5-442b-8175-ba3e661ee28a,OPTH,Ophthalmology,861,508
b9499293-9986-4b06-8207-bbf81b9db741,7469f721-a5c5-442b-8175-ba3e661ee28a,MED,General Medicine,153,1293
a0d01e74-2f81-460d-8982-f28024ff072a,07493c1c-2032-4f04-a8be-01d65e5d0a51,OBG,Obstetrics & Gynaecology,1247,778
68cac7f7-d405-4749-a6e6-09e06abb8df7,07493c1c-2032-4f04-a8be-01d65e5d0a51,GS,General Surgery,1579,903
c6533e21-b25c-471f-b1f7-b66867b4ac7d,07493c1c-2032-4f04-a8be-01d65e5d0a51,PEDS,Paediatrics,136,1543
03674b0b-8248-4318-972c-2937a9a8c09f,07493c1c-2032-4f04-a8be-01d65e5d0a51,OPTH,Ophthalmology,1767,1643
19a6cef1-cbdb-42b1-a59f-c6aed62cb9b2,07493c1c-2032-4f04-a8be-01d65e5d0a51,ENT,ENT,427,494
a5490cd5-b1bc-4023-bca3-4e42480877e7,758813dc-97a7-4005-8104-a90e216eacfc,ENT,ENT,597,1017
469ab0b0-a144-40f1-9c2f-5d69cacabd70,758813dc-97a7-4005-8104-a90e216eacfc,GS,General Surgery,541,645
4d390f70-5d63-4802-8819-9576250088a7,758813dc-97a7-4005-8104-a90e216eacfc,OPTH,Ophthalmology,475,124
5efbb5ae-0e02-4594-b13d-c02634a54f10,758813dc-97a7-4005-8104-a90e216eacfc,MED,General Medicine,377,1795
9c74b8ff-347e-4979-a669-14e5427a6b6c,758813dc-97a7-4005-8104-a90e216eacfc,PEDS,Paediatrics,502,66
6b49a271-f6a9-4f96-8cee-1fb8b7ca3e39,b67f38fc-b061-4476-b9df-fa4782aa80b5,OBG,Obstetrics & Gynaecology,1213,1262
7f3414e7-7cb5-48cf-8837-5ffc52677086,b67f38fc-b061-4476-b9df-fa4782aa80b5,PEDS,Paediatrics,1221,861
fe93bb48-3a8d-44ab-8249-6df97cd2046a,d69260e4-339a-4592-adcd-ab5e5fab0286,PEDS,Paediatrics,1122,1465
9eb9044f-6d79-4a39-9b2a-7a1f53f0ddf7,d69260e4-339a-4592-adcd-ab5e5fab0286,CARD,Cardiology,1612,1520
3f53d7f3-f00f-48c1-96de-ca7b78b67e43,01b1ac9a-b279-4287-b7c9-672a9f739faf,MED,General Medicine,609,183
1299328c-07f9-4042-8642-0e7f12a23b2d,01b1ac9a-b279-4287-b7c9-672a9f739faf,PSYCH,Psychiatry,1641,1438
218dc46d-a549-439c-8fe0-c9b90e948884,01b1ac9a-b279-4287-b7c9-672a9f739faf,GS,General Surgery,1789,436
69eb5c6b-9478-449c-8a23-75e394b98d6a,01b1ac9a-b279-4287-b7c9-672a9f739faf,NEURO,Neurology,1924,557
2055bc3b-506b-43c6-91fe-91b402633bca,01b1ac9a-b279-4287-b7c9-672a9f739faf,OBG,Obstetrics & Gynaecology,407,585
3d3356a9-7750-47ac-a220-20dab96515f5,2c47cf2f-06c6-439a-8bd4-b8057bc14e83,ORTH,Orthopaedics,504,611
19e61b11-e521-443f-9d52-9cec991a0b7a,2c47cf2f-06c6-439a-8bd4-b8057bc14e83,GS,General Surgery,938,529
6aca77fa-440c-425f-ab6c-5d20a3b2fb39,2c47cf2f-06c6-439a-8bd4-b8057bc14e83,OBG,Obstetrics & Gynaecology,1847,1318
87b1ff5e-a94b-4b0e-8a9e-87d1d94cfc86,2c47cf2f-06c6-439a-8bd4-b8057bc14e83,NEURO,Neurology,570,1249
c345e39d-0b31-4f80-bfcb-2566783e6a3d,3bfa5202-683d-4c96-b57e-d90f4e583b89,ORTH,Orthopaedics,813,208
ace38c5f-9b21-4c1d-935a-eb5623532732,3bfa5202-683d-4c96-b57e-d90f4e583b89,CARD,Cardiology,1515,95
f918d351-904b-4f3b-bf06-fac8efcb0137,3bfa5202-683d-4c96-b57e-d90f4e583b89,GS,General Surgery,377,1319
11627f23-fe41-4406-9375-9d3444007a22,7930b01e-fe60-4367-b07f-3ebc6726b6e3,OPTH,Ophthalmology,123,630
55a43832-390d-467d-ba02-9a7259af5783,7930b01e-fe60-4367-b07f-3ebc6726b6e3,PEDS,Paediatrics,1106,1268
63274ce9-d8fa-4038-ba00-4644e4f397ff,7930b01e-fe60-4367-b07f-3ebc6726b6e3,ORTH,Orthopaedics,604,1043
f71ac306-3ad3-40b9-be6b-f78600a9fef5,7930b01e-fe60-4367-b07f-3ebc6726b6e3,MED,General Medicine,1782,1417
eabf4433-532c-42dc-9285-0fd8e9be582b,ab7a702e-228b-4579-ae2a-65c150f833bf,ONCO,Oncology,404,323
e0a0915b-02c4-4862-b9ac-98b0d49747ac,ab7a702e-228b-4579-ae2a-65c150f833bf,OBG,Obstetrics & Gynaecology,904,323
3c4ac525-e5ba-43a1-92ff-26f1be76df14,ab7a702e-228b-4579-ae2a-65c150f833bf,NEURO,Neurology,1890,716
bfb91722-b75a-49b0-8b93-bb537bc3d746,ab7a702e-228b-4579-ae2a-65c150f833bf,CARD,Cardiology,78,939
b4da4415-64ef-4446-8135-f0ac5ecf6f45,4829e973-f82f-4764-b305-7e52cf548e68,MED,General Medicine,1079,49
d6770f47-cd78-4e81-9da2-33a75b334b2f,4829e973-f82f-4764-b305-7e52cf548e68,GS,General Surgery,1290,1009
4fc41b47-c186-49b5-8620-9cd5cee66d16,a8bca0d7-22da-4393-aa6e-c853ffe030e7,OPTH,Ophthalmology,980,1014
da8f1c19-00ac-4104-93df-a62a5255590f,a8bca0d7-22da-4393-aa6e-c853ffe030e7,OBG,Obstetrics & Gynaecology,378,1277
6ca7d368-8292-43a8-a27b-1de222e75b26,a8bca0d7-22da-4393-aa6e-c853ffe030e7,GS,General Surgery,234,1176
e7fd4b72-b909-4728-aa4a-1c991d70320d,a8bca0d7-22da-4393-aa6e-c853ffe030e7,URO,Urology,903,1496
ba2a18de-6a8e-4ad6-9168-b1ef1ffee74a,a8bca0d7-22da-4393-aa6e-c853ffe030e7,MED,General Medicine,382,1412
b34bb82c-1cf5-40e1-9583-13a0ca2ac0bc,a8bca0d7-22da-4393-aa6e-c853ffe030e7,DERM,Dermatology,1228,1245
921ef1d0-c05e-40bb-8780-e0a970d34524,20f10240-070c-42f6-a7aa-4152217b8794,PEDS,Paediatrics,1023,800
f4edb8d2-515e-456f-bbdc-17f4fb09ee54,20f10240-070c-42f6-a7aa-4152217b8794,MED,General Medicine,1942,904
bc149d83-6acb-48a8-84b5-e293acf57a56,20f10240-070c-42f6-a7aa-4152217b8794,OBG,Obstetrics & Gynaecology,1565,674
90558d12-32d5-4944-9e32-5f48fd0347bb,c0ac23d2-7ed2-48c4-be3c-67f131b622ea,CARD,Cardiology,401,759
c4c04067-f69a-4991-bebb-2a43ee7242cb,c0ac23d2-7ed2-48c4-be3c-67f131b622ea,OBG,Obstetrics & Gynaecology,374,1072
8fc28651-88fa-4ed0-9cd7-c6d1c4ccafac,c0ac23d2-7ed2-48c4-be3c-67f131b622ea,OPTH,Ophthalmology,961,1464
b3032fbd-72c0-463a-b1e1-f3612f0ae0a2,c0ac23d2-7ed2-48c4-be3c-67f131b622ea,ENT,ENT,566,1420
40b11f18-1c23-4004-afec-8a39b6c33d9a,14622dbc-3e07-4dfa-83e9-fee29cb49118,ORTH,Orthopaedics,116,1476
63dbd12a-fb2b-4857-9f7b-7db53e02fc3f,14622dbc-3e07-4dfa-83e9-fee29cb49118,PEDS,Paediatrics,1205,584
c514b234-0440-4a7e-aeec-a7e949986005,14622dbc-3e07-4dfa-83e9-fee29cb49118,MED,General Medicine,475,550
2e357dde-e7ed-45da-8e29-993abf1d749d,14622dbc-3e07-4dfa-83e9-fee29cb49118,URO,Urology,1016,1669
c5123c43-383a-4574-a6de-6d80b1830c60,14622dbc-3e07-4dfa-83e9-fee29cb49118,OPTH,Ophthalmology,1991,821
e35eb0e8-313a-431b-b75b-c5f83563d160,14622dbc-3e07-4dfa-83e9-fee29cb49118,GS,General Surgery,1643,1656
6a4660fb-60de-4a90-ab38-51689af2cdd8,7874e354-349f-4c7f-afe1-cd8abcbf9343,URO,Urology,710,1643
a406d3a3-265d-4706-8dd0-b553f1b2c70e,7874e354-349f-4c7f-afe1-cd8abcbf9343,PEDS,Paediatrics,528,1786
7a927efb-71d8-4705-88da-3415c9e3ffb5,415e594d-ec73-4fd4-b01a-0eae58bacad9,ORTH,Orthopaedics,1976,1019
fef1f2f6-f8e5-47f1-8d7b-5157d25376c8,415e594d-ec73-4fd4-b01a-0eae58bacad9,OBG,Obstetrics & Gynaecology,1318,860
f78fee40-f193-4492-914b-c044ab003fc5,8b5dde1e-f33c-4840-9ed7-e11c9ef89c2d,CARD,Cardiology,1121,404
2d43a230-d1be-47ed-9ee8-f1e740cd4030,8b5dde1e-f33c-4840-9ed7-e11c9ef89c2d,URO,Urology,331,644
681a6217-fb39-4ebd-9130-92a0b1942e3c,8b5dde1e-f33c-4840-9ed7-e11c9ef89c2d,OPTH,Ophthalmology,696,1716
ae85bd1b-17b3-4bad-9e08-6ef1c17260a2,8b5dde1e-f33c-4840-9ed7-e11c9ef89c2d,DERM,Dermatology,1002,611
92a49356-7c23-4eac-ab9f-58a25f6f4905,f7254784-38dd-420f-b5df-7b8d170d3452,GS,General Surgery,130,1242
e4a40574-b910-44ce-ad8d-6ab209849b93,f7254784-38dd-420f-b5df-7b8d170d3452,MED,General Medicine,589,422
f6667055-4f17-4959-a94b-cd6827df4397,f7254784-38dd-420f-b5df-7b8d170d3452,ORTH,Orthopaedics,1111,701
f25fba1a-84df-42cf-ac0f-497efab6d1f3,03980638-e27c-4ced-8df0-ecfead3b8496,GS,General Surgery,1385,1041
f67871a9-0f03-4e24-a880-64535e1864af,03980638-e27c-4ced-8df0-ecfead3b8496,OBG,Obstetrics & Gynaecology,792,368
f9f57063-8f1c-4c63-a0e4-847285eba19b,fe6b0548-b615-4c70-acb7-dbf0b2167390,ONCO,Oncology,1122,1214
ce1b126b-ef0a-4732-8844-9f6b962780ea,fe6b0548-b615-4c70-acb7-dbf0b2167390,CARD,Cardiology,1965,846
978a7b96-70e2-4d8d-91ad-a2596a40b091,fe6b0548-b615-4c70-acb7-dbf0b2167390,OBG,Obstetrics & Gynaecology,1549,551
64dc46dc-15f7-48ca-975e-7bb340b87e7d,fe6b0548-b615-4c70-acb7-dbf0b2167390,ORTH,Orthopaedics,1829,1414
514619aa-4045-4af1-9c4f-fd0ba6b8b041,85d41920-65fe-4bee-bc7b-77c3b478e92e,DERM,Dermatology,1407,1037
9ac396d5-f82a-4947-9206-5be076d62ea5,85d41920-65fe-4bee-bc7b-77c3b478e92e,ORTH,Orthopaedics,569,677
9dfa4369-2c43-4c17-8bb5-c5b86e0a8428,2bf50a3a-2318-4c54-ba0f-e5797d1825e9,GS,General Surgery,1289,1686
fcaccf3d-4a8c-485d-a342-4fa465bfee22,2bf50a3a-2318-4c54-ba0f-e5797d1825e9,OBG,Obstetrics & Gynaecology,1215,815
e57c0cef-93b4-4373-8851-dfdef089b9da,2bf50a3a-2318-4c54-ba0f-e5797d1825e9,MED,General Medicine,1151,307
2616be9f-e7d0-4f31-a22a-9ef05d28c8e6,2bf50a3a-2318-4c54-ba0f-e5797d1825e9,PEDS,Paediatrics,112,343
69cf3d86-9d2a-49fb-8928-e0629fac42c9,2bf50a3a-2318-4c54-ba0f-e5797d1825e9,ORTH,Orthopaedics,76,1793
797c4b99-2235-4b7f-bc81-15eceef2b6d0,55aec539-fde1-4ea1-8ae6-a6c140b652a3,OBG,Obstetrics & Gynaecology,1546,1507
a6b79684-e434-43e5-bb3d-700e8618a45b,55aec539-fde1-4ea1-8ae6-a6c140b652a3,MED,General Medicine,591,1256
1087de51-1997-4cf5-9574-37ce4ae5d5d7,55aec539-fde1-4ea1-8ae6-a6c140b652a3,OPTH,Ophthalmology,114,846
1c515160-5824-4f1b-9aa8-773a8b337b3d,55aec539-fde1-4ea1-8ae6-a6c140b652a3,ORTH,Orthopaedics,274,249
982cd7c4-b661-4244-a32a-3eceea818474,55aec539-fde1-4ea1-8ae6-a6c140b652a3,NEURO,Neurology,520,1168
ab8302e7-e439-4b93-a70b-c8fe0448b128,678a9d99-f865-4498-9cdc-2793d64799e1,OPTH,Ophthalmology,787,1295
a21f5678-f250-47f9-85dd-8b848c353494,678a9d99-f865-4498-9cdc-2793d64799e1,MED,General Medicine,288,1553
5f998dbf-4044-4b73-bcce-b8f758766936,678a9d99-f865-4498-9cdc-2793d64799e1,OBG,Obstetrics & Gynaecology,1820,1319
7a0793f2-c3b9-44cd-b72b-bd784e9e6992,60982dad-6a46-4042-8070-db1c1284ef78,MED,General Medicine,747,904
66635a4d-1a1b-4035-9c28-e6ef70d37da5,60982dad-6a46-4042-8070-db1c1284ef78,URO,Urology,891,1669
f41ddf47-e51a-4c83-a3a3-c8846153c234,369c4792-d860-46d9-9e91-928c88baf369,OPTH,Ophthalmology,1603,1345
c14ba3cd-7c53-4e59-a954-0c532ea95ec6,369c4792-d860-46d9-9e91-928c88baf369,OBG,Obstetrics & Gynaecology,395,55
e6717e85-76fd-4439-8701-b8865e8f35d1,369c4792-d860-46d9-9e91-928c88baf369,ONCO,Oncology,1027,800
915f2829-5004-4a0b-b40f-b87fbc5098a4,6e6ec9a2-31f0-4e47-96bd-7c837cf0470f,MED,General Medicine,461,600
2eecc3ae-e0f4-4b01-b878-711e91825077,6e6ec9a2-31f0-4e47-96bd-7c837cf0470f,PEDS,Paediatrics,1793,555
5833101f-6ea8-4335-9fd6-4a3aaa5383da,c16b7c0d-590b-4fb0-b2e7-3bb1c0f81008,DERM,Dermatology,572,329
3fc3e3cc-baf4-4a3e-b8cc-008418ca9dd4,c16b7c0d-590b-4fb0-b2e7-3bb1c0f81008,ORTH,Orthopaedics,1860,1757
d701f100-6d9f-4290-847d-01bef50fd1a1,c16b7c0d-590b-4fb0-b2e7-3bb1c0f81008,MED,General Medicine,1620,518
9a27a89b-edac-47cb-82b1-2315b05bec63,c16b7c0d-590b-4fb0-b2e7-3bb1c0f81008,URO,Urology,658,202
1a6e05ef-e857-4252-a3a8-f444f04c2f55,c16b7c0d-590b-4fb0-b2e7-3bb1c0f81008,ENT,ENT,1797,751
36668184-c7b0-416c-afe1-4c40f7814ade,c16b7c0d-590b-4fb0-b2e7-3bb1c0f81008,CARD,Cardiology,175,1161
689b7ff8-cb29-41f0-9049-daa58b7664a9,1ea8738a-f517-427e-8744-9c7bcab365f0,OPTH,Ophthalmology,430,1370
7660ef0f-9e30-4f49-9fc1-8dbac7f1d6e6,1ea8738a-f517-427e-8744-9c7bcab365f0,GS,General Surgery,99,1236
ef42a0b8-e5b2-448a-b606-e40f40674763,3ad4306b-33ba-495a-be38-434868832ac7,OBG,Obstetrics & Gynaecology,1124,1474
4f09d99e-74f9-477f-8dfb-17918a11a153,3ad4306b-33ba-495a-be38-434868832ac7,ORTH,Orthopaedics,103,1382
5b1731a3-9af4-4d57-afda-8acb14bda28f,3ad4306b-33ba-495a-be38-434868832ac7,GS,General Surgery,324,1482
3d177332-7cf1-4f24-9f48-18def8804965,3ad4306b-33ba-495a-be38-434868832ac7,NEURO,Neurology,706,1084
27c9900a-fed7-4feb-a2a2-dbc98a4326ce,0eddfa85-d109-42c8-8fb8-739048a7a330,ONCO,Oncology,1628,174
dc15195b-352b-4505-b744-88af862819ac,0eddfa85-d109-42c8-8fb8-739048a7a330,PSYCH,Psychiatry,1050,1094
3ca61e62-b91f-4d23-89f0-b8bfc934673d,0eddfa85-d109-42c8-8fb8-739048a7a330,GS,General Surgery,130,1085
2ab15ef5-b9b1-40e1-a061-e56ccc97ca61,0eddfa85-d109-42c8-8fb8-739048a7a330,ORTH,Orthopaedics,1774,265
2353a4b8-fcaa-4c4a-919c-d8d3fb52106d,0eddfa85-d109-42c8-8fb8-739048a7a330,OBG,Obstetrics & Gynaecology,1562,774
d14b0c8e-d843-41c6-9aa3-ac52666a26f4,0eddfa85-d109-42c8-8fb8-739048a7a330,PEDS,Paediatrics,1860,1234
5e1a188d-aad7-45a4-814b-fcf85acf1e3c,7f08db5a-758e-41ff-9702-28fa6d926ea2,PEDS,Paediatrics,1068,1216
dcb41d73-352e-4464-ae18-0e6b8236e9ab,7f08db5a-758e-41ff-9702-28fa6d926ea2,GS,General Surgery,1059,391
fc534c03-e555-4861-803e-167932f7d7c1,7f08db5a-758e-41ff-9702-28fa6d926ea2,ORTH,Orthopaedics,1637,1481
4d96f41c-79bd-4d7c-bf6d-ce0909d741e9,27056224-0cc0-4751-97e8-82aa00a12121,OPTH,Ophthalmology,1394,698
f5a6df0b-611c-42db-aca2-0fc1b78ba5e6,27056224-0cc0-4751-97e8-82aa00a12121,OBG,Obstetrics & Gynaecology,1872,1312
1f2cda2a-5f54-45d6-8820-461a879dde20,27056224-0cc0-4751-97e8-82aa00a12121,MED,General Medicine,1836,469
f55c22e9-c0f9-4b18-87b1-8046f0a30847,27056224-0cc0-4751-97e8-82aa00a12121,ENT,ENT,826,220
9bc7f020-0c78-4098-b922-b84778ff6195,b5f97da6-b51c-4684-ae37-09d8fc8ac3a5,GS,General Surgery,664,1263
5105c985-0316-4119-8d50-4d1a139dc125,b5f97da6-b51c-4684-ae37-09d8fc8ac3a5,OBG,Obstetrics & Gynaecology,1676,1672
ba1b7f25-7af9-43bc-9490-5abee9410736,b5f97da6-b51c-4684-ae37-09d8fc8ac3a5,OPTH,Ophthalmology,1914,1748
7cf3ffd2-76a2-441b-aae0-dcd03e6bce00,ba6ac79b-a4da-4811-a342-a7749e9b06d5,OBG,Obstetrics & Gynaecology,1776,427
4bd6740b-cf33-48bd-8273-0cc4fd70e399,ba6ac79b-a4da-4811-a342-a7749e9b06d5,OPTH,Ophthalmology,590,1638
144e3926-ed30-4f5c-a004-adfe4c1d88f5,37c2029e-65e3-4f0a-8c71-cb31a2f88e56,OBG,Obstetrics & Gynaecology,1629,1780
28be1c0a-1140-468c-a3fa-a4742b223d29,37c2029e-65e3-4f0a-8c71-cb31a2f88e56,ONCO,Oncology,1847,849
02a0e3fd-04f0-4ed4-a4d8-167dbcc2acd9,37c2029e-65e3-4f0a-8c71-cb31a2f88e56,GS,General Surgery,1582,1237
86195106-0449-48d9-857b-32fb968b3826,24a8ccd5-ac48-4d76-b7d1-46ad5da7d5a2,ORTH,Orthopaedics,1034,869
ce3a4987-ebdd-45a5-81a1-50655d5ce0c0,24a8ccd5-ac48-4d76-b7d1-46ad5da7d5a2,PEDS,Paediatrics,1773,300
baad73df-764b-4566-91a9-5ca14b7b73e2,24a8ccd5-ac48-4d76-b7d1-46ad5da7d5a2,OBG,Obstetrics & Gynaecology,652,1711
cffad0dd-815b-475c-b1c0-d62efc2d4bee,24a8ccd5-ac48-4d76-b7d1-46ad5da7d5a2,GS,General Surgery,497,255
78285a4e-9d4f-4bf7-aaab-a1dde5d51a7d,9c7f91cf-ca53-474b-8fa4-fa52c1f46601,CARD,Cardiology,1803,281
9ea586dc-3922-4b5e-a041-b408b68c3b31,9c7f91cf-ca53-474b-8fa4-fa52c1f46601,ENT,ENT,583,1208
5f8dec17-4c4b-45da-a7c1-07fe731b5829,9c7f91cf-ca53-474b-8fa4-fa52c1f46601,OBG,Obstetrics & Gynaecology,1575,711
30b00151-8053-480e-908e-6f8c0d347255,9c7f91cf-ca53-474b-8fa4-fa52c1f46601,GS,General Surgery,557,1379
93585f6b-408b-4895-ab6b-bab986093350,9c7f91cf-ca53-474b-8fa4-fa52c1f46601,MED,General Medicine,989,947
f6c576e2-4310-46da-8fa9-4ad1fb821527,9c7f91cf-ca53-474b-8fa4-fa52c1f46601,PSYCH,Psychiatry,548,1624
174ce490-e42d-43a5-a143-b20e7926c439,84cb3c64-3ecc-4541-b8e8-f057bdb261b5,MED,General Medicine,637,1542
f323ec54-3927-41e4-99e0-94bea9d4dac9,84cb3c64-3ecc-4541-b8e8-f057bdb261b5,ORTH,Orthopaedics,869,699
4da38bad-9a92-46b6-9ede-4a9f0df9546b,84cb3c64-3ecc-4541-b8e8-f057bdb261b5,PEDS,Paediatrics,738,1540
f68d850b-dd42-4cc8-b1b0-c3c6915f10b3,84cb3c64-3ecc-4541-b8e8-f057bdb261b5,URO,Urology,1566,1267
bdb8dc15-bc09-400f-81a0-db9a4d537a09,84cb3c64-3ecc-4541-b8e8-f057bdb261b5,CARD,Cardiology,725,624
7e030ded-bac3-4304-a02d-53cd58be4fcb,dd570872-afe8-481b-a77b-40b538abea65,GS,General Surgery,434,498
1e04b7e9-31bc-4236-98b2-5cc7daa0939d,dd570872-afe8-481b-a77b-40b538abea65,CARD,Cardiology,1764,1094
a6573de8-453e-4b7a-9722-a4e00367f34b,537c7ad0-ba00-4d6b-84f9-77004e5657af,GS,General Surgery,1564,1751
67781dbb-1da6-41ce-9f97-97e13832c025,537c7ad0-ba00-4d6b-84f9-77004e5657af,ORTH,Orthopaedics,607,1098
b62d83b8-431b-4d3d-b828-92a179aafa2a,af0c2126-411f-4ebf-a509-5b165c8e064d,ORTH,Orthopaedics,337,688
678430ac-b279-48a0-9bef-2cb139f59c2e,af0c2126-411f-4ebf-a509-5b165c8e064d,GS,General Surgery,1177,874
6cc78f36-0c46-4fb7-abb0-6074f9f37c5e,af0c2126-411f-4ebf-a509-5b165c8e064d,ENT,ENT,1131,408
7c2e55ca-562e-4a07-9b31-36fd63133b53,ab9584e4-0dd5-4187-a760-7dfa89cb6e08,ORTH,Orthopaedics,335,1045
2ef3fb48-9f63-4221-89ba-8eb2d837f30b,ab9584e4-0dd5-4187-a760-7dfa89cb6e08,OPTH,Ophthalmology,89,561
81ca90c8-ca55-4fd4-aca4-3c9acf7840d8,ab9584e4-0dd5-4187-a760-7dfa89cb6e08,OBG,Obstetrics & Gynaecology,1480,1165
e1154098-c038-4cd6-8fc4-75a01d6da13f,ab9584e4-0dd5-4187-a760-7dfa89cb6e08,ONCO,Oncology,220,712
c6fea4d1-d5f3-463a-8cb8-ef76261061d6,d9e9beab-32ba-47c7-b316-8c2019c2f0b6,OPTH,Ophthalmology,1264,1769
178ff591-80d0-488d-a837-6a0053391348,d9e9beab-32ba-47c7-b316-8c2019c2f0b6,ORTH,Orthopaedics,1702,788
aeb6159a-43d0-432d-9049-d2a3920812df,d9e9beab-32ba-47c7-b316-8c2019c2f0b6,ONCO,Oncology,67,343
25d11958-4d12-48fc-bfcd-ae562b066515,d9e9beab-32ba-47c7-b316-8c2019c2f0b6,GS,General Surgery,603,1427
e83a76f5-d820-4382-bb5f-26765eac169e,d9e9beab-32ba-47c7-b316-8c2019c2f0b6,MED,General Medicine,990,1120
65fdc00e-31c1-47cc-ae45-2071c354a93e,0c26b695-3200-4bf1-a4ae-9b9d48b07d79,PEDS,Paediatrics,1286,264
84a1c911-f889-4671-bde2-077a2bcca3f6,0c26b695-3200-4bf1-a4ae-9b9d48b07d79,ORTH,Orthopaedics,167,1445
20c2a7c7-7fbd-4016-b7fa-7eff3dbfb49c,35d13594-7d71-4af5-b9a4-593c846ee525,MED,General Medicine,1874,1589
c44d2b84-a248-40ed-9bd5-cd708b235fd9,35d13594-7d71-4af5-b9a4-593c846ee525,URO,Urology,80,1083
294db909-90bc-4278-b1a0-9d95d026de96,35d13594-7d71-4af5-b9a4-593c846ee525,OBG,Obstetrics & Gynaecology,1631,683
ac500cb3-91ba-4310-bbd1-3d03aee1a7fc,dac7e629-3879-4271-8080-e2d19d7abe61,URO,Urology,812,237
1305a85b-a5c8-40cf-8339-d194ec810ed0,dac7e629-3879-4271-8080-e2d19d7abe61,NEURO,Neurology,468,767
f08a9116-45ff-4ef5-8a5a-8d8ce0bb1de9,dac7e629-3879-4271-8080-e2d19d7abe61,OBG,Obstetrics & Gynaecology,323,775
01700a62-cf3d-46e8-9d39-afad271ea227,dac7e629-3879-4271-8080-e2d19d7abe61,GS,General Surgery,273,68
5957ca6d-f41b-43bf-a7d2-a6913c72abed,b0f66a2c-793a-4064-8e9b-af17984a259f,MED,General Medicine,1179,1310
60ab87e0-e200-43c0-a4a1-caacad6fdd09,b0f66a2c-793a-4064-8e9b-af17984a259f,PSYCH,Psychiatry,1790,1047
40077ac4-ac3f-45d3-be53-f77561142fa1,b0f66a2c-793a-4064-8e9b-af17984a259f,GS,General Surgery,608,990
0af83486-19c8-4561-aab6-01ee8266afde,b0f66a2c-793a-4064-8e9b-af17984a259f,OBG,Obstetrics & Gynaecology,947,195
2ac19d16-f097-4e81-a3e1-085e7c16a9cb,b0f66a2c-793a-4064-8e9b-af17984a259f,URO,Urology,496,1430
0c9c2905-9e6f-47b7-918c-87db276ebe02,f797271d-dc74-4cfe-b2d4-6f8490b5a758,OBG,Obstetrics & Gynaecology,1719,1174
0bf254cc-eefe-4fba-b254-b4de5240cb7d,f797271d-dc74-4cfe-b2d4-6f8490b5a758,ENT,ENT,522,609
53af8440-be2b-473c-b897-d11264f7cf70,f797271d-dc74-4cfe-b2d4-6f8490b5a758,URO,Urology,126,62
11e1fa7f-1e01-4075-836e-834f67d17f93,d3bcd033-d541-46a7-b8ec-8b8160691de0,MED,General Medicine,701,69
2ba85291-403d-4215-a7f2-2e833a1fc9f5,d3bcd033-d541-46a7-b8ec-8b8160691de0,GS,General Surgery,103,500
ab2fbc88-3393-482e-bf7e-8c66cdc38872,d3bcd033-d541-46a7-b8ec-8b8160691de0,OBG,Obstetrics & Gynaecology,479,630
cdd1121b-7088-4917-ac16-a9be8d92a21a,b342c6dc-22fb-44bd-b333-9db0f6d69463,OBG,Obstetrics & Gynaecology,304,805
ac799edd-1ad9-4533-b52e-38e8f4f6394b,b342c6dc-22fb-44bd-b333-9db0f6d69463,CARD,Cardiology,1694,1229
4a4c8e41-b873-4fea-8bc6-fdea9ebcd0d0,b342c6dc-22fb-44bd-b333-9db0f6d69463,OPTH,Ophthalmology,712,1204
6bcd4c9c-c652-42f9-b93f-40052026909f,b342c6dc-22fb-44bd-b333-9db0f6d69463,PEDS,Paediatrics,1752,207
f89e8ca3-0631-4017-9db8-278e28a68e3b,b342c6dc-22fb-44bd-b333-9db0f6d69463,ORTH,Orthopaedics,1245,335
efca8ab7-7c5b-44a8-a76e-9cb642bc5e5d,9643f308-b07f-45ab-8906-08a9e8b27e58,OBG,Obstetrics & Gynaecology,1523,67
f3fdaf51-8bcb-4351-83cb-fea7915ac105,9643f308-b07f-45ab-8906-08a9e8b27e58,URO,Urology,389,1123
508e5b17-66cf-49f9-b35d-a06986496ddb,c40bea65-5718-446f-ac83-17c68116b849,OBG,Obstetrics & Gynaecology,940,1079
f6b1ddc1-2161-492f-b2d8-7ed025f3b207,c40bea65-5718-446f-ac83-17c68116b849,PEDS,Paediatrics,1117,1509
b0f30f8c-2500-47ed-a21c-28ec8bd2b4a0,c40bea65-5718-446f-ac83-17c68116b849,URO,Urology,1126,176
38097c07-50da-455d-b7b1-1090ebe8d717,c40bea65-5718-446f-ac83-17c68116b849,GS,General Surgery,1680,1276
84dce57d-3895-4634-bd27-a5db1cb39d9e,0306bb9f-3644-4d8b-ab42-d532c54439c3,MED,General Medicine,1792,1186
96ce4ae7-aadc-460a-a109-af6c3b95c7fe,0306bb9f-3644-4d8b-ab42-d532c54439c3,OBG,Obstetrics & Gynaecology,1443,269
4415e9af-27c3-4df0-bb5e-026fd95789bb,826bb3c7-e3a4-46d7-a157-b370dc2e7ec0,OBG,Obstetrics & Gynaecology,1912,405
4c77bc53-ee6f-4341-9f82-53dfc943accf,1ab89dc0-9656-4e5d-be4c-cb4af81cb6ca,ORTH,Orthopaedics,1474,946
33cbe7a3-f0ef-4b28-9ec7-48cc6b74e662,1ab89dc0-9656-4e5d-be4c-cb4af81cb6ca,URO,Urology,1975,1107
540c0d4e-f8c3-410e-8b16-c96cac0c09a2,1ab89dc0-9656-4e5d-be4c-cb4af81cb6ca,OBG,Obstetrics & Gynaecology,1591,225
5bf4a134-fa2a-46b0-8c86-172269f5f0b1,95b396b3-a7b5-4ead-950a-344bb0e2e82d,OBG,Obstetrics & Gynaecology,211,748
441b7559-f62d-4a3a-a6cc-72838aece727,95b396b3-a7b5-4ead-950a-344bb0e2e82d,GS,General Surgery,1211,439
46f7c6a8-86c4-44e2-b8f6-2ef295858a1b,95b396b3-a7b5-4ead-950a-344bb0e2e82d,ORTH,Orthopaedics,341,1634
42c6f570-58bb-4906-831b-9af2b189fa2d,e82a7601-d470-48ca-9608-5019c046d880,URO,Urology,1414,477
fe7731f1-d64d-4615-a390-43ec85e6d2de,e82a7601-d470-48ca-9608-5019c046d880,CARD,Cardiology,1022,282
062a6da4-0b0b-44c7-91d4-3acdf1e8e769,e82a7601-d470-48ca-9608-5019c046d880,OBG,Obstetrics & Gynaecology,242,630
aa019554-14c5-4715-ad21-3024b700245c,e82a7601-d470-48ca-9608-5019c046d880,PEDS,Paediatrics,374,95
41432ba1-f508-4040-b001-d34e6cd61de8,e82a7601-d470-48ca-9608-5019c046d880,MED,General Medicine,528,1053
435d393c-1df0-4753-a352-9150b3b95b43,d2d71c15-213b-466d-89a0-cf8cd46262dd,GS,General Surgery,1442,1786
755a75b1-c961-46c7-9ac2-a6c9b16623b4,d2d71c15-213b-466d-89a0-cf8cd46262dd,MED,General Medicine,1443,601
6d2a8e62-9ebd-4e93-90cb-13580069d9f8,d2d71c15-213b-466d-89a0-cf8cd46262dd,ONCO,Oncology,779,896
37506b20-d3b2-407d-87c6-6aef9fbf8639,d2d71c15-213b-466d-89a0-cf8cd46262dd,ORTH,Orthopaedics,1046,821
6ae0fa9f-83fd-4862-a5c8-45a937a16a3b,d2d71c15-213b-466d-89a0-cf8cd46262dd,NEURO,Neurology,1109,343
423b75db-d777-4b38-87b1-0e9c4a6bf92d,553815e9-2e4c-4548-b1aa-384955efe102,CARD,Cardiology,1851,224
5bfc83a2-f707-4985-9326-4bc7f0aaafd7,553815e9-2e4c-4548-b1aa-384955efe102,GS,General Surgery,306,469
7541248e-1c36-411d-af12-62adb91949d4,553815e9-2e4c-4548-b1aa-384955efe102,MED,General Medicine,1525,294
138cfdcb-11ab-41fb-9956-ce0505384530,0fdb4a5d-7ce4-4089-8a48-4f60009d0228,ONCO,Oncology,79,1296
bf9b7124-2d56-4717-9b3a-ba9e567684af,0fdb4a5d-7ce4-4089-8a48-4f60009d0228,OBG,Obstetrics & Gynaecology,1717,489
88f5373c-e8c7-4ba3-b4d7-1b4b049a3402,1d3a19ae-1cbb-4be6-9eb5-c7fb27c37f56,URO,Urology,1938,1066
f0c144c9-d03a-44dc-bcce-5890b28a416d,1d3a19ae-1cbb-4be6-9eb5-c7fb27c37f56,CARD,Cardiology,365,1751
bbac7c15-a04e-4491-ad74-0aeda7df405f,1d3a19ae-1cbb-4be6-9eb5-c7fb27c37f56,OBG,Obstetrics & Gynaecology,402,985
be916f50-b3da-4767-9a3d-bcf3e7487651,1d3a19ae-1cbb-4be6-9eb5-c7fb27c37f56,GS,General Surgery,1847,986
f760123d-7f9c-42ff-83f3-9f09f52b0a78,89922aea-4531-4d7a-bd0f-f69598d210d9,ORTH,Orthopaedics,1625,1186
78cb564b-67aa-4b1d-bf2a-3cc57800aa6a,89922aea-4531-4d7a-bd0f-f69598d210d9,ENT,ENT,659,992
39589caf-a8b5-49c4-ab98-605291e06cf6,89922aea-4531-4d7a-bd0f-f69598d210d9,OPTH,Ophthalmology,768,200
19bf2b98-e407-4bd2-81a6-f6ae4082a87f,e2e727d4-9d94-4289-b802-c49ccd07eacf,MED,General Medicine,443,616
36cb2c47-0d1d-4b32-ae0f-f7fad5f540fc,e2e727d4-9d94-4289-b802-c49ccd07eacf,CARD,Cardiology,537,825
9b604e28-3dae-40fd-8b4d-22ad06b30911,eae81fbf-5d63-4f6c-8ac7-e57c3756f6ea,GS,General Surgery,1323,1006
14c39276-6714-4de5-99df-570a79fbf6be,eae81fbf-5d63-4f6c-8ac7-e57c3756f6ea,MED,General Medicine,1605,1171
34d506bc-60b9-4247-9504-ed3217be33a0,eae81fbf-5d63-4f6c-8ac7-e57c3756f6ea,NEURO,Neurology,1225,1019
c46a3179-604d-40d8-872f-6aed70a9134d,eae81fbf-5d63-4f6c-8ac7-e57c3756f6ea,PSYCH,Psychiatry,863,1102
10d6f742-a0ef-4724-80a1-7d353b48def0,c5111042-5405-4a6a-8a2e-af7fdcba722a,GS,General Surgery,1860,767
ca386351-6e9b-417e-bfee-38f01b8ba8e8,c5111042-5405-4a6a-8a2e-af7fdcba722a,OBG,Obstetrics & Gynaecology,1645,339
76950145-86e8-4802-94bd-3632f1864af9,d2bff3da-843f-4478-8e9f-63581ac43517,ORTH,Orthopaedics,1865,1544
1f7e0ef4-9891-47e9-ac6b-b390af6d61df,d2bff3da-843f-4478-8e9f-63581ac43517,GS,General Surgery,1442,1039
deb086af-3769-48b4-8a12-d16c7f5ac261,d2bff3da-843f-4478-8e9f-63581ac43517,OBG,Obstetrics & Gynaecology,1720,1760
97fbbe0f-a2a5-4067-94d2-90089914e4f9,d2bff3da-843f-4478-8e9f-63581ac43517,CARD,Cardiology,1531,1674
f5242064-821d-499d-bf40-442fcf573099,b021220d-d23d-482d-a75c-997064c3ae1a,OBG,Obstetrics & Gynaecology,1593,1391
cbe2f1b2-87e3-4577-9c3d-d1bec46846af,b021220d-d23d-482d-a75c-997064c3ae1a,OPTH,Ophthalmology,211,1672
a0437432-6ac0-4e07-adfd-a2bbba0d4435,b021220d-d23d-482d-a75c-997064c3ae1a,GS,General Surgery,1536,683
b0a24f67-bce8-4025-bc01-e9e0daa7df5d,b021220d-d23d-482d-a75c-997064c3ae1a,PEDS,Paediatrics,1327,814
68caaba6-8993-4b8a-a9a0-12de86d4f2b7,b021220d-d23d-482d-a75c-997064c3ae1a,MED,General Medicine,421,1559
7ae0c55c-fb37-48b7-be9f-c4fb8e647b23,e57023f4-4ae9-4610-8988-ef0aea4418a9,OBG,Obstetrics & Gynaecology,488,1178
033850db-5458-42bb-9800-697f62a0b0ba,e57023f4-4ae9-4610-8988-ef0aea4418a9,GS,General Surgery,610,502
36928398-682e-4b84-97a7-2174904a2aba,e57023f4-4ae9-4610-8988-ef0aea4418a9,MED,General Medicine,132,1210
08e8d455-55c8-4276-999c-c056a84391eb,e57023f4-4ae9-4610-8988-ef0aea4418a9,PEDS,Paediatrics,286,899
98039a9c-34cd-4e0e-9cd6-80cfc0411364,2562603a-f641-494b-9a83-8ed4199c35c2,OBG,Obstetrics & Gynaecology,1494,107
39f11590-0569-4623-aa3b-962b0bba5904,2562603a-f641-494b-9a83-8ed4199c35c2,NEURO,Neurology,1730,783
ff2791b6-9cbd-4c1a-9ce4-7d088b4dd7bb,490159cc-18a1-478d-932a-8aca001b6a7e,ONCO,Oncology,708,888
f24cd1bb-4ece-4e60-ae79-f8a506d65b4c,490159cc-18a1-478d-932a-8aca001b6a7e,OBG,Obstetrics & Gynaecology,1950,711
37b12f7f-e29e-49e1-9701-cc5d0f6f8eec,490159cc-18a1-478d-932a-8aca001b6a7e,ENT,ENT,1990,583
5a32c32a-c4bd-4a7f-8f6b-6b3e00c074fb,490159cc-18a1-478d-932a-8aca001b6a7e,MED,General Medicine,1504,506
8b4fccf8-5583-4ec4-983f-13d8710b7978,490159cc-18a1-478d-932a-8aca001b6a7e,BURNS,Burns & Plastic Surgery,1344,1262
85093556-6224-4c31-b184-27470b4fee88,490159cc-18a1-478d-932a-8aca001b6a7e,PEDS,Paediatrics,1846,917
8f39faf7-4adb-4dd7-8587-417a3c214dd0,44958a58-81df-434f-96f0-be6dfd69bf93,OBG,Obstetrics & Gynaecology,379,541
a5d7693e-c8e4-4b05-a3bc-b1efe1afd930,757a18c5-44c9-452a-9bcd-3e80d3a727c3,OBG,Obstetrics & Gynaecology,793,1560
3c3e7244-1943-4187-8a07-365e8c949c19,757a18c5-44c9-452a-9bcd-3e80d3a727c3,GS,General Surgery,1180,125
e036aba4-5e6e-4047-9af8-cee08602c022,757a18c5-44c9-452a-9bcd-3e80d3a727c3,ORTH,Orthopaedics,773,82
9dd5f772-5c14-480c-b56d-2c50268bdf92,ac3fb7ca-4212-4d8d-b52b-57c23a2b041d,OPTH,Ophthalmology,413,1667
b240d413-8c1e-47be-93b0-f5099e6d920e,ac3fb7ca-4212-4d8d-b52b-57c23a2b041d,DERM,Dermatology,268,1781
34bc836a-30fa-4ae1-8421-437d0a0fd62a,ac3fb7ca-4212-4d8d-b52b-57c23a2b041d,URO,Urology,1952,773
707209ce-ded2-463c-93b8-bffaad7ab5cc,4cafab4d-d68d-491e-8179-1cbedb8d964f,MED,General Medicine,665,681
eb96525c-c54d-4b7c-b9c8-9710f27b1d4c,4cafab4d-d68d-491e-8179-1cbedb8d964f,OBG,Obstetrics & Gynaecology,647,442
808810a8-65a6-4ddc-aacb-ad6b9e4e154c,4cafab4d-d68d-491e-8179-1cbedb8d964f,PEDS,Paediatrics,1575,136
22f98794-9c8c-4a7e-97f2-eec4c6c7ed2d,b1a01709-3640-4987-952c-c1da803e56e5,PSYCH,Psychiatry,765,960
3212e913-9de3-4764-9392-167892131068,b1a01709-3640-4987-952c-c1da803e56e5,URO,Urology,1875,460
87a0f25d-37fa-4344-8bd2-06cbe206e6d4,b1a01709-3640-4987-952c-c1da803e56e5,ORTH,Orthopaedics,687,761
d902f60f-1d63-455a-bbf4-c738742c1bbe,b1a01709-3640-4987-952c-c1da803e56e5,ONCO,Oncology,1162,1155
7d5d81e3-50f9-48ab-94e8-75f846f5a947,b1a01709-3640-4987-952c-c1da803e56e5,NEURO,Neurology,388,484
759811f4-e18e-47d8-9301-f89fbfb97060,517ea751-83de-4af4-89b3-bd52b1e8eee5,ORTH,Orthopaedics,244,249
87a696aa-9994-4835-8ab8-b9060bc97761,517ea751-83de-4af4-89b3-bd52b1e8eee5,URO,Urology,924,588
6fccc65e-09b6-42af-93e5-8f0db1581ccd,3fd1b318-260c-4c2b-969f-25f3f2b164a8,MED,General Medicine,870,1114
3436b4ed-827e-43fc-8920-3d78aaf98f2e,3fd1b318-260c-4c2b-969f-25f3f2b164a8,URO,Urology,581,890
3c81060f-bcef-4ef9-b32d-4fcb4a7a4630,350580da-c699-43df-b0d1-5da92941d91b,OBG,Obstetrics & Gynaecology,1947,1526
129b141a-8b89-4385-be3c-6d095ebaf60c,350580da-c699-43df-b0d1-5da92941d91b,ORTH,Orthopaedics,1380,1727
10d848d5-8a3b-4b42-8565-ac317c6c058f,350580da-c699-43df-b0d1-5da92941d91b,PSYCH,Psychiatry,1250,505
eac7afdb-ee69-4504-a52b-44c8bbab52d7,fec07a51-028c-45a9-b37a-8c97290377c6,PEDS,Paediatrics,676,1517
a47babad-80e8-4329-baf4-e998c2da9f31,fec07a51-028c-45a9-b37a-8c97290377c6,GS,General Surgery,191,626
c629c443-5603-4d50-90ae-4b67ae5afe97,fec07a51-028c-45a9-b37a-8c97290377c6,CARD,Cardiology,67,422
44f42488-9ee6-4820-a13b-111a64951dd5,fec07a51-028c-45a9-b37a-8c97290377c6,OBG,Obstetrics & Gynaecology,1981,558
052cd266-9036-4ce8-8924-726159aaf410,03be9c3b-f7fd-436a-9425-c2bde0dbbb71,MED,General Medicine,1338,1101
f4e68e1a-9b06-45dc-80c8-93ea5eb6b30c,03be9c3b-f7fd-436a-9425-c2bde0dbbb71,OBG,Obstetrics & Gynaecology,1638,983
aca0949d-8827-474a-83a9-9b41c3b72d18,03be9c3b-f7fd-436a-9425-c2bde0dbbb71,URO,Urology,1254,1710
95ea6916-d94f-406b-8703-d2e8963b13ac,03be9c3b-f7fd-436a-9425-c2bde0dbbb71,OPTH,Ophthalmology,1091,227
1fb9913d-2a4c-4449-b304-850b3be8017c,03be9c3b-f7fd-436a-9425-c2bde0dbbb71,NEPHRO,Nephrology,254,886
fe6c7ba4-8b37-464f-8162-21a9a911557a,03be9c3b-f7fd-436a-9425-c2bde0dbbb71,NEURO,Neurology,1406,1719
c0e833b7-801b-426d-ba36-25196bb9a9e2,2163c87a-f07b-4c48-9cc1-9dda5357ecb8,MED,General Medicine,1941,312
02070f7a-5c23-4003-8d83-2c4518757f45,2163c87a-f07b-4c48-9cc1-9dda5357ecb8,CARD,Cardiology,349,807
22e84b7a-6d61-4bbe-8f95-345ed6afe2d8,2163c87a-f07b-4c48-9cc1-9dda5357ecb8,OPTH,Ophthalmology,1152,1003
719febea-dcdc-42d3-82b0-3b7b74195556,2163c87a-f07b-4c48-9cc1-9dda5357ecb8,URO,Urology,380,934
8759f245-bd41-4f03-b13f-b57ba7dc29ac,2163c87a-f07b-4c48-9cc1-9dda5357ecb8,GS,General Surgery,822,328
6d4118cb-d57f-4cc6-bdbd-6304f0184e64,2163c87a-f07b-4c48-9cc1-9dda5357ecb8,OBG,Obstetrics & Gynaecology,1104,946
cea0fbc2-0549-4499-960f-f9dde9a16161,713533b3-d576-4b3c-9300-8c3985baf538,ORTH,Orthopaedics,575,270
74c00652-63b8-4f11-9e37-236f3cdd2192,713533b3-d576-4b3c-9300-8c3985baf538,ONCO,Oncology,1950,1410
1c908dd4-b8e3-409c-aeb1-42c8117feff0,713533b3-d576-4b3c-9300-8c3985baf538,OPTH,Ophthalmology,1312,1462
9139e677-5f45-4b95-b0bc-2b0a75cdb17f,713533b3-d576-4b3c-9300-8c3985baf538,OBG,Obstetrics & Gynaecology,1025,449
d4e1e371-c4e3-45a8-b0ca-212b999209ec,9c903e15-2d9a-42da-aaeb-26fe91b012f4,OBG,Obstetrics & Gynaecology,82,1422
35b46dd2-efa8-4172-a18a-952ddf9a72ad,9c903e15-2d9a-42da-aaeb-26fe91b012f4,PSYCH,Psychiatry,777,1786
4d943218-156d-42aa-ac64-23222314fbab,9c903e15-2d9a-42da-aaeb-26fe91b012f4,GS,General Surgery,1724,734
af9c9fee-1133-491a-a542-10250fc8aa65,82345f0d-f2e9-41d8-bfea-e76efbcffc72,ORTH,Orthopaedics,79,104
5a36056b-9ba6-46fa-a6aa-74ed38d583e0,82345f0d-f2e9-41d8-bfea-e76efbcffc72,PEDS,Paediatrics,1068,61
975ffa46-f472-48b9-893f-a36b5ba5e692,82345f0d-f2e9-41d8-bfea-e76efbcffc72,GS,General Surgery,1122,607
9c747358-145d-4142-9c22-940b57116f32,84f42872-598e-431d-bf84-f1bbca673743,OBG,Obstetrics & Gynaecology,250,1029
f6caa423-3ddb-4287-bfa3-37946ada4f67,84f42872-598e-431d-bf84-f1bbca673743,GS,General Surgery,1131,665
406a2fa6-1473-4f32-8e42-6e25a305b274,b3e4b426-63a9-4591-bc44-6dcb2cec9cbe,OBG,Obstetrics & Gynaecology,1345,1307
993f9875-c4b6-4083-b8d1-d0fd17a48b0d,b3e4b426-63a9-4591-bc44-6dcb2cec9cbe,OPTH,Ophthalmology,1107,1130
42218ca5-74dc-4431-806e-25dd1a8a654d,b3e4b426-63a9-4591-bc44-6dcb2cec9cbe,ENT,ENT,1704,1088
ac211a71-ddc6-42a2-be04-836dc99abd50,b3e4b426-63a9-4591-bc44-6dcb2cec9cbe,GS,General Surgery,1321,1779
73eeb535-5f43-4555-bb4d-38d456f0ee45,fe09c7d2-0b32-4b08-80c5-59cb53c94db4,GS,General Surgery,693,285
feb5830e-1714-43bf-a129-c184d8db2b6e,fe09c7d2-0b32-4b08-80c5-59cb53c94db4,MED,General Medicine,1498,121
9a868267-31ae-4d07-a9df-75edf1599f31,fe09c7d2-0b32-4b08-80c5-59cb53c94db4,CARD,Cardiology,1396,939
6fe4d951-bcb1-459e-bbd7-58cd5b3ca78b,d7fdc7a5-25a5-4b3e-9830-2b9930184562,ORTH,Orthopaedics,1933,1605
13a46210-c62b-4f91-a5aa-7383e16dafda,d7fdc7a5-25a5-4b3e-9830-2b9930184562,GS,General Surgery,797,737
37d1c178-c66c-4f27-b160-7d610d742603,d7fdc7a5-25a5-4b3e-9830-2b9930184562,NEURO,Neurology,1153,1546
9d460b42-6291-4aa7-aab4-3fbfae0f821c,d7fdc7a5-25a5-4b3e-9830-2b9930184562,OBG,Obstetrics & Gynaecology,455,1722
7e4c6a03-e819-4926-a4d6-e0feb76a6b23,d7fdc7a5-25a5-4b3e-9830-2b9930184562,PEDS,Paediatrics,116,1570
b8686a3c-fcbb-4a1c-834f-128a66047549,d7fdc7a5-25a5-4b3e-9830-2b9930184562,ENT,ENT,1426,982
6601636a-b1bf-44d6-8ba7-9e674731d619,d7fdc7a5-25a5-4b3e-9830-2b9930184562,OPTH,Ophthalmology,1194,1028
ef077b9e-8721-41e8-9cd8-76e4fc748945,de51e0c8-f3d3-4f61-8c9b-8d2b772b9418,ORTH,Orthopaedics,1179,1406
829519fd-89f2-4ac1-8fc2-f9ca6b6e41c4,de51e0c8-f3d3-4f61-8c9b-8d2b772b9418,ENT,ENT,636,579
7bec4550-61b7-4806-af99-48ef19be0525,de51e0c8-f3d3-4f61-8c9b-8d2b772b9418,GS,General Surgery,1515,1517
c536aa4c-b5db-4f15-b025-be07d559ae21,1f307dd4-cc5b-4781-8eeb-cd6fec447118,MED,General Medicine,1017,1194
f8d7966f-261e-49fb-a27d-a212695dc740,1f307dd4-cc5b-4781-8eeb-cd6fec447118,OBG,Obstetrics & Gynaecology,696,1145
ba8285c7-a00e-42e7-9002-b62bf285c652,1f307dd4-cc5b-4781-8eeb-cd6fec447118,OPTH,Ophthalmology,1976,1551
044c7285-0458-4674-a0e1-b2cfce0f5eb6,0de021a9-c3da-4762-ad65-5d7a0bfa64ce,OBG,Obstetrics & Gynaecology,1417,430
53753fae-63d1-466d-8a34-a00955c17d44,0de021a9-c3da-4762-ad65-5d7a0bfa64ce,URO,Urology,868,1272
41f7917e-2a18-45be-b0e5-302608881e74,0de021a9-c3da-4762-ad65-5d7a0bfa64ce,OPTH,Ophthalmology,272,1666
3eca1f0f-cc87-4d8e-b0c7-0dbe6e6ddcd6,0de021a9-c3da-4762-ad65-5d7a0bfa64ce,PEDS,Paediatrics,1075,358
9e595738-938d-4984-ae00-009e5a689d99,fbbde75b-b012-4dbd-a60d-fb85f78424ac,BURNS,Burns & Plastic Surgery,282,1646
05d48a3e-61a3-4a33-9097-32a9022634c3,fbbde75b-b012-4dbd-a60d-fb85f78424ac,OBG,Obstetrics & Gynaecology,1187,1792
bb05d5d2-1097-4550-9032-7c92172b0ab9,c6aebe6b-8bd1-4d2b-874b-06938d9e3c05,DERM,Dermatology,262,1061
cd317ec0-700f-4548-8786-f354fb939acb,c6aebe6b-8bd1-4d2b-874b-06938d9e3c05,GS,General Surgery,296,185
14a32d72-bcec-420b-9a64-58346dc0ed3e,c6aebe6b-8bd1-4d2b-874b-06938d9e3c05,OBG,Obstetrics & Gynaecology,1624,845
abd272ae-c375-4306-90f3-66daa444bd9c,c6aebe6b-8bd1-4d2b-874b-06938d9e3c05,NEURO,Neurology,1771,1321
42386d0a-52ed-4a7b-8813-25aa9ae80522,c6aebe6b-8bd1-4d2b-874b-06938d9e3c05,ORTH,Orthopaedics,1935,1179
9f3031cd-ff3c-41ea-a4d0-abea0f0f4cd0,7a927937-2e3a-4b83-b6c8-223e527f674b,PEDS,Paediatrics,1623,582
2cd3f710-39b3-4653-aa33-b908e38b2ef8,7a927937-2e3a-4b83-b6c8-223e527f674b,MED,General Medicine,1772,1264
8b057eb5-32ce-44ab-b53a-7937b82200fe,7a927937-2e3a-4b83-b6c8-223e527f674b,CARD,Cardiology,1184,470
86f94370-606d-42d3-ae1e-a92bd6a6d437,7a927937-2e3a-4b83-b6c8-223e527f674b,OPTH,Ophthalmology,1574,375
7c1288bd-df2b-44d6-a8f9-bbbfddaf8002,119361e7-e632-4df7-9ac3-ab6e0e2f03fb,OBG,Obstetrics & Gynaecology,538,1553
bd2c7a93-63ed-4c1e-8390-7201f282bb55,119361e7-e632-4df7-9ac3-ab6e0e2f03fb,GS,General Surgery,1412,1364
19718b05-a36e-4691-b53b-b8a255d545a3,119361e7-e632-4df7-9ac3-ab6e0e2f03fb,MED,General Medicine,606,64
01e4d1aa-4dcb-4576-9e4e-da37caf08001,6bfad725-0cbe-4dce-a4ba-1a5e76b17847,OBG,Obstetrics & Gynaecology,280,1382
c6579827-2b62-4725-ba98-0dc80f77e60a,6bfad725-0cbe-4dce-a4ba-1a5e76b17847,URO,Urology,1900,1576
8b3d5f5f-cd69-43dc-996f-a17acac76f11,6bfad725-0cbe-4dce-a4ba-1a5e76b17847,ORTH,Orthopaedics,599,791
a04abda1-0ea9-4a38-bbd0-fcce8556dbea,6639e037-a748-4725-bb30-49cf6b203f7f,GS,General Surgery,934,1527
1ef5b377-c960-4e8d-a307-3e9dc6c534c3,6639e037-a748-4725-bb30-49cf6b203f7f,URO,Urology,1995,1144
660b288d-584f-4da9-b8c3-92d24e66e953,6639e037-a748-4725-bb30-49cf6b203f7f,ORTH,Orthopaedics,217,1231
a73debe0-d863-45a0-8384-3e38d23b284d,6639e037-a748-4725-bb30-49cf6b203f7f,OPTH,Ophthalmology,1281,1778
7ae2d4b4-f96d-4993-8305-a01b08b350f0,6639e037-a748-4725-bb30-49cf6b203f7f,OBG,Obstetrics & Gynaecology,1393,1255
e690e467-a6ef-457e-91c9-ca296d146217,d4cb1481-3164-483d-a44c-3a3615279ba9,NEURO,Neurology,591,194
90b12a4f-e0de-4dd5-a5c0-7a53fcb854ff,d4cb1481-3164-483d-a44c-3a3615279ba9,MED,General Medicine,293,1397
95aac733-d071-4a36-b012-3f33bb0de587,d4cb1481-3164-483d-a44c-3a3615279ba9,CARD,Cardiology,1232,1033
db95e5d1-af60-469c-aa76-7316569ef0a2,d4cb1481-3164-483d-a44c-3a3615279ba9,PEDS,Paediatrics,1539,61
80b81e69-e702-4861-a2a6-ec6aa28b4bf7,287abca3-cb37-4a2d-b0a9-3e65dad648d1,GS,General Surgery,1263,219
8573eeed-f5b7-4433-881d-136d21ede46a,287abca3-cb37-4a2d-b0a9-3e65dad648d1,ORTH,Orthopaedics,1846,1331
6c0098cd-98df-44d2-9364-101f4ab6e7dd,287abca3-cb37-4a2d-b0a9-3e65dad648d1,ENT,ENT,1171,682
9919a12c-ab51-407e-9de0-8a2cd168034a,8345028d-6c75-4624-88bb-a8d7ab3a3ca9,MED,General Medicine,1629,366
d230252d-176a-4d5d-a49f-a3bd415fb2ff,8345028d-6c75-4624-88bb-a8d7ab3a3ca9,PSYCH,Psychiatry,989,1323
24f24679-42a5-47de-9b3a-971b2b281f59,8345028d-6c75-4624-88bb-a8d7ab3a3ca9,CARD,Cardiology,1513,829
10f4c514-353c-4a3a-af54-6aeb731f6271,8345028d-6c75-4624-88bb-a8d7ab3a3ca9,GS,General Surgery,1045,1330
c93ddd03-03e0-4010-8f29-77ec06c7f7ff,8345028d-6c75-4624-88bb-a8d7ab3a3ca9,OBG,Obstetrics & Gynaecology,312,1322
a49aceaa-4236-4aac-827c-fc49a3700eac,8345028d-6c75-4624-88bb-a8d7ab3a3ca9,PEDS,Paediatrics,1075,1795
a29a3ff1-d7fe-4e4b-ac3e-77a73952bca0,e24d5ad6-2142-4a27-bc3d-00125d1e48ec,PEDS,Paediatrics,857,1054
0f71f0fe-33d5-4a6d-b966-ef372f0e10c7,e24d5ad6-2142-4a27-bc3d-00125d1e48ec,MED,General Medicine,501,1358
18c8da0e-7395-40b9-898f-ca0b3ac5dce2,e24d5ad6-2142-4a27-bc3d-00125d1e48ec,ORTH,Orthopaedics,922,955
c4364b25-0c57-4a47-a2b0-d1d2f70ee610,e24d5ad6-2142-4a27-bc3d-00125d1e48ec,GS,General Surgery,151,1690
1ee61f88-a967-4e4f-b215-35dfb94d9fb6,e24d5ad6-2142-4a27-bc3d-00125d1e48ec,OPTH,Ophthalmology,775,1679
d2456241-bceb-4151-8a20-e634f1a7901c,e24d5ad6-2142-4a27-bc3d-00125d1e48ec,OBG,Obstetrics & Gynaecology,228,87
ae8d8e59-c99c-4d94-b460-72d28cacd64e,b8b55aa3-e51d-438e-9b98-3b339022d4c5,ORTH,Orthopaedics,371,1768
96638fde-1da9-4452-91cf-17d69f947f2e,b8b55aa3-e51d-438e-9b98-3b339022d4c5,OBG,Obstetrics & Gynaecology,483,1080
9a1547e3-b697-49fc-bb3d-4982e5b45500,b8b55aa3-e51d-438e-9b98-3b339022d4c5,URO,Urology,836,286
242f6ffb-6635-4a9c-b10f-79b3c3f2cc54,af3e2e11-0e2b-4ac1-9b75-85208d8dfdf7,CARD,Cardiology,1983,969
6a5e68f8-9081-44a7-ac3d-3199b66c66cd,af3e2e11-0e2b-4ac1-9b75-85208d8dfdf7,ORTH,Orthopaedics,1902,1679
4ba891d0-a0ef-4a7e-b204-45e0285c322b,af3e2e11-0e2b-4ac1-9b75-85208d8dfdf7,OBG,Obstetrics & Gynaecology,215,1734
0aed787d-36db-4fde-90f6-c730191a1bf7,af3e2e11-0e2b-4ac1-9b75-85208d8dfdf7,NEURO,Neurology,285,1149
9334ef50-a295-4239-9c4c-44e721096258,b448b89d-9327-4b70-8cc9-4b69718ed796,MED,General Medicine,130,52
38658119-4a25-4cce-a202-dd6b8d851f56,b448b89d-9327-4b70-8cc9-4b69718ed796,OBG,Obstetrics & Gynaecology,438,1608
204248e0-0594-4e6d-aa65-af12821b69a1,b448b89d-9327-4b70-8cc9-4b69718ed796,CARD,Cardiology,485,1655
b4815602-b044-4a80-b019-a9b51c496130,b448b89d-9327-4b70-8cc9-4b69718ed796,GS,General Surgery,1342,124
6244370e-eaa5-413d-8212-d6e57fb17d8e,6ad78f1a-23fa-4203-9a84-c928c1485082,OBG,Obstetrics & Gynaecology,804,1175
4784e552-518e-49b6-81d3-aab79ac635dc,6ad78f1a-23fa-4203-9a84-c928c1485082,GS,General Surgery,1060,648
2a2f72b6-c52b-4821-8316-6e67b55a5b26,6ad78f1a-23fa-4203-9a84-c928c1485082,MED,General Medicine,1027,281
582c7d65-f92b-404d-83a1-45ea1daf9c93,6ad78f1a-23fa-4203-9a84-c928c1485082,ONCO,Oncology,497,54
7467189d-f987-46d6-8e3a-eb3da2dab690,b3f0d5b8-7cbf-4f4b-9b6d-9da5394e906a,DERM,Dermatology,265,1661
e0f8dcfa-19b7-437d-8630-3905dc72c05e,b3f0d5b8-7cbf-4f4b-9b6d-9da5394e906a,NEURO,Neurology,1027,1220
67001411-55a2-4be7-90ac-0c023e2d1237,b3f0d5b8-7cbf-4f4b-9b6d-9da5394e906a,GS,General Surgery,1241,1163
1fc83654-1f0c-4850-b35c-6f986e11933f,10ad2351-17b6-4ec7-851c-8aefcc63cff4,MED,General Medicine,306,227
5104c34c-3bab-4901-afa8-1c35242588b4,10ad2351-17b6-4ec7-851c-8aefcc63cff4,OPTH,Ophthalmology,124,1729
0d8f0a5d-7a01-40f2-9dea-61b2b8f8dd3b,10ad2351-17b6-4ec7-851c-8aefcc63cff4,OBG,Obstetrics & Gynaecology,277,238
11f00a55-e87d-4634-bcae-0da7d17e60c8,8e583d2a-f0cd-467c-a271-e2a1da253f79,GS,General Surgery,1302,859
d203d9ef-1d9d-4d68-96a7-51238bc0aa3b,8e583d2a-f0cd-467c-a271-e2a1da253f79,ONCO,Oncology,474,1271
89334868-9bd3-4704-9a65-79e37bab8a0b,8e583d2a-f0cd-467c-a271-e2a1da253f79,OBG,Obstetrics & Gynaecology,267,1758
85772b1e-8e2a-484d-a7fb-22b96aed0b08,8e583d2a-f0cd-467c-a271-e2a1da253f79,MED,General Medicine,1080,1059
26d7a4cc-27ef-4a05-a14f-0b484b453a1f,8e583d2a-f0cd-467c-a271-e2a1da253f79,PSYCH,Psychiatry,207,779
d1db74c8-c45e-4ad8-a894-6844e6132a59,107d3b43-95ab-496f-a5f6-10a00c4b91cf,GS,General Surgery,534,288
04cf5cde-57c3-47ae-9861-22cfed1edb2c,107d3b43-95ab-496f-a5f6-10a00c4b91cf,OPTH,Ophthalmology,1112,1231
2b02dd7f-48f4-4c5c-a827-00ab6790cc27,107d3b43-95ab-496f-a5f6-10a00c4b91cf,ORTH,Orthopaedics,591,122
57bb56fe-ec74-4c41-9d06-e11a67c6643d,e6fb5ad5-e539-4dc8-922a-bd33a4f5b4d7,ORTH,Orthopaedics,625,886
923eb50f-b07c-4744-b73e-1ff441ce3bdd,e6fb5ad5-e539-4dc8-922a-bd33a4f5b4d7,MED,General Medicine,1984,1597
534a2faf-dd08-4ac4-9771-39e96c07a8c6,e6fb5ad5-e539-4dc8-922a-bd33a4f5b4d7,OBG,Obstetrics & Gynaecology,477,574
e8dce9ac-5dee-4a1a-b2d1-5efd3b3a0a9d,e6fb5ad5-e539-4dc8-922a-bd33a4f5b4d7,PEDS,Paediatrics,1171,47
b6d13015-b4e5-48bc-a8e5-8aab436ffbdd,a8db82fc-56d1-46d0-85f7-cf3dd3758fcf,GS,General Surgery,252,1297
1512e907-cab7-42ca-bb81-d117dc4a8285,a8db82fc-56d1-46d0-85f7-cf3dd3758fcf,CARD,Cardiology,667,1605
41566def-3a86-4038-a280-d053466c66a3,a8db82fc-56d1-46d0-85f7-cf3dd3758fcf,NEURO,Neurology,470,388
633ff654-1e00-411d-8230-5c1411492d2c,4143e59c-9ec0-45f0-b887-43b6c113a9fb,CARD,Cardiology,364,699
796e5a87-00c4-4595-8616-4161ccd61c67,4143e59c-9ec0-45f0-b887-43b6c113a9fb,OBG,Obstetrics & Gynaecology,1318,110
f46158fd-7b63-464c-a1a1-bad6a0de718e,4143e59c-9ec0-45f0-b887-43b6c113a9fb,ORTH,Orthopaedics,1464,1414
9f06cbfd-bd1b-4142-ba60-fbf1f7dae206,4143e59c-9ec0-45f0-b887-43b6c113a9fb,PEDS,Paediatrics,1095,275
dc783020-0e56-4f42-b857-55efa7baebc2,4143e59c-9ec0-45f0-b887-43b6c113a9fb,GS,General Surgery,978,1367
8ecd506f-45e4-4d7e-a52f-a84e6162f96f,d34c3cb2-a27e-4a44-ba5d-6a9766e552a2,ORTH,Orthopaedics,1674,1356
e7955fa3-3f01-4c9d-8f3c-427e1c057a02,d34c3cb2-a27e-4a44-ba5d-6a9766e552a2,MED,General Medicine,210,188
92af7000-aae0-4286-b89d-a295d1bc7732,d34c3cb2-a27e-4a44-ba5d-6a9766e552a2,OBG,Obstetrics & Gynaecology,1426,1060
0152e632-534f-40f3-b74b-259e3d3d1728,d34c3cb2-a27e-4a44-ba5d-6a9766e552a2,OPTH,Ophthalmology,1673,675
af7f9a46-2c5a-4c29-995b-23985719a216,d34c3cb2-a27e-4a44-ba5d-6a9766e552a2,BURNS,Burns & Plastic Surgery,1101,1738
0ac2b39f-2129-4513-98ad-497dabc64065,4585aeb1-aa08-4fc2-b668-a63af19a4352,ENT,ENT,1113,1682
064e1fb8-be8a-409e-a47f-0286f3667139,4585aeb1-aa08-4fc2-b668-a63af19a4352,OPTH,Ophthalmology,56,1341
086b2fea-4587-497b-923d-bec18f48248f,4585aeb1-aa08-4fc2-b668-a63af19a4352,PEDS,Paediatrics,1475,1776
46117aea-51ad-4354-94ad-0fdc07829ec2,4585aeb1-aa08-4fc2-b668-a63af19a4352,MED,General Medicine,274,455
d215c3b5-8cb4-47b6-b42e-452ed10afe90,4585aeb1-aa08-4fc2-b668-a63af19a4352,ONCO,Oncology,602,425
83f33ebe-6d9f-43db-a178-0fdc9bd366f5,83a82ea2-ddf3-446f-97d1-169c91344581,OPTH,Ophthalmology,88,1777
9ec1c625-214e-4542-80b0-5850be0265d4,83a82ea2-ddf3-446f-97d1-169c91344581,GS,General Surgery,180,971
c7a1a25a-8789-4091-83c8-def05c43c5c9,83a82ea2-ddf3-446f-97d1-169c91344581,OBG,Obstetrics & Gynaecology,1556,1576
19a79ebd-0819-4be5-a9a9-059aab5a1de0,83f6174d-9cdf-45b3-88d5-8c5740134a55,OBG,Obstetrics & Gynaecology,610,1634
199ae5a5-6615-41d7-8a8b-e9d9d8ea40d9,83f6174d-9cdf-45b3-88d5-8c5740134a55,PEDS,Paediatrics,1716,76
a29baa5c-5cd4-458d-aeb5-8d4fb98ffadc,c5820563-50a7-491f-bdc3-2e3a004be3ce,CARD,Cardiology,222,122
3a863600-1da8-49e3-939b-f8d5ec14fa1b,c5820563-50a7-491f-bdc3-2e3a004be3ce,GS,General Surgery,1118,909
49facd17-2f33-4ce3-8836-17dbad0d17c0,c5820563-50a7-491f-bdc3-2e3a004be3ce,ONCO,Oncology,970,175
ef02597e-7b13-4930-9942-72f47b1a8f83,cf198bb3-d46b-402e-8910-3ea05aadd0ae,PSYCH,Psychiatry,407,758
14fb69ab-58ec-4472-9dba-b235526d5980,cf198bb3-d46b-402e-8910-3ea05aadd0ae,MED,General Medicine,842,1510
98c7ee42-d17c-4794-9723-8e9d2fbd9402,d50218e3-0d98-43ec-ad90-60b47e6ab1f2,OPTH,Ophthalmology,516,1057
c7a9b782-0a9b-40e7-b81c-a167ba831a7e,d50218e3-0d98-43ec-ad90-60b47e6ab1f2,PEDS,Paediatrics,1029,1388
57403c31-526a-49ca-8e53-475624c0584b,d50218e3-0d98-43ec-ad90-60b47e6ab1f2,ONCO,Oncology,552,1149
7d7e6093-8261-4cde-9359-ccfd034c03a9,d50218e3-0d98-43ec-ad90-60b47e6ab1f2,MED,General Medicine,125,1302
e84896d0-54f0-4d11-85cb-0d1c487aeb4f,c9b87b18-225b-4650-ac6c-cc3385e34dd9,OBG,Obstetrics & Gynaecology,1922,926
33ef3b62-98fa-494e-88fd-5be7b9e54ce8,c9b87b18-225b-4650-ac6c-cc3385e34dd9,OPTH,Ophthalmology,1405,1469
781d48be-3ea0-47ee-95fd-98c5c66f2324,c9b87b18-225b-4650-ac6c-cc3385e34dd9,PEDS,Paediatrics,1460,1142
1bc4e696-bf15-4843-8dbe-c8847bbd09e5,c9b87b18-225b-4650-ac6c-cc3385e34dd9,MED,General Medicine,1065,1009
d8057416-ccd3-4b5c-8910-7593621244de,c9b87b18-225b-4650-ac6c-cc3385e34dd9,GS,General Surgery,577,676
35fbfa3a-3288-4773-bc2f-920b77ff8238,14ff8c7b-49f6-46e3-968b-b65dc4611a8a,URO,Urology,1214,145
60bf56d9-2cba-4903-8529-94dedb0fdd08,14ff8c7b-49f6-46e3-968b-b65dc4611a8a,GS,General Surgery,787,1522
7ec009a3-04d6-42ea-9bb4-12dca86eab50,14ff8c7b-49f6-46e3-968b-b65dc4611a8a,MED,General Medicine,694,506
7d330b31-a72b-474f-a055-8e4c27a5c0a3,c5ee5276-bc55-4773-832e-8edd326a222e,OBG,Obstetrics & Gynaecology,716,659
af6dfbf5-adac-4c49-8d0b-9395d45106ab,c5ee5276-bc55-4773-832e-8edd326a222e,OPTH,Ophthalmology,843,751
0085ea76-6f75-4bdc-8b7d-7133c0a42dca,c5ee5276-bc55-4773-832e-8edd326a222e,ORTH,Orthopaedics,1421,138
577ac1a1-b874-43ff-935e-bf91604ddb22,c5ee5276-bc55-4773-832e-8edd326a222e,GS,General Surgery,1837,1446
d2e8faa9-563a-457b-b8dd-cc72808ec822,7467bc17-19a1-4697-9bac-69f4cdaacecc,OBG,Obstetrics & Gynaecology,830,1767
c693c0c1-1eb6-445b-8744-b571b5465259,7467bc17-19a1-4697-9bac-69f4cdaacecc,MED,General Medicine,1415,1275
e85c5468-5c09-4a34-8b47-45d673bbbf01,bd53f1b8-cdc2-4c5c-b0b0-1c4a6053b1a2,GS,General Surgery,273,783
baec0682-7c46-4f26-aa1d-0ca9a900f08a,bd53f1b8-cdc2-4c5c-b0b0-1c4a6053b1a2,OBG,Obstetrics & Gynaecology,1038,150
6448231d-5722-4fee-bd79-bab5e84edf86,bd53f1b8-cdc2-4c5c-b0b0-1c4a6053b1a2,MED,General Medicine,570,120
608deca6-8644-433e-8d5e-4d5977886716,d2c0024b-8d5d-42f5-8962-735f8b5cd2d2,OBG,Obstetrics & Gynaecology,514,227
a2d3784e-9c74-41b3-85d5-033446b200f1,d2c0024b-8d5d-42f5-8962-735f8b5cd2d2,ONCO,Oncology,747,982
d7b648d8-a4e1-4a00-b3a3-324d9f7ede35,d2c0024b-8d5d-42f5-8962-735f8b5cd2d2,MED,General Medicine,625,1547
b87d082b-a605-411f-8864-a3619cde5560,e8755832-86e6-4f2d-b6c4-1e2fd51b1c82,GS,General Surgery,1044,1790
bbd38526-3cf3-4062-810a-24e7086c15a6,e8755832-86e6-4f2d-b6c4-1e2fd51b1c82,PSYCH,Psychiatry,1108,126
ca4f6adc-6ca2-450c-96e3-3505c085cf0f,e8755832-86e6-4f2d-b6c4-1e2fd51b1c82,OPTH,Ophthalmology,76,713
a3970785-0df5-4765-b598-40a2a579857c,e8755832-86e6-4f2d-b6c4-1e2fd51b1c82,MED,General Medicine,1030,287
95773ff8-1b94-4d7f-a45b-1685a8e6dbaf,e8755832-86e6-4f2d-b6c4-1e2fd51b1c82,ORTH,Orthopaedics,1205,984
4bd756a9-c2dd-4b7c-abf6-e3fde4ce5419,bb0a7d40-20e3-4708-90b2-8aabedb89e89,GS,General Surgery,137,1591
e3b768fd-1496-4f9b-a800-d03a74951c19,bb0a7d40-20e3-4708-90b2-8aabedb89e89,MED,General Medicine,214,181
6fb6ecd1-2472-42e4-a390-77b1c0ef7259,bb0a7d40-20e3-4708-90b2-8aabedb89e89,CARD,Cardiology,1893,1797
02b0aa49-4f15-47c6-853d-fc1cb3d456e9,bb0a7d40-20e3-4708-90b2-8aabedb89e89,OPTH,Ophthalmology,439,430
8f9bb43e-8320-43f7-ab44-d51f4c8589fb,b5ceb52e-22a6-446d-87b6-a559b29cee58,URO,Urology,707,1188
2d3b44c5-c8b1-456f-a7fa-cc948b945dd2,b5ceb52e-22a6-446d-87b6-a559b29cee58,NEURO,Neurology,411,1335
bc6f94f5-2bb2-4c3e-8634-e48ba087cf88,b5ceb52e-22a6-446d-87b6-a559b29cee58,OBG,Obstetrics & Gynaecology,230,789
aceda0d3-972e-4bf1-b898-12a422954d3a,b5ceb52e-22a6-446d-87b6-a559b29cee58,PSYCH,Psychiatry,1759,196
30435170-4916-43a5-bf04-840e92ba2056,b5ceb52e-22a6-446d-87b6-a559b29cee58,ORTH,Orthopaedics,452,82
fff1e3f7-517a-4729-999f-055308f90dd8,b5ceb52e-22a6-446d-87b6-a559b29cee58,BURNS,Burns & Plastic Surgery,230,742
2d075abd-a3f1-4825-8d9c-f33e203eeed3,c0b5db27-f015-4edd-b6d6-a557e0529d37,OPTH,Ophthalmology,1309,1184
c146a8b3-8ace-4d71-90e9-94a5084fba75,c0b5db27-f015-4edd-b6d6-a557e0529d37,URO,Urology,125,502
bf88b5c0-d02c-4b3d-885f-7daa48be0ab9,c0b5db27-f015-4edd-b6d6-a557e0529d37,OBG,Obstetrics & Gynaecology,908,844
0beff38d-b1b7-4336-957d-30fe31c5206e,c0b5db27-f015-4edd-b6d6-a557e0529d37,ONCO,Oncology,655,758
decc886c-97fd-40af-a1cc-1a69964b171d,c34cb943-50d9-4fe8-a1c7-97abdd4f297e,NEURO,Neurology,277,421
61c3281f-631b-440e-ab35-11575d51d5cf,c34cb943-50d9-4fe8-a1c7-97abdd4f297e,PEDS,Paediatrics,455,849
bdfd9990-512e-45c6-862a-3e23b1bb11dd,c34cb943-50d9-4fe8-a1c7-97abdd4f297e,GS,General Surgery,355,668
f3a9ffcc-2ded-4201-910b-4475f944b73e,a8cdb4db-13ac-4633-93dd-14dae979d14b,MED,General Medicine,1373,778
859574c1-d979-47f8-a2a4-b2c3864e1b12,a8cdb4db-13ac-4633-93dd-14dae979d14b,CARD,Cardiology,1356,650
b5dfb911-0d53-40c7-8062-fe8b67e68b0b,00a2b373-6548-4d02-a5a3-51401b07edbf,OBG,Obstetrics & Gynaecology,1662,1789
ee63732f-30d1-433b-986a-ba9b1b5df4d0,00a2b373-6548-4d02-a5a3-51401b07edbf,ORTH,Orthopaedics,1734,947
ad9295a0-9740-4c4a-b900-712f2632768f,00a2b373-6548-4d02-a5a3-51401b07edbf,CARD,Cardiology,574,1085
5db02e77-6f7d-427c-b3e9-b94a62b7252a,00a2b373-6548-4d02-a5a3-51401b07edbf,OPTH,Ophthalmology,1194,91
991a2713-dcfe-4af8-9492-33f664c95b0b,bb9c1903-ac5b-45e7-bd81-0bcd078b35d4,GS,General Surgery,849,1001
5308ccca-0966-407e-98e5-6c9fa8c7eb55,bb9c1903-ac5b-45e7-bd81-0bcd078b35d4,CARD,Cardiology,923,1700
7e99ead8-2633-4a7e-841d-03ca90c58070,bb9c1903-ac5b-45e7-bd81-0bcd078b35d4,ONCO,Oncology,1344,534
14ac69dd-3abe-45ef-adfe-eab9d5af51b2,bb9c1903-ac5b-45e7-bd81-0bcd078b35d4,OBG,Obstetrics & Gynaecology,533,426
63b9ca97-e82b-4a04-aabe-454105792652,bb9c1903-ac5b-45e7-bd81-0bcd078b35d4,ORTH,Orthopaedics,774,266
9230567d-6a99-4063-8538-21b8a227beca,9fc1fc3e-15af-43a6-9d91-5152c2aeac4e,MED,General Medicine,1302,1727
bd798d5b-a547-4e03-93af-24c775e80009,9fc1fc3e-15af-43a6-9d91-5152c2aeac4e,OBG,Obstetrics & Gynaecology,1069,432
fa3ef17f-d37c-4a1a-829b-62a146d257e2,9fc1fc3e-15af-43a6-9d91-5152c2aeac4e,GS,General Surgery,771,1362
cd7c1f16-1bd7-4afe-a879-39bb24a078e0,040546bf-1b6c-43a3-b7e8-0766a949a5bf,GS,General Surgery,1037,1399
223dc252-74a9-4cad-9d6c-9cd93820f3cf,040546bf-1b6c-43a3-b7e8-0766a949a5bf,ENT,ENT,1601,108
7eec8169-24fd-4c7a-8e31-00be9ae02ce6,225d19fa-53fa-42a2-b78b-6f44ff754dfc,GS,General Surgery,1972,1314
1aafc288-e016-4a4e-ac65-8f496d7648ee,225d19fa-53fa-42a2-b78b-6f44ff754dfc,MED,General Medicine,1477,1266
d02bef5d-34ad-4a0f-a95b-d49c55cc9430,225d19fa-53fa-42a2-b78b-6f44ff754dfc,URO,Urology,811,1722
7253bc75-49a8-4239-8dd8-293001fba39a,225d19fa-53fa-42a2-b78b-6f44ff754dfc,NEURO,Neurology,786,1033
fd65f5a3-b4aa-4472-900f-3653594abcfa,d00bdba7-8e5c-4d18-94da-30bb4da04912,OPTH,Ophthalmology,1291,910
341ab6df-3e46-4da6-a737-5fe73d963cc4,d00bdba7-8e5c-4d18-94da-30bb4da04912,ONCO,Oncology,1977,381
75087d29-e400-4da5-801f-9c23ad2a68fd,d00bdba7-8e5c-4d18-94da-30bb4da04912,OBG,Obstetrics & Gynaecology,1106,476
7faa5f9d-68e9-4482-80f9-38737224ab9c,d00bdba7-8e5c-4d18-94da-30bb4da04912,MED,General Medicine,765,1558
4757ff55-c4fb-4654-ad66-2b82c1bb3f53,525bcb91-f351-4c2a-a274-903954352118,OBG,Obstetrics & Gynaecology,103,548
b6daceb5-9572-4b11-8ced-1af69b6664c2,525bcb91-f351-4c2a-a274-903954352118,GS,General Surgery,976,985
5e3a2b45-dd5b-47fe-8491-ec3542f66909,525bcb91-f351-4c2a-a274-903954352118,URO,Urology,1794,1275
2e93c56d-a766-4b41-8914-1303910903c1,525bcb91-f351-4c2a-a274-903954352118,MED,General Medicine,224,566
d55a8a42-9e21-4fe8-97cb-c52f11950341,25300e03-7734-4c5f-b12a-8a14acaed403,CARD,Cardiology,860,141
8d6e3d8c-ea7c-4f14-b241-8ae328f014ec,25300e03-7734-4c5f-b12a-8a14acaed403,OPTH,Ophthalmology,405,1254
315dcc2a-4ab2-42ca-957c-c0a95b591a41,09096fd1-b2f7-47ba-99db-0c945347eccf,GS,General Surgery,935,1187
f7373ef8-c6a3-4b87-b10a-3eb0b7f51add,09096fd1-b2f7-47ba-99db-0c945347eccf,OBG,Obstetrics & Gynaecology,1633,726
20f97197-1097-49c0-9424-7e22cf19a189,83ba63cf-a221-40bd-a10e-8055f9516fb0,OBG,Obstetrics & Gynaecology,767,1267
b9ec048d-6e55-4ecf-8516-a28962c22e47,83ba63cf-a221-40bd-a10e-8055f9516fb0,GS,General Surgery,531,1500
3871b274-6eec-4855-8280-86ae2095f5d7,41d8aac9-6902-4859-b2a8-2d983900e190,OPTH,Ophthalmology,1767,1639
30a5ed60-43f0-48ed-a986-005dfacfadd9,41d8aac9-6902-4859-b2a8-2d983900e190,MED,General Medicine,1430,265
30768d29-639e-48d8-817e-095a72e00bd0,2418ef4c-bcc3-4c07-9780-625f32a3e499,GS,General Surgery,1052,775
b058605f-2aad-4b4c-933d-3b82bd0373ad,2418ef4c-bcc3-4c07-9780-625f32a3e499,OBG,Obstetrics & Gynaecology,823,69
4803b25d-931d-4776-b5dc-c687a11eb841,f6c4b639-c52f-446c-b9b5-88cfefa8532a,NEURO,Neurology,684,1255
2cee4468-ec53-4fa1-83ed-68bcbd71e22d,f6c4b639-c52f-446c-b9b5-88cfefa8532a,OPTH,Ophthalmology,95,1373
a86cd69f-4307-4a31-9216-f1eb6a3dd85b,f6c4b639-c52f-446c-b9b5-88cfefa8532a,MED,General Medicine,72,1622
06f8c66a-5966-4fcc-8446-5599121fc552,8bbf5a35-3845-4d03-a4d9-46f59724c81b,ENT,ENT,609,840
5c30cfa7-e051-44b8-a7e8-c7cc24d63cc9,8bbf5a35-3845-4d03-a4d9-46f59724c81b,PEDS,Paediatrics,839,1119
71604ed2-f7b0-4197-a8dc-f694fb8ae74d,3e7bc9c4-a821-47e1-97d0-80309e11ef38,MED,General Medicine,814,243
4d844e7a-988b-4158-955f-1b354193b10d,3e7bc9c4-a821-47e1-97d0-80309e11ef38,OBG,Obstetrics & Gynaecology,1375,614
2dcc2832-1359-4fc5-8163-cabfe9b5d37c,3e7bc9c4-a821-47e1-97d0-80309e11ef38,PEDS,Paediatrics,1627,1452
53c360b8-1eff-455b-b12b-e697e2c4d24f,3e7bc9c4-a821-47e1-97d0-80309e11ef38,ENT,ENT,1860,279
ca41ea3f-1161-4202-9ff7-8aba4352b800,3e7bc9c4-a821-47e1-97d0-80309e11ef38,OPTH,Ophthalmology,1729,582
24c1be17-ccd5-46fc-89be-a4265eefd687,c0dfce16-73be-4f71-923a-ff2039494198,ORTH,Orthopaedics,1767,1245
324dc005-5a70-4597-becc-17d047c8f158,c0dfce16-73be-4f71-923a-ff2039494198,ENT,ENT,1395,689
931328d4-97ce-4bdf-bfe1-e020e671d9e5,c0dfce16-73be-4f71-923a-ff2039494198,OPTH,Ophthalmology,620,85
2fc5b29b-e431-4a2f-a90d-60789e2d82c4,ea38d6d5-9046-43ca-84ee-59320f5cb18d,NEURO,Neurology,1117,1756
5d567211-85b9-438d-9ac1-71c3e1c144ae,ea38d6d5-9046-43ca-84ee-59320f5cb18d,OBG,Obstetrics & Gynaecology,724,53
99899bb9-3c92-4bd7-816e-e8787dcb2a22,ea38d6d5-9046-43ca-84ee-59320f5cb18d,PEDS,Paediatrics,648,113
2a268443-7cd9-457c-87dd-99f925710367,ea38d6d5-9046-43ca-84ee-59320f5cb18d,OPTH,Ophthalmology,1224,1752
ffb72af1-f819-4302-8c22-18b8dcd594f5,ea38d6d5-9046-43ca-84ee-59320f5cb18d,ORTH,Orthopaedics,176,1107
a1857149-5975-45d3-9951-69c313fa178e,5a22e077-a095-4645-ac89-4b17dc08d4cf,MED,General Medicine,906,1623
8277495b-0ae8-4185-ab01-f8fb271cc1f4,5a22e077-a095-4645-ac89-4b17dc08d4cf,ORTH,Orthopaedics,1286,967
aa172f33-1209-4abe-a06c-a1d3f1628836,5a22e077-a095-4645-ac89-4b17dc08d4cf,URO,Urology,1812,1429
1d2bc7c4-9092-4b50-ac66-475a028c0955,a40f5f0a-3929-4e76-a9d2-31ce4dbb246e,MED,General Medicine,1114,641
a08f00b7-bddb-44c7-9354-8e92d9c34e6d,a40f5f0a-3929-4e76-a9d2-31ce4dbb246e,OPTH,Ophthalmology,1693,228
ec60de99-e2a6-4cab-997d-fa0ba24defd1,a40f5f0a-3929-4e76-a9d2-31ce4dbb246e,GS,General Surgery,446,1183
06297695-e2f5-4098-ba65-9c56de5ab66e,a40f5f0a-3929-4e76-a9d2-31ce4dbb246e,OBG,Obstetrics & Gynaecology,363,172
6e4ecdbd-b5b5-434f-80ae-76a1c6abce97,a40f5f0a-3929-4e76-a9d2-31ce4dbb246e,DERM,Dermatology,630,599
ef410b0f-e022-4271-abc7-d22ea73f31d7,0353a6ab-598c-402b-81d1-9e1ed9e9698c,ONCO,Oncology,372,493
d5b52d11-6d1a-4d9b-9f03-96a6cce101ee,0353a6ab-598c-402b-81d1-9e1ed9e9698c,GS,General Surgery,746,252
d6879d04-a41d-4eb6-a916-b1502193426a,0353a6ab-598c-402b-81d1-9e1ed9e9698c,CARD,Cardiology,513,1493
dbd66f9a-f5b9-4383-8575-395c9be6e091,0353a6ab-598c-402b-81d1-9e1ed9e9698c,OBG,Obstetrics & Gynaecology,311,1264
52e1607e-9df9-4eb8-886d-ba49018747db,265eddb7-a086-4ab7-a9c4-c4004f079d0b,CARD,Cardiology,216,1525
16461213-7e8d-4cb6-b0ec-6cdad7b7ef69,265eddb7-a086-4ab7-a9c4-c4004f079d0b,GS,General Surgery,1145,702
2b42dd99-cd78-4838-aadc-39e23e1e1ac5,265eddb7-a086-4ab7-a9c4-c4004f079d0b,OBG,Obstetrics & Gynaecology,1290,338
f935a0e8-38a7-4fa4-86aa-03b13b743cd8,265eddb7-a086-4ab7-a9c4-c4004f079d0b,ONCO,Oncology,652,484
926e827e-6152-4673-af22-b016281929ee,7b01b0ef-b5d1-4b32-8d71-60df7c6f97e8,ENT,ENT,1461,708
3514366c-dc7f-441f-8252-9c3073eb88e8,7b01b0ef-b5d1-4b32-8d71-60df7c6f97e8,NEPHRO,Nephrology,1005,915
db303632-1b6b-4563-ad80-726ecbae5eef,7b01b0ef-b5d1-4b32-8d71-60df7c6f97e8,ORTH,Orthopaedics,1252,1582
1f6d2e4a-9876-4134-be1a-6b9f52040555,7b01b0ef-b5d1-4b32-8d71-60df7c6f97e8,CARD,Cardiology,1860,692
d715dd85-004b-4afe-bb72-78f382a9cf0e,59127543-a4ef-4f48-b859-c871032b5267,GS,General Surgery,1851,940
e924789f-d867-4943-9cbd-083027d5036a,59127543-a4ef-4f48-b859-c871032b5267,MED,General Medicine,1803,500
176cdaca-ab1b-415e-9a21-02e564ad9c4a,59127543-a4ef-4f48-b859-c871032b5267,OPTH,Ophthalmology,1123,214
50d30acd-943b-4247-a57f-6dc78f6e8956,968c30b7-a2e6-4221-850c-9c8e40575fb9,MED,General Medicine,98,1582
d5fbc875-c1fd-478b-85a1-a028bd6a7f8a,968c30b7-a2e6-4221-850c-9c8e40575fb9,PEDS,Paediatrics,888,1718
0ca41d65-dac1-4d6d-b421-3d68ea5b1cfc,180f6563-8cf9-4464-810c-5a47c3b94261,OBG,Obstetrics & Gynaecology,193,1012
1e000266-b672-4678-a5fe-9f55bc97e1ab,180f6563-8cf9-4464-810c-5a47c3b94261,GS,General Surgery,1501,1727
3c59c614-d8b6-44d4-85e6-e16eacbdc42c,180f6563-8cf9-4464-810c-5a47c3b94261,MED,General Medicine,1427,559
a022b04f-d321-4603-a76a-8444b5c434d7,180f6563-8cf9-4464-810c-5a47c3b94261,ONCO,Oncology,1685,694
b1268d15-0d9f-49e7-82ad-a4e25d7ecd41,b6bea3ab-a9b9-47e9-b736-6b723c3fc5b8,CARD,Cardiology,1053,1464
edc4bd7a-e178-449f-a14e-1909b83c2252,b6bea3ab-a9b9-47e9-b736-6b723c3fc5b8,OBG,Obstetrics & Gynaecology,1389,1196
1987f71c-e6ad-4e61-b148-d0b6523beb94,b6bea3ab-a9b9-47e9-b736-6b723c3fc5b8,URO,Urology,1203,998
b6b25368-cc5b-48d2-a4a8-0678e6eae9fa,b6bea3ab-a9b9-47e9-b736-6b723c3fc5b8,PEDS,Paediatrics,653,360
d51d6580-bfb3-4c38-9504-8032fc6273fa,3b10c69b-57d0-4699-8ace-72476649f51a,GS,General Surgery,661,1110
e763dc32-4509-4adc-8acb-570664948f1c,3b10c69b-57d0-4699-8ace-72476649f51a,MED,General Medicine,534,1628
2f2518bf-f092-4fcc-b691-a2e342a99841,3b10c69b-57d0-4699-8ace-72476649f51a,OBG,Obstetrics & Gynaecology,1307,1663
38b56d43-c622-445a-b1c7-db529522f3d6,3b10c69b-57d0-4699-8ace-72476649f51a,NEURO,Neurology,93,1618
aa3c0904-b5d9-40d0-8aa0-b0767d808514,1655d398-f648-4052-aa2b-7a2b300d25f2,NEURO,Neurology,535,1030
afc46d82-e08e-47af-bdb6-c981b652fe8a,1655d398-f648-4052-aa2b-7a2b300d25f2,OPTH,Ophthalmology,326,1351
1920e7a7-5497-490a-b6f7-6584b958d31c,1655d398-f648-4052-aa2b-7a2b300d25f2,MED,General Medicine,620,1126
cec3560e-1adb-453d-92ac-0ed0a18cf961,1655d398-f648-4052-aa2b-7a2b300d25f2,CARD,Cardiology,1626,693
2bcac1db-2f57-407d-a355-6a7989a8fd05,b22dfe14-de77-44d3-99b4-a9eea57ae084,NEPHRO,Nephrology,341,1322
90162ea0-df9a-4dc5-9b5a-cbffe43946ee,b22dfe14-de77-44d3-99b4-a9eea57ae084,GS,General Surgery,1754,1094
84795aa6-20f7-427a-aec2-ae4fbfb663a7,b22dfe14-de77-44d3-99b4-a9eea57ae084,ORTH,Orthopaedics,1468,368
41fdb23e-1f87-4453-a5dc-e6d23627d69f,b22dfe14-de77-44d3-99b4-a9eea57ae084,OBG,Obstetrics & Gynaecology,635,1323
3d212519-dc4f-4915-99ab-4411643d25a3,797c0604-743c-4e66-8363-7cd94b949afe,MED,General Medicine,784,921
1010f612-c5eb-47a2-a7db-e2b99bbf5361,797c0604-743c-4e66-8363-7cd94b949afe,OBG,Obstetrics & Gynaecology,636,1106
4aff30a8-4ab4-4887-9fa0-3a073b5f0735,ded8a65c-4013-42a2-a29b-13060aec21b7,ORTH,Orthopaedics,827,1384
0773e4d2-60bc-4995-84fb-06f3e3b598ee,ded8a65c-4013-42a2-a29b-13060aec21b7,ENT,ENT,243,1191
ed15347b-271e-4018-a8a3-7f65d6428d9e,e2448c67-8921-49a1-b490-20b7eac1865d,OPTH,Ophthalmology,1849,1428
f2d71703-772b-4b41-b12c-4c8d9ccb93aa,e2448c67-8921-49a1-b490-20b7eac1865d,ORTH,Orthopaedics,186,761
1b5147f2-bd38-4763-b1ae-582c75662069,e2448c67-8921-49a1-b490-20b7eac1865d,ONCO,Oncology,69,1099
09a31629-84be-4fa3-aa23-6c284d87f967,e2448c67-8921-49a1-b490-20b7eac1865d,OBG,Obstetrics & Gynaecology,1991,1312
e688fb6c-b264-478e-b7c3-7b9547b0af29,ed983dd8-8ee1-4240-bb89-a84db2b406e2,CARD,Cardiology,670,1010
a63e4d22-d69a-43ab-abc8-cc579fd85173,ed983dd8-8ee1-4240-bb89-a84db2b406e2,OBG,Obstetrics & Gynaecology,1161,835
7f65e5d9-a36c-42e3-9775-f3222d675a2b,ed983dd8-8ee1-4240-bb89-a84db2b406e2,PEDS,Paediatrics,1256,58
42ac3d97-fa75-4ec7-af80-aa3a45fc79db,ed983dd8-8ee1-4240-bb89-a84db2b406e2,URO,Urology,1539,823
27431a0a-bd9d-43f9-98f1-6b9ffc6772a3,3c8687da-be51-4a29-9221-be1dbe037dc6,MED,General Medicine,820,1080
7a0b4e99-97aa-41c1-bec0-9d7c92d047d0,3c8687da-be51-4a29-9221-be1dbe037dc6,GS,General Surgery,1805,248
5fcea626-9715-4a03-9442-2c385bb5287f,9adb0638-8214-4db4-920b-e2a1d52305be,OBG,Obstetrics & Gynaecology,1973,456
3b7e2c38-f5d1-4074-a91c-9b977442697a,9adb0638-8214-4db4-920b-e2a1d52305be,ORTH,Orthopaedics,1741,1665
582536bd-393f-47b2-8260-eebf76255b7f,b9139cfd-a86b-4326-be90-1c5eb69696ab,OBG,Obstetrics & Gynaecology,745,578
9930c552-172e-46e5-8dcc-00cb2b0d28dc,b9139cfd-a86b-4326-be90-1c5eb69696ab,MED,General Medicine,1931,528
b8451267-a5a4-4185-bb10-a9812cf6ccf7,b9139cfd-a86b-4326-be90-1c5eb69696ab,OPTH,Ophthalmology,273,972
11995b56-064d-4788-bb8f-434faaaf7ca8,b9139cfd-a86b-4326-be90-1c5eb69696ab,URO,Urology,880,148
5ff97438-edb9-4a73-b11e-df4682fc0031,b9139cfd-a86b-4326-be90-1c5eb69696ab,GS,General Surgery,223,170
ab61657d-4dd7-4c7f-b551-3f994cde1ecf,8be68d63-128e-4cdd-a827-cbd619567b0c,URO,Urology,177,874
495541ac-5be6-4dfb-bfb4-96c9fbb130cf,8be68d63-128e-4cdd-a827-cbd619567b0c,ONCO,Oncology,783,1662
de65b4ad-24e7-48c0-84c6-db1042fb9bef,8be68d63-128e-4cdd-a827-cbd619567b0c,OBG,Obstetrics & Gynaecology,1705,1463
bd0cec8c-5718-4c3c-ae99-ab92916d2804,8be68d63-128e-4cdd-a827-cbd619567b0c,MED,General Medicine,1867,1298
c052365e-da97-477c-9f58-3769d3169e37,8be68d63-128e-4cdd-a827-cbd619567b0c,NEURO,Neurology,1198,806
9822f681-6fd9-4618-8518-9fa1cdbfe5b9,8be68d63-128e-4cdd-a827-cbd619567b0c,ORTH,Orthopaedics,1427,450
8744bd25-3877-4f2c-a5b7-0b32533da51b,8be68d63-128e-4cdd-a827-cbd619567b0c,PEDS,Paediatrics,1439,1267
0b64d72a-91d7-4699-b93b-ab0951ca7ead,bb62119d-e3a6-45bf-9d6d-8e722462c368,OPTH,Ophthalmology,1960,1133
67dba1b4-e2c6-4bbd-a514-1e7fd43104a9,8e2d2656-b44d-4607-baa4-996f08b2a920,URO,Urology,1553,1440
679a65d3-51e9-4b14-b069-efe6f2f09c78,3ce1ff8c-8fbe-4cc9-a998-c11a1a878d8a,PEDS,Paediatrics,1995,1084
9e614e98-a2d9-47c6-8f09-3dd5916eb11b,3ce1ff8c-8fbe-4cc9-a998-c11a1a878d8a,CARD,Cardiology,538,1673
450994db-b2b2-4cdc-9ef9-140dfa5a7d19,3ce1ff8c-8fbe-4cc9-a998-c11a1a878d8a,MED,General Medicine,367,1258
91efbc68-00bd-4fcd-8152-9608d0e9613e,3ce1ff8c-8fbe-4cc9-a998-c11a1a878d8a,OBG,Obstetrics & Gynaecology,1081,1372
facd6c7d-b5c7-46bd-838e-5bd5e62d2656,8c2900a2-2dbd-4876-9ba5-e438fa096e8c,NEURO,Neurology,1476,52
aafd938d-b0a6-48da-b77b-eadbb0c22f5f,8c2900a2-2dbd-4876-9ba5-e438fa096e8c,OBG,Obstetrics & Gynaecology,1061,1074
a02353ed-744a-442b-b77b-02465eb5bf0a,8c2900a2-2dbd-4876-9ba5-e438fa096e8c,MED,General Medicine,121,71
10863254-5cd6-49ef-8ef6-6ffa2197921f,8c2900a2-2dbd-4876-9ba5-e438fa096e8c,GS,General Surgery,1983,1534
03b2a62a-e336-4fe2-836d-a69957902ef0,01ebee83-e189-4691-bab6-13f4932e3007,GS,General Surgery,599,1557
e4f3c84c-8cc3-49ed-954f-8e5a1520d83f,01ebee83-e189-4691-bab6-13f4932e3007,OBG,Obstetrics & Gynaecology,1886,1431
77873f47-9d4b-4854-9791-c508e93d716f,01ebee83-e189-4691-bab6-13f4932e3007,OPTH,Ophthalmology,862,1385
8b04de0f-0970-48ee-af46-3090eeb41587,c3c87057-ad80-436c-b027-b677c15af5b0,ORTH,Orthopaedics,892,1037
48da5869-3821-4c0e-b227-43e58c101fc0,c3c87057-ad80-436c-b027-b677c15af5b0,GS,General Surgery,1773,1129
48ea86df-2267-4ebc-b1df-92e781ec56fc,4262d8ff-60e4-4b7f-ae17-a2e046df8613,ENT,ENT,1459,1141
47b05fbe-d39a-48f3-bfc5-28ed28c8a917,4262d8ff-60e4-4b7f-ae17-a2e046df8613,URO,Urology,1000,748
5ac49ab1-0cfa-4392-bf47-cd3c34a6a531,4262d8ff-60e4-4b7f-ae17-a2e046df8613,MED,General Medicine,210,936
22a994de-4c14-4539-bfc1-58769b0ba4c2,0848e5cf-8804-47df-9958-75c7427e8a3d,PEDS,Paediatrics,333,1678
b31ccfb8-59e5-4e88-b7c4-bb8a0c2d363a,0848e5cf-8804-47df-9958-75c7427e8a3d,OBG,Obstetrics & Gynaecology,1383,1123
7b564d7a-858c-4235-8f94-4182e0594b2a,0848e5cf-8804-47df-9958-75c7427e8a3d,ORTH,Orthopaedics,876,764
5c37de0f-3771-430d-93d8-380c640478cb,0848e5cf-8804-47df-9958-75c7427e8a3d,CARD,Cardiology,1113,732
f8af7fdb-a2c9-44b8-928b-cd2b0961d38d,0e775a8c-edf8-4cad-9a3a-06da2fd9543f,PEDS,Paediatrics,1935,888
ebbf385f-c25b-4f88-909b-b19b19d36d2a,0e775a8c-edf8-4cad-9a3a-06da2fd9543f,ENT,ENT,877,1706
32f42a73-5d02-4032-aad9-583b0fd7ec93,dc191247-d0ae-454b-8603-e8fd00c1b91d,OPTH,Ophthalmology,838,1506
c7a63c01-7776-4658-ae4d-33ab0b685582,dc191247-d0ae-454b-8603-e8fd00c1b91d,MED,General Medicine,203,84
ee914146-b62e-40e8-ba4e-5f50caf6a606,147e8f13-860d-45f6-85d2-66035d3f20bd,CARD,Cardiology,487,285
5fd50735-56e4-4b8b-9c64-9674926b1035,147e8f13-860d-45f6-85d2-66035d3f20bd,ONCO,Oncology,765,1136
975a0bef-076d-453f-996b-2a608ac24b58,147e8f13-860d-45f6-85d2-66035d3f20bd,GS,General Surgery,1948,724
7dae058e-98fd-48cf-b542-3bdd1f563009,147e8f13-860d-45f6-85d2-66035d3f20bd,MED,General Medicine,751,934
07b2c2ba-9b3c-44ba-88f9-cfa29a981a34,147e8f13-860d-45f6-85d2-66035d3f20bd,ORTH,Orthopaedics,131,1621
e03c272e-b374-45cf-913e-9d1c4a60a3b8,147e8f13-860d-45f6-85d2-66035d3f20bd,OBG,Obstetrics & Gynaecology,1556,780
151b809b-86c3-40d4-9a19-f8de81f12189,32536ac4-c916-4805-bf22-7f9facafca42,URO,Urology,1677,178
646a3002-0ea0-4b7c-97c9-420ede002d22,32536ac4-c916-4805-bf22-7f9facafca42,GS,General Surgery,258,734
63ec0c4c-4ab1-4970-9a73-01ab731e9fd0,32536ac4-c916-4805-bf22-7f9facafca42,BURNS,Burns & Plastic Surgery,699,1357
2406ff00-1325-4df5-b015-94ac47714b04,7e18c107-d87e-4765-98f3-39d6dca8d4ee,ONCO,Oncology,225,1155
00a7c551-856e-404d-905d-7a06bd91fc63,7e18c107-d87e-4765-98f3-39d6dca8d4ee,ORTH,Orthopaedics,1288,160
59885e4e-7922-424d-9b3c-861cbff3b50d,6967284a-0de9-48cb-a5f3-502ca4965c0d,GS,General Surgery,301,1630
c9062aaa-f12a-4d0a-b710-3678f040b45a,6967284a-0de9-48cb-a5f3-502ca4965c0d,OBG,Obstetrics & Gynaecology,1254,1493
6d027f82-2083-41e2-a4d0-0bcfa684ced1,66dae4d3-f113-4c1c-9dc8-1ddc5a865a5b,CARD,Cardiology,527,923
b36d32c4-831e-4ce2-8667-07bea9bc491e,66dae4d3-f113-4c1c-9dc8-1ddc5a865a5b,GS,General Surgery,682,1223
b681739a-d64f-4228-8793-cc5add0d0e78,66dae4d3-f113-4c1c-9dc8-1ddc5a865a5b,NEURO,Neurology,1044,1044
6d4677af-e7ec-4c52-b3af-85cd32586458,f37ef077-1999-46e4-8c2c-ca943d522d04,GS,General Surgery,1843,1148
2cff6284-ea79-4d2d-a5c0-f5185551b2c2,f37ef077-1999-46e4-8c2c-ca943d522d04,NEURO,Neurology,1175,1271
a5aada27-9010-4740-8120-79bb97166506,f37ef077-1999-46e4-8c2c-ca943d522d04,CARD,Cardiology,1734,1550
beb846d0-a16c-43e3-81c5-a20b16c47e7a,f37ef077-1999-46e4-8c2c-ca943d522d04,ENT,ENT,630,56
4e395335-5cdb-49f2-9a04-00521e7c5b87,f37ef077-1999-46e4-8c2c-ca943d522d04,DERM,Dermatology,1505,1019
ce86a2d1-bcab-4ee4-b0a5-600ae9fe158c,e775dad7-949b-4519-b9a4-c3bf6c98055e,MED,General Medicine,646,882
91884dea-4f25-4aa1-b2a8-6da5810e5ccb,e775dad7-949b-4519-b9a4-c3bf6c98055e,CARD,Cardiology,1941,390
e1c51f8c-9a2c-4271-a92d-a16b2192eed9,e775dad7-949b-4519-b9a4-c3bf6c98055e,GS,General Surgery,105,1350
a7de382e-f515-496e-8530-da1da290c2e2,e775dad7-949b-4519-b9a4-c3bf6c98055e,OBG,Obstetrics & Gynaecology,1455,1264
83cc2967-7f1a-4f21-8fdb-30b9600f4922,e775dad7-949b-4519-b9a4-c3bf6c98055e,ORTH,Orthopaedics,1337,1684
bff422fd-1c95-401f-bf9f-bfad7b783065,b82951e4-9794-4974-a95a-8941775bfa33,NEPHRO,Nephrology,1467,846
8ac608ab-5c25-4cba-80cf-be8874d341a7,b82951e4-9794-4974-a95a-8941775bfa33,PEDS,Paediatrics,185,1065
774a3cc2-33b7-48a3-a55b-73f5d62774b8,b82951e4-9794-4974-a95a-8941775bfa33,GS,General Surgery,1285,1671
ccab53bb-0f83-4975-ba0b-752f6e4364cd,c5e8f573-a35c-4f59-b296-423d35e2a503,GS,General Surgery,277,314
82b366fb-3530-4e16-bf6c-9786a6a86380,c5e8f573-a35c-4f59-b296-423d35e2a503,ORTH,Orthopaedics,887,1716
7b0f2266-d3dc-4aba-9383-1fb4f92f52e4,c5e8f573-a35c-4f59-b296-423d35e2a503,OBG,Obstetrics & Gynaecology,1299,320
39c120f5-7d62-43df-8817-8169c204e5a1,c5e8f573-a35c-4f59-b296-423d35e2a503,MED,General Medicine,1021,667
de2d2729-60fa-408d-bff4-6653b8352f29,a91e761e-c0bd-446e-b9ee-b293ce8f2cf8,ORTH,Orthopaedics,1333,1340
6b2e3537-59ef-422c-b3de-5b73ddf97a57,a91e761e-c0bd-446e-b9ee-b293ce8f2cf8,CARD,Cardiology,1245,321
5461d5a6-7f79-4ff7-ab2f-c342cc80c4ab,a91e761e-c0bd-446e-b9ee-b293ce8f2cf8,GS,General Surgery,1743,144
1267d37a-216e-42fb-83b2-14ae2034cf2f,a91e761e-c0bd-446e-b9ee-b293ce8f2cf8,MED,General Medicine,1362,190
a367ad8e-51a7-489e-9fbc-1d2ffc1f7431,e06a0ad3-d515-4d3b-a763-716b2ea04899,OBG,Obstetrics & Gynaecology,419,1721
c194a8cb-1f18-4da7-b7d0-713101d46a97,e06a0ad3-d515-4d3b-a763-716b2ea04899,GS,General Surgery,52,1638
6392d4b3-8482-42e6-82f1-5db8be047f7f,e06a0ad3-d515-4d3b-a763-716b2ea04899,NEURO,Neurology,1095,1675
976ecfca-b025-48fc-8067-1b79adac6d2c,e06a0ad3-d515-4d3b-a763-716b2ea04899,URO,Urology,421,723
21acf5dc-6e75-4ffa-aecc-3b57ba01d90f,e06a0ad3-d515-4d3b-a763-716b2ea04899,ENT,ENT,1128,454
e028df1c-057a-49de-b92f-df14a884c923,7ade0625-920e-4c17-9c49-26b5460ba358,OBG,Obstetrics & Gynaecology,1032,424
3bca3d7f-70fd-4380-97a3-3be99297cd30,7ade0625-920e-4c17-9c49-26b5460ba358,NEURO,Neurology,852,1283
98533692-16a2-4817-9ac1-11c543d71a47,7ade0625-920e-4c17-9c49-26b5460ba358,GS,General Surgery,1231,1113
5c77fb5c-3fad-4208-a8bb-0a5ca1da1cae,3f6e8f71-4b5e-412c-8c2d-e44ba17b6595,OBG,Obstetrics & Gynaecology,1726,1001
8bc060b8-9585-4190-afdd-886fd0e2ddab,3f6e8f71-4b5e-412c-8c2d-e44ba17b6595,MED,General Medicine,392,1593
0165cba0-091e-4dc7-99f8-3eb58e7295d7,3f6e8f71-4b5e-412c-8c2d-e44ba17b6595,GS,General Surgery,371,1515
59a9b045-980b-4578-afc1-32d704d35a73,3f6e8f71-4b5e-412c-8c2d-e44ba17b6595,ORTH,Orthopaedics,1153,113
660f7686-6b80-4cad-beed-6874478f9c12,3f6e8f71-4b5e-412c-8c2d-e44ba17b6595,DERM,Dermatology,1086,372
a0040c35-18fa-4e95-89d6-2a3983c71770,3f6e8f71-4b5e-412c-8c2d-e44ba17b6595,CARD,Cardiology,212,911
c138368f-9bdd-4317-90d7-5735d26ab767,04708f67-9623-4cbd-b6ba-dea7faf258a3,OPTH,Ophthalmology,343,1072
ccf54cdb-116e-41f6-82fa-887d28ad8d0c,04708f67-9623-4cbd-b6ba-dea7faf258a3,GS,General Surgery,671,480
f24c198a-33b6-44cf-9114-a8ed1736312c,5555d654-8be5-478d-9d4b-bb7fd625d29a,OPTH,Ophthalmology,1810,801
97a5ea82-42dc-4e18-b22e-2aad6ef0e763,5555d654-8be5-478d-9d4b-bb7fd625d29a,ENT,ENT,1437,166
9ed57040-83b0-434b-813c-3c9b7fba48e0,5555d654-8be5-478d-9d4b-bb7fd625d29a,MED,General Medicine,759,1186
a16631ca-e935-4460-82ae-bc001fe11156,5555d654-8be5-478d-9d4b-bb7fd625d29a,ORTH,Orthopaedics,1927,1280
4dfdf322-43d7-468d-a206-9673a79404a4,5555d654-8be5-478d-9d4b-bb7fd625d29a,CARD,Cardiology,1349,1434
2a61978c-1422-4bab-8a80-e394c25d1782,d13d6915-8473-4197-ace7-e2e62cdecb96,GS,General Surgery,1011,139
f3862dfe-d221-44a1-90b8-ae123d5929a5,d13d6915-8473-4197-ace7-e2e62cdecb96,OPTH,Ophthalmology,1648,604
36ed89ac-d4ed-4a1d-b536-8276a78bee31,ab21d38b-3945-4717-b1c9-c068f33a80f2,CARD,Cardiology,1578,826
73fe37af-3d07-416d-a7a9-2f9ab6d6b190,ab21d38b-3945-4717-b1c9-c068f33a80f2,BURNS,Burns & Plastic Surgery,1546,162
f7f2b782-7bd5-4f68-8365-51f1dcfb3502,ab21d38b-3945-4717-b1c9-c068f33a80f2,NEPHRO,Nephrology,1117,1796
9d383364-ae81-43bb-b8e5-c45f407c3161,ab21d38b-3945-4717-b1c9-c068f33a80f2,PEDS,Paediatrics,1338,374
341427b0-83a6-4409-985b-345bd2f58165,ab21d38b-3945-4717-b1c9-c068f33a80f2,GS,General Surgery,493,848
e3bba4f1-a963-4141-a51b-ebb8a6ed8857,ab21d38b-3945-4717-b1c9-c068f33a80f2,OPTH,Ophthalmology,1374,121
f0e48c68-037c-459f-ad83-43a1e2913834,6a79cf0f-7f1e-433a-ac0f-d0edfbb790ed,URO,Urology,601,1092
12d388c5-a8bd-4d90-a4a9-ff352cf6ac95,6a79cf0f-7f1e-433a-ac0f-d0edfbb790ed,ONCO,Oncology,1158,363
9c2dd495-ef81-445d-a34e-4ff646adbed4,6a79cf0f-7f1e-433a-ac0f-d0edfbb790ed,ORTH,Orthopaedics,427,211
2a9cdd22-42ed-4bdd-827b-73511e463532,f4a39fd5-b6fd-4bbe-8b17-ee66e42185d8,ORTH,Orthopaedics,1026,952
d6622fb8-bae2-4865-b9a3-802bc8337e8e,f4a39fd5-b6fd-4bbe-8b17-ee66e42185d8,CARD,Cardiology,429,1062
01962e82-f5a9-437c-8c78-bb8bf51b9db3,f4a39fd5-b6fd-4bbe-8b17-ee66e42185d8,ONCO,Oncology,1604,781
a64185b5-f7ad-4569-ac17-07781170e4aa,f4a39fd5-b6fd-4bbe-8b17-ee66e42185d8,OPTH,Ophthalmology,740,1560
5ccc33eb-e2d9-45cc-9c16-87f49d2cfda6,b311f10f-94e5-4859-963d-6349b6d9acca,ENT,ENT,1437,379
8078b42b-0034-4eb6-acaa-7332108e21f4,b311f10f-94e5-4859-963d-6349b6d9acca,PEDS,Paediatrics,112,841
3a2a93ed-80b6-445d-928b-57e610e2d270,b311f10f-94e5-4859-963d-6349b6d9acca,OBG,Obstetrics & Gynaecology,860,1149
8d35b87b-290d-4b7a-bb77-025a0b1dc13c,b311f10f-94e5-4859-963d-6349b6d9acca,GS,General Surgery,1697,1270
51cfac9e-ccda-49cf-8454-458dda0799ca,588a58d8-6eae-4972-a4e3-77e30ffa3e3c,CARD,Cardiology,193,1536
7b84fa87-8dd2-44fd-bf17-03a12194ddd0,588a58d8-6eae-4972-a4e3-77e30ffa3e3c,ONCO,Oncology,488,1125
11744f56-85be-4b5e-8022-64ed1baea5d1,588a58d8-6eae-4972-a4e3-77e30ffa3e3c,NEURO,Neurology,155,1748
fe16a791-1c21-4baa-9e8c-cf7f45f48282,588a58d8-6eae-4972-a4e3-77e30ffa3e3c,OBG,Obstetrics & Gynaecology,58,1289
ebc1b707-65eb-4b85-b428-68d960e9ed99,588a58d8-6eae-4972-a4e3-77e30ffa3e3c,MED,General Medicine,879,54
34ae312c-cbdd-4a48-9b0c-5ac5e54c1f06,b8bb53ec-7b96-4261-9bdd-39c9b8e48c9c,OBG,Obstetrics & Gynaecology,893,615
4bb842a0-4484-48c4-bdf2-17880bb80893,b8bb53ec-7b96-4261-9bdd-39c9b8e48c9c,OPTH,Ophthalmology,1731,226
030354e4-e69b-4bc8-b5b3-c32650c38685,b8bb53ec-7b96-4261-9bdd-39c9b8e48c9c,URO,Urology,1262,1127
66417f87-f752-4a73-b41f-51b7c67fb58a,ef28273f-7695-4530-bcc3-0c89203e1552,ORTH,Orthopaedics,661,1229
86f9601e-1b6d-4d99-bb76-64a64b28ec80,ef28273f-7695-4530-bcc3-0c89203e1552,URO,Urology,1011,811
861f1bf0-27fb-402f-b108-96599e91f14a,ef28273f-7695-4530-bcc3-0c89203e1552,CARD,Cardiology,1911,444
fe8b1bb5-1925-4738-a7d9-a31989942c44,ef28273f-7695-4530-bcc3-0c89203e1552,DERM,Dermatology,1235,1380
e999b4a2-7f04-42ab-bfb3-807e42377050,ef28273f-7695-4530-bcc3-0c89203e1552,OBG,Obstetrics & Gynaecology,1081,486
65db1f37-8021-46d5-8f71-1f15c1536a2c,ef28273f-7695-4530-bcc3-0c89203e1552,PEDS,Paediatrics,1130,676
7539b398-d18c-473a-85f4-3fd626e94ea7,cccef36f-0564-4e3f-8e1e-166c86a895ef,OPTH,Ophthalmology,873,165
320a3331-651b-4a20-abec-3e1db0798afc,cccef36f-0564-4e3f-8e1e-166c86a895ef,CARD,Cardiology,1476,1138
61afc376-1793-4e6b-8038-180b5e99db3c,cccef36f-0564-4e3f-8e1e-166c86a895ef,OBG,Obstetrics & Gynaecology,518,283
6da9e6a4-a5ac-4058-9217-7b0f90022dcb,b1aa3128-ec24-441c-9f91-c0d173ec2e65,ONCO,Oncology,1719,1287
63ee693d-4b30-4db0-a8a4-7cab587726b9,b1aa3128-ec24-441c-9f91-c0d173ec2e65,MED,General Medicine,879,1119
1cb0fb79-cae1-43a9-b62e-0649ae15ff16,b1aa3128-ec24-441c-9f91-c0d173ec2e65,OBG,Obstetrics & Gynaecology,258,1005
5eb1d52f-1544-4040-b27f-6c3ddd2a8fc5,b2903e45-442e-4dc9-b7e2-94c999ac28d8,ORTH,Orthopaedics,1583,387
a40028fd-d6bf-4142-acd9-5f564765ef81,b2903e45-442e-4dc9-b7e2-94c999ac28d8,MED,General Medicine,953,1513
48a441df-ece7-4d9c-a674-0718c05d61bc,b2903e45-442e-4dc9-b7e2-94c999ac28d8,OBG,Obstetrics & Gynaecology,1207,336
31b137d1-0f62-4e3d-87ea-63ff735e274b,b2903e45-442e-4dc9-b7e2-94c999ac28d8,PEDS,Paediatrics,227,991
2eead7e9-edbe-4a9f-986e-74cf91f25d8d,f36e39cb-f13a-43be-92b2-8a4c46a467e2,GS,General Surgery,1709,1142
880ddf39-dc23-45d7-885b-cac5cbb9ed73,f36e39cb-f13a-43be-92b2-8a4c46a467e2,MED,General Medicine,1505,410
b1733fc9-2e76-4540-a003-1e4068b7eade,f36e39cb-f13a-43be-92b2-8a4c46a467e2,NEURO,Neurology,1436,1518
1467f583-0b12-4a41-bce1-ff8992f1baed,f36e39cb-f13a-43be-92b2-8a4c46a467e2,OPTH,Ophthalmology,501,1635
4ec5f6cc-b6f4-45b8-aec4-4e50b06b7e96,f36e39cb-f13a-43be-92b2-8a4c46a467e2,CARD,Cardiology,565,1036
49f936b8-0784-47c8-be95-72f15b7924fb,f36e39cb-f13a-43be-92b2-8a4c46a467e2,ORTH,Orthopaedics,1421,1128
2b7ad636-0f51-457d-b26a-4cedf0ac37ff,9333300c-391b-456e-85ee-4a23b83df8e0,OBG,Obstetrics & Gynaecology,65,525
dd411cfe-a91f-4d28-85e8-98768259e5a6,9333300c-391b-456e-85ee-4a23b83df8e0,OPTH,Ophthalmology,961,1423
8d961c48-aad6-4978-b58e-6f7a233e6263,9333300c-391b-456e-85ee-4a23b83df8e0,NEURO,Neurology,1885,455
3f800e01-cf71-495c-a976-b19b9cd29ef6,aaf1df79-ec74-4f05-b724-5e9ec1f2c287,DERM,Dermatology,749,1511
a52ca31d-0a8a-4a63-aa59-a6a93f749606,aaf1df79-ec74-4f05-b724-5e9ec1f2c287,ORTH,Orthopaedics,75,232
b22ffe76-51a3-431c-9f51-ef55916cc45c,aaf1df79-ec74-4f05-b724-5e9ec1f2c287,GS,General Surgery,1695,841
718457c4-8282-4450-b53c-999e13ad5334,aaf1df79-ec74-4f05-b724-5e9ec1f2c287,OBG,Obstetrics & Gynaecology,538,1010
64f599ee-4615-42ef-b296-eea9d6d02eba,25a3f989-e430-401f-9131-376f1cd8ff63,NEURO,Neurology,625,1472
aec9d3db-e630-47f8-923e-6956944236bb,25a3f989-e430-401f-9131-376f1cd8ff63,DERM,Dermatology,1430,329
f2a64aaa-b241-48c0-8f40-2e2ec7ebb55c,25a3f989-e430-401f-9131-376f1cd8ff63,OBG,Obstetrics & Gynaecology,1290,374
15ad2b98-56c4-4bfc-bff7-9b6a48cdc31d,88aa76d4-a5a2-42d8-9d91-464c99d9aa38,ENT,ENT,999,935
e715c4e3-e97c-443c-aec9-8805514f008f,88aa76d4-a5a2-42d8-9d91-464c99d9aa38,OBG,Obstetrics & Gynaecology,535,165
4d4d295e-307f-4a7b-be71-b288ae38487a,88aa76d4-a5a2-42d8-9d91-464c99d9aa38,ONCO,Oncology,1663,214
a3467698-325a-4a3e-bb5e-5ee10f47ff42,5e4b493b-25cd-4a22-8924-51c3c6697718,OPTH,Ophthalmology,1297,1451
ecac02b7-69b0-4f59-aeba-4fd016e9776c,5e4b493b-25cd-4a22-8924-51c3c6697718,ORTH,Orthopaedics,966,96
3c798e23-4e0e-43a7-917d-5c008191f653,5e4b493b-25cd-4a22-8924-51c3c6697718,OBG,Obstetrics & Gynaecology,375,1257
3eda01b3-9c3a-469b-879d-a37adaf2cac6,12b55e6b-1f5b-476b-8735-653792d91639,OBG,Obstetrics & Gynaecology,233,246
99a82d4f-393b-49ab-8a3d-c056cc5a83df,12b55e6b-1f5b-476b-8735-653792d91639,MED,General Medicine,1665,584
8a9be874-5568-4f17-8095-abb16e51b0e9,12b55e6b-1f5b-476b-8735-653792d91639,NEURO,Neurology,960,761
0db93fd9-3d24-45be-853b-ec87577d34ff,204d0dec-2428-43c3-9d83-f0299b9486f7,DERM,Dermatology,1843,1350
441fa4eb-7f37-40be-aaa3-9bd50cb04df6,204d0dec-2428-43c3-9d83-f0299b9486f7,ENT,ENT,1316,673
cf1127e0-f35b-436d-8d67-84b3261d4fdf,204d0dec-2428-43c3-9d83-f0299b9486f7,OBG,Obstetrics & Gynaecology,1072,674
0e1f5924-af09-425c-83e3-10718c56780f,204d0dec-2428-43c3-9d83-f0299b9486f7,CARD,Cardiology,1377,244
0abf4ae0-846b-4c2a-be6f-2914febc09b2,204d0dec-2428-43c3-9d83-f0299b9486f7,GS,General Surgery,1673,627
c25cec43-cf91-4e7f-a8b9-007a6718a1e3,9fa6ed63-66b7-4f8b-a1a8-6307316296a8,BURNS,Burns & Plastic Surgery,1450,514
51f46bd7-da0f-4765-965a-86c040be9ab7,9fa6ed63-66b7-4f8b-a1a8-6307316296a8,ORTH,Orthopaedics,985,1670
b316fb21-5430-42fa-a750-abb487a0f3e2,9fa6ed63-66b7-4f8b-a1a8-6307316296a8,CARD,Cardiology,1366,428
0734fbca-37cc-4650-a783-2b1c7cd585af,34dbc358-44de-45b3-8185-99e0856b2a0a,PEDS,Paediatrics,1095,1751
28d3f626-e8be-4107-b692-9cc4746e7ccc,34dbc358-44de-45b3-8185-99e0856b2a0a,OBG,Obstetrics & Gynaecology,1606,805
f87d8902-b8af-42af-97a6-792a15da4a96,34dbc358-44de-45b3-8185-99e0856b2a0a,ORTH,Orthopaedics,1183,1518
1e7e7a6f-72e5-4b78-a9de-5d8dfdbe5de7,f399ac92-a52b-4638-8e5e-362ac45c47a9,CARD,Cardiology,1166,755
84fac77f-82ca-44c5-9bf9-2fe87cff52e3,f399ac92-a52b-4638-8e5e-362ac45c47a9,PEDS,Paediatrics,879,1659
4f352d3c-5b6c-4b65-89b8-645d1410cbf2,af9c4663-08cd-4aa8-a9b0-5d4a9f1c3441,MED,General Medicine,1395,525
a90064e3-5df6-4881-8301-88b8de1e1f9d,af9c4663-08cd-4aa8-a9b0-5d4a9f1c3441,PSYCH,Psychiatry,531,283
a04fe049-c045-44de-8fb8-f89303973002,af9c4663-08cd-4aa8-a9b0-5d4a9f1c3441,PEDS,Paediatrics,1935,1460
499dbf6c-8f5b-40ad-843a-2ea1ad9852c7,af9c4663-08cd-4aa8-a9b0-5d4a9f1c3441,GS,General Surgery,1108,1661
a5607b64-bcf0-4f20-a745-e647647d19db,af9c4663-08cd-4aa8-a9b0-5d4a9f1c3441,URO,Urology,599,676
bb2a8d54-d6a8-4b20-8e25-1757a5f24dd2,59feb58f-10b2-44b7-95ec-9961cdd9cb34,PEDS,Paediatrics,1551,1641
64b5b941-0e8a-46a5-9adc-254d16e3cadb,59feb58f-10b2-44b7-95ec-9961cdd9cb34,URO,Urology,1168,857
ba378811-654b-4881-9128-2080f4c1a3e9,59feb58f-10b2-44b7-95ec-9961cdd9cb34,GS,General Surgery,992,290
59bd064e-d497-491f-bde0-7a9dec861c3e,9b5aec1c-f59c-4cbe-b343-a4d10f65aa9e,NEPHRO,Nephrology,1785,552
1ac513ac-3981-4535-ae8f-c222bf8f1c5d,9b5aec1c-f59c-4cbe-b343-a4d10f65aa9e,URO,Urology,1588,190
3a7a63ee-20fc-432a-803c-caf79b6da2ec,9c496e68-ffd7-4bc9-bf67-3498c1551012,GS,General Surgery,1122,1795
e72457a8-084e-42d3-9e6d-e0c681297b92,9c496e68-ffd7-4bc9-bf67-3498c1551012,URO,Urology,1654,864
546a2cbc-0529-4fd0-985f-ae11de3d675a,9c496e68-ffd7-4bc9-bf67-3498c1551012,ONCO,Oncology,263,1613
37fe775a-c283-4a6d-9e2e-f511ba93cdc7,9c496e68-ffd7-4bc9-bf67-3498c1551012,OBG,Obstetrics & Gynaecology,599,362
03c44a4a-cd1c-471e-907b-b1be1a4ceb65,9c496e68-ffd7-4bc9-bf67-3498c1551012,ENT,ENT,1018,1648
a15641ae-6618-4035-8e91-a3cf2214a139,9c496e68-ffd7-4bc9-bf67-3498c1551012,MED,General Medicine,352,1385
443e9bd4-96e6-4bd1-b442-22851d388a55,98f30103-c1c1-4ca1-abc0-d45e6011bbe5,ENT,ENT,1846,1289
534da16f-8b37-452d-8f66-b6ec86586b4d,98f30103-c1c1-4ca1-abc0-d45e6011bbe5,ONCO,Oncology,1884,1329
38ef06fa-2810-424e-ba34-ad4bdd684316,98f30103-c1c1-4ca1-abc0-d45e6011bbe5,ORTH,Orthopaedics,1500,304
42484a65-f55b-48ce-ab05-df8ef869d78b,98f30103-c1c1-4ca1-abc0-d45e6011bbe5,OPTH,Ophthalmology,231,870
a34f5580-5d9a-493d-8c3f-b9de17eed61e,ebb52fbc-b517-485b-b021-7ba799124c1b,ONCO,Oncology,1965,663
8f80e535-f64a-4238-a167-997fcbed6433,ebb52fbc-b517-485b-b021-7ba799124c1b,OBG,Obstetrics & Gynaecology,1189,1329
894a04a2-8644-47a5-81f8-97ce749f4eb1,ebb52fbc-b517-485b-b021-7ba799124c1b,MED,General Medicine,747,557
f84ca760-f7b0-4413-8afe-d94f6d1517a6,4b4e4e27-1afd-49a5-a213-7eec78fdd5ea,MED,General Medicine,415,745
ef1735a6-d00b-44f3-a178-09e727709083,4b4e4e27-1afd-49a5-a213-7eec78fdd5ea,ENT,ENT,65,1071
45fdf9a9-0bed-4f3d-8c65-765de848fd83,70d8413d-6cee-47a1-8dca-499191c83394,OBG,Obstetrics & Gynaecology,561,109
438dd463-a0ee-4fd8-a705-5f9b7522afc4,70d8413d-6cee-47a1-8dca-499191c83394,PEDS,Paediatrics,810,933
3dd6a967-81de-42c7-b68a-e90ab893ee90,70d8413d-6cee-47a1-8dca-499191c83394,CARD,Cardiology,1731,755
76b19498-23ed-4b9c-96e1-611f00902dde,70d8413d-6cee-47a1-8dca-499191c83394,GS,General Surgery,143,962
f1ef0710-926e-4faa-9df2-09c1893ef98d,70d8413d-6cee-47a1-8dca-499191c83394,MED,General Medicine,1921,972
dee0ed28-6470-4d5b-b208-b29177415580,a85182ea-39a5-4653-b72c-0a3cf60c8bdb,OPTH,Ophthalmology,809,1707
50fc1d37-2183-431c-933d-422021e6d500,a85182ea-39a5-4653-b72c-0a3cf60c8bdb,CARD,Cardiology,1287,1371
74022415-ce53-41a5-804a-e33ed2420f98,a85182ea-39a5-4653-b72c-0a3cf60c8bdb,OBG,Obstetrics & Gynaecology,664,1018
27de543a-a058-4971-96e9-c24760a5e657,acf54909-f429-4c8a-8b44-561e9ab988b9,OPTH,Ophthalmology,763,430
bf224d16-3334-40b3-b04b-7c775e7118a3,acf54909-f429-4c8a-8b44-561e9ab988b9,OBG,Obstetrics & Gynaecology,1341,472
71cc0b38-4b2e-4667-a4e8-fdf9c75376b7,acf54909-f429-4c8a-8b44-561e9ab988b9,ONCO,Oncology,1121,1763
d01a5e09-573c-4fda-9fe9-34dd62fc365f,acf54909-f429-4c8a-8b44-561e9ab988b9,URO,Urology,1971,949
1cd9e41b-4483-471f-bbb3-54db185c2387,acf54909-f429-4c8a-8b44-561e9ab988b9,CARD,Cardiology,83,1200
75c0f241-cd4f-4a1c-8190-a4774150e7b3,acf54909-f429-4c8a-8b44-561e9ab988b9,PEDS,Paediatrics,1974,1081
18df1a4f-f924-4917-9a10-910cd6ca31d1,8d495549-7062-42a0-9e4e-44aeb67e59c4,GS,General Surgery,257,976
1014487b-4673-45b7-aa6d-461a5692aa52,8d495549-7062-42a0-9e4e-44aeb67e59c4,OPTH,Ophthalmology,992,1458
42d50026-8bbf-4b46-aaa2-0760b762d899,8d495549-7062-42a0-9e4e-44aeb67e59c4,ORTH,Orthopaedics,784,838
c6a492e4-efe3-47b5-af10-d019d6d0cda5,f3cfe0e0-227e-4fe0-966e-6015b1c1e599,GS,General Surgery,1955,1566
3057c1b5-9384-4636-b99d-b1d3301d9da8,f3cfe0e0-227e-4fe0-966e-6015b1c1e599,OBG,Obstetrics & Gynaecology,139,1586
014735a8-1da7-4dba-84ec-741a5339cd18,38649307-865a-4a7e-aa7f-91fd66ad2b69,NEURO,Neurology,910,52
261fbbc6-ab12-437f-a44a-5d56bd97193a,38649307-865a-4a7e-aa7f-91fd66ad2b69,PEDS,Paediatrics,1720,1659
1b1a693d-ce3c-4098-9c96-ccf7890fe192,38649307-865a-4a7e-aa7f-91fd66ad2b69,OPTH,Ophthalmology,943,1571
3631a05c-5f45-427f-a4ad-6e757b02a1ce,38649307-865a-4a7e-aa7f-91fd66ad2b69,ORTH,Orthopaedics,233,202
f8909532-1ce3-4e0e-b059-9747c0c0af27,38649307-865a-4a7e-aa7f-91fd66ad2b69,ONCO,Oncology,637,1314
0f2246e8-3f7e-43c0-a457-0e06f40ac9b8,38649307-865a-4a7e-aa7f-91fd66ad2b69,OBG,Obstetrics & Gynaecology,1261,223
23e59f53-7986-4cb3-b340-212b3254a809,95013210-df30-4699-9644-32da7da48a5d,PEDS,Paediatrics,182,1485
1b9ba9d1-e9d0-4d6a-8ffd-e1514fdf2175,95013210-df30-4699-9644-32da7da48a5d,OBG,Obstetrics & Gynaecology,1477,957
57217b84-ea15-4c9b-9391-c7b0a841f62c,95013210-df30-4699-9644-32da7da48a5d,ENT,ENT,483,1133
584723f8-cda5-4d7f-945b-7c6aebdbf2e3,95013210-df30-4699-9644-32da7da48a5d,URO,Urology,1712,178
8cd65ca1-e93d-4388-a53b-cc8f78c8f185,95013210-df30-4699-9644-32da7da48a5d,NEURO,Neurology,745,1365
a0bac09b-5bae-418f-ad5b-9b06d3433e49,95013210-df30-4699-9644-32da7da48a5d,MED,General Medicine,1864,1733
a281ff60-2a7f-4ac3-9fcf-cbedca976851,7a3ee66c-aae8-4a51-88c8-644fe1342824,OBG,Obstetrics & Gynaecology,1093,810
f600e7fe-fe6e-414a-b93b-0a6935dc0f5f,7a3ee66c-aae8-4a51-88c8-644fe1342824,NEURO,Neurology,927,41
9558edd4-8883-4fc5-a246-232b944a7a25,7a3ee66c-aae8-4a51-88c8-644fe1342824,ONCO,Oncology,1119,861
4f13c445-cffb-4895-8167-2485e9ff643d,7a3ee66c-aae8-4a51-88c8-644fe1342824,CARD,Cardiology,1413,1194
81d2edf2-67de-4980-8827-7cf6209988e8,c0b8fd1c-4317-4af4-b509-e0c4565ba6bc,PEDS,Paediatrics,1543,1055
d8a18482-589b-4574-85ed-3a4956c53d79,c0b8fd1c-4317-4af4-b509-e0c4565ba6bc,OBG,Obstetrics & Gynaecology,1606,635
aad5b08b-fa2c-40a1-a93b-7b1b4fcbb3ce,27077ebb-6db8-4e5d-8b41-58a6f7931f09,GS,General Surgery,193,1252
2ac81dfd-7108-4621-bc0a-5b894ce87895,27077ebb-6db8-4e5d-8b41-58a6f7931f09,OPTH,Ophthalmology,1940,1148
6c5057a1-6da0-463d-8391-521e1496ba68,27077ebb-6db8-4e5d-8b41-58a6f7931f09,OBG,Obstetrics & Gynaecology,1552,230
2de8ea55-0fc1-4db2-80a9-74f4954269c7,27077ebb-6db8-4e5d-8b41-58a6f7931f09,PEDS,Paediatrics,881,720
2fd2c864-5707-4ff0-83fc-04617687e3d9,50204bf6-9931-42db-97f1-f9a549ab8921,GS,General Surgery,607,208
7cfcd776-d4f5-4668-aed8-36073dc63be8,50204bf6-9931-42db-97f1-f9a549ab8921,OBG,Obstetrics & Gynaecology,1684,1039
b91e138c-7a42-441e-88cf-3f98f6f54a01,50204bf6-9931-42db-97f1-f9a549ab8921,PSYCH,Psychiatry,1555,41
3afb04bc-8d11-4b2d-83c5-6071db771ee9,50204bf6-9931-42db-97f1-f9a549ab8921,OPTH,Ophthalmology,430,727
597c1f6d-56ee-4d59-b3cc-f0f894657ddf,50204bf6-9931-42db-97f1-f9a549ab8921,NEURO,Neurology,869,556
0088f0f0-92b5-4fa7-a353-2f657c5de2ff,834427c5-4632-4c64-9d4e-c55ddcfaefae,PEDS,Paediatrics,361,1472
90b8e02e-0e58-43ce-b654-0bc59832d96b,834427c5-4632-4c64-9d4e-c55ddcfaefae,MED,General Medicine,1591,1552
22061ffb-a003-42e5-8f70-d105aeac2794,834427c5-4632-4c64-9d4e-c55ddcfaefae,CARD,Cardiology,1216,1264
04f0ce28-5dbc-4f78-bdf0-47ba9b120672,834427c5-4632-4c64-9d4e-c55ddcfaefae,GS,General Surgery,1512,58
fc352cda-9e25-4293-8ac3-00f903604319,25cc882d-cade-4629-af07-bdbcaa8e2928,URO,Urology,606,913
32df0c7a-6004-4f39-9579-9099c802c141,25cc882d-cade-4629-af07-bdbcaa8e2928,OBG,Obstetrics & Gynaecology,1556,235
a28bbf90-15a3-4619-90f5-8aa5ec542c4b,25cc882d-cade-4629-af07-bdbcaa8e2928,CARD,Cardiology,1699,1642
918f5be7-1bdd-4bc8-9b0c-63686192f0c2,f8264d5e-ffee-400a-bf57-b9ef5fc2de5d,ORTH,Orthopaedics,1851,1529
90da1b79-74c8-4bb4-a969-9fd5b5fa5ebf,f8264d5e-ffee-400a-bf57-b9ef5fc2de5d,GS,General Surgery,1460,801
a1af9cb1-8776-453c-82d5-9230d453f150,f8264d5e-ffee-400a-bf57-b9ef5fc2de5d,CARD,Cardiology,149,755
354e9303-39fa-4795-b3a7-4bd1d77ec269,45e84c29-db52-4014-af17-b9d0ee2d63ce,GS,General Surgery,1071,1701
c4f74c71-704c-4f92-879d-8c225902e28a,45e84c29-db52-4014-af17-b9d0ee2d63ce,OBG,Obstetrics & Gynaecology,1139,1460
20714a47-7e46-47ad-96e1-afaf6179eab6,cc5e5b5b-3f9c-4b05-b7eb-e6ca0798eb1d,ONCO,Oncology,77,1457
7f45591f-1335-4d27-b401-1fb4b7fde354,cc5e5b5b-3f9c-4b05-b7eb-e6ca0798eb1d,OBG,Obstetrics & Gynaecology,899,251
f187e23e-0e9b-4f48-9935-a09a9d53e914,cc5e5b5b-3f9c-4b05-b7eb-e6ca0798eb1d,GS,General Surgery,756,65
aecd3021-9c0b-413f-88ef-7b16c9b6df7b,cc5e5b5b-3f9c-4b05-b7eb-e6ca0798eb1d,NEURO,Neurology,822,1656
fe3a282c-7893-4026-8200-e2c4210a5373,377821b2-a49b-4bc4-a0f1-4fb8c7f6285f,OBG,Obstetrics & Gynaecology,887,663
927cc889-016b-492c-b75e-8e53e09c4dea,377821b2-a49b-4bc4-a0f1-4fb8c7f6285f,MED,General Medicine,533,840
2f947106-222a-4b01-9b2f-6a88ad80db2d,377821b2-a49b-4bc4-a0f1-4fb8c7f6285f,GS,General Surgery,1656,169
51900c88-de38-464a-9904-8a7612bb9eda,377821b2-a49b-4bc4-a0f1-4fb8c7f6285f,ORTH,Orthopaedics,906,231
224ac218-73b9-402c-8986-7976d3980e26,2a557c8a-e713-48d1-8205-e90d6d4721af,OBG,Obstetrics & Gynaecology,1261,1301
121fcd15-4a35-4cd1-baa0-ae1ed5f747f4,2a557c8a-e713-48d1-8205-e90d6d4721af,GS,General Surgery,63,693
defeb237-c2f1-403f-b94b-ec46af01391b,2a557c8a-e713-48d1-8205-e90d6d4721af,PEDS,Paediatrics,972,646
45760c8b-df64-45ae-9641-d2b77d17c1b3,74267fc2-2786-4988-bc93-88244b6810f2,OBG,Obstetrics & Gynaecology,952,1015
9278fd9a-0b9d-4c93-9e09-6d01a9a2388b,b1df8b8a-7700-49d0-868f-15a80efe786f,OBG,Obstetrics & Gynaecology,432,1013
b5d5ecc9-d7b3-447e-8496-14f265f4d6bb,b1df8b8a-7700-49d0-868f-15a80efe786f,OPTH,Ophthalmology,884,164
39bbf852-97d8-454c-bd07-5b0d411a501b,b1df8b8a-7700-49d0-868f-15a80efe786f,PEDS,Paediatrics,864,1059
b8c30f61-c3fc-4a6a-b615-916bd18a6a76,b1df8b8a-7700-49d0-868f-15a80efe786f,GS,General Surgery,696,887
8035f39f-1885-46ea-b858-db8d1bb0e471,b1df8b8a-7700-49d0-868f-15a80efe786f,CARD,Cardiology,1795,52
ce73b0e1-1649-4415-8430-67a0c2fba34e,e0c66532-ebff-4954-8800-63e2cb651157,OBG,Obstetrics & Gynaecology,1118,321
0395b938-c70b-4a92-9d4b-3c1c5b8c1d9d,e0c66532-ebff-4954-8800-63e2cb651157,GS,General Surgery,1892,1181
99fb58a7-d397-4dd9-9296-cd6ab2ec5bcf,e0c66532-ebff-4954-8800-63e2cb651157,ORTH,Orthopaedics,1910,1686
2c5054b0-53ce-401d-b997-f97a6cdcad88,8f7bda38-3fda-49f4-9453-fa8e3536276b,ORTH,Orthopaedics,1035,1724
39d24b7e-7b45-4eef-95f3-b81bc85720c6,8f7bda38-3fda-49f4-9453-fa8e3536276b,CARD,Cardiology,1166,335
52af7c24-bd95-4ac3-89cf-3f6ff4c3acd8,8f7bda38-3fda-49f4-9453-fa8e3536276b,OPTH,Ophthalmology,1356,967
15c70284-ad99-4353-81e7-20ce43ba6ef5,8f7bda38-3fda-49f4-9453-fa8e3536276b,OBG,Obstetrics & Gynaecology,331,1220
26399cbd-12dd-40c0-9050-55317f57cb6e,8f7bda38-3fda-49f4-9453-fa8e3536276b,URO,Urology,140,1407
880480e5-1e57-4723-b9bb-01722dc67314,d0691e20-b1e7-4edd-be74-72a3b9c090cb,OBG,Obstetrics & Gynaecology,693,1596
256b0591-14b9-45d6-9dc3-a4de7d2ecbc0,d0691e20-b1e7-4edd-be74-72a3b9c090cb,GS,General Surgery,1069,871
b9adc821-d899-4fe6-940a-da269ea404e0,d0691e20-b1e7-4edd-be74-72a3b9c090cb,NEPHRO,Nephrology,476,1504
4c22d4ba-2551-46c2-b2b4-493c712f32cc,d0691e20-b1e7-4edd-be74-72a3b9c090cb,NEURO,Neurology,422,368
d9abad00-088a-4451-a037-c402566c173b,5d745d10-cd21-48e5-925f-58429a3e5687,MED,General Medicine,1129,171
1104385c-eb1f-434d-8593-23a488a7540a,5d745d10-cd21-48e5-925f-58429a3e5687,GS,General Surgery,172,1249
e740ac4f-1608-4372-8ab9-0becdc576e61,5d745d10-cd21-48e5-925f-58429a3e5687,OBG,Obstetrics & Gynaecology,1020,1483
3d8e622b-1f0a-4ac3-9391-f37da24029cd,5d745d10-cd21-48e5-925f-58429a3e5687,PEDS,Paediatrics,95,1587
34ca98f8-25a5-4ef9-99c3-932486c4b57d,5d745d10-cd21-48e5-925f-58429a3e5687,ORTH,Orthopaedics,167,1649
da11a1c1-4f97-47ea-9413-22bd101e2403,e14adc6c-c79a-4239-9638-60ff9f3f0573,OBG,Obstetrics & Gynaecology,585,531
be8a36a0-9426-4060-bbac-467b5fa0a9b5,e14adc6c-c79a-4239-9638-60ff9f3f0573,CARD,Cardiology,381,1215
86fb7721-0ec6-4118-b333-88f1466cae91,619241f5-3422-453c-bcba-0e1db980ad70,ORTH,Orthopaedics,1717,1658
ce03756a-2568-439c-9b2e-7b66c3cad72b,619241f5-3422-453c-bcba-0e1db980ad70,ONCO,Oncology,1787,1736
2a67cc2c-2a6a-48f6-9130-e4e56fe5b249,aaa5f081-2aa2-48c7-9446-6f1876d6f411,CARD,Cardiology,1438,1372
babc08d1-a913-4a2e-b5cd-5403ee08cfaa,aaa5f081-2aa2-48c7-9446-6f1876d6f411,ONCO,Oncology,1543,1520
9109965c-5f50-41e3-83d1-31299a0e3b8a,08ab8528-92cf-4e3a-b598-5a5ffda9e765,PEDS,Paediatrics,663,1669
c868a89a-ac77-4cb3-8cad-2f22e6e8fdd6,08ab8528-92cf-4e3a-b598-5a5ffda9e765,MED,General Medicine,1762,1229
f29c0f37-be38-42a5-a0ed-8402e21e40e0,08ab8528-92cf-4e3a-b598-5a5ffda9e765,GS,General Surgery,1844,611
a7fb393c-7a2b-4deb-9f54-466073b5c941,08ab8528-92cf-4e3a-b598-5a5ffda9e765,ENT,ENT,1354,1411
0ab140ff-7a78-46c7-a9d6-c0b7e9da5e4a,08ab8528-92cf-4e3a-b598-5a5ffda9e765,OBG,Obstetrics & Gynaecology,262,68
329c23f7-a66f-4b65-95e7-3af00e494bea,34582c76-948b-4ff1-b5ea-30b1e41c3fd3,NEURO,Neurology,1339,1009
ce1246a6-aea0-4c51-a100-172c1809a5b6,34582c76-948b-4ff1-b5ea-30b1e41c3fd3,MED,General Medicine,1064,596
6753a728-1d34-4f6b-b103-a5839fb82268,b0d0a36d-733b-4790-b6cb-b1776cdbe3b1,NEURO,Neurology,435,848
b571179b-0f87-400c-888b-57d6bb40a1a5,b0d0a36d-733b-4790-b6cb-b1776cdbe3b1,MED,General Medicine,991,959
62c5dffc-90ab-41c9-afd1-fa7fa5a0fc99,54b20748-91e8-411a-bb22-b4a41e7cd872,OBG,Obstetrics & Gynaecology,201,805
97ed6e36-fa5c-4330-aeb4-92266be40d05,54b20748-91e8-411a-bb22-b4a41e7cd872,MED,General Medicine,676,141
452c9b06-1b3d-44d6-82df-8c08e7e4bcae,a07869aa-6cb5-42b3-8592-33bf95ca49fb,MED,General Medicine,779,1270
1a212d5e-bb5f-4eea-8c5d-a6a91495a820,a07869aa-6cb5-42b3-8592-33bf95ca49fb,OBG,Obstetrics & Gynaecology,1399,1524
06ee908d-b22f-456d-a87a-68703c2fcda8,a07869aa-6cb5-42b3-8592-33bf95ca49fb,OPTH,Ophthalmology,311,1695
fe8b2894-63f2-4142-849d-f6a201fcb0b3,a07869aa-6cb5-42b3-8592-33bf95ca49fb,ENT,ENT,1896,828
84edce81-e325-4256-8547-a68e2d44c121,a07869aa-6cb5-42b3-8592-33bf95ca49fb,GS,General Surgery,957,458
3a891b00-8be7-4e08-bcc1-7026362b7724,a07869aa-6cb5-42b3-8592-33bf95ca49fb,NEURO,Neurology,1210,1308
bc7e77e6-71a6-4ed6-85d9-1ffdcdceba2b,2ece46c0-d99c-499e-95a5-c0d91ef7a0c1,ORTH,Orthopaedics,1338,60
048e9d46-0dc7-465b-85fd-854d7f04105a,2ece46c0-d99c-499e-95a5-c0d91ef7a0c1,BURNS,Burns & Plastic Surgery,1048,109
2820d268-81cb-4e20-bb7d-4c8af80d8444,2ece46c0-d99c-499e-95a5-c0d91ef7a0c1,MED,General Medicine,1149,1330
a03de849-888a-444c-b2aa-862f0216a919,781f96ae-034b-4a7c-9b21-4623143b17d4,OPTH,Ophthalmology,67,1775
a9236909-7b8b-4ff1-96ce-ce0e01ab74e3,781f96ae-034b-4a7c-9b21-4623143b17d4,GS,General Surgery,860,967
9fbb7b05-9353-4fb7-986e-9d48ada6dfbf,43996e5a-0ba1-49a3-bca8-48d6bf5d4d79,ORTH,Orthopaedics,243,160
0f41ea07-9cd9-4787-a353-6a5f2fe410c4,43996e5a-0ba1-49a3-bca8-48d6bf5d4d79,PSYCH,Psychiatry,1643,831
82ab7f38-528f-4a5d-af42-cd987742fac0,4bd854c8-5c65-4135-abd3-1499a9003c3e,ORTH,Orthopaedics,1651,133
b7980e6c-0a87-4a8d-9018-4e84a864bb8d,4bd854c8-5c65-4135-abd3-1499a9003c3e,OPTH,Ophthalmology,1612,179
2725287d-f181-412d-9937-bb8586bb5423,61cc971e-208f-4727-bce5-e8e9cb5fdb04,OBG,Obstetrics & Gynaecology,1572,1238
5ed59fb3-1922-499f-8eec-a674d8038e7a,61cc971e-208f-4727-bce5-e8e9cb5fdb04,URO,Urology,344,431
cd0c77fb-1c5e-4bab-bdc1-f8a767a76676,61cc971e-208f-4727-bce5-e8e9cb5fdb04,ORTH,Orthopaedics,293,1229
4855344d-3248-497d-ab3d-35914dccfa6f,61cc971e-208f-4727-bce5-e8e9cb5fdb04,ONCO,Oncology,1766,517
683db781-376a-4326-b993-c6301beb19bb,61cc971e-208f-4727-bce5-e8e9cb5fdb04,GS,General Surgery,1008,873
97b8d101-089d-45ca-8861-a2c00dc01853,27cb775a-7e36-4a95-8089-3e3585456557,MED,General Medicine,124,483
13b0e05b-020f-4f13-8030-aa10d4f7fb9e,27cb775a-7e36-4a95-8089-3e3585456557,ORTH,Orthopaedics,112,637
6a2d09d5-9495-489f-85dd-daeafbe1128e,27cb775a-7e36-4a95-8089-3e3585456557,GS,General Surgery,746,1316
1c3c33ed-5261-4547-986e-0547d1ca952f,27cb775a-7e36-4a95-8089-3e3585456557,PEDS,Paediatrics,512,195
ffff0a2e-1d14-43bf-9d5f-50d9fe70006b,72efbd34-cf81-4cf0-8910-777597ae85ba,PEDS,Paediatrics,1626,1238
75610ef4-595c-4fc7-b139-919b03bafaac,72efbd34-cf81-4cf0-8910-777597ae85ba,OBG,Obstetrics & Gynaecology,863,1057
779f166e-f8d3-42b0-a69c-6329032304e2,72efbd34-cf81-4cf0-8910-777597ae85ba,DERM,Dermatology,254,1499
cedadd18-8741-4da5-94d4-374be85c1457,72efbd34-cf81-4cf0-8910-777597ae85ba,OPTH,Ophthalmology,765,1002
a091b802-13f5-4ca3-836f-083f4bb5421d,8d76fa6a-16be-4276-a4a0-d59fe9ee5a7f,NEURO,Neurology,737,1397
29b33a24-a23e-4c87-8730-d0e834a414a0,8d76fa6a-16be-4276-a4a0-d59fe9ee5a7f,OBG,Obstetrics & Gynaecology,1192,968
089135d2-530b-424a-bea6-ef097c29ed90,8d76fa6a-16be-4276-a4a0-d59fe9ee5a7f,DERM,Dermatology,760,167
9c16e384-3b15-4e5a-8f65-9a980c3ef992,88f78b56-50e9-4119-b191-af66e4852c3f,DERM,Dermatology,1310,49
f7a633fb-2749-4dc0-a1e5-01befd408363,88f78b56-50e9-4119-b191-af66e4852c3f,ENT,ENT,1288,1256
bd793ec5-30c8-49dd-9e82-f3b968de41b7,88f78b56-50e9-4119-b191-af66e4852c3f,URO,Urology,1454,1667
e0480fbf-4820-47b0-bbf9-81ee91b632c9,e0f72d54-9e20-4745-ad4e-10c19845d116,DERM,Dermatology,462,739
77594c53-08dd-40f1-834d-00f18ae492d7,e0f72d54-9e20-4745-ad4e-10c19845d116,ORTH,Orthopaedics,148,1022
b596afee-ff7f-4c94-944a-70b27d012104,e0f72d54-9e20-4745-ad4e-10c19845d116,ENT,ENT,1206,1513
3edc19b8-4da6-4e83-ac17-1d7d65d7f12c,e0f72d54-9e20-4745-ad4e-10c19845d116,OBG,Obstetrics & Gynaecology,1897,768
570849c1-784d-438d-9e9d-5a3dfb3c44ef,b64abb23-82b5-4b72-88ae-dc6ecd7225bf,GS,General Surgery,1787,285
8bfd26cf-bbd5-41d0-b859-333b2d0a034c,b64abb23-82b5-4b72-88ae-dc6ecd7225bf,OPTH,Ophthalmology,1079,1156
608f4cf2-96fc-46bf-9963-dab9d05e86eb,b64abb23-82b5-4b72-88ae-dc6ecd7225bf,OBG,Obstetrics & Gynaecology,1518,1066
64ecd38b-fa72-41b4-9791-fd9ec6fa15b6,0f2d4ec6-9c01-4b87-9930-0670cbc2cc1c,OBG,Obstetrics & Gynaecology,1857,745
ef03edc8-39ba-4f1b-b371-e41a1ae978c3,0f2d4ec6-9c01-4b87-9930-0670cbc2cc1c,NEURO,Neurology,701,695
8961f9bd-d247-4475-ac7f-fe341b889279,0f2d4ec6-9c01-4b87-9930-0670cbc2cc1c,ORTH,Orthopaedics,1348,1684
f8065eee-c0c8-446d-a270-abde7fbe09cb,0f2d4ec6-9c01-4b87-9930-0670cbc2cc1c,PEDS,Paediatrics,1898,998
7f87a9ea-5885-4adc-9bc5-e70810fb4b99,0f2d4ec6-9c01-4b87-9930-0670cbc2cc1c,GS,General Surgery,1718,434
96fb65f1-2cba-44d0-a093-dd47734bb66b,d3d7f8a4-1799-47d3-9d57-2e392c987e85,PSYCH,Psychiatry,640,295
a491344b-1cf1-4861-a7e2-d053b4dee7e7,d3d7f8a4-1799-47d3-9d57-2e392c987e85,OBG,Obstetrics & Gynaecology,104,1369
29d14f04-7876-4b16-9990-352d93911993,d3d7f8a4-1799-47d3-9d57-2e392c987e85,MED,General Medicine,1398,1001
bafb361b-0a5f-49e5-a073-4dc07c0ae463,d3d7f8a4-1799-47d3-9d57-2e392c987e85,OPTH,Ophthalmology,1214,217
568ece75-d5c7-435a-91da-13b96225e96c,d05c8016-35c4-4f07-bafe-6ac618c401e7,MED,General Medicine,1995,1697
235bf70d-fe74-458d-8c20-2a62443d0e1e,d05c8016-35c4-4f07-bafe-6ac618c401e7,DERM,Dermatology,469,918
b02688b8-2d9d-47a8-bcab-2be8fc32a3a3,d05c8016-35c4-4f07-bafe-6ac618c401e7,CARD,Cardiology,723,1000
e0264f31-a818-4ede-bb5b-c8b68af116c2,d05c8016-35c4-4f07-bafe-6ac618c401e7,ENT,ENT,864,284
a67c59e3-c1a8-4d60-a764-e503285c479b,d05c8016-35c4-4f07-bafe-6ac618c401e7,OBG,Obstetrics & Gynaecology,1388,237
51f2f5ec-9448-4eb6-9a24-2410aec34158,d05c8016-35c4-4f07-bafe-6ac618c401e7,GS,General Surgery,531,1175
bd4455a3-0ef9-4119-9cd5-b7f39985eed5,caf48ebb-7ba5-4b1c-a025-ae041895778e,GS,General Surgery,1536,1278
f9eaf433-ac4f-4046-8b1e-aa47283fcb9b,caf48ebb-7ba5-4b1c-a025-ae041895778e,CARD,Cardiology,1407,471
9a686b1d-0039-4eca-8d1f-aa82a8bfa1ba,24db8f70-0798-46f8-a59d-9bf812a2a450,OBG,Obstetrics & Gynaecology,223,644
d580483d-819b-4d6c-b7a3-d14cca350f84,24db8f70-0798-46f8-a59d-9bf812a2a450,GS,General Surgery,992,1719
625d1f4d-9706-4dbe-a101-8f767f30af17,24db8f70-0798-46f8-a59d-9bf812a2a450,ORTH,Orthopaedics,1621,1363
ca2489fa-330c-42f3-bc08-4ab5e9450c14,24db8f70-0798-46f8-a59d-9bf812a2a450,PEDS,Paediatrics,1782,1321
7513c5c1-40d8-4c14-8588-de9e5a1b6254,65e9cae5-1bb5-47e7-8469-3b64297e5819,OBG,Obstetrics & Gynaecology,1417,1467
a403c143-6d37-40f9-8bb9-dda4be9d9474,65e9cae5-1bb5-47e7-8469-3b64297e5819,OPTH,Ophthalmology,1665,940
a4f51b73-077c-4b25-ac45-faeafd930f17,65e9cae5-1bb5-47e7-8469-3b64297e5819,MED,General Medicine,76,721
e020a91a-734b-43ea-9702-ff5471b5ae5f,65e9cae5-1bb5-47e7-8469-3b64297e5819,URO,Urology,1078,546
c97dc1e8-136b-48bf-9de0-492e1bb866b4,15176ead-9e35-46f3-b718-1ee80ed8d1ac,ORTH,Orthopaedics,1837,859
d8dfb7c1-fe46-4a55-8044-b8a4b037bfd4,15176ead-9e35-46f3-b718-1ee80ed8d1ac,OPTH,Ophthalmology,151,1463
bda866e5-1a71-4da3-aa16-76cf51556710,15176ead-9e35-46f3-b718-1ee80ed8d1ac,ENT,ENT,673,1065
a111b7e7-7ddc-459b-b0ca-13253472ad55,15176ead-9e35-46f3-b718-1ee80ed8d1ac,CARD,Cardiology,958,183
3a46a0ec-377d-4ae9-bfe4-401b82acd7fa,304abb1b-8927-402c-bb21-99af928a56d2,GS,General Surgery,1461,1568
7d6dde19-cb3e-4f7c-88e9-6f31f80be22a,304abb1b-8927-402c-bb21-99af928a56d2,OBG,Obstetrics & Gynaecology,1817,901
bc250e38-2cad-40fe-9753-8ee6b80eb736,41daf0d0-d3ba-4bf0-a9d2-8cbaabf6d384,GS,General Surgery,1366,187
cafaad46-0f74-490e-ada8-2543b43659b2,41daf0d0-d3ba-4bf0-a9d2-8cbaabf6d384,ORTH,Orthopaedics,1846,1100
ce045e08-f969-4490-816b-d7f04374b3a3,41daf0d0-d3ba-4bf0-a9d2-8cbaabf6d384,URO,Urology,239,240
d41787b9-bed4-47e6-b449-4d021e196e68,eff8c7f7-6b7a-4d39-aada-88ac58e6c863,GS,General Surgery,453,1277
bb7700c8-4dc9-48e4-b91b-71897da928f6,eff8c7f7-6b7a-4d39-aada-88ac58e6c863,URO,Urology,1521,140
2fb8d514-506c-4952-b06b-8d355e50266f,eff8c7f7-6b7a-4d39-aada-88ac58e6c863,CARD,Cardiology,1183,980
f9e266ee-92cb-4115-bbd3-ed548f457170,eff8c7f7-6b7a-4d39-aada-88ac58e6c863,NEPHRO,Nephrology,1001,1608
e6d3631d-ec26-4d62-9f77-92bf4cf731b9,76f0688b-0b6e-428c-9661-228e6786d89d,GS,General Surgery,306,56
ecedd562-5474-4b17-8a99-25459e2ffb23,76f0688b-0b6e-428c-9661-228e6786d89d,ORTH,Orthopaedics,1377,721
88d70b99-384a-4676-b779-28ca6d86217c,0bbf506d-973a-42f6-896f-270c78cdb37e,CARD,Cardiology,1010,65
f3aa50d3-751b-4368-94d9-8ccfc8cbfa30,0bbf506d-973a-42f6-896f-270c78cdb37e,ORTH,Orthopaedics,1877,458
9a1da965-cdaf-4287-bbb9-8719b35f6211,0bbf506d-973a-42f6-896f-270c78cdb37e,MED,General Medicine,1047,1338
c61185b2-f495-48a9-a846-f8def93001d1,a06311f6-0fa6-4dbe-817e-56f528a5e0ea,ORTH,Orthopaedics,125,1599
5fa5ddd9-8fba-4e07-8d98-13be409e95fa,a06311f6-0fa6-4dbe-817e-56f528a5e0ea,OBG,Obstetrics & Gynaecology,801,179
56b9cf14-3f3b-4211-9dff-e03f2dfa16d7,a06311f6-0fa6-4dbe-817e-56f528a5e0ea,ONCO,Oncology,78,1656
99b8e9af-c5c1-408f-bb2e-47221bf72f32,8be6a867-97dc-4986-87a7-81062f67660f,OPTH,Ophthalmology,1881,1075
e2a48223-99cd-4cc2-b762-1cc6357c6cfa,8be6a867-97dc-4986-87a7-81062f67660f,OBG,Obstetrics & Gynaecology,1067,629
6f25a86f-f75d-4f39-8354-df12d6e16ce5,8a53fac1-ab97-441b-b0ec-aa542b7d7a9a,GS,General Surgery,1734,1726
293109c3-988e-41b4-bfee-176786996c27,8a53fac1-ab97-441b-b0ec-aa542b7d7a9a,CARD,Cardiology,1651,1441
222d6ef9-e332-4b0b-9d0b-d2f1c062185b,8a53fac1-ab97-441b-b0ec-aa542b7d7a9a,OPTH,Ophthalmology,1038,1114
8908d869-7089-40f8-b3d3-9e578ff07dfc,56dfac25-65ed-4c1e-8408-7fb3bdfedde1,CARD,Cardiology,67,1764
fa28e69a-d76d-4321-9438-7c74494b13f5,56dfac25-65ed-4c1e-8408-7fb3bdfedde1,GS,General Surgery,1721,458
521dd1f4-647f-490f-be53-b1ee9448d496,56dfac25-65ed-4c1e-8408-7fb3bdfedde1,URO,Urology,722,1015
f03a10b5-08f7-45b6-bef2-6a5019f638d5,56dfac25-65ed-4c1e-8408-7fb3bdfedde1,MED,General Medicine,528,965
526db6ab-1aa6-40f6-9be1-e5482f90169a,56dfac25-65ed-4c1e-8408-7fb3bdfedde1,OBG,Obstetrics & Gynaecology,1955,1057
f80a4147-c1fd-4378-ad71-43c54c664b0b,b91a8a7c-bf98-4fba-8fb5-0f25465bb9f7,MED,General Medicine,1991,1190
8c236868-0f5e-40d7-97cb-c964e64c010f,b91a8a7c-bf98-4fba-8fb5-0f25465bb9f7,PEDS,Paediatrics,1649,1780
3998e896-99c7-4da5-81c8-46608a1f68b1,b91a8a7c-bf98-4fba-8fb5-0f25465bb9f7,ONCO,Oncology,1557,1045
80cfe924-b8a8-4d8e-8c32-475aa5d14fad,b91a8a7c-bf98-4fba-8fb5-0f25465bb9f7,OPTH,Ophthalmology,1436,1738
1ca432b5-31ba-4575-a5fc-07fa514fad31,b91a8a7c-bf98-4fba-8fb5-0f25465bb9f7,GS,General Surgery,330,1684
bb4d5f98-a9e8-4fa2-a049-c80ffb29b3a2,abe8fb59-9eeb-4a1b-ae32-281761671a90,URO,Urology,1265,1097
5ad2844d-77f1-44f2-9100-03d6c344bce8,abe8fb59-9eeb-4a1b-ae32-281761671a90,NEURO,Neurology,696,1692
456dc549-44d0-4930-a177-232b394c2746,abe8fb59-9eeb-4a1b-ae32-281761671a90,CARD,Cardiology,964,1013
00a275fd-0d42-4fa7-9c6b-0b81f8a7304d,3e4a23d2-c449-4be3-9d75-c2d3f537e4c1,OBG,Obstetrics & Gynaecology,1547,1654
813dede0-d753-4071-9775-0d8d9c2b63dc,3e4a23d2-c449-4be3-9d75-c2d3f537e4c1,MED,General Medicine,641,768
d409121f-60d2-4def-b64a-2e79d643874b,3e4a23d2-c449-4be3-9d75-c2d3f537e4c1,OPTH,Ophthalmology,1758,1405
7b1c55de-63e1-4d60-a7bd-2371ee2cdb40,7d3a6fb8-836e-477f-bed4-8e6b99ce006f,GS,General Surgery,453,1474
d5a58d52-2aed-43f6-bf3f-86b4561a016f,7d3a6fb8-836e-477f-bed4-8e6b99ce006f,PEDS,Paediatrics,798,1630
1d8bb4fa-8785-4543-8228-b2f7fe67c99a,7d3a6fb8-836e-477f-bed4-8e6b99ce006f,MED,General Medicine,1989,1670
23c4d1dc-2354-4b8b-b496-4b20c61453c1,8052c7d4-796f-4a16-92ad-b46246192b2d,CARD,Cardiology,1953,1002
391c292f-8153-43ab-a858-e3d2175c1fde,8052c7d4-796f-4a16-92ad-b46246192b2d,URO,Urology,514,997
d37565f4-610d-4ed3-90f8-b6d696ec3b69,8052c7d4-796f-4a16-92ad-b46246192b2d,ENT,ENT,897,333
5d61351c-e2de-42a4-89da-4e1158c922be,8052c7d4-796f-4a16-92ad-b46246192b2d,ORTH,Orthopaedics,277,1157
b4f89578-194b-4bd3-bc42-b993f19ef025,8052c7d4-796f-4a16-92ad-b46246192b2d,MED,General Medicine,1885,1001
6884808b-70ab-4eb9-919d-811c8fac9329,8052c7d4-796f-4a16-92ad-b46246192b2d,OBG,Obstetrics & Gynaecology,965,238
9bb36976-4a9c-4ed9-b357-b8ae5297d1fd,4b1b09eb-7d1e-456b-b574-a77de98fd412,OBG,Obstetrics & Gynaecology,1974,695
38fa46d2-fe64-4bb9-8df7-fceca4fdf867,4b1b09eb-7d1e-456b-b574-a77de98fd412,PEDS,Paediatrics,708,1018
03668c1c-a6d4-4a53-8292-c741417b019e,9cd9e31f-ab3a-44f0-b283-69eed7aab7d7,OBG,Obstetrics & Gynaecology,1446,987
63efb69e-dc49-4525-861c-62a5adc6313b,9cd9e31f-ab3a-44f0-b283-69eed7aab7d7,ORTH,Orthopaedics,145,390
e12f58b4-08cb-4f65-9efe-744d5a528d57,9cd9e31f-ab3a-44f0-b283-69eed7aab7d7,OPTH,Ophthalmology,1868,1174
58e05011-20d7-47ab-9742-86e5d2c2725e,b2a30819-9db4-4966-a064-579a464507bd,OBG,Obstetrics & Gynaecology,1386,1210
cdbd0810-38d7-450b-bc4c-eb23f34ef9e2,b2a30819-9db4-4966-a064-579a464507bd,OPTH,Ophthalmology,1990,1563
29f67d93-01ee-4cea-9f31-43b751a59c88,b2a30819-9db4-4966-a064-579a464507bd,NEURO,Neurology,1005,491
f8774b77-901f-4ab1-911d-720595d68f6b,d19a4547-c47c-478a-a5ea-fb32f81f238a,ORTH,Orthopaedics,724,1752
78a08099-6f31-4521-bcd2-b832845fdfd8,d19a4547-c47c-478a-a5ea-fb32f81f238a,URO,Urology,236,1522
cd98c881-0540-4e2f-ac31-54487aeea270,d19a4547-c47c-478a-a5ea-fb32f81f238a,CARD,Cardiology,962,667
93e5ff8f-0fe3-46ce-a5a5-1826e45af672,d19a4547-c47c-478a-a5ea-fb32f81f238a,MED,General Medicine,277,328
c6dee5fd-076f-4880-9c20-9f8a989975ab,639ffc2d-ecdf-44b8-9943-60faac4ee622,OPTH,Ophthalmology,914,497
fe172e36-610e-48b1-b33b-4e91fc842cc8,639ffc2d-ecdf-44b8-9943-60faac4ee622,MED,General Medicine,178,701
1774dae5-bee7-411a-b8e1-cbf24359d4aa,639ffc2d-ecdf-44b8-9943-60faac4ee622,OBG,Obstetrics & Gynaecology,533,506
505cae98-7fa8-44d2-9ff3-c3a2baca5ad9,639ffc2d-ecdf-44b8-9943-60faac4ee622,CARD,Cardiology,349,1533
47b4f458-bcb7-4157-92ea-c3a46367da3b,89f423a1-3966-48f9-815b-958a153a94ff,CARD,Cardiology,1469,300
72528df1-cbc5-4df3-bea9-f0504a43736d,89f423a1-3966-48f9-815b-958a153a94ff,GS,General Surgery,189,360
00ca38b5-4f1d-4046-89c7-497534b2db99,efef37e3-172e-4370-89d4-4bc91b2398ab,OPTH,Ophthalmology,443,1531
ac296d1f-a682-4c3a-bba3-97aca3b071e2,efef37e3-172e-4370-89d4-4bc91b2398ab,ORTH,Orthopaedics,1924,1602
e9785250-8b8e-45ce-93da-899c051a6b80,efef37e3-172e-4370-89d4-4bc91b2398ab,MED,General Medicine,1216,98
f3eec9ba-7cb6-4d3e-9c8c-a5f20bf70d45,efef37e3-172e-4370-89d4-4bc91b2398ab,URO,Urology,1907,1453
4a781ab4-e2c5-4b77-ad5b-3ea24d8c3016,c2dda112-71ea-4d47-a966-3b8683d8dd3f,OBG,Obstetrics & Gynaecology,1181,1604
64b9b635-4cd5-4e53-9d43-85ac7f7c4b5d,c2dda112-71ea-4d47-a966-3b8683d8dd3f,CARD,Cardiology,1666,1554
fe5c1bed-95ac-4405-a782-6f48439e3d98,c2dda112-71ea-4d47-a966-3b8683d8dd3f,PSYCH,Psychiatry,355,1672
8a3eccc9-59dc-4743-9b39-b77ddb15bd11,c2dda112-71ea-4d47-a966-3b8683d8dd3f,GS,General Surgery,530,273
64bcfce5-2a34-426d-97be-6d9071a4829d,303388df-3cf7-4298-86cb-d52b810ef613,OPTH,Ophthalmology,640,1225
5917611e-9a66-4d0f-a1b7-870cffe5459b,303388df-3cf7-4298-86cb-d52b810ef613,URO,Urology,1667,1725
da46d612-a3d7-4f76-8296-676ac5545ddc,303388df-3cf7-4298-86cb-d52b810ef613,OBG,Obstetrics & Gynaecology,1754,776
9fe1b07c-9afd-4695-9068-b83cf035bc0e,1cb75b4d-3326-4e4d-a2ac-3e6c6b97bd04,URO,Urology,1531,543
a8f2e6c6-241a-4108-9604-d6ed1af2a1bd,1cb75b4d-3326-4e4d-a2ac-3e6c6b97bd04,NEPHRO,Nephrology,1876,828
8cfd0c92-7c56-4f41-b31b-5c0fc18ee338,1cb75b4d-3326-4e4d-a2ac-3e6c6b97bd04,ORTH,Orthopaedics,1213,173
e8719ae6-1455-405a-8ee5-0d705ab60378,46008c3d-9845-40b0-9470-154009e40d0f,ONCO,Oncology,1451,366
634b1899-99a3-4709-931e-37c7009754b6,46008c3d-9845-40b0-9470-154009e40d0f,URO,Urology,1132,146
e3c4a5aa-5a1b-46c2-aa69-5c9634e0b3b0,83b596d4-261f-4a3e-94b4-fee8e3c97037,PEDS,Paediatrics,235,1132
ba44111d-f146-44d7-9566-a74bfaeebe10,83b596d4-261f-4a3e-94b4-fee8e3c97037,OPTH,Ophthalmology,1069,288
05ee6e0b-81f0-4755-9e2e-0a11821d429b,83b596d4-261f-4a3e-94b4-fee8e3c97037,ONCO,Oncology,1571,890
040f74f7-2e40-4b2e-8e79-8f1ee567d2ac,83b596d4-261f-4a3e-94b4-fee8e3c97037,CARD,Cardiology,840,783
fb1fe694-f4bb-4a0a-9277-17387e09836d,4b376662-68c0-4a9e-8631-8da88cc46bdf,OBG,Obstetrics & Gynaecology,1100,676
5eed86c7-71f0-4c39-b70f-20b01847e1a0,4b376662-68c0-4a9e-8631-8da88cc46bdf,CARD,Cardiology,315,1244
e3e92713-9ea1-4c1e-b2e9-cf192c7d503e,4b376662-68c0-4a9e-8631-8da88cc46bdf,ORTH,Orthopaedics,1309,793
9129a65d-dceb-4b39-b00f-d4dd977fc34e,4b376662-68c0-4a9e-8631-8da88cc46bdf,GS,General Surgery,1696,249
e0fb26b2-45f9-4be7-a724-84aca5a893bf,b056e2c7-7f95-4783-add3-084565af297e,URO,Urology,579,75
2ecb494a-3915-492c-92f9-b2d495b3c9e0,b056e2c7-7f95-4783-add3-084565af297e,MED,General Medicine,1500,1729
707a8336-bb91-4af1-886f-ad3c704f2eab,b056e2c7-7f95-4783-add3-084565af297e,OPTH,Ophthalmology,1033,467
543cd4bd-1451-41f2-a7e1-e8cef27ce744,b056e2c7-7f95-4783-add3-084565af297e,PEDS,Paediatrics,357,649
f1ad6b6d-a62d-43f5-82d0-626dbcabc915,b056e2c7-7f95-4783-add3-084565af297e,OBG,Obstetrics & Gynaecology,1097,745
306b53a6-c37b-415d-9f54-09aeab4b51c9,97fb368a-0d78-4977-a707-d6c350b2683e,OBG,Obstetrics & Gynaecology,409,802
f3e91475-a1df-41d9-ac04-1885f7ae26f6,97fb368a-0d78-4977-a707-d6c350b2683e,OPTH,Ophthalmology,1375,379
21e76327-1b69-4db8-b995-6e0ba90cea8e,781d2b15-6dec-44a6-a948-9f3756c1ec5a,OPTH,Ophthalmology,1347,477
73b9f8bb-c011-4294-8fc8-b2da00274652,781d2b15-6dec-44a6-a948-9f3756c1ec5a,GS,General Surgery,510,573
cbfa14f2-6d97-4b7c-9472-cac51d027a15,781d2b15-6dec-44a6-a948-9f3756c1ec5a,OBG,Obstetrics & Gynaecology,1220,848
ae5fb4d1-cca7-40a0-83a2-cc6d48e3a686,781d2b15-6dec-44a6-a948-9f3756c1ec5a,PEDS,Paediatrics,909,1653
084c5047-a3b6-44bb-995f-4552facf0f27,4698c63e-188e-4869-98ea-f0f5f5204e6b,ENT,ENT,1544,1396
651b6e80-6b61-478f-b4d6-fb75ea676b0c,4698c63e-188e-4869-98ea-f0f5f5204e6b,OBG,Obstetrics & Gynaecology,1076,1410
6613bcd8-ce94-4f01-9271-521481da02b8,92ea8701-4174-4c3e-a2da-129dd0150a34,NEURO,Neurology,1052,717
b77fa4f9-f6da-4259-97f5-0dfc06bf0082,92ea8701-4174-4c3e-a2da-129dd0150a34,OBG,Obstetrics & Gynaecology,665,777
98e41abb-e665-4281-9c9b-ac5027874f00,3c3f46e9-10c8-4f1e-8b29-5ea7bf21c8d7,OPTH,Ophthalmology,1617,1691
b68dd96f-e62f-4a83-a53e-5e98aae7040e,3c3f46e9-10c8-4f1e-8b29-5ea7bf21c8d7,OBG,Obstetrics & Gynaecology,238,1134
d95ba468-8a0c-4fb9-b8fa-62d1ac898e1a,2fff4a41-fc32-4112-b004-e2a92f1a129b,GS,General Surgery,103,301
fb9223a6-c5be-481d-b833-e37dcc98951a,2fff4a41-fc32-4112-b004-e2a92f1a129b,PEDS,Paediatrics,1286,235
4aa65bf8-3768-4544-b641-76a9909b909e,2fff4a41-fc32-4112-b004-e2a92f1a129b,MED,General Medicine,202,987
bcb7be10-e8ed-4694-ab03-c0f8d33d7df6,494808ef-aeec-4073-87ac-bf10484a67b7,OBG,Obstetrics & Gynaecology,816,1451
fa3fa4ab-09a1-43cf-8290-3fd98d845d63,494808ef-aeec-4073-87ac-bf10484a67b7,URO,Urology,841,236
6d70d55b-8514-4f1c-9562-231c6d49808c,938ada21-db7d-45a9-878b-2ebe3568a39a,URO,Urology,1528,534
263e1c83-90cc-4f6c-9be3-80c4a24388d2,938ada21-db7d-45a9-878b-2ebe3568a39a,PEDS,Paediatrics,1772,1415
9a723aa6-bed1-4da1-8302-17c0f391fdbe,938ada21-db7d-45a9-878b-2ebe3568a39a,NEURO,Neurology,1057,1226
543beb35-328c-4ae1-aa8a-1328572003fd,cf0084ff-03a0-4af9-8f93-e4215fb821bf,ORTH,Orthopaedics,1605,286
844b8504-e81a-4cac-a15b-73d48b0e0e0f,cf0084ff-03a0-4af9-8f93-e4215fb821bf,CARD,Cardiology,1418,397
4b7d6b94-5bcb-4a76-ac99-d3ae44aaddff,cf0084ff-03a0-4af9-8f93-e4215fb821bf,OBG,Obstetrics & Gynaecology,956,400
6fdd198d-1ef8-4ab0-87d8-de0db9ac096a,cf0084ff-03a0-4af9-8f93-e4215fb821bf,MED,General Medicine,368,1728
eb9e1404-2b62-4e0a-851c-d4ab3d861a4a,2f841c1e-94ab-47f1-b4f4-6a9755c35742,ORTH,Orthopaedics,186,825
3198748b-005d-40dc-b293-e7b0e627c0c9,d440f795-2f6b-4c24-9904-fb6bf4de25cf,OPTH,Ophthalmology,1488,1381
413158d9-36c9-4a09-8702-2d0841c6873f,d440f795-2f6b-4c24-9904-fb6bf4de25cf,OBG,Obstetrics & Gynaecology,851,188
1f72baec-d2c7-40c2-94eb-f4369f8beb14,d440f795-2f6b-4c24-9904-fb6bf4de25cf,URO,Urology,1545,1332
bacadf60-6eba-48f4-bfb8-dad29bcf4cc7,d440f795-2f6b-4c24-9904-fb6bf4de25cf,ORTH,Orthopaedics,1621,280
0add1961-c1a0-4a41-9cfe-919a9262733c,d440f795-2f6b-4c24-9904-fb6bf4de25cf,BURNS,Burns & Plastic Surgery,1340,438
37204204-a13f-45f2-8383-248679f6a5be,d440f795-2f6b-4c24-9904-fb6bf4de25cf,ENT,ENT,1538,987
8d43ef56-06b2-48e9-9908-b92230536502,e6f59f84-8a49-480a-9aac-fd9dcd356d60,NEPHRO,Nephrology,306,497
ff935cc3-86bf-4716-9220-e4476032ae39,e6f59f84-8a49-480a-9aac-fd9dcd356d60,ONCO,Oncology,1559,984
307525e4-1834-46ef-8704-dad339c2bcea,e6f59f84-8a49-480a-9aac-fd9dcd356d60,PEDS,Paediatrics,999,1642
4e8e2274-1d97-4c28-ab2f-219252d26c29,e6f59f84-8a49-480a-9aac-fd9dcd356d60,OBG,Obstetrics & Gynaecology,989,1771
cae66cdc-14ca-4a6f-a276-35eeddb49a98,be346f28-1631-4c7f-9dd2-c5ecc971bb45,OBG,Obstetrics & Gynaecology,1397,188
90098163-7c8c-47f0-b211-134c313ed063,be346f28-1631-4c7f-9dd2-c5ecc971bb45,URO,Urology,1399,1219
b041f597-9b0a-44ad-a59f-682a112fcea6,be346f28-1631-4c7f-9dd2-c5ecc971bb45,ENT,ENT,2000,1526
bd57bd29-a248-4f42-bd1d-ec32c4797d5e,be346f28-1631-4c7f-9dd2-c5ecc971bb45,CARD,Cardiology,1771,193
7983f0e2-dfea-4344-9674-dfdfd4d7ebf4,be346f28-1631-4c7f-9dd2-c5ecc971bb45,DERM,Dermatology,754,1629
0c171ab8-c7ce-4830-aa04-bce399b9612d,8fdfe1df-6126-4bf3-a5a9-29be286fc729,ORTH,Orthopaedics,1390,216
c8d4411a-8ebf-45de-8552-2aaf9537f1cc,8fdfe1df-6126-4bf3-a5a9-29be286fc729,OBG,Obstetrics & Gynaecology,1329,523
fcad2367-97da-4473-a169-1c22b514f052,8fdfe1df-6126-4bf3-a5a9-29be286fc729,MED,General Medicine,1445,1610
a790bcbd-1b23-403a-b696-a3e089720456,8fdfe1df-6126-4bf3-a5a9-29be286fc729,ENT,ENT,800,1140
03048032-16bb-41cc-8869-a7558fcab187,8fdfe1df-6126-4bf3-a5a9-29be286fc729,DERM,Dermatology,1868,784
02b0a9af-fcca-4bee-a426-860451947b99,96c9506c-020a-4297-8af7-1d7eeffe7be0,CARD,Cardiology,724,1657
5144179e-0286-40d0-8755-404711e0fca5,96c9506c-020a-4297-8af7-1d7eeffe7be0,OBG,Obstetrics & Gynaecology,1356,953
5e7cbdb5-560b-463c-aecc-aaf492e6bfb9,96c9506c-020a-4297-8af7-1d7eeffe7be0,URO,Urology,302,1413
5bc2a918-125e-4857-a95b-c764429ab861,96c9506c-020a-4297-8af7-1d7eeffe7be0,GS,General Surgery,253,290
89b9b394-f1eb-4c13-ac71-3fb147f539bf,d1cb92dd-5843-4f7a-bcbe-1487358d8cc0,OBG,Obstetrics & Gynaecology,1975,1131
e995f46a-1ce3-434b-9bd7-855e88670107,d1cb92dd-5843-4f7a-bcbe-1487358d8cc0,OPTH,Ophthalmology,83,935
9aa48d3d-8cc0-48a6-993b-2505c802cb6b,d1cb92dd-5843-4f7a-bcbe-1487358d8cc0,ENT,ENT,1141,970
05299f98-b3ea-4f4d-9eee-290fa2a5d24c,dc3838bb-176a-4392-b83b-98e3856a632f,OBG,Obstetrics & Gynaecology,1893,85
e2b10539-49be-4f7e-94d0-72596450e3c6,dc3838bb-176a-4392-b83b-98e3856a632f,GS,General Surgery,677,1442
5db4b047-0525-4ead-950e-b0e2ad7dc8a9,dc3838bb-176a-4392-b83b-98e3856a632f,PEDS,Paediatrics,1932,1778
096f1113-0773-4dc9-b121-3c6f0762d1d2,7351156d-395a-48f3-ae66-8871e568bf63,OBG,Obstetrics & Gynaecology,534,457
7d6868a6-c650-4e66-87db-1d28d8d43cc8,7351156d-395a-48f3-ae66-8871e568bf63,CARD,Cardiology,1460,421
a23c6a3c-af59-4ad1-a219-c0780bbbe49f,7351156d-395a-48f3-ae66-8871e568bf63,MED,General Medicine,253,1154
458e5810-495b-4ad6-bb16-270ce38ad9d5,7351156d-395a-48f3-ae66-8871e568bf63,DERM,Dermatology,1493,930
fbcb16d7-e2c1-4264-81bc-89fc9b969e44,58705a78-cc11-414e-b4fb-f96d67d01ca4,ONCO,Oncology,1177,1017
5156178c-b097-4453-b201-b73a79ca9d78,58705a78-cc11-414e-b4fb-f96d67d01ca4,NEURO,Neurology,1432,1681
ab0fcc0b-70a9-4288-9c0c-525638158fdb,58705a78-cc11-414e-b4fb-f96d67d01ca4,OPTH,Ophthalmology,1553,1750
aaeddc6e-ae39-48da-a223-84b0967bf881,58705a78-cc11-414e-b4fb-f96d67d01ca4,GS,General Surgery,1696,1693
8635695b-b1c0-4b84-8676-7f4675704224,58705a78-cc11-414e-b4fb-f96d67d01ca4,ORTH,Orthopaedics,1139,620
366f19f7-0849-4188-8733-f6d029b42a8d,58705a78-cc11-414e-b4fb-f96d67d01ca4,OBG,Obstetrics & Gynaecology,708,767
6a4cf4d3-ba86-442a-97e5-2e9a97f9e1ce,e85ab361-725c-45c9-a25a-734c9f115fe9,OBG,Obstetrics & Gynaecology,739,281
4d9c9b8e-8c4a-4820-be46-c663f914870c,e85ab361-725c-45c9-a25a-734c9f115fe9,ORTH,Orthopaedics,1097,370
38ee0d08-9cd8-4984-b3aa-0185e4ddaefa,e85ab361-725c-45c9-a25a-734c9f115fe9,MED,General Medicine,417,184
8d8796fa-9e6e-4d12-9744-def2def3c744,e85ab361-725c-45c9-a25a-734c9f115fe9,CARD,Cardiology,133,673
2426baaf-27ed-48ce-bb8b-856d8a77f9ac,e85ab361-725c-45c9-a25a-734c9f115fe9,URO,Urology,1044,1384
2761ed4c-5c86-4beb-a215-29a472af235c,e85ab361-725c-45c9-a25a-734c9f115fe9,GS,General Surgery,364,1399
a042565a-620e-4420-b74e-68eb19a74424,46d33299-c193-4919-9d89-9426f61866fb,GS,General Surgery,1098,1550
8c7e0146-2161-421c-bb38-d5662ac0cc29,46d33299-c193-4919-9d89-9426f61866fb,MED,General Medicine,204,715
b5afe40f-b638-4842-b012-f41a5b4ccdaa,46d33299-c193-4919-9d89-9426f61866fb,NEURO,Neurology,993,1093
50e33c38-7344-45ce-85af-510e8dbb0d5e,69145784-4a25-49ed-958e-b532f579d5ed,MED,General Medicine,1249,239
aebbc3a0-8753-4405-94ea-c3093a6512c6,69145784-4a25-49ed-958e-b532f579d5ed,OBG,Obstetrics & Gynaecology,639,1006
70ba0afd-a184-4189-b650-8a3e8a0cbe6c,69145784-4a25-49ed-958e-b532f579d5ed,ORTH,Orthopaedics,1343,406
5c3dff05-2642-4038-8f99-41cd2f3cb51f,69145784-4a25-49ed-958e-b532f579d5ed,OPTH,Ophthalmology,368,1738
daef4ee7-c6b1-4ebb-bfc2-7f92514dcf27,36444e3e-7a59-4ea5-8c9a-c6340604da8c,URO,Urology,1846,1794
ff94c2f7-5839-4efc-8055-7393e4c4c1a1,36444e3e-7a59-4ea5-8c9a-c6340604da8c,MED,General Medicine,1797,853
0b55ab5c-79d3-4c86-8e63-0dc8f3f0dfa9,36444e3e-7a59-4ea5-8c9a-c6340604da8c,PEDS,Paediatrics,924,1708
9f9fbb5b-4ece-4590-b52f-f607ddf311b8,8261815c-c6c3-4440-b5cb-a61472a5f6c3,MED,General Medicine,391,138
be831a4e-4fae-4e90-9397-b33bb5d51a93,8261815c-c6c3-4440-b5cb-a61472a5f6c3,OPTH,Ophthalmology,1017,1517
6d848de9-c824-4975-be23-4ec827fc8fbb,59fb002b-fae0-463b-a777-ddd901369bf2,OBG,Obstetrics & Gynaecology,1028,270
415b5f33-e69e-49b2-8deb-7e236a0c732a,59fb002b-fae0-463b-a777-ddd901369bf2,URO,Urology,1924,592
ebf0e53c-f7af-4342-8d6b-5421ae967aea,9d90006e-8084-409b-8df1-e98cb3cdde4c,CARD,Cardiology,1777,1473
94964a53-a0cb-4f29-b8e7-6df0de75bd8e,9d90006e-8084-409b-8df1-e98cb3cdde4c,MED,General Medicine,718,1169
0181e041-c45f-4be6-9842-a817d5dea39c,9d90006e-8084-409b-8df1-e98cb3cdde4c,ENT,ENT,1977,616
e6a657b9-905f-4cc5-83d1-eb85cd94e6ca,e5e3d91c-f1d9-4cd7-b2e5-9814142125b5,OBG,Obstetrics & Gynaecology,1764,545
24847c64-cd2d-4fc7-82a8-4367aa914847,e5e3d91c-f1d9-4cd7-b2e5-9814142125b5,PEDS,Paediatrics,89,1366
f5644baa-38ee-43e5-afc2-9d94b0add093,e5e3d91c-f1d9-4cd7-b2e5-9814142125b5,MED,General Medicine,1536,834
989f77b7-cfdb-4397-8bfd-7f6b323805fb,e5e3d91c-f1d9-4cd7-b2e5-9814142125b5,GS,General Surgery,279,476
2a061f9b-1d42-46a4-926a-c1c13cf290f7,8b5a2d8c-e6e9-4fda-982b-128ab4d07053,PEDS,Paediatrics,1049,456
a22f4f9a-8858-40d1-a2e6-76d089b0b727,8b5a2d8c-e6e9-4fda-982b-128ab4d07053,MED,General Medicine,1655,1160
cd08bcfb-d72d-4559-83cc-db526dbdb9da,8b5a2d8c-e6e9-4fda-982b-128ab4d07053,ORTH,Orthopaedics,1055,785
8e2a47ca-027f-4918-b1d7-caef6eb957ff,3fdfbb50-b470-4048-bc8a-b65b51b1e469,CARD,Cardiology,1250,563
b62d6ca7-7999-410c-b1ff-a971b44be0ff,3fdfbb50-b470-4048-bc8a-b65b51b1e469,NEURO,Neurology,190,1238
a6c63204-39d9-473c-bc9a-27839ed7eda6,819724e0-e567-4482-adcc-72961a8003f3,ENT,ENT,1431,1041
ceb53429-cf3a-44f0-b887-cf9ded92158e,819724e0-e567-4482-adcc-72961a8003f3,ORTH,Orthopaedics,946,1522
240498ef-677f-4a21-bf37-002671f9ed2b,989e7a06-2fea-458a-8fbd-24b589a8913e,DERM,Dermatology,1932,520
1122374b-d0ff-4562-bf77-64800d6759bf,989e7a06-2fea-458a-8fbd-24b589a8913e,OBG,Obstetrics & Gynaecology,78,607
e44e0a65-10bf-418e-a464-6e3f40334b8b,989e7a06-2fea-458a-8fbd-24b589a8913e,NEURO,Neurology,1413,741
08a445e0-81f5-4e64-b1a1-c25b599bc590,a9cbe62c-c756-4ef0-900f-6093b208f02e,MED,General Medicine,514,346
727d7519-2f24-4941-98bf-b3819130ca79,a9cbe62c-c756-4ef0-900f-6093b208f02e,OBG,Obstetrics & Gynaecology,618,470
09f7605a-ca66-4ee2-aaf7-158b2e7c4a53,82c8d24f-ce74-4ce1-afd5-8ac38a4e73e5,GS,General Surgery,933,1230
f1d5fbfd-2d60-408a-aeb0-ced8dacb1b42,82c8d24f-ce74-4ce1-afd5-8ac38a4e73e5,NEURO,Neurology,101,1527
099380c3-8fb6-4305-8d21-f08d605b6839,82c8d24f-ce74-4ce1-afd5-8ac38a4e73e5,BURNS,Burns & Plastic Surgery,1242,848
665f95f0-4f37-4cf4-82cc-0595124bd5f7,82c8d24f-ce74-4ce1-afd5-8ac38a4e73e5,CARD,Cardiology,1444,43
458037b2-791b-47ed-aeda-36f14648c8ea,f8702d2c-9d95-4cd8-9f4d-26a0f162cf76,OBG,Obstetrics & Gynaecology,740,1648
8a2492cc-8500-4f65-b9b5-1a904bd39f6a,f8702d2c-9d95-4cd8-9f4d-26a0f162cf76,ORTH,Orthopaedics,1195,961
1a2cad56-558a-473c-82d9-7e68001d53d1,4503aa38-0205-4089-aaf1-bcdc89fa5155,PEDS,Paediatrics,132,366
cee5d47f-3364-43ec-86bb-421c2f06ee84,4503aa38-0205-4089-aaf1-bcdc89fa5155,OBG,Obstetrics & Gynaecology,1896,684
e291ba2d-64f7-403d-a026-b4c8b5e65853,4503aa38-0205-4089-aaf1-bcdc89fa5155,GS,General Surgery,109,411
ddeb99d2-1217-4f0b-a1d9-1df63a43e8e6,4503aa38-0205-4089-aaf1-bcdc89fa5155,NEURO,Neurology,521,1744
fbad1807-1e07-4a5c-bfbc-d9e83906e158,4503aa38-0205-4089-aaf1-bcdc89fa5155,ORTH,Orthopaedics,1871,1040
9c41a48b-9a68-4677-8fcb-ada1d7a3ce45,7cf63fd6-525a-4cb0-aa17-70114174c4e8,ORTH,Orthopaedics,1774,575
6ca5c554-fcad-4698-98b7-7fddc9f47cbd,7cf63fd6-525a-4cb0-aa17-70114174c4e8,URO,Urology,1745,347
21973e20-0559-4bbf-a51d-9898f4f98de9,7cf63fd6-525a-4cb0-aa17-70114174c4e8,MED,General Medicine,290,758
8a919285-1e1b-4759-9c51-c5f7594cfe99,7cf63fd6-525a-4cb0-aa17-70114174c4e8,GS,General Surgery,1807,1592
f9561094-b707-43d8-b708-e59f91f0cc26,217cbc96-2716-413f-86f8-1a1cb6af6172,GS,General Surgery,1120,235
6435e47b-43c9-44d7-ac1b-ce34d54ac8ca,217cbc96-2716-413f-86f8-1a1cb6af6172,NEURO,Neurology,573,1201
5d9fbf0d-1354-49fa-ad84-611b6c86a4a7,217cbc96-2716-413f-86f8-1a1cb6af6172,OBG,Obstetrics & Gynaecology,1812,346
ecb71f0f-74d8-4da5-bab5-d39318d66081,217cbc96-2716-413f-86f8-1a1cb6af6172,CARD,Cardiology,107,119
aeffd52b-4858-49d8-b3e2-0998e613d7a8,6f6fd709-89b2-4913-984e-9bf86d63793c,MED,General Medicine,957,1747
19cb9ec7-c8df-4292-ac4b-1664fb0865d4,6f6fd709-89b2-4913-984e-9bf86d63793c,ORTH,Orthopaedics,814,1400
68811034-e668-4bb3-9074-0ee628f193e7,e4ff6a0e-41ec-4e1a-8d08-ab8870ed5495,ORTH,Orthopaedics,1500,399
32bb9fe8-f426-46d0-b88d-4a7becbc988d,e4ff6a0e-41ec-4e1a-8d08-ab8870ed5495,NEURO,Neurology,1367,1311
be2a4164-a207-4a28-b5d6-70fe88a4f46f,e4ff6a0e-41ec-4e1a-8d08-ab8870ed5495,GS,General Surgery,183,761
acff2207-cd8d-47ab-87f2-4922bc8b74d3,e4ff6a0e-41ec-4e1a-8d08-ab8870ed5495,MED,General Medicine,203,1017
1690e249-bfd8-43bf-915c-d46cfc7205b6,05ce50e2-7763-4f0c-aa9c-af393385d1a7,OBG,Obstetrics & Gynaecology,1959,286
451223eb-7aa9-4d4b-97c7-46d78ee9dd06,05ce50e2-7763-4f0c-aa9c-af393385d1a7,OPTH,Ophthalmology,1407,279
41cdbb98-19d2-4fc6-b203-2b64e31a0530,05ce50e2-7763-4f0c-aa9c-af393385d1a7,GS,General Surgery,1083,1787
16cebe36-6bd3-4d46-a208-d28a654cfd0a,de0a77ef-83ed-48d5-bc82-51af8afb0b6e,OPTH,Ophthalmology,1850,742
a65e3df0-fc31-459d-b657-5fec6d6205d5,de0a77ef-83ed-48d5-bc82-51af8afb0b6e,ORTH,Orthopaedics,110,1750
a1cad78f-0218-4672-8056-63e44f625bae,de0a77ef-83ed-48d5-bc82-51af8afb0b6e,URO,Urology,366,446
0f64a634-a89f-4ebf-9b66-e2ef735178bd,de0a77ef-83ed-48d5-bc82-51af8afb0b6e,OBG,Obstetrics & Gynaecology,962,1043
ed0823b7-3371-4cf3-9107-1c76782a2439,de0a77ef-83ed-48d5-bc82-51af8afb0b6e,MED,General Medicine,177,1300
2bc8108d-a147-4555-8bc6-ff0a6661706d,d4a1f99a-4df8-4c25-aa51-6df57715f352,MED,General Medicine,1743,410
afa97cba-22c8-4faf-8c86-2fdd6e9b3fd7,d4a1f99a-4df8-4c25-aa51-6df57715f352,OPTH,Ophthalmology,112,885
62746aac-5a86-4f45-86a8-82f9a74d2deb,d4a1f99a-4df8-4c25-aa51-6df57715f352,ORTH,Orthopaedics,742,1476
73800f8c-24ef-4ee3-a646-df4f4fac75cc,d4a1f99a-4df8-4c25-aa51-6df57715f352,OBG,Obstetrics & Gynaecology,881,748
b0bdb240-b885-4b2f-9c99-994d5ff3792f,fc4369b5-8025-4c33-9a60-d4115a7a34d0,MED,General Medicine,646,1378
bbe2a36d-283e-417a-ad29-759e90b6bb62,fc4369b5-8025-4c33-9a60-d4115a7a34d0,OBG,Obstetrics & Gynaecology,748,1386
138b1d1c-9d38-4b1b-822a-d98af935b202,fc4369b5-8025-4c33-9a60-d4115a7a34d0,PEDS,Paediatrics,1761,772
42bed8a5-fc90-4e17-af93-91d777442a01,dda532e3-58af-4a7a-8fe9-1ab12489b2b4,NEURO,Neurology,446,1487
16f99769-b9ff-4040-87b3-dc253a50cde4,dda532e3-58af-4a7a-8fe9-1ab12489b2b4,MED,General Medicine,1388,658
383c83a2-6f9b-403d-a504-ba043fff6693,dda532e3-58af-4a7a-8fe9-1ab12489b2b4,OBG,Obstetrics & Gynaecology,1454,167
2bc406e4-b8fc-4a95-8a6e-7d5c8ad2a911,166eabda-8244-4745-9397-b95d1ef8fef0,ONCO,Oncology,1271,410
9f33f2ba-a906-4b38-bae0-e45666547405,166eabda-8244-4745-9397-b95d1ef8fef0,OBG,Obstetrics & Gynaecology,1550,819
ea71998d-7649-40d3-a585-3cc4af0f2f6c,166eabda-8244-4745-9397-b95d1ef8fef0,ORTH,Orthopaedics,499,1732
7f765d25-7caa-4e56-a335-53ef8be715b8,6a086aec-9669-4b17-b8a0-9caaf9a034a1,MED,General Medicine,982,1603
324101ba-8ab9-4f82-9a9b-44b4b9315911,fba1b0a2-36df-4448-a6f4-a5f69ed5540f,CARD,Cardiology,1450,1723
b07fa3bc-dcc1-407d-a271-8882a465b37d,fba1b0a2-36df-4448-a6f4-a5f69ed5540f,BURNS,Burns & Plastic Surgery,1596,1137
02574d84-8013-4006-bf4b-eb311a2f3b63,fba1b0a2-36df-4448-a6f4-a5f69ed5540f,MED,General Medicine,1929,418
c5086233-113e-4b5d-90ae-83ee87331cf8,fba1b0a2-36df-4448-a6f4-a5f69ed5540f,OBG,Obstetrics & Gynaecology,1244,73
94d1011f-dd28-4a56-ab41-c4d80fcf9d97,fba1b0a2-36df-4448-a6f4-a5f69ed5540f,ORTH,Orthopaedics,180,1441
c55c1881-f784-470f-97fd-a550024114e2,f9d81c10-4bce-435a-9f3f-6a6c3a0a8f4b,ONCO,Oncology,1654,1363
284115b1-55cd-4114-b64f-0170bc983567,f9d81c10-4bce-435a-9f3f-6a6c3a0a8f4b,GS,General Surgery,1904,672
1e70e166-62dd-4c27-9d93-4f4a4764b1c5,f9d81c10-4bce-435a-9f3f-6a6c3a0a8f4b,MED,General Medicine,1420,653
cfe81c3b-c163-435f-9897-906ee1e1e4c9,f9d81c10-4bce-435a-9f3f-6a6c3a0a8f4b,OBG,Obstetrics & Gynaecology,192,412
872f0016-e573-42a5-ba81-9320d6167af1,44dc56a6-7056-4052-8d04-ad514600eb72,OBG,Obstetrics & Gynaecology,341,1487
b67f411a-77e4-463b-a070-3ed50368659d,44dc56a6-7056-4052-8d04-ad514600eb72,MED,General Medicine,1172,1588
aa3d6e78-de18-48e6-bd6b-390e2af8aedb,44dc56a6-7056-4052-8d04-ad514600eb72,GS,General Surgery,1547,1283
7f1cdf87-f45d-4ea6-ac61-5d8a5b0ca740,44dc56a6-7056-4052-8d04-ad514600eb72,ONCO,Oncology,671,549
518b186c-4a96-44fd-b7da-9f4ab519e6bd,98b8bcb0-8348-4bc5-9877-ef7b95360383,OBG,Obstetrics & Gynaecology,1776,1663
6ab281a6-0430-47cb-97c5-2717ec04465d,98b8bcb0-8348-4bc5-9877-ef7b95360383,OPTH,Ophthalmology,339,1439
ecc58a67-a1e3-4f29-8335-1cab575e0dba,98b8bcb0-8348-4bc5-9877-ef7b95360383,MED,General Medicine,1491,1595
d433dcdf-3b84-4be6-b739-db16d3421882,26866bcb-4630-4820-811f-4d1799af65b6,OPTH,Ophthalmology,151,596
79b6cf38-121d-47fb-90ce-634fecdede7e,26866bcb-4630-4820-811f-4d1799af65b6,GS,General Surgery,1150,636
0f1df531-2ead-4d33-b76c-066465710f33,26866bcb-4630-4820-811f-4d1799af65b6,MED,General Medicine,228,504
a84a286e-f8f5-4368-aab3-74c7594c714d,26866bcb-4630-4820-811f-4d1799af65b6,PEDS,Paediatrics,785,1053
3f340dfc-51fd-4624-81fc-8b5149cdf265,26866bcb-4630-4820-811f-4d1799af65b6,ORTH,Orthopaedics,1057,1116
c0cb22ef-5138-4afa-8ed4-b12c6ce0238b,26866bcb-4630-4820-811f-4d1799af65b6,OBG,Obstetrics & Gynaecology,412,1061
bb421b9e-d3c0-455d-909e-48fad787bcbf,6bf3ade8-af71-40c1-b904-ad7f1e8e46ef,MED,General Medicine,93,359
41de1f2a-1553-493a-9f34-9525231729bf,6bf3ade8-af71-40c1-b904-ad7f1e8e46ef,PEDS,Paediatrics,161,1213
7e751dc4-cd67-4faa-8da3-8490282cd984,6bf3ade8-af71-40c1-b904-ad7f1e8e46ef,NEPHRO,Nephrology,980,1561
7dcf831e-48f5-4bb6-acdb-6cf9e00327c1,6bf3ade8-af71-40c1-b904-ad7f1e8e46ef,URO,Urology,840,762
e70d7520-24fc-463d-95d7-e4c2ebda68d9,e2f5aeaf-50e3-43a4-9407-1567ce4b894d,GS,General Surgery,1778,1223
ee8f13b2-6a2a-4852-9880-54b9e2be5e7a,e2f5aeaf-50e3-43a4-9407-1567ce4b894d,OPTH,Ophthalmology,191,1187
6e52c47e-c3be-4590-9ba4-c2a24b9e3183,e2f5aeaf-50e3-43a4-9407-1567ce4b894d,OBG,Obstetrics & Gynaecology,554,1770
e3c48628-02df-4a82-9e44-80d6181ed551,e2f5aeaf-50e3-43a4-9407-1567ce4b894d,ORTH,Orthopaedics,1503,1413
8e228383-f2dc-4eec-b633-0c2e870e9b40,53097eef-d54f-4fa8-8023-c7215706f5e0,GS,General Surgery,1096,1583
31bed93b-e7a0-4b96-b34d-37664f495eac,53097eef-d54f-4fa8-8023-c7215706f5e0,ORTH,Orthopaedics,635,221
a6847f2c-ee26-47e8-b7ff-b2d758435c6c,53097eef-d54f-4fa8-8023-c7215706f5e0,OBG,Obstetrics & Gynaecology,333,1564
3f2beee7-81a6-461a-bbf6-ac6fe994bce7,53097eef-d54f-4fa8-8023-c7215706f5e0,OPTH,Ophthalmology,142,279
5b27242c-da0a-4a7a-9da3-a791ae060fe5,a909d03d-ddbb-4a70-9558-4ba18ac3071f,NEPHRO,Nephrology,449,288
1b02ab31-742f-44c9-8288-e7e94922bb6e,a909d03d-ddbb-4a70-9558-4ba18ac3071f,CARD,Cardiology,319,1430
675e0bd4-d31e-482d-8e3a-7829c11b2546,d0c5a9e6-e16a-44f9-979e-0d5e8c841fa9,BURNS,Burns & Plastic Surgery,881,1340
78dcf105-0e2a-42e2-adf2-a71b778e4631,d0c5a9e6-e16a-44f9-979e-0d5e8c841fa9,MED,General Medicine,581,291
711bdcc4-4076-4287-9c7f-2805f4c66f58,d0c5a9e6-e16a-44f9-979e-0d5e8c841fa9,OPTH,Ophthalmology,875,1315
64552264-4f01-4aaf-80e2-e43e4feff726,d0c5a9e6-e16a-44f9-979e-0d5e8c841fa9,ORTH,Orthopaedics,1064,739
57e63fd5-7234-4476-a004-83eef4903b9f,d02869c7-19e5-48f6-bd26-7b81f0fb2648,OBG,Obstetrics & Gynaecology,956,1089
cbe88360-b084-4250-80f5-c21c36fd315c,d02869c7-19e5-48f6-bd26-7b81f0fb2648,MED,General Medicine,919,1788
b3e2ee14-40ed-43ca-acab-38f6af90e49e,d02869c7-19e5-48f6-bd26-7b81f0fb2648,ORTH,Orthopaedics,926,794
9d920146-aa1d-4547-bf0e-2069f0822013,d02869c7-19e5-48f6-bd26-7b81f0fb2648,GS,General Surgery,1245,1752
4b699346-0d54-4422-9dd6-3551e5b0f4ea,f55cc72d-c136-4a82-889a-1801a0a599bf,GS,General Surgery,162,1481
ec3170d3-54f1-4689-9faf-c5417455359b,f55cc72d-c136-4a82-889a-1801a0a599bf,URO,Urology,618,1629
d261dfee-19b7-410e-94cf-626b7cb56d57,f55cc72d-c136-4a82-889a-1801a0a599bf,PEDS,Paediatrics,1936,420
723221f8-850c-4fb0-8bf4-4bd1ca646530,7f0e13ba-d622-4c5c-b64b-785317e6088b,CARD,Cardiology,1168,458
149a1dc5-4ff1-4066-bb28-a9dba149ab6c,7f0e13ba-d622-4c5c-b64b-785317e6088b,MED,General Medicine,1029,1800
14f13f22-dd18-405c-af64-8c6d9395be18,7f0e13ba-d622-4c5c-b64b-785317e6088b,GS,General Surgery,290,745
4a7de529-20a7-4cfe-808f-4a973f23a017,7f0e13ba-d622-4c5c-b64b-785317e6088b,OPTH,Ophthalmology,120,1605
63f0a466-566f-4f97-9cfa-33c7201b0ee3,7f0e13ba-d622-4c5c-b64b-785317e6088b,OBG,Obstetrics & Gynaecology,54,921
e7664bc2-da91-402a-a152-f1c291e67a9b,d04f4c31-db91-469c-b055-911d85b7007d,OBG,Obstetrics & Gynaecology,1576,150
89c71a78-f023-459c-8d9a-5658e9195624,d04f4c31-db91-469c-b055-911d85b7007d,DERM,Dermatology,1089,1210
f5389334-d223-4767-9e78-f178985f7529,d04f4c31-db91-469c-b055-911d85b7007d,ORTH,Orthopaedics,802,782
ef29732b-bf1d-49ca-a39b-28a2af0b08fd,d04f4c31-db91-469c-b055-911d85b7007d,CARD,Cardiology,1531,432
ca5e8144-d450-4b9d-bc20-8305de46d39c,d04f4c31-db91-469c-b055-911d85b7007d,MED,General Medicine,860,471
3381a46a-f0c1-4df1-a3ae-18c42d714682,79a79f21-a01f-474b-a7b6-ab1912fc824f,OBG,Obstetrics & Gynaecology,1230,1272
a296b238-fcd4-4f08-9929-090b73c6c4f6,79a79f21-a01f-474b-a7b6-ab1912fc824f,CARD,Cardiology,388,156
eec64e90-202d-48fa-96b4-beb7f2879c78,79a79f21-a01f-474b-a7b6-ab1912fc824f,MED,General Medicine,1199,102
b4f6c470-08de-4615-84cc-a362393d9e2e,adba0d3c-b72e-4c6f-b376-639e95459491,OBG,Obstetrics & Gynaecology,1506,205
b3df53c1-c082-4b2d-af31-51ea261c6106,adba0d3c-b72e-4c6f-b376-639e95459491,GS,General Surgery,1484,807
4b010b9d-f154-4e39-af52-93fe3c3b522c,adba0d3c-b72e-4c6f-b376-639e95459491,MED,General Medicine,989,1350
c73c75d0-f14b-41ae-b1ce-a937f4854661,adba0d3c-b72e-4c6f-b376-639e95459491,DERM,Dermatology,1764,251
b4f23ca7-181f-402a-8187-c978c2fc8833,ce3f0d79-6f38-440e-81dc-8d6d19d35030,ORTH,Orthopaedics,1456,1639
2e55e029-8cfa-4d91-9f07-5f9c2dc0d722,ce3f0d79-6f38-440e-81dc-8d6d19d35030,OBG,Obstetrics & Gynaecology,831,1299
bf0c57fd-1e7e-4772-a159-e98d75ca228d,820ca43b-423d-4257-9219-1f3be7b6156e,PEDS,Paediatrics,1262,498
ef52f7f3-7285-47ba-a138-2d03713a0dd4,820ca43b-423d-4257-9219-1f3be7b6156e,GS,General Surgery,1123,912
96854679-a8b1-404a-95a0-167b856ec797,820ca43b-423d-4257-9219-1f3be7b6156e,OBG,Obstetrics & Gynaecology,875,727
7c8ec435-bad6-4a9e-a014-db239493f5b0,820ca43b-423d-4257-9219-1f3be7b6156e,CARD,Cardiology,935,1413
7e424744-02bf-42c4-9d3c-917b8dfa0d9b,2f514717-477d-47ee-ae8f-5e41be9e8dc6,ORTH,Orthopaedics,730,1034
98cd2dba-d67e-4146-9bc1-53a987d5fbea,2f514717-477d-47ee-ae8f-5e41be9e8dc6,OPTH,Ophthalmology,1277,819
27eb38b7-7295-4b4d-9e81-28a007e8edd5,2f514717-477d-47ee-ae8f-5e41be9e8dc6,GS,General Surgery,53,635
3882ba55-aa97-428e-bec2-85efbeca169d,3d351ae1-6397-46c8-beec-90c39193e580,ENT,ENT,1221,250
f51317e1-b4f3-4599-8375-ad3ed92feb27,3d351ae1-6397-46c8-beec-90c39193e580,GS,General Surgery,643,1591
2cb169a5-520b-485e-b74e-5a4898a17bf1,3d351ae1-6397-46c8-beec-90c39193e580,OPTH,Ophthalmology,200,849
d82b73d2-3716-4a6f-b13e-799b4d0d8192,c9f1960f-c81d-4e05-8052-045992ce592e,OBG,Obstetrics & Gynaecology,497,774
f3a8b6f5-f423-473b-8d32-56ee9a48a99f,c9f1960f-c81d-4e05-8052-045992ce592e,MED,General Medicine,1754,1154
4c06b749-503d-4a1f-be5c-b543e0633c82,59331385-4f32-41c6-a6a8-a884a4ebacb4,GS,General Surgery,572,450
69c15c66-45fd-461d-9824-579830dedc7d,59331385-4f32-41c6-a6a8-a884a4ebacb4,OBG,Obstetrics & Gynaecology,1224,702
edd88566-9d86-4b39-8cdd-bec5a398b7bc,59331385-4f32-41c6-a6a8-a884a4ebacb4,PEDS,Paediatrics,1268,1786
02122e61-c09f-4f88-a2ad-87542999ec4a,655b3ac5-16ea-4824-9d83-c86a7ed120ab,ORTH,Orthopaedics,210,1230
9fbf2aec-7ebb-49e5-8e6f-56cb3fbe8182,655b3ac5-16ea-4824-9d83-c86a7ed120ab,OBG,Obstetrics & Gynaecology,1910,463
2566a0b0-1b5a-4d3d-a0af-f8f118e0f970,e427b553-d262-4d0c-8b3a-4a20007f5b84,ORTH,Orthopaedics,1000,717
ae9d90d6-f3b5-4fe5-bf3d-53f4599f2979,e427b553-d262-4d0c-8b3a-4a20007f5b84,OBG,Obstetrics & Gynaecology,804,587
84dd0dc9-0c16-4dd3-b9b6-1ec06fd0f406,0227878f-5464-45cb-b9da-c87fb703e134,OBG,Obstetrics & Gynaecology,1114,992
0ef68832-cb0d-4d6b-8f80-703bbffa33ee,0227878f-5464-45cb-b9da-c87fb703e134,ORTH,Orthopaedics,876,118
0ef1f2df-7c9f-4d49-a1cd-8a433c56612b,0227878f-5464-45cb-b9da-c87fb703e134,OPTH,Ophthalmology,1705,489
ffe1d4b5-93db-4cde-a859-e91bf51142ef,0227878f-5464-45cb-b9da-c87fb703e134,ONCO,Oncology,1319,876
b2968c2a-cbc8-4072-a693-04d0832c8f98,b902613a-ba85-4206-8bca-6ff120d21c0a,MED,General Medicine,300,1421
a6aec0c1-6c54-4508-956e-7c493558d1e6,b902613a-ba85-4206-8bca-6ff120d21c0a,GS,General Surgery,930,1251
89a2f24a-2188-4f56-9bbd-ee35786a612b,b902613a-ba85-4206-8bca-6ff120d21c0a,ENT,ENT,1272,1161
49922369-c545-4681-92a0-e9d73df6700c,75e844c9-96d1-408d-bc7c-782e807fa5df,OBG,Obstetrics & Gynaecology,1768,1142
e3d85998-4520-4326-a4d7-81a1f998958a,75e844c9-96d1-408d-bc7c-782e807fa5df,MED,General Medicine,1987,734
428fce43-252c-4db1-99b2-c95ee92dd915,2d0db206-a334-4099-9bca-261dc45facd4,PSYCH,Psychiatry,768,1640
5b16c297-723b-4c1b-bb04-941e2a971872,2d0db206-a334-4099-9bca-261dc45facd4,OBG,Obstetrics & Gynaecology,1452,244
ba80fa9c-273f-4119-90b8-09aa91f06fcb,2d0db206-a334-4099-9bca-261dc45facd4,PEDS,Paediatrics,1081,914
1b18fa3c-9ecc-4454-8134-2c9ad7815b78,10432737-6c8c-4761-baed-e9dbb75983af,OBG,Obstetrics & Gynaecology,340,951
8eec8a69-d614-4267-aa67-578f04b63ed1,10432737-6c8c-4761-baed-e9dbb75983af,OPTH,Ophthalmology,1207,348
8e269756-2a15-44b5-adf8-321ac59eabb6,10432737-6c8c-4761-baed-e9dbb75983af,URO,Urology,367,778
0124b505-9b52-4942-b838-a8916e20d92c,10432737-6c8c-4761-baed-e9dbb75983af,ONCO,Oncology,1821,529
a7ab615d-1b04-40ab-93da-9e876bb1ce0a,10432737-6c8c-4761-baed-e9dbb75983af,NEURO,Neurology,1348,577
18387760-28e7-4b97-939e-559c8ef30a4f,ea48099d-6e0e-47a1-bbdd-4c5dacfe9642,OBG,Obstetrics & Gynaecology,184,218
efc3fe21-95da-45eb-9806-9e80cf1471cc,ea48099d-6e0e-47a1-bbdd-4c5dacfe9642,CARD,Cardiology,997,907
78cce5a3-c301-4020-851c-3ba2bf40e437,8a34bb7e-24fe-4f59-adb9-8d50aa7ba972,OPTH,Ophthalmology,1733,1244
7bfc7d7b-8414-4e1a-820d-cee5d2cbad88,8a34bb7e-24fe-4f59-adb9-8d50aa7ba972,PEDS,Paediatrics,471,1546
567fd0d7-b2c1-4b1d-ae1f-78fdbd5de8f2,8a34bb7e-24fe-4f59-adb9-8d50aa7ba972,URO,Urology,1980,294
86b33757-648b-4ef1-9804-fc0db5fc752a,9d88bb82-d69d-4a40-99ce-2c5d498b71d4,PEDS,Paediatrics,1400,522
8d4bc5e5-821b-4d39-bc99-0ca781790776,9d88bb82-d69d-4a40-99ce-2c5d498b71d4,OBG,Obstetrics & Gynaecology,1523,165
18c34eb9-9604-49ed-bace-d0cb54dbd8d7,9d88bb82-d69d-4a40-99ce-2c5d498b71d4,GS,General Surgery,677,829
fa37aee5-7ca3-4683-9e1e-368e73b07bc1,9d88bb82-d69d-4a40-99ce-2c5d498b71d4,CARD,Cardiology,414,1440
ce1d4f6f-cd06-4e51-a504-03f556e51b95,9d88bb82-d69d-4a40-99ce-2c5d498b71d4,MED,General Medicine,735,507
79246e88-af1b-460c-ab06-10e82921bd4f,88779510-d0c2-4ebf-b10d-71ca4353a4b5,ORTH,Orthopaedics,579,1672
4eb505a9-fe06-49c3-a128-60ef035062ff,88779510-d0c2-4ebf-b10d-71ca4353a4b5,OBG,Obstetrics & Gynaecology,1123,1425
e91c9fb4-7fab-4faa-b96d-ef941f9b4a43,88779510-d0c2-4ebf-b10d-71ca4353a4b5,GS,General Surgery,1108,232
b5c11e06-5a05-46c9-bd48-94cb9c92975e,88779510-d0c2-4ebf-b10d-71ca4353a4b5,CARD,Cardiology,805,1257
cb537ac8-0c59-4916-a047-b3cc6e1d9528,a1abf9fb-8fc8-4ad0-bfb5-e46d55fa13b4,OBG,Obstetrics & Gynaecology,1694,1338
ffe30768-555d-43dd-befb-8d25c74503ab,a1abf9fb-8fc8-4ad0-bfb5-e46d55fa13b4,CARD,Cardiology,431,1602
2141fc6a-bdb6-42f0-b35e-58c100e51c58,a1abf9fb-8fc8-4ad0-bfb5-e46d55fa13b4,ENT,ENT,1380,752
29edd123-a67b-4aac-bf19-313574d0d0b1,825eb8fb-e42c-413c-9793-19648b45f015,GS,General Surgery,1608,481
b280d05e-d93f-4e7b-8e98-accf9c7a7728,825eb8fb-e42c-413c-9793-19648b45f015,BURNS,Burns & Plastic Surgery,1988,1799
b6545195-25fe-4bf4-bd86-5ed5e51d464a,2ba61159-01d9-4a0f-9707-70b302bc869b,GS,General Surgery,353,746
09cbeab5-d44d-41c1-b284-2d24df063a72,2ba61159-01d9-4a0f-9707-70b302bc869b,MED,General Medicine,986,1428
6732f7df-4ff5-46f0-a9cb-aabd30c83c7f,2ba61159-01d9-4a0f-9707-70b302bc869b,ORTH,Orthopaedics,169,1543
f9f4afbf-a1ad-435b-a53a-ec61f0d052d9,4dcb37bf-12e2-403b-b497-a7c10f381db9,OPTH,Ophthalmology,615,1284
f22606ee-4dc2-49e1-9224-11167a23c921,4dcb37bf-12e2-403b-b497-a7c10f381db9,GS,General Surgery,1816,1521
6f3d29ed-be83-4f0c-8434-81cb5cca8845,4dcb37bf-12e2-403b-b497-a7c10f381db9,MED,General Medicine,1048,650
ecd7b464-a9d1-4af0-92f5-15cc72e9ed30,19225f07-8ce0-4bd3-9168-d18c152e050d,GS,General Surgery,2000,1192
232db681-51b6-4364-b3f2-0bf32dc30f32,19225f07-8ce0-4bd3-9168-d18c152e050d,MED,General Medicine,384,956
e5aab9a6-500c-4abb-b921-67c7951ae32a,19225f07-8ce0-4bd3-9168-d18c152e050d,CARD,Cardiology,307,980
03d86dee-e3d1-4cbf-b08e-38237f095840,60a002f8-1cbf-47a4-be0d-933f039b35ef,BURNS,Burns & Plastic Surgery,233,1761
b93412d6-63cc-4ce8-9589-c16a11faa104,60a002f8-1cbf-47a4-be0d-933f039b35ef,NEURO,Neurology,1407,1770
b7505d83-83e6-4a52-9972-282e4203432c,ad07b329-06d5-46f3-9709-399ed205e161,ORTH,Orthopaedics,929,332
afbecf2d-1500-4fc9-bb9e-6966ba064363,ad07b329-06d5-46f3-9709-399ed205e161,OPTH,Ophthalmology,184,1194
c295ca01-2938-4c5e-9311-1b96e35913fc,ad07b329-06d5-46f3-9709-399ed205e161,ENT,ENT,730,1756
433d458b-b393-4126-a2bd-8832859507f0,ad07b329-06d5-46f3-9709-399ed205e161,MED,General Medicine,1666,341
dc8b0cff-a3b3-4fbb-bfb1-f61094938e42,34090c65-27b3-4fd0-9365-9c0db5a3a046,OBG,Obstetrics & Gynaecology,650,671
5c5d3dca-66b9-4664-b1c8-b6b85a583929,34090c65-27b3-4fd0-9365-9c0db5a3a046,ONCO,Oncology,199,1494
c4e3a60e-cef7-4607-98ca-a8dd6f4a1fb6,34090c65-27b3-4fd0-9365-9c0db5a3a046,MED,General Medicine,861,208
aff0414e-d6a2-4b35-a8b0-69afb2d45bb6,34090c65-27b3-4fd0-9365-9c0db5a3a046,GS,General Surgery,1001,1609
93054fe9-af3c-49af-a567-b7ffcc641cb4,34090c65-27b3-4fd0-9365-9c0db5a3a046,URO,Urology,995,164
772f3c73-b000-4c27-b522-9deb2cd0ff31,34090c65-27b3-4fd0-9365-9c0db5a3a046,CARD,Cardiology,1965,1439
8933dde0-0219-4705-b21a-d10b866f146e,9713d5b5-bdfb-4560-941b-75828ca83d3b,URO,Urology,705,540
0350b914-8915-43aa-9500-ba1f68a29277,9713d5b5-bdfb-4560-941b-75828ca83d3b,CARD,Cardiology,1652,863
e1b9b742-ffcd-4669-8718-07a725106c82,78c8b6e1-51b0-412d-a2e4-d3ca7655de51,ORTH,Orthopaedics,865,1314
ff1c644c-a4f1-4d6e-92a7-ea8e65464a1c,78c8b6e1-51b0-412d-a2e4-d3ca7655de51,GS,General Surgery,468,1445
fdd77109-77df-41fa-916d-38ed01ae9080,78c8b6e1-51b0-412d-a2e4-d3ca7655de51,URO,Urology,984,979
9bfe3a47-bd0b-433e-9b41-930353a5a0a0,78c8b6e1-51b0-412d-a2e4-d3ca7655de51,ENT,ENT,650,486
c31fa766-00a9-4254-9d81-53668722520b,77941d05-1445-409b-abbf-6a6ecab13bf1,PSYCH,Psychiatry,1040,1034
400d992f-58c3-46e5-955b-0d3182daecef,77941d05-1445-409b-abbf-6a6ecab13bf1,OBG,Obstetrics & Gynaecology,1557,157
64f3b076-56af-4be9-9471-0129e1bca3ac,77941d05-1445-409b-abbf-6a6ecab13bf1,GS,General Surgery,1453,51
6f9f52a7-733e-4fb6-9a5d-a0f0b464b45e,77941d05-1445-409b-abbf-6a6ecab13bf1,NEURO,Neurology,1667,1680
66084012-884c-4d16-87d3-359d89b503ae,e234c61a-b45f-4f3e-9b18-f107bdb90eeb,OBG,Obstetrics & Gynaecology,1689,223
5838da27-c59d-4c33-8377-0d9bc39f0110,e234c61a-b45f-4f3e-9b18-f107bdb90eeb,ORTH,Orthopaedics,1684,595
c34a950a-9687-4ea8-b0b6-814358eb8569,e234c61a-b45f-4f3e-9b18-f107bdb90eeb,GS,General Surgery,1796,1651
76859dc5-7a7c-4a99-a594-0fdaa0987728,2971041e-f4b3-4dbc-b941-bb7cdd3c2ad0,ORTH,Orthopaedics,1321,1407
4592f70b-8dc6-43bc-93bb-e516f5d304e0,2971041e-f4b3-4dbc-b941-bb7cdd3c2ad0,OBG,Obstetrics & Gynaecology,547,1158
b63dbabb-34fa-49bb-ba34-6eb5da8265bf,7319f433-3a62-400b-bb73-a84b5ee6d232,PSYCH,Psychiatry,582,741
fc51ed64-341f-4b66-a84c-8166553606d1,7319f433-3a62-400b-bb73-a84b5ee6d232,GS,General Surgery,1667,693
45a929e3-54f1-484e-afb3-d77dc27380a1,7319f433-3a62-400b-bb73-a84b5ee6d232,NEURO,Neurology,1323,1681
0a1400ac-1580-4edb-a1ea-0c5d7c30f093,7319f433-3a62-400b-bb73-a84b5ee6d232,CARD,Cardiology,725,262
b87f9673-78e7-43bc-8c7c-9c49406f839c,18f428f2-80c7-40cf-8e1f-c54e6478aad6,URO,Urology,1318,509
7a4d634d-fb0d-40d1-81b6-dbdbe687b535,18f428f2-80c7-40cf-8e1f-c54e6478aad6,GS,General Surgery,1658,358
07fcb3e6-e888-4f92-a1d3-9de6087a4e55,d184befa-0281-4317-8c24-42aae42ba84e,NEURO,Neurology,984,831
2d7caa27-ad97-4432-b174-64f57acc6608,d184befa-0281-4317-8c24-42aae42ba84e,MED,General Medicine,456,1735
6fdf71f7-0cbc-4c49-ba2c-d3f04f71f7e9,d184befa-0281-4317-8c24-42aae42ba84e,GS,General Surgery,694,685
bc0a7695-8290-4cb2-8060-343719732cf4,d184befa-0281-4317-8c24-42aae42ba84e,CARD,Cardiology,1264,1708
48acb811-ecf9-4739-bb3b-d28a3a709fd9,d184befa-0281-4317-8c24-42aae42ba84e,OBG,Obstetrics & Gynaecology,1808,429
2d8c3182-edda-43cb-9ab3-ada52e95c934,d184befa-0281-4317-8c24-42aae42ba84e,URO,Urology,1161,320
d775db64-b587-4af7-8a88-4403ff12b84f,3c96aabd-e7cb-4c45-ac1c-614097b559da,GS,General Surgery,302,201
2aaf0913-8343-487c-9be5-e174f2aaa546,3c96aabd-e7cb-4c45-ac1c-614097b559da,OBG,Obstetrics & Gynaecology,510,703
fcd66eca-323c-480b-86cc-94de24f3b029,3c96aabd-e7cb-4c45-ac1c-614097b559da,MED,General Medicine,220,1553
08d11ace-5cff-46de-8aaa-6744e7d01ba1,3c96aabd-e7cb-4c45-ac1c-614097b559da,ORTH,Orthopaedics,175,57
1e8ffd1b-f997-42c0-b51a-cbd725bc6f15,3c96aabd-e7cb-4c45-ac1c-614097b559da,CARD,Cardiology,1524,945
63d058c6-2697-41ea-a55a-7078e2170b6c,7ff394e9-3485-4a4d-8fcd-340365ed2cb4,MED,General Medicine,1076,1492
798df2d1-2ef3-4d74-8da9-a80f7fd1ed12,7ff394e9-3485-4a4d-8fcd-340365ed2cb4,GS,General Surgery,328,109
21c2c763-8d97-48d1-ab9b-97a7b1dc6099,7ff394e9-3485-4a4d-8fcd-340365ed2cb4,OBG,Obstetrics & Gynaecology,815,1745
7711d244-4280-4fdc-ad3f-8331b35c2bf4,7ff394e9-3485-4a4d-8fcd-340365ed2cb4,PEDS,Paediatrics,1190,118
e8c2a815-8e55-4e41-b4b0-966c06a5ae24,7ff394e9-3485-4a4d-8fcd-340365ed2cb4,URO,Urology,1540,427
ab65b4ea-a5d9-49ea-b9ae-52c56ca83136,7ff394e9-3485-4a4d-8fcd-340365ed2cb4,ORTH,Orthopaedics,1369,155
81783e22-8e31-4c34-ad24-269fc532425c,1cb0817d-76d0-48d0-82ac-48635fd57926,OBG,Obstetrics & Gynaecology,1165,425
021a4cab-ee21-46d5-8324-ae0ce3ca57ff,1cb0817d-76d0-48d0-82ac-48635fd57926,ENT,ENT,200,425
ac0a0504-d990-4f72-848a-f2b7c60bf4c6,1b2f0ee7-8e17-4f56-8bf1-17613a055ae4,OBG,Obstetrics & Gynaecology,1339,1661
1ca9dbbb-579b-4131-bf49-98613eda7ce6,1b2f0ee7-8e17-4f56-8bf1-17613a055ae4,ORTH,Orthopaedics,1394,162
a304a0ce-62ac-4c2e-a377-2a4eba1499e0,1b2f0ee7-8e17-4f56-8bf1-17613a055ae4,MED,General Medicine,1342,1637
61e6b5a7-502b-4fba-825f-c73adba45fb7,dac51237-edbb-4ee9-acf5-9937337ecbe5,OBG,Obstetrics & Gynaecology,329,1431
10f08f9d-7ede-41b2-b193-00e3377fdcb3,dac51237-edbb-4ee9-acf5-9937337ecbe5,NEURO,Neurology,693,375
3983ca4f-598b-4c5f-bc43-ef899f3bbc1d,dac51237-edbb-4ee9-acf5-9937337ecbe5,CARD,Cardiology,1370,1533
606ce9c0-1984-48d0-bf0c-8ecf1e531a63,1bc45ab0-2708-4ce3-9ddb-e3409e93bd52,PSYCH,Psychiatry,1520,1374
63aea62b-bfc3-4749-844f-8dcfedce4d3b,1bc45ab0-2708-4ce3-9ddb-e3409e93bd52,CARD,Cardiology,1229,60
6aadf2a1-7a30-426a-84d7-fa40087c185d,1bc45ab0-2708-4ce3-9ddb-e3409e93bd52,MED,General Medicine,756,334
e99b605d-7cb1-4812-8a1b-67e4e2ca993f,1bc45ab0-2708-4ce3-9ddb-e3409e93bd52,OBG,Obstetrics & Gynaecology,1769,1002
611dabfc-5b8a-48e3-893c-172e014dd937,1bc45ab0-2708-4ce3-9ddb-e3409e93bd52,URO,Urology,782,816
a3d4ed96-1b0e-4ef9-8241-fb2fa88380d7,00022a0c-c67a-4d66-a9d6-dab6cb850efd,ONCO,Oncology,1648,1135
5b93bf6e-e04b-472e-918a-c10a04bde48e,00022a0c-c67a-4d66-a9d6-dab6cb850efd,URO,Urology,598,1162
786b59ee-6ed8-451a-ab8f-34930c7a6f98,00022a0c-c67a-4d66-a9d6-dab6cb850efd,DERM,Dermatology,178,999
91e6ddbe-63dd-44df-a277-c9cdbe01614a,00022a0c-c67a-4d66-a9d6-dab6cb850efd,MED,General Medicine,312,1186
8bbe318e-6e09-4eb7-9c9f-70119b18e244,5e9bcbc0-18e7-4d4e-b2a2-c1a2eeda36cc,OBG,Obstetrics & Gynaecology,1564,1034
2f462fe7-5b4f-45e9-82fb-6dc90cbd7db2,5e9bcbc0-18e7-4d4e-b2a2-c1a2eeda36cc,GS,General Surgery,941,939
570aabc8-24f0-4dd6-aa8c-ca9d3403c941,5e9bcbc0-18e7-4d4e-b2a2-c1a2eeda36cc,MED,General Medicine,746,1202
90b26fa0-bd48-426a-a717-f5056919a672,56afb951-aaf4-4664-bdf2-0ac91a4a066d,OBG,Obstetrics & Gynaecology,585,1376
3be1097d-3ec6-4d7e-ba62-76d1838461ac,9ce7a416-a770-4f67-81e0-7b44323fe502,ORTH,Orthopaedics,1085,462
47ca381f-6d7e-45cd-8b21-cdfc4e4205b5,9ce7a416-a770-4f67-81e0-7b44323fe502,URO,Urology,540,198
0981d23b-10af-414e-b402-fbcdb2a7e540,9ce7a416-a770-4f67-81e0-7b44323fe502,OPTH,Ophthalmology,963,611
374f4655-a8be-4cea-b330-0ddea2b218a1,9ce7a416-a770-4f67-81e0-7b44323fe502,GS,General Surgery,996,1041
6e9340fc-d083-4430-aa36-ee5b82e0f364,9ce7a416-a770-4f67-81e0-7b44323fe502,NEPHRO,Nephrology,1118,805
869ea511-bc2a-42a1-bcde-a5e8fea9ac66,329a769e-96ab-48fb-b82a-409c20359649,MED,General Medicine,412,1412
b266f8b7-eea2-4c7d-a0c9-1608f5ffc768,329a769e-96ab-48fb-b82a-409c20359649,GS,General Surgery,749,1712
0aaa5086-0fef-430c-9ada-67f3b84bea55,fde585e8-4da2-4045-8edb-dea77f2bfde2,OBG,Obstetrics & Gynaecology,1715,76
dacb0dc2-d99c-46d2-836f-f0b77169aeac,fde585e8-4da2-4045-8edb-dea77f2bfde2,ONCO,Oncology,1224,1477
7131778a-fdca-4774-8b82-c4c5eb35fd84,fde585e8-4da2-4045-8edb-dea77f2bfde2,GS,General Surgery,1831,1214
8977726a-2f67-417f-8610-8f8186cd1754,1c99b149-dc12-40e7-8ff3-21557ced1179,ORTH,Orthopaedics,991,616
3fda2bb8-da0f-4724-b5f5-3572d353c922,1c99b149-dc12-40e7-8ff3-21557ced1179,OBG,Obstetrics & Gynaecology,618,1047
40442f4c-c698-4eaf-99b2-542e54ec69fc,1c99b149-dc12-40e7-8ff3-21557ced1179,BURNS,Burns & Plastic Surgery,264,1038
e4cfea01-82fc-4fc2-9a40-cd46b5c6160f,1c99b149-dc12-40e7-8ff3-21557ced1179,OPTH,Ophthalmology,725,1479
bbd0604b-06cd-4c64-982f-3d4bc871d1ad,773f7fa2-f78a-4b7d-98a4-1a388c138acb,URO,Urology,579,46
13e208e5-b6ab-47ec-bcc1-c4225b545d99,773f7fa2-f78a-4b7d-98a4-1a388c138acb,OBG,Obstetrics & Gynaecology,1779,1514
6a2fee76-9987-469d-9daa-07c13c58607e,773f7fa2-f78a-4b7d-98a4-1a388c138acb,OPTH,Ophthalmology,94,1603
96effbf8-2d62-42d3-b3d1-e7228aaffa4f,773f7fa2-f78a-4b7d-98a4-1a388c138acb,NEPHRO,Nephrology,1845,493
58ea8eb2-fdd9-4cb9-b85b-461c78860359,773f7fa2-f78a-4b7d-98a4-1a388c138acb,GS,General Surgery,82,1213
db04a7c3-4fac-43bb-9df9-49825250087d,773f7fa2-f78a-4b7d-98a4-1a388c138acb,ONCO,Oncology,452,686
83284494-b713-44bd-8bf7-790f6ea280bb,634a130c-fcbe-4e59-a818-ddcac4bfae04,GS,General Surgery,1020,1597
d4178367-41ee-439c-aa50-30ad98ba5639,634a130c-fcbe-4e59-a818-ddcac4bfae04,NEPHRO,Nephrology,1502,471
146af5b2-2779-47e1-8a38-a592147824df,634a130c-fcbe-4e59-a818-ddcac4bfae04,CARD,Cardiology,344,128
3a0b1a53-5686-4ae4-8e11-dd6114fcf6e1,634a130c-fcbe-4e59-a818-ddcac4bfae04,OBG,Obstetrics & Gynaecology,1157,439
1bd56c97-8edc-4e2c-96d8-eac4c010655a,634a130c-fcbe-4e59-a818-ddcac4bfae04,ORTH,Orthopaedics,1492,1133
bd5992d8-4c48-46d3-862a-c0b84d69a972,535536b6-459d-430e-bdb3-ce4a1fd27e14,ENT,ENT,1707,1713
e34c3438-ea10-432a-992a-5b5672888081,535536b6-459d-430e-bdb3-ce4a1fd27e14,ORTH,Orthopaedics,1740,1306
7045feb8-5bd4-4906-83ae-75df5b5d89c9,535536b6-459d-430e-bdb3-ce4a1fd27e14,OPTH,Ophthalmology,831,1500
b151b5a3-2dd2-4321-a4d9-1710b0481cbd,535536b6-459d-430e-bdb3-ce4a1fd27e14,GS,General Surgery,596,825
7555ebf9-f43f-4650-a1be-3d1e19231217,f3326ff2-35ac-4914-bcf0-0379f732cf20,OBG,Obstetrics & Gynaecology,123,1544
fb7098e3-0800-42fb-b54b-b2cf81d05dcf,f3326ff2-35ac-4914-bcf0-0379f732cf20,MED,General Medicine,164,490
636a4b2c-9484-46c3-9494-b2c800ad3a52,1b99ed4b-8ebc-414b-b3d9-8635c8ef44da,OPTH,Ophthalmology,1623,982
98e3cb31-f5e0-4008-b1c7-79539326f4e5,1b99ed4b-8ebc-414b-b3d9-8635c8ef44da,ORTH,Orthopaedics,1665,998
1c6e3012-ce3c-430f-b81a-2d52604fe3d5,1b99ed4b-8ebc-414b-b3d9-8635c8ef44da,OBG,Obstetrics & Gynaecology,917,803
09bf2af0-de99-4a25-84ad-b62c06ce304d,1b99ed4b-8ebc-414b-b3d9-8635c8ef44da,MED,General Medicine,878,73
344d0780-fed6-4420-aa55-3934ba513a76,1b99ed4b-8ebc-414b-b3d9-8635c8ef44da,PEDS,Paediatrics,902,1729
3dba0a2a-f225-4390-9f61-2250752ce2c2,e44955c4-8e35-4f64-b973-07fdb285e006,CARD,Cardiology,619,780
ae9defd0-7c0d-4740-850f-c0568630fb05,e44955c4-8e35-4f64-b973-07fdb285e006,GS,General Surgery,915,88
85bc3cda-8e86-4947-9efe-a6c347d0f09b,e44955c4-8e35-4f64-b973-07fdb285e006,OBG,Obstetrics & Gynaecology,796,1446
47ac7aa6-0591-4577-8181-818cd86dc109,e44955c4-8e35-4f64-b973-07fdb285e006,MED,General Medicine,694,1031
2d1649a6-f663-4673-8c73-63807d2f576d,5f74e2e2-dde4-4877-afe8-c66f668662b7,MED,General Medicine,390,1557
e536798b-5c0e-43c0-8875-c79f0b01a551,5f74e2e2-dde4-4877-afe8-c66f668662b7,PEDS,Paediatrics,1773,274
4a1fd93a-f155-416b-955d-5f57ff4895a8,ed97bf9e-176e-4da6-a616-88f8388d00d8,ORTH,Orthopaedics,1969,596
443dd315-791f-4225-b62b-3a35bd515b40,ed97bf9e-176e-4da6-a616-88f8388d00d8,OPTH,Ophthalmology,649,135
c74776cf-5ea4-4b3f-abc8-d8db1637f688,210d53e0-7563-4263-a66d-c5cb28e89743,MED,General Medicine,1617,194
302d06ab-fb04-4eec-a597-e8009c109f02,210d53e0-7563-4263-a66d-c5cb28e89743,CARD,Cardiology,1434,237
824b8fdb-53ae-43db-b700-ad05d36b51dc,f028fa1e-2579-4cf3-8f4a-1403c50ecd0b,CARD,Cardiology,1400,715
77d90778-5c64-42ec-ae12-e458d02d38c5,f028fa1e-2579-4cf3-8f4a-1403c50ecd0b,OBG,Obstetrics & Gynaecology,1255,322
c6c86cd6-ec85-47bc-b6e4-47dbaacfae12,f028fa1e-2579-4cf3-8f4a-1403c50ecd0b,MED,General Medicine,1713,991
3fe391d7-dafa-4cbd-8f38-ecd66b03b42a,4778b43a-760b-404b-86d1-e2e787fe59e7,MED,General Medicine,1030,909
a80acd81-3ac6-44bf-bcb9-fa1759a460ac,4778b43a-760b-404b-86d1-e2e787fe59e7,GS,General Surgery,1334,294
348d905e-b454-41ed-b0fc-9c4a380828aa,4778b43a-760b-404b-86d1-e2e787fe59e7,OPTH,Ophthalmology,852,1526
89e33efb-fa0e-4789-914e-08e8cc65d572,4778b43a-760b-404b-86d1-e2e787fe59e7,OBG,Obstetrics & Gynaecology,1501,614
ddb9aee1-2fc2-42da-8540-a8b74e9ea0d7,98996e2b-fd7d-42db-9e98-c546a28254cc,PEDS,Paediatrics,840,1040
dcf0bcd7-2ec0-42b3-b90c-d05be1365760,98996e2b-fd7d-42db-9e98-c546a28254cc,OBG,Obstetrics & Gynaecology,1875,413
8c41632f-ff63-4bdf-b6c5-1d9088502dd0,98996e2b-fd7d-42db-9e98-c546a28254cc,CARD,Cardiology,485,1100
e32c0a54-ed0f-496c-8f15-28e0d8a1e1cd,98996e2b-fd7d-42db-9e98-c546a28254cc,NEURO,Neurology,520,1292
b5584c86-912f-4b93-9a86-ceb6453e4898,b953826f-a93e-45d3-a39a-55df4b2c4a4e,GS,General Surgery,1649,1318
b0938574-6db2-4df0-af06-a7d824bd4170,b953826f-a93e-45d3-a39a-55df4b2c4a4e,OBG,Obstetrics & Gynaecology,1808,1155
127344bd-5e67-47a8-b7bc-b4af51fe06cc,43b7d117-b51e-46dc-b26f-696b0ff56c82,CARD,Cardiology,1720,1136
2794ec7c-8791-4198-8863-22eb627c1bba,6bab69eb-9afa-4043-a8a8-f7c0b089c088,GS,General Surgery,1525,1691
6855b737-5977-44fd-a145-f8eb0888850a,6bab69eb-9afa-4043-a8a8-f7c0b089c088,OPTH,Ophthalmology,387,612
acd7f7c9-3c57-44c0-9a45-83442ab6de8a,6bab69eb-9afa-4043-a8a8-f7c0b089c088,OBG,Obstetrics & Gynaecology,1816,1071
5475ffe9-f453-4eea-b79d-c77a43876bd7,6bab69eb-9afa-4043-a8a8-f7c0b089c088,DERM,Dermatology,1642,136
44dfd6be-c447-4b60-800e-f85deca58c87,14689f0a-3d52-4137-a6a9-faf2389d7b2d,ORTH,Orthopaedics,541,1066
00c990ea-b974-4647-83f8-19874e0b4d54,14689f0a-3d52-4137-a6a9-faf2389d7b2d,GS,General Surgery,824,730
2f6f1ac8-199d-4b41-827a-0e340f300ffe,7d30507d-4a27-4c69-b2b8-08eda53ca9a6,GS,General Surgery,1798,1595
410b0901-ebf9-49c0-9aa0-c52fab4120fb,7d30507d-4a27-4c69-b2b8-08eda53ca9a6,NEURO,Neurology,376,875
982bacb3-bff2-45da-8eeb-ef2cc08b4303,7d30507d-4a27-4c69-b2b8-08eda53ca9a6,OBG,Obstetrics & Gynaecology,1122,139
6da41188-8931-43f9-8c0f-0bbc2c687d0d,8c7430a4-0ea6-41ca-b018-056e339aa5b0,MED,General Medicine,1497,1470
1c21190a-ed8e-4821-830c-1afeca5fed66,96db583d-7981-452f-9291-b456e020d267,URO,Urology,1350,73
9a04ef66-2b3b-4eaa-a8f4-abed33ab7aad,96db583d-7981-452f-9291-b456e020d267,ENT,ENT,629,735
b10f405f-15d1-4197-8af1-84067573250e,96db583d-7981-452f-9291-b456e020d267,ORTH,Orthopaedics,634,1514
5b779b8b-47b3-4019-9531-70e4462d672e,96db583d-7981-452f-9291-b456e020d267,CARD,Cardiology,1466,54
07ab5a22-fe84-445e-8d6c-0e2557771824,8bc71410-a0f1-4c76-800f-5300d9496eca,OPTH,Ophthalmology,248,980
638dc071-af0e-4863-a392-854208dc1f5d,8bc71410-a0f1-4c76-800f-5300d9496eca,OBG,Obstetrics & Gynaecology,867,294
d484fce6-2093-43be-bd17-c23041e1dba0,bb35f752-a368-480e-afba-21573ff95c48,CARD,Cardiology,302,712
79f2c923-3b82-4582-a29d-179385321d55,bb35f752-a368-480e-afba-21573ff95c48,MED,General Medicine,417,1342
184454d7-5988-4d36-8aaa-a000e360a5a6,bb35f752-a368-480e-afba-21573ff95c48,OBG,Obstetrics & Gynaecology,1145,1247
3d014073-00b8-45a0-81aa-9d3728e61143,77bee0a6-3736-41b7-878e-2044de6db9a2,GS,General Surgery,962,86
2fe6b585-7e98-43c2-be13-36a46c2bbe94,77bee0a6-3736-41b7-878e-2044de6db9a2,OBG,Obstetrics & Gynaecology,1129,1713
488f3b49-ef9e-45cb-83de-c8d838b0f44e,77bee0a6-3736-41b7-878e-2044de6db9a2,NEURO,Neurology,1213,533
e0a09b15-4738-44c3-82a5-1d861d5d736c,d4b57a38-fb5d-4322-bb10-6158a89c9ad4,GS,General Surgery,170,1129
32598eb0-af94-4586-afeb-db56df48b9c4,d4b57a38-fb5d-4322-bb10-6158a89c9ad4,NEURO,Neurology,664,1159
1f3cb476-dda1-4688-81b8-63cead441487,d4b57a38-fb5d-4322-bb10-6158a89c9ad4,URO,Urology,1440,845
3f61264d-f85f-40cd-8005-744f4e585ed3,d4b57a38-fb5d-4322-bb10-6158a89c9ad4,ORTH,Orthopaedics,1261,921
1e5ba3ab-a583-432c-b0b0-ad3868d51342,ae1ffb7d-3356-413e-8d09-e4b485d1f91d,OBG,Obstetrics & Gynaecology,975,867
bdd199b5-05a3-4782-8af1-a46a1141c35f,ae1ffb7d-3356-413e-8d09-e4b485d1f91d,MED,General Medicine,1867,251
105e2b76-19e0-4be9-ad44-14d712c5b2bb,9790f009-c4ec-4e15-8b88-3762ae3b75cc,DERM,Dermatology,1167,1060
e5be719d-dd72-43cb-9e41-f1e415933228,9790f009-c4ec-4e15-8b88-3762ae3b75cc,ONCO,Oncology,1108,1238
3154f6df-43fe-42ba-bc9e-05d9cf8d7acb,9790f009-c4ec-4e15-8b88-3762ae3b75cc,ORTH,Orthopaedics,1911,1441
303c259c-246a-483c-a462-6edfeb4cb473,9790f009-c4ec-4e15-8b88-3762ae3b75cc,MED,General Medicine,923,820
1a31e805-c054-4d16-9581-ffa778b72fe1,9790f009-c4ec-4e15-8b88-3762ae3b75cc,NEURO,Neurology,237,901
4d117711-ae0e-4eb2-8931-ffe03c35c3a0,c82d2e3f-98ce-491b-94c5-f33223488e8a,MED,General Medicine,1178,1650
823d1799-0802-4675-b3b5-713b5b3ade89,c82d2e3f-98ce-491b-94c5-f33223488e8a,GS,General Surgery,1644,734
f94e4177-e7ea-4503-9c61-4ee67fe3a185,c82d2e3f-98ce-491b-94c5-f33223488e8a,OBG,Obstetrics & Gynaecology,1843,1031
973aa798-b454-4bcb-af03-c27ff42f272d,774e84f5-a11e-428d-a490-b6e026c3389e,DERM,Dermatology,1011,538
d4a913e5-f39b-4ced-8ee5-7f29734a7856,774e84f5-a11e-428d-a490-b6e026c3389e,MED,General Medicine,871,51
41332be0-f376-4e5d-8b24-5c59e7d54184,774e84f5-a11e-428d-a490-b6e026c3389e,GS,General Surgery,1060,105
72817acf-a076-4246-9da1-555cfa54900e,774e84f5-a11e-428d-a490-b6e026c3389e,OPTH,Ophthalmology,295,1187
44165f55-c23d-4b5c-bf0a-5b17e78cd932,774e84f5-a11e-428d-a490-b6e026c3389e,ORTH,Orthopaedics,320,545
3edac3b1-7e4b-40a5-ab76-2334378c7c4d,169bd8af-394c-4bfd-9a8a-251a3680241d,GS,General Surgery,502,1461
3ae1daf8-83a9-4f64-b0fd-1ab56da1e9bb,169bd8af-394c-4bfd-9a8a-251a3680241d,PEDS,Paediatrics,1020,953
2761efc3-3aac-41c2-9e9b-e6ca8ae33b24,169bd8af-394c-4bfd-9a8a-251a3680241d,OBG,Obstetrics & Gynaecology,821,1181
03546567-4ac3-4c4a-904e-dd5a69a97735,44de4e75-8b0c-4958-a2cc-7fc3fa0c125a,CARD,Cardiology,502,1070
a552651f-58da-4fda-834c-d1bebf06d815,44de4e75-8b0c-4958-a2cc-7fc3fa0c125a,OBG,Obstetrics & Gynaecology,436,788
f513af5a-ec4b-495d-8468-5bc0980fabc5,44de4e75-8b0c-4958-a2cc-7fc3fa0c125a,URO,Urology,332,1683
570c344a-58a6-450a-b5ba-d9eed4e9c4e8,44de4e75-8b0c-4958-a2cc-7fc3fa0c125a,ONCO,Oncology,170,1725
52bae404-95e1-468b-8278-8682f692a3f4,e143eb48-9803-47ee-a528-afa11a065593,OBG,Obstetrics & Gynaecology,1595,284
8f02dae6-6d28-4017-bdd7-b07f7bf29e1b,e143eb48-9803-47ee-a528-afa11a065593,MED,General Medicine,497,222
157f6b6d-b288-4a4d-900e-b799f409c95d,e143eb48-9803-47ee-a528-afa11a065593,GS,General Surgery,1164,149
1e9b71d0-d543-4c3e-9277-d119c7560d6f,e143eb48-9803-47ee-a528-afa11a065593,URO,Urology,1086,1087
aece9031-66cb-47aa-81ce-f41d544f4d54,886e768d-710b-4ab0-be65-8fbaa25b0e6d,OBG,Obstetrics & Gynaecology,218,877
009ab007-4614-48d1-99c8-d00f181410af,886e768d-710b-4ab0-be65-8fbaa25b0e6d,GS,General Surgery,1867,296
a21a4a06-a189-438f-8b66-0bbc551677a8,886e768d-710b-4ab0-be65-8fbaa25b0e6d,ORTH,Orthopaedics,798,1656
22250443-4d67-4bb1-8ad8-60165a1756b3,787beee6-ff80-4a5b-aeca-4fd2756f0548,MED,General Medicine,217,764
c223ef17-2b01-4a07-90ef-f1613f0fc3ba,787beee6-ff80-4a5b-aeca-4fd2756f0548,PEDS,Paediatrics,313,1729
cf1047f4-2a76-47fc-9bff-5e0bb85f4327,787beee6-ff80-4a5b-aeca-4fd2756f0548,URO,Urology,104,1698
f3af027c-82e7-4fcf-bca7-712de85e488b,ce7867d2-5635-49cc-a736-9403134aac2e,MED,General Medicine,60,203
4b51d560-4ff6-4a35-bde1-6d64f426f703,ce7867d2-5635-49cc-a736-9403134aac2e,OBG,Obstetrics & Gynaecology,1809,1533
d9734340-8d61-4649-b24e-35eea15fc96b,ce7867d2-5635-49cc-a736-9403134aac2e,OPTH,Ophthalmology,860,467
8fe430d7-a2a4-4f0e-808b-29ed655be539,76d53435-2f53-44c7-977f-fa63dbddef70,ORTH,Orthopaedics,1859,1554
17667a25-a40b-492a-aa29-ff947cf5ff1a,76d53435-2f53-44c7-977f-fa63dbddef70,OBG,Obstetrics & Gynaecology,842,1741
c3572865-3ad9-4643-9d02-4e86477ec9a5,76d53435-2f53-44c7-977f-fa63dbddef70,OPTH,Ophthalmology,394,390
e5f1466c-5e01-44bf-8b2c-96fcc107ccfe,76d53435-2f53-44c7-977f-fa63dbddef70,DERM,Dermatology,677,1058
a87308ef-cf6f-404a-a7e1-84e743b02bb4,76d53435-2f53-44c7-977f-fa63dbddef70,GS,General Surgery,1905,1608
e7e19a43-2108-4cd4-b56d-b9490852ca6e,76d53435-2f53-44c7-977f-fa63dbddef70,URO,Urology,706,1768
b267d384-fc11-4013-ac02-28838f42d2d5,0309f1cb-d6cd-472f-ba10-6903794d92f9,URO,Urology,1372,472
9de450d9-57d9-46d0-8917-f860d22c5fdb,0309f1cb-d6cd-472f-ba10-6903794d92f9,ORTH,Orthopaedics,158,705
0efadf34-91d8-4a21-b5a3-46d70da96ea3,0a85f16e-2b22-4dca-a10d-5b92201b4906,OPTH,Ophthalmology,1897,705
50db4a23-1632-4732-a3b1-f729bc876b45,0a85f16e-2b22-4dca-a10d-5b92201b4906,URO,Urology,950,801
cc27a919-ed1b-43f6-ae3a-4d3c5f823601,82f0c635-e239-4173-a652-e5c58ab0a63e,GS,General Surgery,1052,285
d88e8273-67d8-4de4-84b2-816856928373,82f0c635-e239-4173-a652-e5c58ab0a63e,OBG,Obstetrics & Gynaecology,1678,260
3817f36c-2359-4133-b321-d035b900dbaf,82f0c635-e239-4173-a652-e5c58ab0a63e,OPTH,Ophthalmology,1707,318
942b4e69-828c-451d-9194-e8ac820b860f,f6dbadc9-6b8d-41f4-8648-d12113ee3815,MED,General Medicine,340,1186
4a6dbbdf-0d6f-4f4a-954a-b188ae0602df,f6dbadc9-6b8d-41f4-8648-d12113ee3815,OBG,Obstetrics & Gynaecology,298,508
1a8ff106-a29c-46b6-96a9-1c68d5683ea3,f6dbadc9-6b8d-41f4-8648-d12113ee3815,ORTH,Orthopaedics,1405,187
97599555-ac6b-4110-bf2c-21d0789dc207,f6dbadc9-6b8d-41f4-8648-d12113ee3815,ENT,ENT,657,880
0aa51445-d15e-4899-8d6b-5706a6719861,dc0137f9-20fe-4a85-bfdd-45cf9d56fa5f,OPTH,Ophthalmology,1438,1553
66776432-1a31-443e-ac87-ef9bb1ef6dda,dc0137f9-20fe-4a85-bfdd-45cf9d56fa5f,ONCO,Oncology,579,374
f0778c06-a580-4ca7-80bf-d8a5313543a5,acf7cc6d-d2d5-450c-8ea2-2e4c3aab8048,ONCO,Oncology,1195,514
0b584403-33b5-4d57-a491-75f16d9fc267,acf7cc6d-d2d5-450c-8ea2-2e4c3aab8048,MED,General Medicine,184,486
29427898-d7be-4156-abcb-ebeda08f2be7,36514112-6034-4d11-bcc2-83c07762bea0,CARD,Cardiology,1235,936
0fceb016-3b99-4153-b09b-c2add6272a75,36514112-6034-4d11-bcc2-83c07762bea0,OBG,Obstetrics & Gynaecology,1301,958
d5764afb-4878-4571-9eb4-f6e168b1fd70,cbc9e3ca-7d76-4729-8f89-a5d408538b50,PEDS,Paediatrics,1852,1166
ee5af3d1-ce9f-45df-969d-f562f7d3cb7d,cbc9e3ca-7d76-4729-8f89-a5d408538b50,OBG,Obstetrics & Gynaecology,705,357
b4a03757-7267-4eb7-a746-a60201ac2123,e050b7f7-ff26-49fc-bcdb-4d99402a8a0e,ENT,ENT,901,1153
40d2b971-ab65-461a-b3bb-5596fb20d700,e050b7f7-ff26-49fc-bcdb-4d99402a8a0e,OBG,Obstetrics & Gynaecology,146,434
d579eb05-32f9-4118-9b61-7a86f74e026c,e050b7f7-ff26-49fc-bcdb-4d99402a8a0e,DERM,Dermatology,1513,785
25d1d697-a620-41e6-8061-3a971cb39e4b,e050b7f7-ff26-49fc-bcdb-4d99402a8a0e,CARD,Cardiology,1809,950
d02788f9-d5cc-44f8-8464-46fca6bbea0b,0ac38087-8f1d-4bb3-91bc-b03fe5299f25,ONCO,Oncology,1220,1707
fde4e496-8da7-4efc-a68a-3f2cc2091e80,0ac38087-8f1d-4bb3-91bc-b03fe5299f25,URO,Urology,1621,1196
98d885ed-f5a0-459d-92b2-4d9fe51caa08,5c50a41c-8176-4534-acde-b156771df199,ORTH,Orthopaedics,635,765
8305b51a-6e7e-43bf-a1ee-cec10e5c8577,5c50a41c-8176-4534-acde-b156771df199,OBG,Obstetrics & Gynaecology,875,1335
bad1d50c-fa02-42a0-8735-d731448f156f,f2f4c833-612c-47b0-b302-f236cb5beb19,OBG,Obstetrics & Gynaecology,1483,468
53888b73-66d1-4aca-8966-dd53128b815f,f2f4c833-612c-47b0-b302-f236cb5beb19,OPTH,Ophthalmology,1896,1455
bf005c97-6b6b-43d2-9cea-50a32d870bf3,f2f4c833-612c-47b0-b302-f236cb5beb19,URO,Urology,1404,784
03759c21-7297-468b-8988-f33a4c5dcd8a,f2f4c833-612c-47b0-b302-f236cb5beb19,MED,General Medicine,376,963
8123a220-19bd-49f4-892f-dc7991781e6f,30a2635e-e25b-4493-b0d7-47d97e9b7905,URO,Urology,625,1490
ba5a0f1c-9cfb-4e76-9315-c36d5d591b92,30a2635e-e25b-4493-b0d7-47d97e9b7905,OBG,Obstetrics & Gynaecology,919,1022
da2c33fe-6d79-44b7-bc99-2252134e3c1b,30a2635e-e25b-4493-b0d7-47d97e9b7905,MED,General Medicine,814,1674
df2b13ad-2f3e-477d-9572-3e40873b1bc8,c89a3cc0-2359-4619-a84c-0e6df2a3d623,OPTH,Ophthalmology,304,1496
c5d013ca-3870-4279-84fe-b3bbbc925efc,c89a3cc0-2359-4619-a84c-0e6df2a3d623,PEDS,Paediatrics,339,689
f794deee-6719-4c86-a98e-ae574ba8aa62,b608899e-7583-413b-bffe-0de2f1fba9b1,CARD,Cardiology,1098,336
0e246ea6-da67-4024-b7ed-837bdd291f75,b608899e-7583-413b-bffe-0de2f1fba9b1,OPTH,Ophthalmology,172,1690
80340ebe-79d9-40a8-8c9d-87c716b42f3a,b608899e-7583-413b-bffe-0de2f1fba9b1,ORTH,Orthopaedics,1679,890
9c37cb5f-3f58-40a0-9ef4-b47c15d2b082,b608899e-7583-413b-bffe-0de2f1fba9b1,OBG,Obstetrics & Gynaecology,387,1083
4574e63e-a51f-4a71-8647-cbc749e42346,b608899e-7583-413b-bffe-0de2f1fba9b1,MED,General Medicine,526,844
b35b498f-b76a-40e9-a4cc-9116e8acf263,955003ac-10e8-425c-a740-d329e48f099b,GS,General Surgery,901,1163
f56e65f5-85d8-4380-8334-c6010b307ada,955003ac-10e8-425c-a740-d329e48f099b,ORTH,Orthopaedics,1101,1613
9b6223bd-540b-4354-8a37-b58184f8b1d9,955003ac-10e8-425c-a740-d329e48f099b,MED,General Medicine,439,1104
b8d03eaf-55c1-4829-9f44-b722f6744c01,955003ac-10e8-425c-a740-d329e48f099b,PEDS,Paediatrics,547,864
04a46052-cb54-4114-98d5-c242f36218bd,c6367490-c7be-4c38-a755-57c180c83c74,OBG,Obstetrics & Gynaecology,1536,117
1e24b4d0-a137-49b5-84d2-f06b13893425,c6367490-c7be-4c38-a755-57c180c83c74,BURNS,Burns & Plastic Surgery,1577,506
790e1ce7-07d6-4942-be78-d2e4485f5382,c6367490-c7be-4c38-a755-57c180c83c74,CARD,Cardiology,1664,1755
f198eee2-8aba-4e52-be6f-be3f93143b09,c6367490-c7be-4c38-a755-57c180c83c74,ORTH,Orthopaedics,1490,177
3a9b393a-04f3-46ec-bb80-f4ac69d12e34,c6367490-c7be-4c38-a755-57c180c83c74,NEURO,Neurology,1745,1730
c757d4d5-a1c0-4c9b-815c-d22283863c49,c6367490-c7be-4c38-a755-57c180c83c74,GS,General Surgery,1638,401
897c1f02-4dc2-462f-854c-613350a1f026,c6367490-c7be-4c38-a755-57c180c83c74,URO,Urology,780,762
de350314-3980-463f-8453-3cde0077249c,f0a39b48-462c-4632-a2db-53e1f28fb0eb,OPTH,Ophthalmology,700,1618
04ffc12d-3837-42fd-9f42-4e8baff79db9,f0a39b48-462c-4632-a2db-53e1f28fb0eb,ORTH,Orthopaedics,524,82
3294ae7c-6562-44cc-9451-c78663e76e52,f0a39b48-462c-4632-a2db-53e1f28fb0eb,OBG,Obstetrics & Gynaecology,148,102
1fa5404c-bcda-4978-a640-e9e9d77fba5a,f0a39b48-462c-4632-a2db-53e1f28fb0eb,MED,General Medicine,744,1163
5c068de9-c680-4228-aa5a-589124fb60aa,b7220b85-186d-4e82-a7e3-32b1f108eca1,ORTH,Orthopaedics,1975,482
16449d92-e272-4d32-a80a-e1df2c4e08df,b7220b85-186d-4e82-a7e3-32b1f108eca1,OBG,Obstetrics & Gynaecology,1358,134
2c29d9c2-5a0c-4c2d-8dee-acb56cf1401a,b7220b85-186d-4e82-a7e3-32b1f108eca1,GS,General Surgery,710,1073
5d8aa743-0809-43ee-868f-291aadb7fafa,b7220b85-186d-4e82-a7e3-32b1f108eca1,MED,General Medicine,739,1068
af4f887a-e03c-4c13-af70-3ed069da8e1f,6bba99d2-742e-4c5a-8c79-ddbb7cd6f31d,GS,General Surgery,1199,1673
93b6b943-dedd-4e8e-8c1d-5677d8794988,6bba99d2-742e-4c5a-8c79-ddbb7cd6f31d,OPTH,Ophthalmology,1473,850
3e933cda-a363-4b36-9fec-e011ba244959,e47ecee6-4e1d-49bf-ac89-2f3e0a26a2f0,OBG,Obstetrics & Gynaecology,921,1641
7d0e06c0-4487-484e-88c4-30f26a1628ff,e47ecee6-4e1d-49bf-ac89-2f3e0a26a2f0,PEDS,Paediatrics,1053,1455
70292b35-1676-4042-bd5e-962c2eb1f98f,e47ecee6-4e1d-49bf-ac89-2f3e0a26a2f0,ORTH,Orthopaedics,1701,436
ca974698-9566-4d12-92cf-c7f908c5da22,e47ecee6-4e1d-49bf-ac89-2f3e0a26a2f0,OPTH,Ophthalmology,271,1285
684dcb94-a7cc-4794-af1f-6dc6741f49cc,7c74a3fe-c833-4480-bf77-3b2569feda4c,ONCO,Oncology,630,743
a285640b-996c-4bc8-b6a2-1357e5bea7c3,7c74a3fe-c833-4480-bf77-3b2569feda4c,GS,General Surgery,922,1434
e26a9e81-7efa-451d-9d0e-d659f70058b5,7c74a3fe-c833-4480-bf77-3b2569feda4c,PEDS,Paediatrics,631,848
6b589652-0193-459a-8e6c-e2b54fda0504,7c74a3fe-c833-4480-bf77-3b2569feda4c,ORTH,Orthopaedics,438,274
567cbbc2-2141-430d-a671-785dc4b0fd7b,7c74a3fe-c833-4480-bf77-3b2569feda4c,OBG,Obstetrics & Gynaecology,1700,1783
895a057c-a7d7-48a5-b2cf-d5b14039fc98,f27404c5-a83c-4f51-aedf-ad940fceb7ac,CARD,Cardiology,1744,1548
da367a9d-7750-4000-b8f8-c6241223acda,f27404c5-a83c-4f51-aedf-ad940fceb7ac,OPTH,Ophthalmology,457,1625
9c769662-4595-48d2-97a9-eee1ef2c3da7,f27404c5-a83c-4f51-aedf-ad940fceb7ac,GS,General Surgery,1044,1090
5d6f1881-cc71-439a-ae8b-bc46cdbfc6c1,f27404c5-a83c-4f51-aedf-ad940fceb7ac,OBG,Obstetrics & Gynaecology,1112,1713
cf8894eb-ab63-4500-8f9a-a1a7b058b20b,f27404c5-a83c-4f51-aedf-ad940fceb7ac,ORTH,Orthopaedics,1524,1427
392c5249-40ab-49d2-91cd-f5a3be4112d2,49594842-eeda-440c-9d84-05d23688557a,OBG,Obstetrics & Gynaecology,1481,1712
a48fd351-9cf5-47ec-9aad-bc790d448256,d4266dd8-633a-410f-80a4-c0fb72408134,GS,General Surgery,149,1143
ddecf8af-2e6f-4e90-92f6-afc6a1c97906,d4266dd8-633a-410f-80a4-c0fb72408134,MED,General Medicine,1500,697
118829bd-813c-4c78-98ef-bdde2a7c1df0,d4266dd8-633a-410f-80a4-c0fb72408134,OBG,Obstetrics & Gynaecology,642,1213
74e90596-349c-4026-88fe-8944e00ab087,bff61730-ce42-45ce-88dc-74143abbcbbf,OBG,Obstetrics & Gynaecology,1845,1404
d8817f86-a421-460b-bbea-8d998b7e8ccf,bff61730-ce42-45ce-88dc-74143abbcbbf,MED,General Medicine,1966,1673
dcf02692-94dc-49e6-b6d5-f8c3e2c27bd3,bff61730-ce42-45ce-88dc-74143abbcbbf,ONCO,Oncology,1369,494
eb2cdadf-69b8-496d-9f7e-1eab1c78b1f4,7b64b485-6350-4f47-9c8a-5482a29027ae,NEURO,Neurology,1738,1238
aaa8e882-fe7b-44a3-be5f-6d66d9613d8c,7b64b485-6350-4f47-9c8a-5482a29027ae,OBG,Obstetrics & Gynaecology,1229,606
69512dee-aab5-4c83-aca4-212dc0390c64,7b64b485-6350-4f47-9c8a-5482a29027ae,ORTH,Orthopaedics,209,304
b766df19-521d-48f5-8230-3e8f0b5e5033,7b64b485-6350-4f47-9c8a-5482a29027ae,CARD,Cardiology,495,136
44fa7aff-fc03-4cb5-909a-2977a5249da0,7b64b485-6350-4f47-9c8a-5482a29027ae,MED,General Medicine,805,585
922968da-f254-4ea4-8add-db60e453fd01,6e4e3210-9365-4047-962a-1969aeb236c7,OBG,Obstetrics & Gynaecology,1975,613
2aff4381-bdd6-4202-b326-92550e8c7cf6,6e4e3210-9365-4047-962a-1969aeb236c7,ORTH,Orthopaedics,1832,1654
f90d932a-a234-4b27-9cb5-8ecf828105e7,c4828875-f675-42b4-8993-217ba936e17a,ONCO,Oncology,1620,199
3e2b6a2b-cdd0-45b4-b825-5183513172c8,c4828875-f675-42b4-8993-217ba936e17a,NEURO,Neurology,1296,1201
3307950f-adb1-426b-a727-9678c8159e3b,85043c0c-6419-4b00-91e3-b23106776f95,CARD,Cardiology,1596,1254
1e24b336-000c-46a3-be05-2e90ec9ce22c,85043c0c-6419-4b00-91e3-b23106776f95,NEURO,Neurology,1464,1151
d743ecb7-7d9c-4ff0-8568-880e9a2c8e1b,85043c0c-6419-4b00-91e3-b23106776f95,MED,General Medicine,1529,1049
055836ed-1173-465a-a2ba-7689d7bb6cf1,462870a7-d72c-437f-9859-06f5271cc205,PEDS,Paediatrics,1332,525
472bb66e-e7c4-4afe-8c62-243961ada089,462870a7-d72c-437f-9859-06f5271cc205,PSYCH,Psychiatry,1966,965
9f518861-f81d-4960-a2b6-0aa99c6c0a55,462870a7-d72c-437f-9859-06f5271cc205,OBG,Obstetrics & Gynaecology,1525,688
b192a162-1d67-4a7c-88b4-b14c8a971f8b,fbf6d91e-85ce-4c17-a954-5d0e839a3c6b,OBG,Obstetrics & Gynaecology,1111,796
0e26e459-d497-413f-9d5f-fe8ccf08346a,fbf6d91e-85ce-4c17-a954-5d0e839a3c6b,MED,General Medicine,1448,738
e54cbece-e425-4492-8af8-0d5f0e5e003b,fbf6d91e-85ce-4c17-a954-5d0e839a3c6b,OPTH,Ophthalmology,449,1622
1994e7c9-aac6-4414-93bf-929567cfd54e,fbf6d91e-85ce-4c17-a954-5d0e839a3c6b,GS,General Surgery,331,1148
f509bf20-e9ff-4bf2-b9a2-f310eb6a4ba5,94a284dc-5cf1-4342-8a6f-4f64dedb0a1e,OBG,Obstetrics & Gynaecology,1444,1081
8f26db11-5aaf-4f39-b257-ba5d73d0e168,94a284dc-5cf1-4342-8a6f-4f64dedb0a1e,ENT,ENT,132,1576
55074a8b-725b-4c09-a207-6c5acc4bd70b,94a284dc-5cf1-4342-8a6f-4f64dedb0a1e,ORTH,Orthopaedics,1827,1409
bc99e634-bab0-471e-93f3-fdcb4bc9f675,a6a70022-e453-4de8-8ef6-bcb7c470235f,MED,General Medicine,1329,323
e5051655-5e30-46bb-ac9d-7bce6fb29f52,a6a70022-e453-4de8-8ef6-bcb7c470235f,OBG,Obstetrics & Gynaecology,733,1569
a648c225-593c-4ea8-ba67-bf338ab32b92,a6a70022-e453-4de8-8ef6-bcb7c470235f,ONCO,Oncology,1497,780
2236fb8e-6e35-4b5b-9859-ebca209e42f5,a6a70022-e453-4de8-8ef6-bcb7c470235f,ORTH,Orthopaedics,692,632
f26593d7-f11f-49b3-ba45-452dc8d0644b,a6a70022-e453-4de8-8ef6-bcb7c470235f,URO,Urology,705,1799
cf0eab1f-892d-4c73-bb1d-a364b3ecb428,45e682c8-1edd-43f5-9a9a-63ab65a4f6f5,OBG,Obstetrics & Gynaecology,502,1678
d40a8004-6d41-4e05-bbfc-55db23f8da9d,45e682c8-1edd-43f5-9a9a-63ab65a4f6f5,MED,General Medicine,201,1050
324441c2-4c62-4856-95b9-fbe92fad4df8,45e682c8-1edd-43f5-9a9a-63ab65a4f6f5,BURNS,Burns & Plastic Surgery,1989,816
59f19ce2-f5c9-4016-b57a-06d54ea11e8a,45e682c8-1edd-43f5-9a9a-63ab65a4f6f5,OPTH,Ophthalmology,991,1596
bdd7c0f6-8074-4f9d-ba3d-53af66d4973c,45e682c8-1edd-43f5-9a9a-63ab65a4f6f5,ENT,ENT,1997,1285
1f10315c-8400-469c-8832-497e8880aea6,4a1932e9-a828-4e48-80e3-b73a3a88bdb5,ENT,ENT,394,1010
9f58ca27-92de-4672-87ac-843b781ea48f,4a1932e9-a828-4e48-80e3-b73a3a88bdb5,OBG,Obstetrics & Gynaecology,559,147
92e1d79e-316b-4356-a3f2-054cc8872184,4a1932e9-a828-4e48-80e3-b73a3a88bdb5,OPTH,Ophthalmology,1051,1348
8a178ede-7ef0-4b5d-946b-0703bc862ece,4a1932e9-a828-4e48-80e3-b73a3a88bdb5,ONCO,Oncology,1609,46
783bf84b-95fe-468a-9d4b-1a88bf9fdcc6,4a1932e9-a828-4e48-80e3-b73a3a88bdb5,ORTH,Orthopaedics,1869,747
dd285065-7c22-42e8-8c7a-2f4477ef358e,4a1932e9-a828-4e48-80e3-b73a3a88bdb5,GS,General Surgery,639,628
b1a53b66-6200-44a7-b76d-6c2360c4a62f,836a040a-d9d3-4aca-aea6-b7dceb825023,BURNS,Burns & Plastic Surgery,513,114
f9f57445-065b-4768-95c5-2b5f8e93fd05,836a040a-d9d3-4aca-aea6-b7dceb825023,NEURO,Neurology,1729,275
17764f51-a14f-45f5-be94-227e5f02b8c1,836a040a-d9d3-4aca-aea6-b7dceb825023,OBG,Obstetrics & Gynaecology,1077,1129
c2ff4855-12a9-4c0e-87d4-7d7653a1cc1b,836a040a-d9d3-4aca-aea6-b7dceb825023,URO,Urology,1245,629
29f74ba2-1a0c-4283-bc00-d8f27026c196,a0ca67df-3619-4e3c-ba10-f0e214d3dd90,CARD,Cardiology,463,174
48a86009-b092-4be9-a95b-948b6f4de457,a0ca67df-3619-4e3c-ba10-f0e214d3dd90,NEPHRO,Nephrology,368,876
4c8c02af-8990-4e7f-b9f7-8b3e1a323b22,a0ca67df-3619-4e3c-ba10-f0e214d3dd90,GS,General Surgery,148,369
17e12a6f-0331-4618-a5ff-aea999ae9d4e,a0ca67df-3619-4e3c-ba10-f0e214d3dd90,MED,General Medicine,982,687
6cf4a964-2f20-423b-adcb-5be4daa8fa47,f6e59df6-7d53-4a43-be31-bc21ed824a40,OBG,Obstetrics & Gynaecology,386,1786
2d773dcd-8185-48ba-9c1c-071c6924a7aa,f6e59df6-7d53-4a43-be31-bc21ed824a40,URO,Urology,275,1582
88a50772-891e-4a69-8c7f-18154e76a06e,f6e59df6-7d53-4a43-be31-bc21ed824a40,ORTH,Orthopaedics,924,1091
e1924539-97f7-4ded-b787-6a1ca4c2a62c,984e0e77-c7d8-4c9e-b4c0-91cb3cfc45d4,OPTH,Ophthalmology,1225,420
a02d659b-455c-4fde-8693-03427346014f,984e0e77-c7d8-4c9e-b4c0-91cb3cfc45d4,URO,Urology,1853,1625
3db0ca6a-cd22-4128-a8b3-5ae29e9625b5,984e0e77-c7d8-4c9e-b4c0-91cb3cfc45d4,OBG,Obstetrics & Gynaecology,1690,1243
ec90271c-8e9a-4740-8bad-2acfce3280fd,984e0e77-c7d8-4c9e-b4c0-91cb3cfc45d4,DERM,Dermatology,69,453
b36cead6-b265-49ab-9a76-06a05bab6b3f,984e0e77-c7d8-4c9e-b4c0-91cb3cfc45d4,ORTH,Orthopaedics,182,533
50ed9f1e-7d15-4582-bdd5-1edfa7efa2fe,f8ab7fcc-9784-4745-b38a-1cfae3f2b9bc,BURNS,Burns & Plastic Surgery,510,1024
61a99646-bf76-47df-9c26-074191257d70,f8ab7fcc-9784-4745-b38a-1cfae3f2b9bc,CARD,Cardiology,570,324
69ad9260-a7f0-4d4c-83c8-e41ccc89bc63,f8ab7fcc-9784-4745-b38a-1cfae3f2b9bc,ONCO,Oncology,1878,1116
575af394-cea4-461f-9a7e-cd95df09c2b6,f8ab7fcc-9784-4745-b38a-1cfae3f2b9bc,OBG,Obstetrics & Gynaecology,406,1041
4268d25d-16d9-45f0-8fa1-2583bf601ef1,f8ab7fcc-9784-4745-b38a-1cfae3f2b9bc,NEURO,Neurology,1347,1404
1ca61422-0cc7-4cf0-b0e0-3bad28da36d3,041b081f-9fbf-412a-936a-314f4fe17d9f,URO,Urology,1034,1465
9204c6a8-e83b-40f7-8f51-3922aa796178,041b081f-9fbf-412a-936a-314f4fe17d9f,NEURO,Neurology,1889,1040
f07f0caa-0403-4299-97ff-91c428315c5a,041b081f-9fbf-412a-936a-314f4fe17d9f,GS,General Surgery,466,370
09523bc5-9e82-4a10-b7ad-a66af8f1fd4b,041b081f-9fbf-412a-936a-314f4fe17d9f,OBG,Obstetrics & Gynaecology,1961,1415
496a8a29-8289-4a09-a7eb-2b8bad62ae4f,041b081f-9fbf-412a-936a-314f4fe17d9f,MED,General Medicine,788,1035
61e7111d-5052-47b7-8447-79ce368aa5db,a2b628b7-8f1d-46db-92b6-969042c93102,ORTH,Orthopaedics,1878,192
d1ce7fb1-086e-40ef-bbf9-22f6efdf049e,a2b628b7-8f1d-46db-92b6-969042c93102,OBG,Obstetrics & Gynaecology,1823,391
bdddc100-32b9-4e62-abf4-1af06e60e198,a2b628b7-8f1d-46db-92b6-969042c93102,OPTH,Ophthalmology,1149,502
9e70aaef-a6f8-437f-97e9-8bd433fa7fc4,cbb3f971-4539-4695-a240-b29207bc78eb,OBG,Obstetrics & Gynaecology,1525,333
4787d7b2-e04f-4aa5-9626-7ed0e1eed4c1,cbb3f971-4539-4695-a240-b29207bc78eb,GS,General Surgery,368,1454
e691cc10-d25e-4644-a0ad-04fa9f8ac38e,8325ecfe-0863-4a34-b714-c82d017a36e3,CARD,Cardiology,305,806
c0ab0885-c92d-432d-9f11-04e22ce970ad,8325ecfe-0863-4a34-b714-c82d017a36e3,ORTH,Orthopaedics,764,1761
167138bf-6fbd-498d-9d9f-ea7a19ff0792,8325ecfe-0863-4a34-b714-c82d017a36e3,MED,General Medicine,1505,318
35c91aaa-2b6c-41f0-8403-7297d2e82fca,4d3bc74a-40ab-4dcd-9294-f34fc3408d24,ENT,ENT,717,620
f3c0c8e6-e62e-4667-9560-88bc5c908759,4d3bc74a-40ab-4dcd-9294-f34fc3408d24,MED,General Medicine,1164,270
fbd7e5f4-c934-48d1-8c55-6b2d8b7007d0,4d3bc74a-40ab-4dcd-9294-f34fc3408d24,ORTH,Orthopaedics,173,965
64df75fc-ad58-48f6-9729-b5c2e99f413a,4d3bc74a-40ab-4dcd-9294-f34fc3408d24,OBG,Obstetrics & Gynaecology,1625,1353
9a1ee8a9-e048-44a5-a7c3-467f325d068c,975d2175-7e14-43de-86aa-003a47ce08f8,GS,General Surgery,1523,1699
bfeebc65-ea55-474c-b648-e90ce47f118f,975d2175-7e14-43de-86aa-003a47ce08f8,ENT,ENT,1303,1000
cbb0738e-bd59-4ebb-bddb-51458bfa829e,975d2175-7e14-43de-86aa-003a47ce08f8,PEDS,Paediatrics,619,934
d4b72746-57fe-4d20-9b19-4472b723e537,975d2175-7e14-43de-86aa-003a47ce08f8,ORTH,Orthopaedics,1018,1678
906507ec-56f8-4e51-8571-204519319bc4,975d2175-7e14-43de-86aa-003a47ce08f8,NEURO,Neurology,156,1753
5b0551ee-a206-4dd6-a46e-e43ff0807ea1,975d2175-7e14-43de-86aa-003a47ce08f8,OPTH,Ophthalmology,378,244
e26f3cf8-edf1-4efe-9185-66af3654c1e7,975d2175-7e14-43de-86aa-003a47ce08f8,DERM,Dermatology,677,374
3bb5782b-ca69-4cd0-9056-97b6f3283177,e0939087-ac41-4e0a-bf32-d82c22e257fa,ORTH,Orthopaedics,1753,489
ab7ddc7d-2285-411b-9559-9cac2b50742d,e0939087-ac41-4e0a-bf32-d82c22e257fa,URO,Urology,808,1352
a1895c66-da71-4a92-ba17-448cc08d7c80,e0939087-ac41-4e0a-bf32-d82c22e257fa,MED,General Medicine,939,933
a619f20c-6c58-4af9-bae7-e46e939cefb7,e0939087-ac41-4e0a-bf32-d82c22e257fa,GS,General Surgery,921,419
35ef50ce-d556-43b8-b6a0-2b3e8b84f31b,682a4a50-e514-46f8-88d2-90c351729b29,URO,Urology,313,545
12cea64b-0d83-4075-a302-b64366e712cb,682a4a50-e514-46f8-88d2-90c351729b29,OPTH,Ophthalmology,1684,652
537b323b-3b91-4841-960b-819ac9c325bb,682a4a50-e514-46f8-88d2-90c351729b29,GS,General Surgery,1658,450
0d37f706-bbf2-406d-8f22-8139b52f8a78,48aae692-87fe-4be9-9b8c-e08d4c44689d,OBG,Obstetrics & Gynaecology,317,723
d41cecee-889f-431f-b2a7-b43e943d9a93,48aae692-87fe-4be9-9b8c-e08d4c44689d,DERM,Dermatology,1484,829
792dc380-8b39-4f9f-99d4-f3a5874f1108,48aae692-87fe-4be9-9b8c-e08d4c44689d,ORTH,Orthopaedics,810,541
39211422-c528-4555-a44e-0afcc9d4aa64,48aae692-87fe-4be9-9b8c-e08d4c44689d,PEDS,Paediatrics,1745,1739
a4acc27a-8e04-4846-a683-35fc13983c91,933bac93-7b41-4ae5-84ff-7042c2e5ed5d,PEDS,Paediatrics,998,1722
f30ec620-fe21-4ad4-83fd-d115f1519f73,933bac93-7b41-4ae5-84ff-7042c2e5ed5d,OBG,Obstetrics & Gynaecology,285,1301
07344286-e90a-4f8a-927e-516777068cd4,933bac93-7b41-4ae5-84ff-7042c2e5ed5d,URO,Urology,1193,1167
ad7ce8d3-141f-4259-a136-029229c8b6d3,bf5461ef-17c0-4e98-8b6f-bbb791b3adc5,OBG,Obstetrics & Gynaecology,358,1432
43bc284b-6f1d-44b6-b655-34fe99c38a30,bf5461ef-17c0-4e98-8b6f-bbb791b3adc5,OPTH,Ophthalmology,936,729
de7e5ab8-3efc-465d-a888-57f53079ff7a,bf5461ef-17c0-4e98-8b6f-bbb791b3adc5,URO,Urology,400,1543
4aeb044e-5840-4a3e-9642-16a7618c8676,bf5461ef-17c0-4e98-8b6f-bbb791b3adc5,GS,General Surgery,641,1370
46906883-9637-4c5d-b81c-ad6e062e0666,db3fdada-75d0-4a5d-b8d1-a53bbd4f446b,GS,General Surgery,397,864
85cbc6d7-50d9-4cb1-baa8-c49d9d72d04f,db3fdada-75d0-4a5d-b8d1-a53bbd4f446b,MED,General Medicine,1153,880
e619d9e3-3407-43e6-8c38-b88e5673c449,db3fdada-75d0-4a5d-b8d1-a53bbd4f446b,ORTH,Orthopaedics,1640,656
a2f023e0-f19a-4c16-8916-88b5bc46f51c,396f282a-612c-4ce1-9dcf-9330f9dd8328,OBG,Obstetrics & Gynaecology,1244,208
33ad28d1-77e0-41aa-88ea-11d9b3a2bff4,396f282a-612c-4ce1-9dcf-9330f9dd8328,PEDS,Paediatrics,983,1250
32e22a4c-0b0c-4052-ac2d-439526895620,396f282a-612c-4ce1-9dcf-9330f9dd8328,CARD,Cardiology,1873,1748
4408e885-8ead-41f1-85aa-ffc941edd694,396f282a-612c-4ce1-9dcf-9330f9dd8328,NEURO,Neurology,871,874
bb7d612e-a404-4e6d-917c-e908e9e03ee8,396f282a-612c-4ce1-9dcf-9330f9dd8328,GS,General Surgery,1770,1016
4a21bd49-fdb2-4482-bf41-bd3dae3be2c3,3157d0e1-190e-4ba7-b8f7-d292880a2840,GS,General Surgery,367,541
f7a3d48f-bd27-496f-9337-c165ceace342,3157d0e1-190e-4ba7-b8f7-d292880a2840,MED,General Medicine,328,715
4d8901ae-a660-403d-98b0-1e4b2ec0109f,3157d0e1-190e-4ba7-b8f7-d292880a2840,OBG,Obstetrics & Gynaecology,137,1062
478fb7de-79d9-4c30-a88f-06c0b0ccc651,3157d0e1-190e-4ba7-b8f7-d292880a2840,URO,Urology,1851,257
e3d57b9e-859f-4c80-a665-8bfa7e7ab153,3157d0e1-190e-4ba7-b8f7-d292880a2840,ORTH,Orthopaedics,874,823
b7b523bc-aee6-44a0-afe9-ee437e990bc7,c6b2aafc-03cc-4fa9-81ba-8ac203cfac70,MED,General Medicine,845,1280
920b1f67-5138-4192-97ed-049a9352cedc,c6b2aafc-03cc-4fa9-81ba-8ac203cfac70,NEURO,Neurology,1057,470
acd64514-7083-453c-8425-14c876a79453,c6b2aafc-03cc-4fa9-81ba-8ac203cfac70,ONCO,Oncology,1515,251
516351ec-cdea-46d6-91cd-25ea53af04f2,c6b2aafc-03cc-4fa9-81ba-8ac203cfac70,OBG,Obstetrics & Gynaecology,1775,1572
11273447-0f7d-49f8-9bd9-6f9bea6e4094,c6b2aafc-03cc-4fa9-81ba-8ac203cfac70,ORTH,Orthopaedics,954,632
e76d78be-761e-4f1a-83fe-18c2971857ab,d4a1cb66-9da9-4f16-a5ff-19110e8bc369,ORTH,Orthopaedics,1788,1707
70349134-bdf5-4feb-a35a-34198069b886,d4a1cb66-9da9-4f16-a5ff-19110e8bc369,ONCO,Oncology,1665,1206
1b353f8f-c65d-4cd1-ac44-fb734873f3da,d4a1cb66-9da9-4f16-a5ff-19110e8bc369,CARD,Cardiology,1674,154
26cb2921-25bc-4401-8c7e-330a42df14e7,d4a1cb66-9da9-4f16-a5ff-19110e8bc369,BURNS,Burns & Plastic Surgery,1699,759
e9fd21ee-d440-4931-a55d-ed1b1f9b2e4b,d4a1cb66-9da9-4f16-a5ff-19110e8bc369,MED,General Medicine,72,1591
437ede95-bdcd-4559-814d-7bbd9835a260,181a5e6e-e580-4b50-913b-db2a8bb6042e,OBG,Obstetrics & Gynaecology,975,1227
aa6bc27e-0478-4c93-b6db-cd9cdc0930d9,181a5e6e-e580-4b50-913b-db2a8bb6042e,ORTH,Orthopaedics,755,1232
2bf11435-e04e-456d-b075-e24df49f7e05,181a5e6e-e580-4b50-913b-db2a8bb6042e,GS,General Surgery,257,1563
3e9c6f7a-8a8b-4a09-8b19-d7bed879a72d,cbcd707a-7433-4832-a55c-80fd25d1108f,OBG,Obstetrics & Gynaecology,415,845
0389776b-9794-4b2a-8ff8-a0c0d6a9f62d,cbcd707a-7433-4832-a55c-80fd25d1108f,ORTH,Orthopaedics,1016,734
91a7c040-c511-4a04-a58f-d2fb4d863900,cbcd707a-7433-4832-a55c-80fd25d1108f,MED,General Medicine,293,814
0c84ec1e-f1f7-453c-aedc-61168afa1d75,cbcd707a-7433-4832-a55c-80fd25d1108f,GS,General Surgery,439,1639
73470d80-401a-40be-8faf-76c9aa361890,cbcd707a-7433-4832-a55c-80fd25d1108f,ENT,ENT,1358,47
f0144b5a-d4fe-4382-aad8-750dbc4473de,cbcd707a-7433-4832-a55c-80fd25d1108f,PEDS,Paediatrics,1843,387
2a0e5126-3e29-452c-9552-eb1a8f0e3e35,229cad6b-6bc2-4cdb-bfeb-46db2e9d3c12,URO,Urology,606,1358
e485be6f-b8ea-4d20-9057-cf8851020223,229cad6b-6bc2-4cdb-bfeb-46db2e9d3c12,PEDS,Paediatrics,1373,359
f2631918-e274-4376-af82-a1e48d52a45c,229cad6b-6bc2-4cdb-bfeb-46db2e9d3c12,GS,General Surgery,473,722
4390e7d1-5870-4cd6-8340-fac532ef7410,5451b3cc-7f2b-4346-a2c6-f12a0c8c1d29,OBG,Obstetrics & Gynaecology,354,1355
85f19a7d-ca6a-4312-8ec7-efcbfec1a9c6,5451b3cc-7f2b-4346-a2c6-f12a0c8c1d29,ORTH,Orthopaedics,737,1585
77cbc7e5-3e04-4fc0-9810-afae945e60a6,5451b3cc-7f2b-4346-a2c6-f12a0c8c1d29,NEURO,Neurology,490,1417
cd805edf-3b76-4e55-9aeb-0722e29238ef,5451b3cc-7f2b-4346-a2c6-f12a0c8c1d29,GS,General Surgery,1629,107
69e4230f-e44d-4051-bfa6-6a319e657f37,93d20d4c-ed7f-49f5-9a1c-e76c05f7996a,PEDS,Paediatrics,370,149
c10326a0-c53a-48a5-9aab-0dddd2b77b59,93d20d4c-ed7f-49f5-9a1c-e76c05f7996a,ORTH,Orthopaedics,1838,1573
c5dd22ff-e9d9-4566-9be0-92613a42c386,93d20d4c-ed7f-49f5-9a1c-e76c05f7996a,URO,Urology,1212,192
59cb4429-8f21-49ed-a5c1-10c984eb9e7a,93d20d4c-ed7f-49f5-9a1c-e76c05f7996a,GS,General Surgery,1530,1362
97731ff5-45d8-4927-ab3e-a1502d88fc52,93d20d4c-ed7f-49f5-9a1c-e76c05f7996a,MED,General Medicine,1800,1226
3a39e267-16e3-4f06-86e3-a986e8c1dbcd,bd150a8c-94d6-426c-bcd5-c8ae6821be3d,ONCO,Oncology,1495,685
79d5f64f-a21b-4ed2-830a-09462a2ef28b,bd150a8c-94d6-426c-bcd5-c8ae6821be3d,ENT,ENT,1506,1665
5a863b6c-efcf-4d05-af9d-10e2eac2dd99,bd150a8c-94d6-426c-bcd5-c8ae6821be3d,ORTH,Orthopaedics,951,833
2a759fc6-1fcc-4397-9f92-035320cbb582,bd150a8c-94d6-426c-bcd5-c8ae6821be3d,OBG,Obstetrics & Gynaecology,1983,802
129ae3fe-afae-4660-91ac-bafec1eece15,187df607-c713-420e-9ce7-c3d01f3db274,GS,General Surgery,1039,331
b7d6cf55-9817-4c40-9336-aac536b93d3e,3bccff24-ff82-430d-a7b8-7f3b7501585c,ORTH,Orthopaedics,1042,340
c984f2f7-1d67-4168-9c33-b120e7b97ed2,3bccff24-ff82-430d-a7b8-7f3b7501585c,MED,General Medicine,909,610
c22861eb-d7af-44f3-af26-6858d96d205f,d1206565-bbf6-4ced-9d37-3a3f40a4f91d,GS,General Surgery,1673,702
63b88c05-dc75-440a-a56b-eb0142afeb8e,d1206565-bbf6-4ced-9d37-3a3f40a4f91d,MED,General Medicine,1833,1158
fc04404d-2a9a-4f29-8a00-8bc6c86fd4e4,d1206565-bbf6-4ced-9d37-3a3f40a4f91d,OPTH,Ophthalmology,997,1290
63359f37-a49c-4932-bcf4-7553cabb7296,d1206565-bbf6-4ced-9d37-3a3f40a4f91d,OBG,Obstetrics & Gynaecology,223,1516
d5fd2f13-ef88-409a-b2c9-126612aa7ab9,54747cb6-1cc7-4ffc-bcea-2801ae3d1c6d,MED,General Medicine,1936,1419
e22c8150-a2d4-4a71-a035-0e6c0f99ed2e,54747cb6-1cc7-4ffc-bcea-2801ae3d1c6d,GS,General Surgery,742,1514
f44ebef3-1345-40ce-9a58-d4117e47b70b,54747cb6-1cc7-4ffc-bcea-2801ae3d1c6d,OPTH,Ophthalmology,824,760
2986fbd2-de34-4acc-b76f-ab5f996af066,54747cb6-1cc7-4ffc-bcea-2801ae3d1c6d,ENT,ENT,89,671
1d027ad1-ac7a-4151-959b-507ec6d2e772,54747cb6-1cc7-4ffc-bcea-2801ae3d1c6d,OBG,Obstetrics & Gynaecology,1647,903
a1fdec55-e8ba-421c-ba58-cf9997a139e9,3d69bf68-ccd0-45a6-a140-7900c8b813b9,GS,General Surgery,774,582
053c5505-8cc1-4aaa-8398-f23bd368d22b,3d69bf68-ccd0-45a6-a140-7900c8b813b9,OBG,Obstetrics & Gynaecology,1016,634
d86158b9-0305-4860-b625-54ab1bfadf3d,3d69bf68-ccd0-45a6-a140-7900c8b813b9,ORTH,Orthopaedics,238,531
0eb9ddca-6141-4a37-a5b8-88ca099ec78a,3d69bf68-ccd0-45a6-a140-7900c8b813b9,OPTH,Ophthalmology,710,715
bfab45ae-d884-4e03-9807-309ef6e4f5a1,3d69bf68-ccd0-45a6-a140-7900c8b813b9,BURNS,Burns & Plastic Surgery,1876,1087
b4762ffe-8506-45ba-8a34-efef5ef6f0e0,b3960456-9c63-4f22-8565-50c8b69428ac,ENT,ENT,466,115
ade6e2b3-ec61-466a-b197-106b96a9d0f9,b3960456-9c63-4f22-8565-50c8b69428ac,ONCO,Oncology,857,539
8d093730-b714-4c60-8706-91dc126d4c82,b3960456-9c63-4f22-8565-50c8b69428ac,PEDS,Paediatrics,682,889
bc563703-bfd3-4b03-bfe7-e24b6a4f3ba7,b3960456-9c63-4f22-8565-50c8b69428ac,ORTH,Orthopaedics,1662,1729
ddd9e323-2fc9-465c-9108-7908e43baae7,b3960456-9c63-4f22-8565-50c8b69428ac,OPTH,Ophthalmology,1749,1285
03cf9c9d-8310-46c1-b437-5c95495f9529,b3960456-9c63-4f22-8565-50c8b69428ac,MED,General Medicine,1913,946
cc1e484c-329c-4a0a-9ed9-0e9b09c5fd9d,b3960456-9c63-4f22-8565-50c8b69428ac,GS,General Surgery,1971,834
534c2064-1c72-422d-94dd-e7ebea73c8d5,0484a5b1-b318-42e6-99da-774cb419269c,OBG,Obstetrics & Gynaecology,1684,345
95b414db-ca27-4fc7-9482-146d0c0e51d6,0484a5b1-b318-42e6-99da-774cb419269c,GS,General Surgery,398,205
f8001149-d767-4324-b9e0-8c1c31465c4c,4f91fae9-942a-4025-bbc0-0eaaf27cd4a8,URO,Urology,430,1227
83b320d5-8dcc-43d9-a1c7-ee3dbdb3de89,4f91fae9-942a-4025-bbc0-0eaaf27cd4a8,GS,General Surgery,422,192
19cf9ee9-d909-4f70-8346-f493ae7987fc,4f91fae9-942a-4025-bbc0-0eaaf27cd4a8,OBG,Obstetrics & Gynaecology,1340,997
55656c4b-4525-4134-9ca4-a62904a6273d,4f91fae9-942a-4025-bbc0-0eaaf27cd4a8,MED,General Medicine,554,1577
77a4875b-40ee-454a-8b02-653c4933fa1d,23a7f7dc-25a3-4300-8b49-9819b93a36d2,GS,General Surgery,52,1215
4252786a-37bf-46f9-b229-278ce9a35707,23a7f7dc-25a3-4300-8b49-9819b93a36d2,OBG,Obstetrics & Gynaecology,1680,164
b3a76e83-1a62-4524-be1f-cfb9e9d1597d,1a5f4d32-d4b3-43a9-afa4-f4e69c80e375,ORTH,Orthopaedics,719,191
22329cfd-45e6-4cd1-a905-6496c32e688b,1a5f4d32-d4b3-43a9-afa4-f4e69c80e375,OBG,Obstetrics & Gynaecology,141,759
f349490d-865c-4b05-a2a4-95f56c7ad29a,1a5f4d32-d4b3-43a9-afa4-f4e69c80e375,GS,General Surgery,455,591
d16e00b0-2689-448c-9417-f470d4f93ff5,83d7b479-72a0-4875-8dea-21791315c7b2,OBG,Obstetrics & Gynaecology,996,890
c53ece2a-0f89-4150-8cd4-b6510a0728d6,83d7b479-72a0-4875-8dea-21791315c7b2,ORTH,Orthopaedics,1976,568
9087bc54-423a-4f7a-b40e-2563bb26daff,83d7b479-72a0-4875-8dea-21791315c7b2,GS,General Surgery,857,825
3c462af3-d074-4006-a7dc-28291dbc05af,25799b84-b7f3-48c3-ba9b-7013d7659d7f,OBG,Obstetrics & Gynaecology,1364,558
a2096746-76db-4a50-948a-c652f253ea6a,25799b84-b7f3-48c3-ba9b-7013d7659d7f,ORTH,Orthopaedics,678,1355
888510ca-481c-4220-9cbb-b642102af5ac,25799b84-b7f3-48c3-ba9b-7013d7659d7f,MED,General Medicine,1567,273
e7025e0c-acee-4a78-8bc1-c17281019e6a,25799b84-b7f3-48c3-ba9b-7013d7659d7f,OPTH,Ophthalmology,1078,1254
c89b9de4-3377-4044-bcaf-d35bc3746fed,3be409f2-d45f-47c7-afef-1980af1813d9,URO,Urology,1381,575
f682c2f8-f9ab-46be-b79a-865d2fb102bd,3be409f2-d45f-47c7-afef-1980af1813d9,ORTH,Orthopaedics,1833,1769
7039093f-824a-4d58-9cca-c6b613df477e,3be409f2-d45f-47c7-afef-1980af1813d9,OBG,Obstetrics & Gynaecology,611,1037
9d8cc5d7-a373-4b88-85c5-0069e4f768d6,3be409f2-d45f-47c7-afef-1980af1813d9,CARD,Cardiology,654,1166
03721f8b-34ce-4495-8787-6a4f1a8ff761,3be409f2-d45f-47c7-afef-1980af1813d9,PEDS,Paediatrics,268,67
43214715-3c0b-48b3-8eae-3c220bc9da3f,3be409f2-d45f-47c7-afef-1980af1813d9,NEPHRO,Nephrology,850,1475
88507e97-aeda-454d-9e60-c4b8e9748f58,3be409f2-d45f-47c7-afef-1980af1813d9,GS,General Surgery,761,440
6f56186e-3067-4601-b63b-19d9069a6fd7,0a052797-9c5e-48ac-a914-ffde627d3be8,PEDS,Paediatrics,1695,256
3a9fa89d-f6eb-4c97-a40b-9f3b56ee3c96,0a052797-9c5e-48ac-a914-ffde627d3be8,URO,Urology,70,394
467f9322-b56a-483d-aaec-28d0442145d1,0a052797-9c5e-48ac-a914-ffde627d3be8,MED,General Medicine,615,405
3b5af8ad-a36b-4f8c-a9f2-bb82f07cb347,0a052797-9c5e-48ac-a914-ffde627d3be8,GS,General Surgery,870,836
edb3efda-a1ae-4f88-8c31-2d862d4a422d,d605dc79-4141-4d2a-af33-5fe1f87608b4,MED,General Medicine,1223,673
823cdbf8-38d5-4cec-89e5-789053ee0b59,d605dc79-4141-4d2a-af33-5fe1f87608b4,OBG,Obstetrics & Gynaecology,429,592
299561a8-87cc-4269-89e6-637ee5db6fb4,d605dc79-4141-4d2a-af33-5fe1f87608b4,GS,General Surgery,709,1696
a3e2f92f-6be7-4f5c-825b-2c07e3043f65,d605dc79-4141-4d2a-af33-5fe1f87608b4,ORTH,Orthopaedics,1743,1791
3dfa06af-1833-4c15-a420-39ba06163f69,d605dc79-4141-4d2a-af33-5fe1f87608b4,ONCO,Oncology,531,703
0e307eb3-36db-4e36-92af-3f4cda2b2baf,e0bfb9d3-454e-45e8-8433-855ca65814c6,OBG,Obstetrics & Gynaecology,833,792
fad6f367-460f-4556-a411-0c492ea429b9,e0bfb9d3-454e-45e8-8433-855ca65814c6,OPTH,Ophthalmology,1993,1133
8b5e64d7-201f-4661-b729-98924d1c785a,e0bfb9d3-454e-45e8-8433-855ca65814c6,PEDS,Paediatrics,679,265
2636d6c2-374a-4233-9ecc-d5bf7e79e430,51c29a49-2b12-4da2-a3c3-22ee900a9ed9,GS,General Surgery,1665,331
76d5c0b3-edf0-4bf2-bb21-6bf4b3d8ea8a,51c29a49-2b12-4da2-a3c3-22ee900a9ed9,NEPHRO,Nephrology,115,662
d46c76bf-75df-48b8-b1d2-bfaf3b53f661,51c29a49-2b12-4da2-a3c3-22ee900a9ed9,OBG,Obstetrics & Gynaecology,355,1766
53ee11f4-e0c6-43ca-964e-40ada4e1066f,8ad6e7c5-1134-4ca0-a5b6-d37ec3e89170,ENT,ENT,989,1459
86c52a9d-8695-45f2-b7c1-4338b1d2db90,8ad6e7c5-1134-4ca0-a5b6-d37ec3e89170,NEURO,Neurology,1123,160
0ca52f30-d055-4c88-bc61-553a90fe5548,8ad6e7c5-1134-4ca0-a5b6-d37ec3e89170,NEPHRO,Nephrology,829,477
3567e9e4-257a-4e8e-ad92-9996f7eeecb4,8ad6e7c5-1134-4ca0-a5b6-d37ec3e89170,URO,Urology,713,1778
f498728f-12be-49b8-bddd-991fe5e4e5c1,8ad6e7c5-1134-4ca0-a5b6-d37ec3e89170,GS,General Surgery,213,440
3befa17b-066e-482c-81bd-9591fc864084,20181e87-65d9-4517-94f7-4da4fde9a1dd,MED,General Medicine,720,1296
9ab3925f-bb57-419e-9b7b-bb3baed1eb36,20181e87-65d9-4517-94f7-4da4fde9a1dd,OBG,Obstetrics & Gynaecology,528,1444
a346b6a0-6e88-4862-87cd-2f9021cf28ff,20181e87-65d9-4517-94f7-4da4fde9a1dd,DERM,Dermatology,1985,1430
c219bf6e-bebf-4db3-8213-f43f8b20e011,20181e87-65d9-4517-94f7-4da4fde9a1dd,CARD,Cardiology,1565,1569
1afc4abb-7286-4263-bde8-8c36c7221353,20181e87-65d9-4517-94f7-4da4fde9a1dd,PEDS,Paediatrics,692,935
04ae751f-5a83-43c4-9298-bf4c0dcb828f,197ee658-3480-43ac-8a97-85d30f089490,OBG,Obstetrics & Gynaecology,1961,1277
0d99992f-bfb0-47d1-9e90-2a04ebc0948c,197ee658-3480-43ac-8a97-85d30f089490,MED,General Medicine,159,1377
dc6f03e2-4152-4f3a-90e0-18d3b8dfe760,197ee658-3480-43ac-8a97-85d30f089490,OPTH,Ophthalmology,571,337
12bb619a-2de6-462b-aa27-047479b01bf7,197ee658-3480-43ac-8a97-85d30f089490,GS,General Surgery,1893,944
fa089fb6-1b57-4857-b7de-c9c47f0b54d0,197ee658-3480-43ac-8a97-85d30f089490,CARD,Cardiology,751,202
53a48792-f726-46f5-af88-269eb8f43b9a,52affe87-361a-438a-8fc9-b836ff2f1b38,MED,General Medicine,346,1323
f3956c68-285e-44da-b82f-0c6ed1b8305e,52affe87-361a-438a-8fc9-b836ff2f1b38,GS,General Surgery,819,1590
92da99bd-9dc7-46b1-b6c0-a01f32c56cc1,52affe87-361a-438a-8fc9-b836ff2f1b38,ORTH,Orthopaedics,470,769
125b765b-8581-4ac4-b9ee-602dacf836fc,52affe87-361a-438a-8fc9-b836ff2f1b38,OPTH,Ophthalmology,620,261
029116fa-7618-4800-a0ef-6f5b9dd85655,1d42c146-7e60-4514-99de-a79dccd043b7,OBG,Obstetrics & Gynaecology,1443,1247
07ac20ea-8ee4-49fd-b18a-ffcddb3074da,1d42c146-7e60-4514-99de-a79dccd043b7,CARD,Cardiology,1759,1266
6f4d6d07-4ad9-4a49-95c1-5df2d341fb4a,1d42c146-7e60-4514-99de-a79dccd043b7,PEDS,Paediatrics,1485,758
d87eaf92-739b-46c1-9490-6ca613694a39,1d42c146-7e60-4514-99de-a79dccd043b7,URO,Urology,1639,139
640c6292-4922-4518-9aaf-bb289a340a6e,7c6b6b27-ca35-4d9a-a0e5-8ae998f279c7,ONCO,Oncology,1659,540
c6372cf3-1c34-433f-b3da-260c48412d27,7c6b6b27-ca35-4d9a-a0e5-8ae998f279c7,OBG,Obstetrics & Gynaecology,188,507
08079a3f-ce99-4119-9443-cea5dab06dd1,fdac01da-480c-4062-90cd-b13e007732d2,OBG,Obstetrics & Gynaecology,220,828
4fe50de1-ed99-48b1-8bcb-3612038d9169,fdac01da-480c-4062-90cd-b13e007732d2,GS,General Surgery,673,1130
46b116d7-9833-4ee0-915a-24ee8d204fff,46ccfaf5-4624-4410-94b8-264a16c2cdec,GS,General Surgery,1590,438
900d1069-ed4a-4569-9486-09b17e2dfb0f,46ccfaf5-4624-4410-94b8-264a16c2cdec,MED,General Medicine,851,1692
a5a18e84-302d-42fc-a9ab-8580edbfb6b6,46ccfaf5-4624-4410-94b8-264a16c2cdec,URO,Urology,195,1634
625d5f66-5779-4a90-85ec-bc97e537ecd3,46ccfaf5-4624-4410-94b8-264a16c2cdec,ORTH,Orthopaedics,1052,106
22a665d4-c114-4cb1-8d66-ecf0071e9fbb,db99333a-caca-4124-bc31-482ab7eb0505,GS,General Surgery,1646,1040
2d328733-4fba-4770-9eab-1ab8af706a83,db99333a-caca-4124-bc31-482ab7eb0505,OBG,Obstetrics & Gynaecology,1490,1110
214a5756-5848-4474-ab05-2c1f1786e710,db99333a-caca-4124-bc31-482ab7eb0505,ORTH,Orthopaedics,1664,428
78f5ef1e-45af-41b3-a584-81f4bc61cebc,7ec361eb-8edf-48e1-b1c2-d2beff453f59,OPTH,Ophthalmology,1593,1156
19067db4-d652-4bf4-be5e-2c81c8b22346,7ec361eb-8edf-48e1-b1c2-d2beff453f59,MED,General Medicine,941,381
f7d7087b-bf30-47f9-828a-b62f8217536e,7ec361eb-8edf-48e1-b1c2-d2beff453f59,NEURO,Neurology,1645,612
f8149dc2-c2e9-4e42-ac2d-d4c99f1709e8,7ec361eb-8edf-48e1-b1c2-d2beff453f59,URO,Urology,697,143
ee38c63d-e8c2-43bb-b4c1-e500ffc53b6e,7ec361eb-8edf-48e1-b1c2-d2beff453f59,OBG,Obstetrics & Gynaecology,1398,189
5ed7b770-e89a-46fe-9b97-ba2095a70b92,a230b71c-8e95-4cca-a609-066eaac129c0,GS,General Surgery,235,565
26401cab-4251-43ab-8697-97dcc37bd912,a230b71c-8e95-4cca-a609-066eaac129c0,MED,General Medicine,263,1482
f41c6799-0f4d-4a2f-b71c-6a479c589b7b,a230b71c-8e95-4cca-a609-066eaac129c0,ENT,ENT,1942,386
6a2a0d28-1ffd-4945-b5f7-db0906916260,a230b71c-8e95-4cca-a609-066eaac129c0,OPTH,Ophthalmology,121,1523
3ea51464-36c8-4150-b97e-270f0c75a1dd,f443afda-e2dd-42f3-b3ef-6b70ec530a99,URO,Urology,165,387
117c945d-00fb-4f64-8154-b2fc54dc4fae,f443afda-e2dd-42f3-b3ef-6b70ec530a99,MED,General Medicine,1622,337
e570e4f8-1c9e-45bb-8b7b-b38c5162a731,f443afda-e2dd-42f3-b3ef-6b70ec530a99,ONCO,Oncology,1478,863
ff36d551-4fab-4985-8179-fc073a855c02,f443afda-e2dd-42f3-b3ef-6b70ec530a99,OBG,Obstetrics & Gynaecology,544,556
71726d26-bca0-40c3-a344-5bbcf9626bcf,83115e24-f21e-45c0-8978-d571ef4a469d,MED,General Medicine,1930,701
d7b75e72-0712-4ad0-b908-b89bf4dff8aa,83115e24-f21e-45c0-8978-d571ef4a469d,BURNS,Burns & Plastic Surgery,1841,676
dd8e282e-ea88-4033-a251-7b6f15e155c8,c7848bca-d54e-479c-bea7-df47ec8d6f77,NEURO,Neurology,340,1301
756e3888-527b-485c-be85-05673465f4cc,c7848bca-d54e-479c-bea7-df47ec8d6f77,GS,General Surgery,1692,607
4bbcda11-1100-418e-83f4-b9892b919160,c7848bca-d54e-479c-bea7-df47ec8d6f77,PEDS,Paediatrics,1717,680
e6114068-615d-4d85-b621-59f9fc7addd9,c7848bca-d54e-479c-bea7-df47ec8d6f77,OBG,Obstetrics & Gynaecology,1793,325
12984f1f-3d1e-4867-b6d8-17d0b1e51797,d2451065-829d-40bd-b02e-3d863fa995ec,OBG,Obstetrics & Gynaecology,566,1468
842cb5ba-9b1a-49e1-a69e-c0e7cf05cf47,d2451065-829d-40bd-b02e-3d863fa995ec,OPTH,Ophthalmology,659,1701
d4487a8b-1e4b-4464-b082-f3f126fb5b85,d2451065-829d-40bd-b02e-3d863fa995ec,GS,General Surgery,161,1404
a9e4aaeb-8316-405e-a316-aa3bd7479f7b,d2451065-829d-40bd-b02e-3d863fa995ec,MED,General Medicine,605,177
b3cc3d3e-98de-43dd-af30-f840485894ad,96305c82-d8ab-45b7-9c62-a81bfa46c417,NEURO,Neurology,1041,1023
289da9e0-1716-4b28-b276-10b52a8cae21,96305c82-d8ab-45b7-9c62-a81bfa46c417,ORTH,Orthopaedics,653,935
59e120d8-1a31-4a45-9fc6-608a237d0a48,96305c82-d8ab-45b7-9c62-a81bfa46c417,GS,General Surgery,1581,657
18d39086-d867-46c7-9d04-1dac8b4d5aa8,ad116e44-2c61-4564-ace0-da6afa66b3ba,OBG,Obstetrics & Gynaecology,1565,1424
8bb1c2be-9467-476f-8553-a6612e8fff36,ad116e44-2c61-4564-ace0-da6afa66b3ba,GS,General Surgery,1700,1447
34f2e1a8-b7a6-4117-b77c-ec4ccfba4eb4,ad116e44-2c61-4564-ace0-da6afa66b3ba,CARD,Cardiology,147,1746
dd8746af-bc76-41fe-b671-9ec8b9dcf443,ad116e44-2c61-4564-ace0-da6afa66b3ba,ENT,ENT,1770,255
fd60b17f-57ca-40b2-baf2-a01216e3c1de,567a2f84-a405-43c3-b225-0f407faf4d9b,ONCO,Oncology,653,1086
1e6b90d0-e29a-4dcd-b55c-4095b72cf373,567a2f84-a405-43c3-b225-0f407faf4d9b,OPTH,Ophthalmology,52,1405
1230a36f-22cd-4b8a-ae86-57c98f36dadf,567a2f84-a405-43c3-b225-0f407faf4d9b,BURNS,Burns & Plastic Surgery,1286,483
f55b8742-a4c4-4699-b742-2862d9ab8d83,567a2f84-a405-43c3-b225-0f407faf4d9b,DERM,Dermatology,1295,70
398e8407-a884-4605-a199-2cdd70a840ac,10a9d67a-b10b-494a-9b94-1a3e8a21e629,OPTH,Ophthalmology,768,831
43662166-292a-47c7-9f98-a3014eebda83,10a9d67a-b10b-494a-9b94-1a3e8a21e629,OBG,Obstetrics & Gynaecology,353,1597
35de9fcf-4b39-4bf7-a925-3d5aeeb38083,10a9d67a-b10b-494a-9b94-1a3e8a21e629,DERM,Dermatology,1597,528
1ace2e56-2544-45ff-9159-bd9580e61027,10a9d67a-b10b-494a-9b94-1a3e8a21e629,URO,Urology,59,262
cae36091-05fc-4eb2-8fea-bc69c42c72c3,10a9d67a-b10b-494a-9b94-1a3e8a21e629,ORTH,Orthopaedics,1150,543
f3c99178-2ac5-4b61-9ad2-ca5c90a66794,10a9d67a-b10b-494a-9b94-1a3e8a21e629,PEDS,Paediatrics,1670,353
6beb1825-a9b1-4808-98c5-699b2744fc52,3e62dcc9-83fe-468f-b3b1-0662ba5b31f8,MED,General Medicine,812,1422
2cec14ca-e222-4972-8006-57c933358395,3e62dcc9-83fe-468f-b3b1-0662ba5b31f8,URO,Urology,1523,1433
cf72f630-cc3d-4224-a651-b3088e92970e,3e62dcc9-83fe-468f-b3b1-0662ba5b31f8,ORTH,Orthopaedics,684,461
a592bd4e-dfc0-4e9c-8c42-ac563e7cb890,b8690143-950f-4ee7-a5d8-4ee70f60e750,GS,General Surgery,1174,1664
a0825802-0653-4aa6-affb-cf5ff9986590,b8690143-950f-4ee7-a5d8-4ee70f60e750,ORTH,Orthopaedics,408,126
1d789266-243c-43b5-b8ee-84f5b60868fc,b8690143-950f-4ee7-a5d8-4ee70f60e750,OBG,Obstetrics & Gynaecology,1716,490
27fc9067-4299-478e-a316-12e872b9275b,a48e3033-8056-4595-b32b-6d6740402864,OPTH,Ophthalmology,1585,1247
92431eab-2631-48f2-8877-b0d31a0a97da,a48e3033-8056-4595-b32b-6d6740402864,GS,General Surgery,1706,1531
c0a668d9-a376-4e1f-966e-3c7643b9261f,a48e3033-8056-4595-b32b-6d6740402864,ENT,ENT,763,770
7bfac168-7d2f-4777-9aac-96fa774abfae,ef8c5d06-94f4-4ae4-a5a9-ce75a8d6bac6,OBG,Obstetrics & Gynaecology,1867,156
a3e3a257-8088-40b1-8720-3acf6a1081bc,ef8c5d06-94f4-4ae4-a5a9-ce75a8d6bac6,ORTH,Orthopaedics,1872,1403
a8a459dc-92da-45f4-8e6f-ee5a2f6963ad,ef8c5d06-94f4-4ae4-a5a9-ce75a8d6bac6,PEDS,Paediatrics,902,1147
2b4f81fa-dceb-4694-9256-2b629c410068,ef8c5d06-94f4-4ae4-a5a9-ce75a8d6bac6,NEURO,Neurology,1711,842
b093386c-eb46-47a4-9b48-49830b0b01bd,ef8c5d06-94f4-4ae4-a5a9-ce75a8d6bac6,GS,General Surgery,1493,288
438a8286-76f2-4286-b34e-7448b7a91ae3,ad536887-87c6-4a8f-a488-60e6dcf59bf2,DERM,Dermatology,1843,1389
87c59f78-9577-41d0-8a44-dc48736d24da,ad536887-87c6-4a8f-a488-60e6dcf59bf2,MED,General Medicine,905,531
e1c3590e-c985-4e94-be01-f1d66e6fea0f,c734e493-63c3-4ca2-92fc-a1815a246b47,OPTH,Ophthalmology,1566,408
472e7dcd-d005-4766-9537-289037703465,c734e493-63c3-4ca2-92fc-a1815a246b47,GS,General Surgery,1928,1005
9f4c94e4-d7fc-4d7d-864c-be38fe3a863f,c734e493-63c3-4ca2-92fc-a1815a246b47,NEURO,Neurology,206,1077
2431cb6d-5962-47cd-9eef-1c2c5c05b04a,de763910-8db1-4875-af20-19665c35714d,OBG,Obstetrics & Gynaecology,543,561
cdc47009-ef3b-49df-970b-5f0129e57564,de763910-8db1-4875-af20-19665c35714d,BURNS,Burns & Plastic Surgery,1319,1221
6372249d-67e5-470b-b1f1-a269b73ab8e4,de763910-8db1-4875-af20-19665c35714d,PEDS,Paediatrics,374,890
6737f1e4-e5e3-40d4-8d56-0d9e11b8938c,8a971fb0-fa85-4836-b3f5-9622ba8af71e,NEURO,Neurology,926,818
9cb046ca-988d-491f-a763-45b321b9fe72,8a971fb0-fa85-4836-b3f5-9622ba8af71e,MED,General Medicine,258,1645
43b5db20-3176-4d3b-91d7-e1741ab5d96b,8a971fb0-fa85-4836-b3f5-9622ba8af71e,OBG,Obstetrics & Gynaecology,1445,296
ed09d0d5-c460-42e5-af95-a8c4d0f02ccd,8a971fb0-fa85-4836-b3f5-9622ba8af71e,DERM,Dermatology,1457,1122
131636b1-bfe6-4d47-a452-8d375d4637b6,8a971fb0-fa85-4836-b3f5-9622ba8af71e,CARD,Cardiology,1243,301
49eb46eb-4612-424b-a5c3-826ba6c93649,9174ced4-f019-4246-8827-a065aa44eb01,ORTH,Orthopaedics,172,1081
a1caaf43-39aa-44b3-940d-3df76f6668fb,9174ced4-f019-4246-8827-a065aa44eb01,ENT,ENT,1669,264
a643892f-bf05-47cc-8410-f117486eebe9,9174ced4-f019-4246-8827-a065aa44eb01,OBG,Obstetrics & Gynaecology,660,117
9e6c5bf1-280e-4fcb-a06c-87cb654246a3,9174ced4-f019-4246-8827-a065aa44eb01,OPTH,Ophthalmology,1559,232
5779bafb-51d8-4511-ba7d-1d928e6043a4,7f6e29aa-913b-44e9-8b13-d2da50c8faa6,MED,General Medicine,1798,751
9929942c-7841-49e9-8bb2-1ff7cd1d3b4f,7f6e29aa-913b-44e9-8b13-d2da50c8faa6,ONCO,Oncology,831,483
7766fad9-3ee5-4982-b1a6-73ce5fa83a74,7f6e29aa-913b-44e9-8b13-d2da50c8faa6,OBG,Obstetrics & Gynaecology,768,791
3256cab7-04e4-4168-9fae-eaf9a1e03d0a,c038720e-e3e3-48a5-9cbf-445e2974968d,GS,General Surgery,1825,86
d1fe5723-ffb4-4bc2-95c7-2a348df9e765,c038720e-e3e3-48a5-9cbf-445e2974968d,OBG,Obstetrics & Gynaecology,997,358
f4ba445b-1d60-4595-be65-868699b9c0da,4ecaad2c-00a8-41f9-aefa-bfd837ff5171,CARD,Cardiology,425,1469
17646cc0-f596-4cd6-982a-d4574210a9fd,4ecaad2c-00a8-41f9-aefa-bfd837ff5171,MED,General Medicine,393,1008
6a5ae551-02f8-4b0c-98d5-cf71a0891df8,4ecaad2c-00a8-41f9-aefa-bfd837ff5171,DERM,Dermatology,1079,199
afb26b8e-0122-4cd1-95ac-0e4ccdb17e91,4ecaad2c-00a8-41f9-aefa-bfd837ff5171,OBG,Obstetrics & Gynaecology,957,1703
66753059-7fc8-4897-950e-6ab7ff9ec54e,4ecaad2c-00a8-41f9-aefa-bfd837ff5171,URO,Urology,939,1799
7bdd910e-a4e3-4779-a15d-cebccb50d333,73029354-bdeb-4153-bf97-41982cabaa29,ORTH,Orthopaedics,865,1090
31a7d048-fe43-4bdf-9e0e-34ab7b0c5c90,73029354-bdeb-4153-bf97-41982cabaa29,GS,General Surgery,1853,325
39ef65a3-8720-4a49-ad95-87367ef3d5bd,73029354-bdeb-4153-bf97-41982cabaa29,URO,Urology,1500,1624
d791ccad-eafd-4c55-bd8d-e5063ef11145,a1aa09e4-b67d-4082-8faa-b83940e779f8,ENT,ENT,144,722
017d06cf-0c8d-4887-a233-d302b9423c4a,a1aa09e4-b67d-4082-8faa-b83940e779f8,OBG,Obstetrics & Gynaecology,471,1032
8ee36e5d-6aee-4c61-9e4b-96fed71eb912,a1aa09e4-b67d-4082-8faa-b83940e779f8,GS,General Surgery,681,625
5c4dedee-55b2-4613-ac17-269644f0d8a2,a1aa09e4-b67d-4082-8faa-b83940e779f8,DERM,Dermatology,1900,819
7a958c51-0177-4818-9e46-309f168e9506,8ae6a2f3-be22-4775-b473-81f5c37133f1,OBG,Obstetrics & Gynaecology,1870,1604
03fc004b-3747-4c9d-9fa7-e8cb08b2800c,8ae6a2f3-be22-4775-b473-81f5c37133f1,ORTH,Orthopaedics,767,495
af8e052c-3d6a-4639-9922-e1a08e98318f,8ae6a2f3-be22-4775-b473-81f5c37133f1,OPTH,Ophthalmology,955,158
4447d7be-6d83-45b5-b92a-5f145eb4f5f6,8ae6a2f3-be22-4775-b473-81f5c37133f1,ENT,ENT,1473,647
a9acedfd-3420-4deb-98c5-adf2260fce50,797abff9-f90d-4ab6-b9d6-f9737b14ac1e,CARD,Cardiology,1552,573
df97a41f-5ca1-466a-834d-f28c7ddc7c5f,797abff9-f90d-4ab6-b9d6-f9737b14ac1e,ONCO,Oncology,1326,655
c2eb145c-58c8-4a19-b812-8df87a409612,797abff9-f90d-4ab6-b9d6-f9737b14ac1e,ENT,ENT,602,525
e2f037bc-487e-4e1b-a931-89bb7371b113,797abff9-f90d-4ab6-b9d6-f9737b14ac1e,MED,General Medicine,1352,1777
fb01b7b0-249f-47a1-9151-3f677ad3835b,7a917e17-ad91-49da-8aa0-3688c4992991,GS,General Surgery,761,1306
964e1b4e-47c9-4672-883c-a4ccbe7830cd,7a917e17-ad91-49da-8aa0-3688c4992991,NEURO,Neurology,644,940
5bce29b8-779e-43ef-a40d-40d289dbcb85,7a917e17-ad91-49da-8aa0-3688c4992991,MED,General Medicine,264,1581
a69b4302-2f5d-4bfc-bc53-fc38facb0364,7a917e17-ad91-49da-8aa0-3688c4992991,CARD,Cardiology,270,1421
6a236b02-d053-46b4-bf9e-e14ccef76bba,7a917e17-ad91-49da-8aa0-3688c4992991,ENT,ENT,480,324
5f963492-b2e8-4bd8-8735-470fadc6661f,7c354af0-50a7-4be2-b8dc-4888d6d30374,OBG,Obstetrics & Gynaecology,928,499
610ab092-c210-40ac-a54d-02ccbfa7e10b,7c354af0-50a7-4be2-b8dc-4888d6d30374,URO,Urology,695,533
b73272c4-b613-427e-a3da-62920d391bce,7c354af0-50a7-4be2-b8dc-4888d6d30374,OPTH,Ophthalmology,1198,426
84261017-6212-4590-a4d2-41c7dc920916,7c354af0-50a7-4be2-b8dc-4888d6d30374,ORTH,Orthopaedics,992,319
d693f802-e882-4aff-a8a5-bf493a1dea0a,3bce3988-243e-4ade-8f58-92ce3d1e3285,NEURO,Neurology,325,644
456ea193-e54f-46ca-a265-0dea0f003ac6,3bce3988-243e-4ade-8f58-92ce3d1e3285,MED,General Medicine,1356,52
6a150cc7-39c4-4a66-bcd4-1eae53406d67,3bce3988-243e-4ade-8f58-92ce3d1e3285,GS,General Surgery,1762,1365
5951fa0a-5803-4e12-9a3b-b9eda7a171b1,3bce3988-243e-4ade-8f58-92ce3d1e3285,OBG,Obstetrics & Gynaecology,221,245
3a2fd4d8-96d6-400b-a15a-a88f800043aa,3bce3988-243e-4ade-8f58-92ce3d1e3285,OPTH,Ophthalmology,454,369
dcbc2306-5af0-4145-a3ed-c55062baf21d,d4d95dd0-47d9-4ba9-a400-0ffe2332c143,ONCO,Oncology,1373,99
026efe7f-1f3f-4135-b795-24d5b5dabfc8,d4d95dd0-47d9-4ba9-a400-0ffe2332c143,OBG,Obstetrics & Gynaecology,1376,1016
f2a943d8-dc60-4ba9-b814-6639d74e79a3,d4d95dd0-47d9-4ba9-a400-0ffe2332c143,DERM,Dermatology,1628,809
8508a582-ffa6-4bd9-afa7-dc269f900596,d4d95dd0-47d9-4ba9-a400-0ffe2332c143,ORTH,Orthopaedics,1282,730
9797948c-be6d-46c5-af20-d9233bf2132d,d4d95dd0-47d9-4ba9-a400-0ffe2332c143,GS,General Surgery,1605,1273
0266acca-19a0-46d0-a0d4-6f1852632f1a,f17fae2a-5931-4ff9-ae7e-cfa624788501,GS,General Surgery,1919,123
e58d769a-9036-41b9-8e6e-1c6dc5f22674,f17fae2a-5931-4ff9-ae7e-cfa624788501,CARD,Cardiology,1479,1086
9853ca43-6d97-474b-85f8-1bc2205b4d48,f17fae2a-5931-4ff9-ae7e-cfa624788501,ONCO,Oncology,333,1710
84bab3fb-790a-4542-a857-79255ae0006b,f17fae2a-5931-4ff9-ae7e-cfa624788501,MED,General Medicine,1127,911
2824b19c-937b-4510-9b30-e62c57ff9841,f17fae2a-5931-4ff9-ae7e-cfa624788501,URO,Urology,1165,1480
113b08da-354e-498f-9101-bc10ffeb2e97,7c85c491-a6e2-48d1-bed6-83d569e7c4ec,CARD,Cardiology,1893,644
922b22de-882f-45d4-bf88-d188d34d1f45,7c85c491-a6e2-48d1-bed6-83d569e7c4ec,MED,General Medicine,437,1656
f1f48858-cd51-4e48-bfd7-812872e4717d,7c85c491-a6e2-48d1-bed6-83d569e7c4ec,ORTH,Orthopaedics,1407,504
d04c295d-b423-4c19-978f-3072e827cacd,7c85c491-a6e2-48d1-bed6-83d569e7c4ec,GS,General Surgery,179,454
65eb6b0e-41a1-4c1e-af18-464f3d9fffc4,b42f3d82-c77f-4b8e-a658-8d1cbadf10f2,URO,Urology,1903,766
676f2cd7-546c-4ad8-94cf-087c61a28d04,b42f3d82-c77f-4b8e-a658-8d1cbadf10f2,MED,General Medicine,1977,1158
755d58b6-c43f-4be3-b343-c7aeb6bb3e62,b42f3d82-c77f-4b8e-a658-8d1cbadf10f2,PEDS,Paediatrics,1589,646
63636794-80ff-49c2-8e18-19127ad1b4c5,b42f3d82-c77f-4b8e-a658-8d1cbadf10f2,OBG,Obstetrics & Gynaecology,1004,887
9d86e766-6be6-4f68-a48d-7defffafe1d9,8205c20a-c739-4130-940c-99739372b984,OPTH,Ophthalmology,1291,1558
5ad0e3cf-6124-4720-bd38-9a13fcb7283c,8205c20a-c739-4130-940c-99739372b984,URO,Urology,1628,190
6bf262e6-93cc-4403-9f64-f99baa517e7d,8205c20a-c739-4130-940c-99739372b984,GS,General Surgery,707,253
e24ac7d3-90c6-47fc-8604-74c329b4ea28,8205c20a-c739-4130-940c-99739372b984,OBG,Obstetrics & Gynaecology,1302,1156
7273f727-698b-468a-bcf1-4db073f15716,8205c20a-c739-4130-940c-99739372b984,ORTH,Orthopaedics,412,1064
55afe82c-0060-42f0-8c8b-e95006517483,174bfd7b-dc54-4970-bcbc-bee4aedffc05,GS,General Surgery,1320,698
51d3d961-d730-4c0a-9b2b-d87c9c899779,174bfd7b-dc54-4970-bcbc-bee4aedffc05,ORTH,Orthopaedics,1195,900
fbe61c8e-b681-4194-85ce-ef3985b1e1aa,174bfd7b-dc54-4970-bcbc-bee4aedffc05,MED,General Medicine,262,529
d4e4ce34-f9ab-4b75-9b72-17d02b5ced70,d640cf60-5ba6-4230-bb61-c8deebdb6377,MED,General Medicine,1760,314
b3e559a7-c022-42b0-a930-c8f6015c3ba4,d640cf60-5ba6-4230-bb61-c8deebdb6377,ORTH,Orthopaedics,532,1195
fe8dcf31-9721-49ed-91f5-89d668f1434e,d640cf60-5ba6-4230-bb61-c8deebdb6377,DERM,Dermatology,354,1118
fc12a183-d64a-48ed-a78d-f6bb79bcfc84,d640cf60-5ba6-4230-bb61-c8deebdb6377,OBG,Obstetrics & Gynaecology,1005,1529
15500187-a260-4149-b041-bcc169d4f419,d640cf60-5ba6-4230-bb61-c8deebdb6377,CARD,Cardiology,1141,860
08cfb0df-5841-48d5-8f09-edf3223898e1,d640cf60-5ba6-4230-bb61-c8deebdb6377,ONCO,Oncology,1221,720
6d515af6-69d0-4713-af32-90e4345bd267,50cc0f58-7482-4a76-a1da-c7ced84088d2,OBG,Obstetrics & Gynaecology,966,1712
d4b4b848-3b5c-4f70-95cd-9bdf0cf16bb3,50cc0f58-7482-4a76-a1da-c7ced84088d2,MED,General Medicine,893,1581
27607fe9-c551-4066-9750-8aecebadfc60,50cc0f58-7482-4a76-a1da-c7ced84088d2,ORTH,Orthopaedics,1592,457
33a22e77-e0dd-48f6-ad85-173f4cacbcfe,50cc0f58-7482-4a76-a1da-c7ced84088d2,BURNS,Burns & Plastic Surgery,1676,916
14b5db36-ebc3-44a4-a537-3a4f71df23d7,7a8bc033-3325-4dd6-806c-1bfc49e276e0,BURNS,Burns & Plastic Surgery,1723,1180
b23db27a-b0d1-4ce0-8e82-7d2d5fb78afd,7a8bc033-3325-4dd6-806c-1bfc49e276e0,GS,General Surgery,1367,1019
b0160cb5-c64a-46b2-badb-e6abdffbe6ce,7a8bc033-3325-4dd6-806c-1bfc49e276e0,OBG,Obstetrics & Gynaecology,136,1360
0b855081-e6d3-4746-bcfa-d4cb0034b2f8,7a8bc033-3325-4dd6-806c-1bfc49e276e0,ONCO,Oncology,1416,1614
f2816af4-f4ad-471e-9bcd-b48aa7087bcc,7a8bc033-3325-4dd6-806c-1bfc49e276e0,NEURO,Neurology,1007,43
c25e4890-fc1d-46a4-badc-31cce24df0b4,1cd05726-e3c2-4312-af30-0cf760a021ca,GS,General Surgery,405,1635
b9fd1e52-a66a-4ff0-aa74-8ba54944f6a7,1cd05726-e3c2-4312-af30-0cf760a021ca,ORTH,Orthopaedics,58,133
0e72dcef-1420-4cae-b4b7-392fbe378795,1cd05726-e3c2-4312-af30-0cf760a021ca,OPTH,Ophthalmology,905,588
a106e246-06a9-4dd6-af03-0d943c180f22,b71f78c9-b54c-438c-b9a0-f45c943d6101,OBG,Obstetrics & Gynaecology,893,1030
ec010782-238f-4a4d-be59-bf6c25ca2a5f,fcd30e45-1d96-4c5e-b614-657bd7d67c80,PSYCH,Psychiatry,1167,985
a98953b1-c72f-46dc-9f9c-47ee7ce3b65c,fcd30e45-1d96-4c5e-b614-657bd7d67c80,CARD,Cardiology,1390,1661
d8efa89c-a425-4dbf-8fca-ba779d397179,fcd30e45-1d96-4c5e-b614-657bd7d67c80,ONCO,Oncology,321,1186
853cf7bf-dcd6-4a08-b5f5-eb3a402c5873,fcd30e45-1d96-4c5e-b614-657bd7d67c80,MED,General Medicine,814,562
8ca398e2-9333-4642-a01c-37255e6ecdf2,fcd30e45-1d96-4c5e-b614-657bd7d67c80,NEURO,Neurology,1904,336
789f79f3-41f9-45f2-b6d8-c279cf22578a,66155c71-af84-45d5-8ea6-b73003e0abf3,NEURO,Neurology,1575,1737
feb11faa-484a-403d-bf3a-1e948f088ed8,66155c71-af84-45d5-8ea6-b73003e0abf3,GS,General Surgery,1133,397
d66e77bb-b758-4f9a-84eb-a1dc570e46c4,66155c71-af84-45d5-8ea6-b73003e0abf3,CARD,Cardiology,430,1581
2703fc6c-7cdf-4213-9486-785b5de57280,bd2ee2be-fb07-45fb-bd79-d20378c11117,ORTH,Orthopaedics,1908,1094
b22d446b-de48-4065-ab0b-0e0ab5984af7,bd2ee2be-fb07-45fb-bd79-d20378c11117,OBG,Obstetrics & Gynaecology,1750,1385
c0b3d521-e3d5-476b-905c-dab21a911d3a,1cc6597e-1ba8-4ce3-9eff-d60c34bca131,GS,General Surgery,611,1343
1a797c10-7a4a-4150-90f1-dc6c4a62ee48,1cc6597e-1ba8-4ce3-9eff-d60c34bca131,CARD,Cardiology,87,1575
251e2674-b002-4270-88c0-9f74284f2596,1cc6597e-1ba8-4ce3-9eff-d60c34bca131,MED,General Medicine,1311,1143
cab2d848-d0a7-43d4-a860-8338d16feb97,1cc6597e-1ba8-4ce3-9eff-d60c34bca131,DERM,Dermatology,816,681
de2573fa-1924-4e49-a906-aafe77726f82,1cc6597e-1ba8-4ce3-9eff-d60c34bca131,ORTH,Orthopaedics,1694,1592
abce2857-caee-4cc2-99c2-77d8c11c021b,ff474499-b2db-44f9-9d8b-a0f27e956680,ENT,ENT,404,1725
2353dd9a-fa69-4bc9-a1e3-17b36e38bba7,ff474499-b2db-44f9-9d8b-a0f27e956680,OBG,Obstetrics & Gynaecology,98,1563
dfa5ae3d-3e6b-4173-9027-e7c90ae6c435,ff474499-b2db-44f9-9d8b-a0f27e956680,URO,Urology,1909,217
b64922f1-4dd9-410d-8512-ccbb0d268954,ff474499-b2db-44f9-9d8b-a0f27e956680,OPTH,Ophthalmology,1041,973
d1c044fc-187c-425a-9ea0-76753082ce0a,ff474499-b2db-44f9-9d8b-a0f27e956680,CARD,Cardiology,1240,1187
f53d5a4a-ed36-491b-ab81-14e8152bc391,4ae42283-66a2-4f6d-a8c4-8d9859d08b81,URO,Urology,1616,969
91bfe236-7d2b-4069-aeed-e909d3c8a8ec,4ae42283-66a2-4f6d-a8c4-8d9859d08b81,GS,General Surgery,607,1725
6a35b742-da8e-4ee6-92dd-1330a57d6305,4ae42283-66a2-4f6d-a8c4-8d9859d08b81,OBG,Obstetrics & Gynaecology,1318,1684
a84bfcbb-9010-440b-a9aa-d17129629a27,4ae42283-66a2-4f6d-a8c4-8d9859d08b81,BURNS,Burns & Plastic Surgery,1840,1290
f98feb5d-ddbd-435d-948c-c8ae1441571e,4ae42283-66a2-4f6d-a8c4-8d9859d08b81,MED,General Medicine,1691,887
907d4054-920c-435b-a7ad-8c11038c300e,f892830e-8560-4f93-8818-caf6dd5b284b,ORTH,Orthopaedics,1062,1403
7084568d-64f5-4b61-962c-75198c7cd05b,f892830e-8560-4f93-8818-caf6dd5b284b,ONCO,Oncology,1081,402
bc8edc3d-c3b3-43e1-b7b1-ab5c6677e888,f892830e-8560-4f93-8818-caf6dd5b284b,URO,Urology,1771,583
5fa496c0-bfd4-4db6-9af4-ab3a30afb3dd,f892830e-8560-4f93-8818-caf6dd5b284b,OBG,Obstetrics & Gynaecology,569,227
262f1d4b-e5ce-4408-9fd2-c8ece85d4a25,f892830e-8560-4f93-8818-caf6dd5b284b,CARD,Cardiology,862,281
4460f974-52f9-4390-b659-d7e44a45c154,97dcb20d-4eb6-47b6-93c4-8a4a779e0045,DERM,Dermatology,1598,296
ad945f96-2653-44db-9361-df27f4b8ab35,97dcb20d-4eb6-47b6-93c4-8a4a779e0045,ENT,ENT,80,1659
d5287326-151f-480d-9327-ae13144c7261,97dcb20d-4eb6-47b6-93c4-8a4a779e0045,OPTH,Ophthalmology,1968,1083
9eed374c-7401-4faa-b47c-c12c7f80fb71,97dcb20d-4eb6-47b6-93c4-8a4a779e0045,ONCO,Oncology,841,1762
d5c9c7c8-4228-4f89-824d-80c987e834f7,758e531b-0cc1-4015-aaf2-0bb889c7a16d,GS,General Surgery,1264,1252
b1e62bf6-aba6-4379-bf10-384b67a1abd7,758e531b-0cc1-4015-aaf2-0bb889c7a16d,OBG,Obstetrics & Gynaecology,106,386
9b06729e-cf20-4b1c-b0dc-68a56f021af4,758e531b-0cc1-4015-aaf2-0bb889c7a16d,MED,General Medicine,344,962
0f25d2a0-a68c-4c14-9883-214eb18fdf31,4c51929c-ecbc-4d9b-98a2-f85f2f88e7ea,OBG,Obstetrics & Gynaecology,929,1670
ca983bcb-2b9c-4642-a831-18bff8dc0859,4c51929c-ecbc-4d9b-98a2-f85f2f88e7ea,CARD,Cardiology,1698,822
3d230006-9f2c-4cba-8c3e-ca96daf11977,4c51929c-ecbc-4d9b-98a2-f85f2f88e7ea,OPTH,Ophthalmology,589,400
c933377a-8507-4134-a838-e482285f819e,4c51929c-ecbc-4d9b-98a2-f85f2f88e7ea,ORTH,Orthopaedics,673,537
2627fcff-4cc7-457e-8723-2f3967fd9794,7db8e352-3f79-4326-9bbd-942c6ae3210e,PEDS,Paediatrics,302,1433
87bbeb13-2c93-44dc-8cac-46fb5869e9fe,7db8e352-3f79-4326-9bbd-942c6ae3210e,OBG,Obstetrics & Gynaecology,418,933
a9d97162-da86-422b-9ef4-c1bef7083a80,7db8e352-3f79-4326-9bbd-942c6ae3210e,ORTH,Orthopaedics,362,813
69d2a019-41e1-410d-accd-76d7a2c5e747,7db8e352-3f79-4326-9bbd-942c6ae3210e,ONCO,Oncology,307,1092
d5d645fd-217c-478f-806e-47d62b382db2,8d104833-7669-4afb-adb6-cbdb1c33700d,URO,Urology,945,1657
83a989a4-a63c-43a6-8b10-9dbe47440411,8d104833-7669-4afb-adb6-cbdb1c33700d,MED,General Medicine,1814,925
21ede212-119e-407c-ab56-53cafc1cc108,692657c3-3813-422c-bb78-b387a75b029b,MED,General Medicine,1043,332
e73d001c-a0e0-465e-a234-a08759649d74,692657c3-3813-422c-bb78-b387a75b029b,DERM,Dermatology,1499,759
1666f133-2ea5-4a66-bbc7-d21715b28ccd,692657c3-3813-422c-bb78-b387a75b029b,ORTH,Orthopaedics,1763,54
0862c8a0-1290-4614-aa1b-77376a0ee64b,e1d4116b-e654-48fa-b52e-b09f62dc0e81,PEDS,Paediatrics,1406,1797
0b4c78c7-a0c3-4c6a-9f39-8f7be83033b6,e1d4116b-e654-48fa-b52e-b09f62dc0e81,MED,General Medicine,780,115
85b16d9f-58b0-46fc-8024-357e35f11ee8,e1d4116b-e654-48fa-b52e-b09f62dc0e81,URO,Urology,1853,1296
c0de68df-1817-44a5-84b8-2c532f92c798,e1d4116b-e654-48fa-b52e-b09f62dc0e81,OBG,Obstetrics & Gynaecology,329,1742
80e9c074-126e-48ec-9027-77cf21c543d6,e1d4116b-e654-48fa-b52e-b09f62dc0e81,NEURO,Neurology,1157,239
34034337-6ed2-4ae7-819c-607610df2efd,e1d4116b-e654-48fa-b52e-b09f62dc0e81,ORTH,Orthopaedics,225,1176
5626cbc8-a7c0-41c0-85b5-1aaff01b6bec,ccbff8d8-f02d-426d-a04e-afd0603f7dfc,CARD,Cardiology,1654,591
08245519-7648-4275-8fac-afd2bcf4c208,ccbff8d8-f02d-426d-a04e-afd0603f7dfc,ONCO,Oncology,1185,729
c1ecb0ce-72ff-4b63-9ff5-c8f2d172932c,80effd9c-cf91-4862-8951-24df3b811a6d,GS,General Surgery,772,304
fa51fc43-e357-4325-ad4e-ddc951b879ce,80effd9c-cf91-4862-8951-24df3b811a6d,OBG,Obstetrics & Gynaecology,1337,1001
3e8eadf2-746f-4125-b1ec-eab2d3392589,80effd9c-cf91-4862-8951-24df3b811a6d,PEDS,Paediatrics,1167,383
3040b6bd-f610-45cf-b875-f2cc979baa87,80effd9c-cf91-4862-8951-24df3b811a6d,NEPHRO,Nephrology,1280,1637
95612bb6-adaa-494e-b64a-fbc030b453f2,9d17a940-6381-4800-aeb5-06b692d8cfc4,OBG,Obstetrics & Gynaecology,1758,967
12594e96-318c-4ff4-ac6c-67619b9b7c47,9d17a940-6381-4800-aeb5-06b692d8cfc4,GS,General Surgery,1903,1407
d16af186-868a-46d2-90d9-75a7b11cb68c,9d17a940-6381-4800-aeb5-06b692d8cfc4,CARD,Cardiology,518,1442
8ffc4c7a-7bee-4d7f-a519-05c1b11c13ea,9d17a940-6381-4800-aeb5-06b692d8cfc4,DERM,Dermatology,785,1679
fe5a6f2f-c5a1-4a83-96fb-fb7fd6d970c9,778f9df5-9d72-4e82-a40e-e8a6175ce696,OBG,Obstetrics & Gynaecology,874,460
aeabecc5-14fc-433a-88fb-91ce1180e5f1,778f9df5-9d72-4e82-a40e-e8a6175ce696,NEURO,Neurology,1764,1786
962df839-5550-4b2d-a121-82cba2364901,841f2477-39c6-4da5-9c5b-351c6e8b3328,ONCO,Oncology,1546,994
d966f350-7c18-4bdc-8119-0828273137de,841f2477-39c6-4da5-9c5b-351c6e8b3328,ORTH,Orthopaedics,177,910
96843274-8bda-448f-a698-b194bcbef0c1,841f2477-39c6-4da5-9c5b-351c6e8b3328,MED,General Medicine,191,1206
38328f33-90f0-4d81-9221-4362f2b6c1ed,841f2477-39c6-4da5-9c5b-351c6e8b3328,PEDS,Paediatrics,1793,1253
2a7be8af-e133-49ba-a0af-6eccc12468cc,06c42dfc-acb0-4df4-9dcf-1636649e604c,OBG,Obstetrics & Gynaecology,1457,1090
c90b429a-7bba-43e7-83ea-be242f6f132a,06c42dfc-acb0-4df4-9dcf-1636649e604c,OPTH,Ophthalmology,366,1322
5ec3aa71-dcc6-447e-8472-a17faeeaf92f,06c42dfc-acb0-4df4-9dcf-1636649e604c,GS,General Surgery,1473,1428
68f9ce64-96cf-442d-9f13-503cd7d1d419,8a08772e-88df-4961-bee3-259ec79e1670,ORTH,Orthopaedics,896,240
e8df299f-cd06-4b60-a698-69dad4317be4,8a08772e-88df-4961-bee3-259ec79e1670,PEDS,Paediatrics,1960,1038
57ac3844-cdb7-4f27-a082-773cbcc88c8c,8a08772e-88df-4961-bee3-259ec79e1670,GS,General Surgery,1824,1717
4348c8a1-d623-4cb9-a81a-8e2811e78905,8a08772e-88df-4961-bee3-259ec79e1670,URO,Urology,1655,1616
63609a9f-8075-4951-861f-46bb57457e23,8a08772e-88df-4961-bee3-259ec79e1670,MED,General Medicine,1857,320
